SET SQL_MODE = "NO_AUTO_VALUE_ON_ZERO";
SET time_zone = "+00:00";

/*!40101 SET NAMES utf8mb4 */;


DROP TABLE IF EXISTS `donkey_action_log`;
CREATE TABLE `donkey_action_log` (
  `action_log_id` int(11) UNSIGNED NOT NULL,
  `client_type` tinyint(1) DEFAULT '-1' COMMENT '-1=游客 0=顾客组 1=管理组',
  `user_id` int(11) UNSIGNED NOT NULL DEFAULT '0' COMMENT '账号编号',
  `username` varchar(80) COLLATE utf8mb4_unicode_ci NOT NULL DEFAULT '' COMMENT '用户名',
  `path` varchar(255) COLLATE utf8mb4_unicode_ci NOT NULL DEFAULT '' COMMENT '访问路径',
  `module` varchar(150) COLLATE utf8mb4_unicode_ci NOT NULL DEFAULT '' COMMENT '模型',
  `header` text COLLATE utf8mb4_unicode_ci NOT NULL COMMENT '请求头部',
  `params` text COLLATE utf8mb4_unicode_ci NOT NULL COMMENT '请求参数',
  `result` longtext COLLATE utf8mb4_unicode_ci COMMENT '处理结果',
  `ip` varchar(15) COLLATE utf8mb4_unicode_ci NOT NULL DEFAULT '' COMMENT 'IP地址',
  `status` tinyint(1) NOT NULL DEFAULT '0' COMMENT '0=成功 1=错误',
  `create_time` int(11) NOT NULL DEFAULT '0' COMMENT '创建日期'
) ENGINE=InnoDB DEFAULT CHARSET=utf8mb4 COLLATE=utf8mb4_unicode_ci COMMENT='操作日志';

DROP TABLE IF EXISTS `donkey_admin`;
CREATE TABLE `donkey_admin` (
  `admin_id` int(11) UNSIGNED NOT NULL,
  `username` varchar(80) COLLATE utf8mb4_unicode_ci NOT NULL COMMENT '账号',
  `password` varchar(60) COLLATE utf8mb4_unicode_ci NOT NULL COMMENT '密码',
  `group_id` mediumint(8) UNSIGNED NOT NULL COMMENT '用户组Id',
  `nickname` varchar(50) COLLATE utf8mb4_unicode_ci NOT NULL DEFAULT '' COMMENT '昵称',
  `head_pic` varchar(512) COLLATE utf8mb4_unicode_ci NOT NULL DEFAULT '' COMMENT '头像',
  `last_login` int(11) NOT NULL DEFAULT '0' COMMENT '最后登录日期',
  `last_ip` varchar(15) COLLATE utf8mb4_unicode_ci NOT NULL DEFAULT '' COMMENT '最后登录ip',
  `status` tinyint(1) NOT NULL DEFAULT '1' COMMENT '0=禁用 1=启用',
  `is_delete` tinyint(1) NOT NULL DEFAULT '0' COMMENT '0=未删 1=已删 ',
  `create_time` int(11) NOT NULL DEFAULT '0' COMMENT '创建日期',
  `update_time` int(11) NOT NULL DEFAULT '0' COMMENT '更新日期'
) ENGINE=InnoDB DEFAULT CHARSET=utf8mb4 COLLATE=utf8mb4_unicode_ci COMMENT='管理组账号';

INSERT INTO `donkey_admin` (`admin_id`, `username`, `password`, `group_id`, `nickname`, `head_pic`, `last_login`, `last_ip`, `status`, `is_delete`, `create_time`, `update_time`) VALUES
(2, 'dnyz520', '5631c89340a5413dc8124d23c85b900a', 2, 'dnyz520', '', 1588754649, '127.0.0.1', 1, 0, 1530289832, 1588754649),
(3, 'admin2', '5631c89340a5413dc8124d23c85b900a', 1, 'CareyShop2', '', 1588429701, '127.0.0.1', 1, 0, 1530289832, 1588429701),
(4, 'admin3', '5631c89340a5413dc8124d23c85b900a', 1, 'CareyShop3', '', 1587021502, '127.0.0.1', 1, 0, 1530289832, 1587021502),
(5, 'admin4', '5631c89340a5413dc8124d23c85b900a', 1, 'CareyShop4', '', 1556380966, '127.0.0.1', 1, 0, 1530289832, 1556380966),
(6, 'admin5', '5631c89340a5413dc8124d23c85b900a', 1, 'CareyShop5', '', 1551194662, '127.0.0.1', 1, 0, 1530289832, 1541576329),
(7, 'admin6', '5631c89340a5413dc8124d23c85b900a', 1, 'CareyShop6', '', 1551194662, '127.0.0.1', 1, 0, 1530289832, 1541576329),
(8, 'admin7', '5631c89340a5413dc8124d23c85b900a', 1, 'CareyShop7', '', 1551194662, '127.0.0.1', 1, 0, 1530289832, 1541576329),
(9, 'admin8', '5631c89340a5413dc8124d23c85b900a', 1, 'CareyShop8', '', 1551194662, '127.0.0.1', 1, 0, 1530289832, 1541576329),
(10, 'admin9', '5631c89340a5413dc8124d23c85b900a', 1, 'CareyShop9', '', 1551194662, '127.0.0.1', 1, 0, 1530289832, 1541576329),
(11, 'admin10', '5631c89340a5413dc8124d23c85b900a', 1, 'CareyShop10', '', 1551194662, '127.0.0.1', 1, 0, 1530289832, 1540265624),
(12, 'admin11', '5631c89340a5413dc8124d23c85b900a', 1, 'CareyShop11', '', 1551194662, '127.0.0.1', 1, 0, 1530289832, 1540265624),
(13, 'admin12', '5631c89340a5413dc8124d23c85b900a', 1, 'CareyShop12', '', 1551194662, '127.0.0.1', 1, 0, 1530289832, 1540265624),
(14, 'admin13', '5631c89340a5413dc8124d23c85b900a', 1, 'CareyShop13', '', 1551194662, '127.0.0.1', 1, 0, 1530289832, 1540265624),
(15, 'admin14', '5631c89340a5413dc8124d23c85b900a', 1, 'CareyShop14', '', 1551194662, '127.0.0.1', 1, 0, 1530289832, 1542181430),
(16, 'admin15', '5631c89340a5413dc8124d23c85b900a', 1, 'CareyShop15', '', 1551194662, '127.0.0.1', 1, 0, 1530289832, 1540486392),
(17, 'admin16', '5631c89340a5413dc8124d23c85b900a', 1, 'CareyShop16', '', 1551194662, '127.0.0.1', 1, 0, 1530289832, 1540485302),
(18, 'admin17', '5631c89340a5413dc8124d23c85b900a', 1, 'CareyShop17', '', 1551194662, '127.0.0.1', 1, 0, 1530289832, 1540486392),
(19, 'admin18', '5631c89340a5413dc8124d23c85b900a', 1, 'CareyShop18', '', 1551194662, '127.0.0.1', 1, 0, 1530289832, 1540486392),
(20, 'admin19', '5631c89340a5413dc8124d23c85b900a', 1, 'CareyShop19', '', 1551194662, '127.0.0.1', 1, 0, 1530289832, 1540803019),
(21, 'admin20', '5631c89340a5413dc8124d23c85b900a', 1, 'CareyShop20', '', 1551194662, '127.0.0.1', 1, 0, 1530289832, 1542384091),
(22, 'admin21', '5631c89340a5413dc8124d23c85b900a', 1, 'CareyShop21', '', 1551194662, '127.0.0.1', 1, 0, 1530289832, 1541576329),
(23, 'admin22', '5631c89340a5413dc8124d23c85b900a', 1, 'CareyShop22', '', 1551194662, '127.0.0.1', 1, 0, 1530289832, 1541576329),
(24, 'admin23', '5631c89340a5413dc8124d23c85b900a', 1, 'CareyShop23', '', 1551194662, '127.0.0.1', 1, 0, 1530289832, 1541576329),
(25, 'admin24', '5631c89340a5413dc8124d23c85b900a', 1, 'CareyShop24', '', 1551194662, '127.0.0.1', 1, 0, 1530289832, 1541576329),
(26, 'admin25', '5631c89340a5413dc8124d23c85b900a', 1, 'CareyShop25', '', 1551194662, '127.0.0.1', 1, 0, 1530289832, 1541576329),
(27, 'admin26', '5631c89340a5413dc8124d23c85b900a', 1, 'CareyShop26', '', 1551194662, '127.0.0.1', 1, 0, 1530289832, 1541576329),
(28, 'admin27', '5631c89340a5413dc8124d23c85b900a', 1, 'CareyShop27', '', 1551194662, '127.0.0.1', 1, 0, 1530289832, 1541576329),
(29, 'admin28', '5631c89340a5413dc8124d23c85b900a', 1, 'CareyShop28', '', 1551194662, '127.0.0.1', 1, 0, 1530289832, 1541576329),
(30, 'admin29', '5631c89340a5413dc8124d23c85b900a', 1, 'CareyShop29', '', 1551194662, '127.0.0.1', 1, 0, 1530289832, 1541576329),
(31, 'admin30', '5631c89340a5413dc8124d23c85b900a', 1, 'CareyShop30', '', 1551194662, '127.0.0.1', 1, 0, 1530289832, 1541576329),
(32, 'admin31', '5631c89340a5413dc8124d23c85b900a', 1, 'CareyShop31', '', 1551194662, '127.0.0.1', 1, 0, 1530289832, 1541576329),
(33, 'admin32', '5631c89340a5413dc8124d23c85b900a', 1, 'CareyShop32', '', 1551194662, '127.0.0.1', 1, 0, 1530289832, 1542815886),
(34, 'admin33', '5631c89340a5413dc8124d23c85b900a', 1, 'CareyShop33', '', 1551194662, '127.0.0.1', 1, 0, 1530289832, 1542816111),
(35, 'admin34', '5631c89340a5413dc8124d23c85b900a', 1, 'CareyShop34', '', 1551194662, '127.0.0.1', 1, 0, 1530289832, 1543332748),
(36, 'admin35', '5631c89340a5413dc8124d23c85b900a', 1, 'CareyShop35', '', 1551194662, '127.0.0.1', 1, 0, 1530289832, 1543332746),
(37, 'admin36', '5631c89340a5413dc8124d23c85b900a', 1, 'CareyShop36', '', 1551194662, '127.0.0.1', 1, 0, 1530289832, 1543332742),
(38, 'admin37', '5631c89340a5413dc8124d23c85b900a', 1, 'CareyShop37', '', 1551194662, '127.0.0.1', 1, 0, 1530289832, 1540544914),
(39, 'admin38', '5631c89340a5413dc8124d23c85b900a', 1, 'CareyShop38', '', 1551194662, '127.0.0.1', 1, 0, 1530289832, 1540544907),
(40, 'admin39', '5631c89340a5413dc8124d23c85b900a', 1, 'CareyShop39', '', 1551194662, '127.0.0.1', 1, 0, 1530289832, 1540879489),
(41, 'admin40', '5631c89340a5413dc8124d23c85b900a', 1, 'CareyShop46', '', 1551194662, '255.255.255.255', 1, 0, 1530289832, 1540485302),
(42, 'admin41', '5631c89340a5413dc8124d23c85b900a', 1, 'admin41', '', 1551194662, '221.12.48.19', 1, 0, 1540309090, 1540460311),
(43, 'admin42', '5631c89340a5413dc8124d23c85b900a', 1, 'admin42', '', 1551194662, '221.12.48.19', 1, 0, 1540309370, 1540460311),
(44, 'admin43', '5631c89340a5413dc8124d23c85b900a', 1, 'admin43', '', 1551194662, '221.12.48.19', 1, 0, 1540309940, 1540460311),
(45, 'admin45', '5631c89340a5413dc8124d23c85b900a', 1, 'admin45', '', 1551194662, '221.12.48.19', 1, 0, 1540310750, 1540460311),
(46, 'admin46', '5631c89340a5413dc8124d23c85b900a', 1, 'admin46', '', 1551194662, '221.12.48.19', 1, 0, 1540310808, 1540460311),
(47, 'admin47', '5631c89340a5413dc8124d23c85b900a', 1, 'admin47', '', 1551194662, '221.12.48.19', 1, 0, 1540310821, 1540460311),
(50, 'admin48', '5631c89340a5413dc8124d23c85b900a', 1, 'admin48', '', 1551194662, '127.0.0.1', 1, 0, 1540315617, 1540486655),
(51, 'admin49', '5631c89340a5413dc8124d23c85b900a', 1, 'admin49', '', 1551194662, '221.12.48.19', 1, 0, 1540343927, 1540460311),
(53, 'admin50', '5631c89340a5413dc8124d23c85b900a', 1, 'admin50', '', 1551194662, '221.12.48.19', 1, 0, 1540435162, 1540460311),
(54, 'admin44', '5631c89340a5413dc8124d23c85b900a', 1, 'admin48', '', 1551194662, '127.0.0.1', 1, 0, 1540486559, 1540525146),
(56, 'admin1', '5631c89340a5413dc8124d23c85b900a', 2, 'admin1', '', 1575879730, '127.0.0.1', 1, 0, 1540519794, 1575879730),
(57, 'admin51', '5631c89340a5413dc8124d23c85b900a', 1, 'admin51', '', 0, '', 1, 0, 1572499187, 1579141036),
(58, 'admin70', '5631c89340a5413dc8124d23c85b900a', 9, 'admin70', '', 1583828390, '127.0.0.1', 1, 0, 1583828378, 1583828390);

DROP TABLE IF EXISTS `donkey_ads`;
CREATE TABLE `donkey_ads` (
  `ads_id` int(11) UNSIGNED NOT NULL,
  `ads_position_id` smallint(5) UNSIGNED NOT NULL COMMENT '对应ads_position表',
  `code` varchar(16) COLLATE utf8mb4_unicode_ci NOT NULL DEFAULT '' COMMENT '编码',
  `platform` tinyint(3) NOT NULL COMMENT '对应ads_position表',
  `name` varchar(100) COLLATE utf8mb4_unicode_ci NOT NULL COMMENT '名称',
  `url` varchar(255) COLLATE utf8mb4_unicode_ci NOT NULL COMMENT '链接',
  `target` enum('_self','_blank') COLLATE utf8mb4_unicode_ci NOT NULL DEFAULT '_self' COMMENT '_self _blank',
  `content` text COLLATE utf8mb4_unicode_ci NOT NULL COMMENT '内容(图片,代码等)',
  `color` varchar(10) COLLATE utf8mb4_unicode_ci NOT NULL DEFAULT '#ffffff' COMMENT '背景色',
  `type` tinyint(1) NOT NULL COMMENT '0=图片 1=代码',
  `begin_time` int(11) NOT NULL DEFAULT '0' COMMENT '投放日期',
  `end_time` int(11) NOT NULL DEFAULT '0' COMMENT '结束日期',
  `sort` tinyint(3) UNSIGNED NOT NULL DEFAULT '50' COMMENT '排序',
  `status` tinyint(1) NOT NULL DEFAULT '1' COMMENT '0=禁用 1=启用'
) ENGINE=InnoDB DEFAULT CHARSET=utf8mb4 COLLATE=utf8mb4_unicode_ci COMMENT='广告列表';

INSERT INTO `donkey_ads` (`ads_id`, `ads_position_id`, `code`, `platform`, `name`, `url`, `target`, `content`, `color`, `type`, `begin_time`, `end_time`, `sort`, `status`) VALUES
(1, 170, 'index-1', 0, 'testA', '', '_self', '', '#ffffff', 0, 1551058677, 1582594677, 50, 1),
(2, 170, 'index-2', 0, 'testB', '', '_self', '', '#ffffff', 1, 1551058677, 1582594677, 50, 1),
(3, 170, 'index-1', 0, 'testA', '', '_self', '', '#ffffff', 0, 1551058677, 1582594677, 50, 1),
(4, 170, 'index-2', 0, 'testB', '', '_self', '', '#ffffff', 1, 1551058677, 1582594677, 50, 1),
(5, 170, 'index-1', 0, 'testA', '', '_self', '', '#ffffff', 0, 1551058677, 1582594677, 50, 1),
(6, 170, 'index-2', 0, 'testB', '', '_self', '', '#ffffff', 1, 1551058677, 1582594677, 50, 1),
(7, 170, 'index-1', 0, 'testA', '', '_self', '', '#ffffff', 0, 1551058677, 1582594677, 50, 1),
(8, 170, 'index-2', 0, 'testB', '', '_self', '', '#ffffff', 1, 1551058677, 1582594677, 50, 1),
(9, 170, 'index-1', 0, 'testA', '', '_self', '', '#ffffff', 1, 1551058677, 1582594677, 50, 1),
(10, 170, 'index-2', 0, 'testB', '', '_self', '', '#ffffff', 1, 1551058677, 1582594677, 50, 1),
(11, 170, 'index-1', 0, 'testA', '', '_self', '', '#ffffff', 1, 1551058677, 1582594677, 50, 1),
(12, 170, 'index-2', 0, 'testB', '', '_self', '', '#ffffff', 1, 1551058677, 1582594677, 50, 1),
(13, 170, 'index-1', 0, 'testA', '', '_self', '', '#ffffff', 1, 1551058677, 1582594677, 50, 1),
(14, 170, 'index-2', 0, 'testB', '', '_self', '', '#ffffff', 1, 1551058677, 1582594677, 50, 1),
(15, 170, 'index-1', 0, 'testA', '', '_self', '', '#ffffff', 1, 1551058677, 1582594677, 50, 1),
(16, 170, 'index-2', 0, 'testB', '', '_self', '', '#ffffff', 1, 1551058677, 1582594677, 50, 1),
(17, 170, 'index-1', 0, 'testA', '', '_self', '', '#ffffff', 1, 1551058677, 1582594677, 50, 1),
(18, 170, 'index-2', 0, 'testB', '', '_self', '', '#ffffff', 1, 1551058677, 1582594677, 50, 1),
(19, 170, 'index-1', 0, 'testA', '', '_self', '', '#ffffff', 1, 1551058677, 1582594677, 50, 1),
(20, 170, 'index-2', 0, 'testB', '', '_self', '', '#ffffff', 1, 1551058677, 1582594677, 50, 1),
(21, 170, 'index-1', 0, 'testA', '', '_self', '', '#ffffff', 1, 1551058677, 1582594677, 50, 1),
(22, 170, 'index-2', 0, 'testB', '', '_self', '', '#ffffff', 1, 1551058677, 1582594677, 50, 1),
(23, 170, 'index-1', 0, 'testA', '', '_self', '', '#ffffff', 1, 1551058677, 1582594677, 50, 1),
(24, 170, 'index-2', 0, 'testB', '', '_self', '', '#ffffff', 1, 1551058677, 1582594677, 50, 1),
(25, 170, 'index-1', 0, 'testA', '', '_self', '', '#ffffff', 1, 1551058677, 1582594677, 50, 1),
(26, 170, 'index-2', 0, 'testB', '', '_self', '', '#ffffff', 1, 1551058677, 1582594677, 50, 1),
(27, 170, 'index-1', 0, 'testA', '', '_self', '', '#ffffff', 1, 1551058677, 1582594677, 50, 1),
(28, 170, 'index-2', 0, 'testB', '', '_self', '', '#ffffff', 1, 1551058677, 1582594677, 50, 1),
(29, 170, 'index-1', 0, 'testA', '', '_self', '', '#ffffff', 1, 1551058677, 1582594677, 50, 1),
(30, 170, 'index-2', 0, 'testB', '', '_self', '', '#ffffff', 1, 1551058677, 1582594677, 50, 1),
(31, 170, 'index-1', 0, 'testA', '', '_self', '', '#ffffff', 1, 1551058677, 1582594677, 50, 1),
(32, 170, 'index-2', 0, 'testB', '', '_self', '', '#ffffff', 1, 1551058677, 1582594677, 50, 1),
(33, 170, 'index-1', 0, 'testA', '', '_self', '', '#ffffff', 1, 1551058677, 1582594677, 50, 1),
(34, 170, 'index-2', 0, 'testB', '', '_self', '', '#ffffff', 1, 1551058677, 1582594677, 50, 1),
(35, 170, 'index-1', 0, 'testA', '', '_self', '', '#ffffff', 1, 1551058677, 1582594677, 50, 1),
(36, 170, 'index-2', 0, 'testB', '', '_self', '', '#ffffff', 1, 1551058677, 1582594677, 50, 1),
(37, 170, 'index-1', 0, 'testA', '', '_self', '', '#ffffff', 1, 1551058677, 1582594677, 50, 1),
(38, 170, 'index-2', 0, 'testB', '', '_self', '', '#ffffff', 1, 1551058677, 1582594677, 50, 1),
(39, 170, 'index-1', 0, 'testA', '', '_self', '', '#ffffff', 1, 1551058677, 1582594677, 50, 1),
(40, 170, 'index-2', 0, 'testB', '', '_self', '', '#ffffff', 1, 1551058677, 1582594677, 50, 1),
(41, 170, 'index-1', 0, 'testA', '', '_self', '', '#ffffff', 1, 1551058677, 1582594677, 50, 1),
(42, 170, 'index-2', 0, 'testB', '', '_self', '', '#ffffff', 1, 1551058677, 1582594677, 50, 1),
(43, 170, 'index-1', 0, 'testA', '', '_self', '', '#ffffff', 1, 1551058677, 1582594677, 50, 1),
(44, 170, 'index-2', 0, 'testB', '', '_self', '', '#ffffff', 1, 1551058677, 1582594677, 50, 1),
(45, 170, 'index-1', 0, 'testA', '', '_self', '', '#ffffff', 1, 1551058677, 1582594677, 50, 1),
(46, 170, 'index-2', 0, 'testB', '', '_self', '', '#ffffff', 1, 1551058677, 1582594677, 50, 1),
(47, 170, 'index-1', 0, 'testA', '', '_self', '', '#ffffff', 1, 1551058677, 1582594677, 50, 1),
(48, 170, 'index-2', 0, 'testB', '', '_self', '', '#ffffff', 1, 1551058677, 1582594677, 50, 1),
(49, 170, 'index-1', 0, 'testA', '', '_self', '', '#ffffff', 1, 1551058677, 1582594677, 50, 1),
(50, 170, 'index-2', 0, 'testB', '', '_self', '', '#ffffff', 1, 1551058677, 1582594677, 50, 1),
(51, 170, 'index-1', 0, 'testA', '', '_self', '', '#ffffff', 1, 1551058677, 1582594677, 50, 1),
(52, 170, 'index-2', 0, 'testB', '', '_self', '', '#ffffff', 1, 1551058677, 1582594677, 50, 1),
(53, 170, 'index-1', 0, 'testA', '', '_self', '', '#ffffff', 1, 1551058677, 1582594677, 50, 1),
(54, 170, 'index-2', 0, 'testB', '', '_self', '', '#ffffff', 1, 1551058677, 1582594677, 50, 1),
(55, 170, 'index-1', 0, 'testA', '', '_self', '', '#ffffff', 1, 1551058677, 1582594677, 50, 1),
(56, 170, 'index-2', 0, 'testB', '', '_self', '', '#ffffff', 1, 1551058677, 1582594677, 50, 1),
(57, 170, 'index-1', 0, 'testA', '', '_self', '', '#ffffff', 1, 1551058677, 1582594677, 50, 1),
(58, 170, 'index-2', 0, 'testB', '', '_self', '', '#ffffff', 1, 1551058677, 1582594677, 50, 1),
(59, 170, 'index-1', 0, 'testA', '', '_self', '', '#ffffff', 1, 1551058677, 1582594677, 50, 1),
(60, 170, 'index-2', 0, 'testB', '', '_self', '', '#ffffff', 1, 1551058677, 1582594677, 50, 1),
(61, 170, 'index-1', 0, 'testA', '', '_self', '', '#ffffff', 1, 1551058677, 1582594677, 50, 1),
(62, 170, 'index-2', 0, 'testB', '', '_self', '', '#ffffff', 1, 1551058677, 1582594677, 50, 1),
(63, 170, 'index-1', 0, 'testA', '', '_self', '', '#ffffff', 1, 1551058677, 1582594677, 50, 1),
(64, 170, 'index-2', 0, 'testB', '', '_self', '', '#ffffff', 1, 1551058677, 1582594677, 50, 1),
(65, 170, 'index-1', 0, 'testA', '', '_self', '', '#ffffff', 1, 1551058677, 1582594677, 50, 1),
(66, 170, 'index-2', 0, 'testB', '', '_self', '', '#ffffff', 1, 1551058677, 1582594677, 50, 1),
(67, 170, 'index-1', 0, 'testA', '', '_self', '', '#ffffff', 1, 1551058677, 1582594677, 50, 1),
(68, 170, 'index-2', 0, 'testB', '', '_self', '', '#ffffff', 1, 1551058677, 1582594677, 50, 1),
(69, 170, 'index-1', 0, 'testA', '', '_self', '', '#ffffff', 1, 1551058677, 1582594677, 50, 1),
(70, 170, 'index-2', 0, 'testB', '', '_self', '', '#ffffff', 1, 1551058677, 1582594677, 50, 1),
(71, 170, 'index-1', 0, 'testA', '', '_self', '', '#ffffff', 1, 1551058677, 1582594677, 50, 1),
(72, 170, 'index-2', 0, 'testB', '', '_self', '', '#ffffff', 1, 1551058677, 1582594677, 50, 1),
(73, 170, 'index-1', 0, 'testA', '', '_self', '', '#ffffff', 1, 1551058677, 1582594677, 50, 1),
(74, 170, 'index-2', 0, 'testB', '', '_self', '', '#ffffff', 1, 1551058677, 1582594677, 50, 1),
(75, 170, 'index-1', 0, 'testA', '', '_self', '', '#ffffff', 1, 1551058677, 1582594677, 50, 1),
(76, 170, 'index-2', 0, 'testB', '', '_self', '', '#ffffff', 1, 1551058677, 1582594677, 50, 1),
(77, 170, 'index-1', 0, 'testA', '', '_self', '', '#ffffff', 1, 1551058677, 1582594677, 50, 1),
(78, 170, 'index-2', 0, 'testB', '', '_self', '', '#ffffff', 1, 1551058677, 1582594677, 50, 1),
(79, 170, 'index-1', 0, 'testA', '', '_self', '', '#ffffff', 1, 1551058677, 1582594677, 50, 1),
(80, 170, 'index-2', 0, 'testB', '', '_self', '', '#ffffff', 1, 1551058677, 1582594677, 50, 1),
(81, 170, 'index-1', 0, 'testA', '', '_self', '', '#ffffff', 1, 1551058677, 1582594677, 50, 1),
(82, 170, 'index-2', 0, 'testB', '', '_self', '', '#ffffff', 1, 1551058677, 1582594677, 50, 1),
(83, 170, 'index-1', 0, 'testA', '', '_self', '', '#ffffff', 1, 1551058677, 1582594677, 50, 1),
(84, 170, 'index-2', 0, 'testB', '', '_self', '', '#ffffff', 1, 1551058677, 1582594677, 50, 1),
(85, 170, 'index-1', 0, 'testA', '', '_self', '', '#ffffff', 1, 1551058677, 1582594677, 50, 1),
(86, 170, 'index-2', 0, 'testB', '', '_self', '', '#ffffff', 1, 1551058677, 1582594677, 50, 1),
(87, 170, 'index-1', 0, 'testA', '', '_self', '', '#ffffff', 1, 1551058677, 1582594677, 50, 1),
(88, 170, 'index-2', 0, 'testB', '', '_self', '', '#ffffff', 1, 1551058677, 1582594677, 50, 1),
(89, 170, '', 0, 'testA', '#', '_self', '', '#ffffff', 1, 1551058677, 1582594677, 40, 1),
(90, 170, '', 0, 'testB', '#', '_self', '', '#ffffff', 1, 1551058677, 1582594677, 45, 1),
(91, 170, 'index-1', 0, 'testA', '', '_self', '', '#ffffff', 1, 1551058677, 1582594677, 50, 1),
(92, 170, 'index-2', 0, 'testB', '', '_self', '', '#ffffff', 1, 1551058677, 1582594677, 50, 1),
(93, 170, 'index-1', 0, 'testA', '', '_self', '', '#ffffff', 1, 1551058677, 1582594677, 50, 1),
(94, 170, 'index-2', 0, 'testB', '', '_self', '', '#ffffff', 1, 1551058677, 1582594677, 50, 1),
(95, 170, 'index-1', 0, 'testA', '', '_self', '', '#ffffff', 1, 1551058677, 1582594677, 50, 1),
(96, 170, 'index-2', 0, 'testB', '', '_self', '', '#ffffff', 1, 1551058677, 1582594677, 50, 1),
(97, 170, 'index-1', 0, 'testA', '', '_self', '', '#ffffff', 1, 1551058677, 1582594677, 50, 1),
(98, 170, 'index-2', 0, 'testB', '', '_self', '', '#ffffff', 1, 1551058677, 1582594677, 50, 0),
(106, 170, 'index-2', 0, 'testB', '', '_self', '', '#A723E0\r\n', 0, 1551058677, 1582594677, 50, 0),
(107, 170, 'index-1', 0, 'testA', '', '_self', '', '#08B2FB\r\n', 1, 1551058677, 1582594677, 50, 0),
(108, 170, 'index-2', 0, 'testB', '//doc.careyshop.cn/docs/admin_api/a-21523288450', '_self', '', '#BC1C1C\r\n', 0, 1551058677, 1582594677, 50, 0),
(111, 170, 'code', 2, 'name', '#', '_blank', 'data', '#EE13F9', 1, 1551162021, 1551283200, 50, 1),
(112, 170, 'code-1', 2, 'name', '##', '_self', 'TEST', '#00FF15', 1, 1551162125, 1551283200, 50, 1),
(113, 169, 'TEST', 2, 'TEST', '#', '_blank', '[{\"name\":\"pdf01.png\",\"source\":\"aliyun.oss.careyshop.cn\\/uploads\\/files\\/20191112\\/0bc6f961-a07b-45ba-8f75-fc55a1c54d1f.png?type=aliyun\",\"url\":\"\\/\\/aliyun.oss.careyshop.cn\\/uploads\\/files\\/20191112\\/0bc6f961-a07b-45ba-8f75-fc55a1c54d1f.png?type=aliyun\"},{\"name\":\"wcode.jpg\",\"source\":\"aliyun.oss.careyshop.cn\\/uploads\\/files\\/20191112\\/ea8c5aa7-c66f-44ae-8c44-1f6b53f62ff5.jpg?type=aliyun\",\"url\":\"\\/\\/aliyun.oss.careyshop.cn\\/uploads\\/files\\/20191112\\/ea8c5aa7-c66f-44ae-8c44-1f6b53f62ff5.jpg?type=aliyun\"},{\"name\":\"pdf02.png\",\"source\":\"aliyun.oss.careyshop.cn\\/uploads\\/files\\/20191112\\/24a5e752-d51e-448a-8995-353b16d92345.png?type=aliyun\",\"url\":\"\\/\\/aliyun.oss.careyshop.cn\\/uploads\\/files\\/20191112\\/24a5e752-d51e-448a-8995-353b16d92345.png?type=aliyun\"}]', '#15C3EE', 0, 1546332885, 1551283200, 49, 0),
(114, 169, 'color', 2, 'color', '#', '_blank', '[{\"name\":\"68d42d66a8a9c565.jpg\",\"source\":\"aliyun.oss.careyshop.cn\\/uploads\\/files\\/20190731\\/ba1a67b3-49e2-44b3-bfe8-74ee7ff954c9.jpg?type=aliyun\",\"url\":\"\\/\\/aliyun.oss.careyshop.cn\\/uploads\\/files\\/20190731\\/ba1a67b3-49e2-44b3-bfe8-74ee7ff954c9.jpg?type=aliyun\"}]', '#FF0000', 0, 1551190299, 1551283200, 50, 0),
(115, 168, '', 1, 'test', 'sss', '_blank', '[]', '#FFFFFF', 0, 1579141182, 1580400000, 50, 1);

DROP TABLE IF EXISTS `donkey_ads_position`;
CREATE TABLE `donkey_ads_position` (
  `ads_position_id` smallint(5) UNSIGNED NOT NULL,
  `code` varchar(16) COLLATE utf8mb4_unicode_ci NOT NULL DEFAULT '' COMMENT '编码',
  `platform` tinyint(3) NOT NULL COMMENT '平台(自定义)',
  `name` varchar(100) COLLATE utf8mb4_unicode_ci NOT NULL COMMENT '位置名称',
  `description` varchar(255) COLLATE utf8mb4_unicode_ci NOT NULL DEFAULT '' COMMENT '描述',
  `width` smallint(5) NOT NULL DEFAULT '0' COMMENT '位置宽度',
  `height` smallint(5) NOT NULL DEFAULT '0' COMMENT '位置高度',
  `content` text COLLATE utf8mb4_unicode_ci NOT NULL COMMENT '默认内容(图片,代码等)',
  `color` varchar(10) COLLATE utf8mb4_unicode_ci NOT NULL DEFAULT '#ffffff' COMMENT '背景色',
  `type` tinyint(1) NOT NULL COMMENT '0=图片 1=代码',
  `display` tinyint(1) NOT NULL DEFAULT '0' COMMENT '0=多个 1=单个 2=随机多个 3=随机单个',
  `status` tinyint(1) NOT NULL DEFAULT '1' COMMENT '0=禁用 1=启用 	'
) ENGINE=InnoDB DEFAULT CHARSET=utf8mb4 COLLATE=utf8mb4_unicode_ci COMMENT='广告位';

INSERT INTO `donkey_ads_position` (`ads_position_id`, `code`, `platform`, `name`, `description`, `width`, `height`, `content`, `color`, `type`, `display`, `status`) VALUES
(1, 'index-1', 0, 'testA', '123', 0, 0, '', '#ffffff', 1, 0, 1),
(2, 'index-2', 1, 'testB', '321', 0, 0, '', '#ffffff', 0, 2, 0),
(3, 'index-1', 0, 'testA', '123', 0, 0, '', '#ffffff', 1, 0, 1),
(4, 'index-2', 1, 'testB', '321', 0, 0, '', '#ffffff', 0, 2, 0),
(5, 'index-1', 0, 'testA', '123', 0, 0, '', '#ffffff', 1, 0, 1),
(6, 'index-2', 1, 'testB', '321', 0, 0, '', '#ffffff', 0, 2, 0),
(7, 'index-1', 0, 'testA', '123', 0, 0, '', '#ffffff', 1, 0, 1),
(8, 'index-2', 1, 'testB', '321', 0, 0, '', '#ffffff', 0, 2, 0),
(9, 'index-1', 0, 'testA', '123', 0, 0, '', '#ffffff', 1, 0, 1),
(10, 'index-2', 1, 'testB', '321', 0, 0, '', '#ffffff', 0, 2, 0),
(11, 'index-1', 0, 'testA', '123', 0, 0, '', '#ffffff', 1, 0, 1),
(12, 'index-2', 1, 'testB', '321', 0, 0, '', '#ffffff', 0, 2, 0),
(13, 'index-1', 0, 'testA', '123', 0, 0, '', '#ffffff', 1, 0, 1),
(14, 'index-2', 1, 'testB', '321', 0, 0, '', '#ffffff', 0, 2, 0),
(15, 'index-1', 0, 'testA', '123', 0, 0, '', '#ffffff', 1, 0, 1),
(16, 'index-2', 1, 'testB', '321', 0, 0, '', '#ffffff', 0, 2, 0),
(17, 'index-1', 0, 'testA', '123', 0, 0, '', '#ffffff', 1, 0, 1),
(18, 'index-2', 1, 'testB', '321', 0, 0, '', '#ffffff', 0, 2, 0),
(19, 'index-1', 0, 'testA', '123', 0, 0, '', '#ffffff', 1, 0, 1),
(20, 'index-2', 1, 'testB', '321', 0, 0, '', '#ffffff', 0, 2, 0),
(21, 'index-1', 0, 'testA', '123', 0, 0, '', '#ffffff', 1, 0, 1),
(22, 'index-2', 1, 'testB', '321', 0, 0, '', '#ffffff', 0, 2, 0),
(23, 'index-1', 0, 'testA', '123', 0, 0, '', '#ffffff', 1, 0, 1),
(24, 'index-2', 1, 'testB', '321', 0, 0, '', '#ffffff', 0, 2, 0),
(25, 'index-1', 0, 'testA', '123', 0, 0, '', '#ffffff', 1, 0, 1),
(26, 'index-2', 1, 'testB', '321', 0, 0, '', '#ffffff', 0, 2, 0),
(27, 'index-1', 0, 'testA', '123', 0, 0, '', '#ffffff', 1, 0, 1),
(28, 'index-2', 1, 'testB', '321', 0, 0, '', '#ffffff', 0, 2, 0),
(29, 'index-1', 0, 'testA', '123', 0, 0, '', '#ffffff', 1, 0, 1),
(30, 'index-2', 1, 'testB', '321', 0, 0, '', '#ffffff', 0, 2, 0),
(31, 'index-1', 0, 'testA', '123', 0, 0, '', '#ffffff', 1, 0, 1),
(32, 'index-2', 1, 'testB', '321', 0, 0, '', '#ffffff', 0, 2, 0),
(33, 'index-1', 0, 'testA', '123', 0, 0, '', '#ffffff', 1, 0, 1),
(34, 'index-2', 1, 'testB', '321', 0, 0, '', '#ffffff', 0, 2, 0),
(35, 'index-1', 0, 'testA', '123', 0, 0, '', '#ffffff', 1, 0, 1),
(36, 'index-2', 1, 'testB', '321', 0, 0, '', '#ffffff', 0, 2, 0),
(37, 'index-1', 0, 'testA', '123', 0, 0, '', '#ffffff', 1, 0, 1),
(38, 'index-2', 1, 'testB', '321', 0, 0, '', '#ffffff', 0, 2, 0),
(39, 'index-1', 0, 'testA', '123', 0, 0, '', '#ffffff', 1, 0, 1),
(40, 'index-2', 1, 'testB', '321', 0, 0, '', '#ffffff', 0, 2, 0),
(41, 'index-1', 0, 'testA', '123', 0, 0, '', '#ffffff', 1, 0, 1),
(42, 'index-2', 1, 'testB', '321', 0, 0, '', '#ffffff', 0, 2, 0),
(43, 'index-1', 0, 'testA', '123', 0, 0, '', '#ffffff', 1, 0, 1),
(44, 'index-2', 1, 'testB', '321', 0, 0, '', '#ffffff', 0, 2, 0),
(45, 'index-1', 0, 'testA', '123', 0, 0, '', '#ffffff', 1, 0, 1),
(46, 'index-2', 1, 'testB', '321', 0, 0, '', '#ffffff', 0, 2, 0),
(47, 'index-1', 0, 'testA', '123', 0, 0, '', '#ffffff', 1, 0, 1),
(48, 'index-2', 1, 'testB', '321', 0, 0, '', '#ffffff', 0, 2, 0),
(49, 'index-1', 0, 'testA', '123', 0, 0, '', '#ffffff', 1, 0, 1),
(50, 'index-2', 1, 'testB', '321', 0, 0, '', '#ffffff', 0, 2, 0),
(51, 'index-1', 0, 'testA', '123', 0, 0, '', '#ffffff', 1, 0, 1),
(52, 'index-2', 1, 'testB', '321', 0, 0, '', '#ffffff', 0, 2, 0),
(53, 'index-1', 0, 'testA', '123', 0, 0, '', '#ffffff', 1, 0, 1),
(54, 'index-2', 1, 'testB', '321', 0, 0, '', '#ffffff', 0, 2, 0),
(55, 'index-1', 0, 'testA', '123', 0, 0, '', '#ffffff', 1, 0, 1),
(56, 'index-2', 1, 'testB', '321', 0, 0, '', '#ffffff', 0, 2, 0),
(57, 'index-1', 0, 'testA', '123', 0, 0, '', '#ffffff', 1, 0, 1),
(58, 'index-2', 1, 'testB', '321', 0, 0, '', '#ffffff', 0, 2, 0),
(59, 'index-1', 0, 'testA', '123', 0, 0, '', '#ffffff', 1, 0, 1),
(60, 'index-2', 1, 'testB', '321', 0, 0, '', '#ffffff', 0, 2, 0),
(61, 'index-1', 0, 'testA', '123', 0, 0, '', '#ffffff', 1, 0, 1),
(62, 'index-2', 1, 'testB', '321', 0, 0, '', '#ffffff', 0, 2, 0),
(63, 'index-1', 0, 'testA', '123', 0, 0, '', '#ffffff', 1, 0, 1),
(64, 'index-2', 1, 'testB', '321', 0, 0, '', '#ffffff', 0, 2, 0),
(65, 'index-1', 0, 'testA', '123', 0, 0, '', '#ffffff', 1, 0, 1),
(66, 'index-2', 1, 'testB', '321', 0, 0, '', '#ffffff', 0, 2, 0),
(67, 'index-1', 0, 'testA', '123', 0, 0, '', '#ffffff', 1, 0, 1),
(68, 'index-2', 1, 'testB', '321', 0, 0, '', '#ffffff', 0, 2, 0),
(69, 'index-1', 0, 'testA', '123', 0, 0, '', '#ffffff', 1, 0, 1),
(70, 'index-2', 1, 'testB', '321', 0, 0, '', '#ffffff', 0, 2, 0),
(71, 'index-1', 0, 'testA', '123', 0, 0, '', '#ffffff', 1, 0, 1),
(72, 'index-2', 1, 'testB', '321', 0, 0, '', '#ffffff', 0, 2, 0),
(73, 'index-1', 0, 'testA', '123', 0, 0, '', '#ffffff', 1, 0, 1),
(74, 'index-2', 1, 'testB', '321', 0, 0, '', '#ffffff', 0, 2, 0),
(75, 'index-1', 0, 'testA', '123', 0, 0, '', '#ffffff', 1, 0, 1),
(76, 'index-2', 1, 'testB', '321', 0, 0, '', '#ffffff', 0, 2, 0),
(77, 'index-1', 0, 'testA', '123', 0, 0, '', '#ffffff', 1, 0, 1),
(78, 'index-2', 1, 'testB', '321', 0, 0, '', '#ffffff', 0, 2, 0),
(79, 'index-1', 0, 'testA', '123', 0, 0, '', '#ffffff', 1, 0, 1),
(80, 'index-2', 1, 'testB', '321', 0, 0, '', '#ffffff', 0, 2, 0),
(81, 'index-1', 0, 'testA', '123', 0, 0, '', '#ffffff', 1, 0, 1),
(82, 'index-2', 1, 'testB', '321', 0, 0, '', '#ffffff', 0, 2, 0),
(83, 'index-1', 0, 'testA', '123', 0, 0, '', '#ffffff', 1, 0, 1),
(84, 'index-2', 1, 'testB', '321', 0, 0, '', '#ffffff', 0, 2, 0),
(85, 'index-1', 0, 'testA', '123', 0, 0, '', '#ffffff', 1, 0, 1),
(86, 'index-2', 1, 'testB', '321', 0, 0, '', '#ffffff', 0, 2, 0),
(87, 'index-1', 0, 'testA', '123', 0, 0, '', '#ffffff', 1, 0, 1),
(88, 'index-2', 1, 'testB', '321', 0, 0, '', '#ffffff', 0, 2, 0),
(89, 'index-1', 0, 'testA', '123', 0, 0, '', '#ffffff', 1, 0, 1),
(90, 'index-2', 1, 'testB', '321', 0, 0, '', '#ffffff', 0, 2, 0),
(91, 'index-1', 0, 'testA', '123', 0, 0, '', '#ffffff', 1, 0, 1),
(92, 'index-2', 1, 'testB', '321', 0, 0, '', '#ffffff', 0, 2, 0),
(93, 'index-1', 0, 'testA', '123', 0, 0, '', '#ffffff', 1, 0, 1),
(94, 'index-2', 1, 'testB', '321', 0, 0, '', '#ffffff', 0, 2, 0),
(95, 'index-1', 0, 'testA', '123', 0, 0, '', '#ffffff', 1, 0, 1),
(96, 'index-2', 1, 'testB', '321', 0, 0, '', '#ffffff', 0, 2, 0),
(97, 'index-1', 0, 'testA', '123', 0, 0, '', '#ffffff', 1, 0, 1),
(98, 'index-2', 1, 'testB', '321', 0, 0, '', '#ffffff', 0, 2, 0),
(99, 'index-1', 0, 'testA', '123', 0, 0, '', '#ffffff', 1, 0, 1),
(100, 'index-2', 1, 'testB', '321', 0, 0, '', '#ffffff', 0, 2, 0),
(101, 'index-1', 0, 'testA', '123', 0, 0, '', '#ffffff', 1, 0, 1),
(102, 'index-2', 1, 'testB', '321', 0, 0, '', '#ffffff', 0, 2, 0),
(103, 'index-1', 0, 'testA', '123', 0, 0, '', '#ffffff', 1, 0, 1),
(104, 'index-2', 1, 'testB', '321', 0, 0, '', '#ffffff', 0, 2, 0),
(105, 'index-1', 0, 'testA', '123', 0, 0, '', '#ffffff', 1, 0, 1),
(106, 'index-2', 1, 'testB', '321', 0, 0, '', '#ffffff', 0, 2, 0),
(107, 'index-1', 0, 'testA', '123', 0, 0, '', '#ffffff', 1, 0, 1),
(108, 'index-2', 1, 'testB', '321', 0, 0, '', '#ffffff', 0, 2, 0),
(109, 'index-1', 0, 'testA', '123', 0, 0, '', '#ffffff', 1, 0, 1),
(110, 'index-2', 1, 'testB', '321', 0, 0, '', '#ffffff', 0, 2, 0),
(111, 'index-1', 0, 'testA', '123', 0, 0, '', '#ffffff', 1, 0, 1),
(112, 'index-2', 1, 'testB', '321', 0, 0, '', '#ffffff', 0, 2, 0),
(113, 'index-1', 0, 'testA', '123', 0, 0, '', '#ffffff', 1, 0, 1),
(114, 'index-2', 1, 'testB', '321', 0, 0, '', '#ffffff', 0, 2, 0),
(115, 'index-1', 0, 'testA', '123', 0, 0, '', '#ffffff', 1, 0, 1),
(116, 'index-2', 1, 'testB', '321', 0, 0, '', '#ffffff', 0, 2, 0),
(117, 'index-1', 0, 'testA', '123', 0, 0, '', '#ffffff', 1, 0, 1),
(118, 'index-2', 1, 'testB', '321', 0, 0, '', '#ffffff', 0, 2, 0),
(119, 'index-1', 0, 'testA', '123', 0, 0, '', '#ffffff', 1, 0, 1),
(120, 'index-2', 1, 'testB', '321', 0, 0, '', '#ffffff', 0, 2, 0),
(121, 'index-1', 0, 'testA', '123', 0, 0, '', '#ffffff', 1, 0, 1),
(122, 'index-2', 1, 'testB', '321', 0, 0, '', '#ffffff', 0, 2, 0),
(123, 'index-1', 0, 'testA', '123', 0, 0, '', '#ffffff', 1, 0, 1),
(124, 'index-2', 1, 'testB', '321', 0, 0, '', '#ffffff', 0, 2, 0),
(125, 'index-1', 0, 'testA', '123', 0, 0, '', '#ffffff', 1, 0, 1),
(126, 'index-2', 1, 'testB', '321', 0, 0, '', '#ffffff', 0, 2, 0),
(127, 'index-1', 0, 'testA', '123', 0, 0, '', '#ffffff', 1, 0, 1),
(128, 'index-2', 1, 'testB', '321', 0, 0, '', '#ffffff', 0, 2, 0),
(129, 'index-1', 0, 'testA', '123', 0, 0, '', '#ffffff', 1, 0, 1),
(130, 'index-2', 1, 'testB', '321', 0, 0, '', '#ffffff', 0, 2, 0),
(131, 'index-1', 0, 'testA', '123', 0, 0, '', '#ffffff', 1, 0, 1),
(132, 'index-2', 1, 'testB', '321', 0, 0, '', '#ffffff', 0, 2, 0),
(133, 'index-1', 0, 'testA', '123', 0, 0, '', '#ffffff', 1, 0, 1),
(134, 'index-2', 1, 'testB', '321', 0, 0, '', '#ffffff', 0, 2, 0),
(135, 'index-1', 0, 'testA', '123', 0, 0, '', '#ffffff', 1, 0, 1),
(136, 'index-2', 1, 'testB', '321', 0, 0, '', '#ffffff', 0, 2, 0),
(137, 'index-1', 0, 'testA', '123', 0, 0, '', '#ffffff', 1, 0, 1),
(138, 'index-2', 1, 'testB', '321', 0, 0, '', '#ffffff', 0, 2, 0),
(139, 'index-1', 0, 'testA', '123', 0, 0, '', '#ffffff', 1, 0, 1),
(140, 'index-2', 1, 'testB', '321', 0, 0, '', '#ffffff', 0, 2, 0),
(141, 'index-1', 0, 'testA', '123', 0, 0, '', '#ffffff', 1, 0, 1),
(142, 'index-2', 1, 'testB', '321', 0, 0, '', '#ffffff', 0, 2, 0),
(143, 'index-1', 0, 'testA', '123', 0, 0, '', '#ffffff', 1, 0, 1),
(144, 'index-2', 1, 'testB', '321', 0, 0, '', '#ffffff', 0, 2, 0),
(145, 'index-1', 0, 'testA', '123', 0, 0, '', '#ffffff', 1, 0, 1),
(146, 'index-2', 1, 'testB', '321', 0, 0, '', '#ffffff', 0, 2, 0),
(147, 'index-1', 0, 'testA', '123', 0, 0, '', '#ffffff', 1, 0, 1),
(148, 'index-2', 1, 'testB', '321', 0, 0, '', '#ffffff', 0, 2, 0),
(149, 'index-1', 0, 'testA', '123', 0, 0, '', '#ffffff', 1, 0, 1),
(150, 'index-2', 1, 'testB', '321', 0, 0, '', '#ffffff', 0, 2, 0),
(151, 'index-1', 0, 'testA', '123', 0, 0, '', '#ffffff', 1, 0, 1),
(152, 'index-2', 1, 'testB', '321', 0, 0, '', '#ffffff', 0, 2, 0),
(153, 'index-1', 0, 'testA', '123', 0, 0, '', '#ffffff', 1, 0, 1),
(154, 'index-2', 1, 'testB', '321', 0, 0, '', '#ffffff', 0, 2, 0),
(156, 'index-2', 1, 'testB', '321', 0, 0, '', '#ffffff', 0, 2, 0),
(158, 'index-2', 1, 'testB', '321', 0, 0, '', '#ffffff', 0, 2, 0),
(160, 'index-2', 1, 'testB', '321', 0, 0, '', '#ffffff', 0, 2, 0),
(162, 'index-21', 4, 'testB', '321', 0, 0, '[]', '#ffffff', 0, 2, 0),
(169, 'word', 2, 'word', 'word is ok', 100, 50, '[{\"name\":\"b02ad3879ba5135ef5dd55f72d869763.jpg\",\"source\":\"careyshop.oruei.com\\/uploads\\/files\\/20191122\\/bc4287f69d1f0c2cea88de8022fcbc37.jpg?type=careyshop\",\"url\":\"\\/\\/careyshop.oruei.com\\/uploads\\/files\\/20191122\\/bc4287f69d1f0c2cea88de8022fcbc37.jpg?type=careyshop\"},{\"name\":\"065c3b81673667e7ea512032a5b580ba.jpg\",\"source\":\"careyshop.oruei.com\\/uploads\\/files\\/20191122\\/8744bde0ec99a5fbb782ade73e7886f7.jpg?type=careyshop\",\"url\":\"\\/\\/careyshop.oruei.com\\/uploads\\/files\\/20191122\\/8744bde0ec99a5fbb782ade73e7886f7.jpg?type=careyshop\"},{\"name\":\"xueshan.jpg\",\"source\":\"careyshop.oruei.com\\/uploads\\/files\\/20191122\\/b305e6ccc27904033757e159dafcde8a.jpg?type=careyshop\",\"url\":\"\\/\\/careyshop.oruei.com\\/uploads\\/files\\/20191122\\/b305e6ccc27904033757e159dafcde8a.jpg?type=careyshop\"}]', '#08B2FB', 0, 0, 1),
(170, 'zhao', 2, '中秋活动', '中秋活动 中秋活动 中秋活动 中秋活动\n不清不楚', 50, 99, '<img src=\"//careyshop.oruei.com/api/v1/storage/method/get.storage.thumb/code/ads_content?url=careyshop.oruei.com/uploads/files/20190221/0adaa1ce616746bb1ec4e1ed79705938.png?type=careyshop\" alt=\"\" /><img src=\"//careyshop.oruei.com/api/v1/storage/method/get.storage.thumb/code/ads_content?url=careyshop.oruei.com/uploads/files/20190221/9e28cee6d0240bab931007a4be9eddff.jpg?type=careyshop\" alt=\"\" />\n<p><a href=\"//careyshop.oruei.com/api/v1/storage/method/get.storage.download/code/ads_content?url=careyshop.oruei.com/uploads/files/20190221/4f55962d1cdf1b23fd2e750b4aed1392.txt?type=careyshop&amp;filename=666.txt\">附件：666.txt</a></p>\n<img src=\"//careyshop.oruei.com/api/v1/storage/method/get.storage.thumb/code/ads_content?url=careyshop.oruei.com/uploads/files/20190221/006067908b5ba12796c6f8e5776c5134.jpg?type=careyshop\" alt=\"\" />', '', 1, 2, 1);

DROP TABLE IF EXISTS `donkey_app`;
CREATE TABLE `donkey_app` (
  `app_id` smallint(5) UNSIGNED NOT NULL,
  `app_name` varchar(30) COLLATE utf8mb4_unicode_ci NOT NULL COMMENT '名称',
  `app_key` int(8) UNSIGNED NOT NULL COMMENT '钥匙',
  `app_secret` varchar(32) COLLATE utf8mb4_unicode_ci NOT NULL COMMENT '密钥',
  `captcha` tinyint(1) NOT NULL DEFAULT '0' COMMENT '启用验证码 0=否 1=是',
  `status` tinyint(1) NOT NULL DEFAULT '1' COMMENT '0=禁用 1=启用 ',
  `is_delete` tinyint(1) NOT NULL DEFAULT '0' COMMENT '0=未删 1=已删'
) ENGINE=InnoDB DEFAULT CHARSET=utf8mb4 COLLATE=utf8mb4_unicode_ci COMMENT='应用列表';

INSERT INTO `donkey_app` (`app_id`, `app_name`, `app_key`, `app_secret`, `captcha`, `status`, `is_delete`) VALUES
(2, 'IOS(iPhone)', 26945134, 'b99cb2bdec70d20156000f664ec5ac30', 0, 0, 0),
(3, 'Web(微信小程序)', 76472358, '36affdc58f50e1035649abc808c22b48', 0, 0, 0);

DROP TABLE IF EXISTS `donkey_app_install`;
CREATE TABLE `donkey_app_install` (
  `app_install_id` smallint(5) UNSIGNED NOT NULL,
  `user_agent` varchar(64) COLLATE utf8mb4_unicode_ci NOT NULL COMMENT '系统标识',
  `name` varchar(32) COLLATE utf8mb4_unicode_ci NOT NULL COMMENT '应用名称',
  `ver` varchar(16) COLLATE utf8mb4_unicode_ci NOT NULL COMMENT '版本号',
  `url` varchar(255) COLLATE utf8mb4_unicode_ci NOT NULL COMMENT '地址',
  `count` int(11) NOT NULL DEFAULT '0' COMMENT '访问次数',
  `create_time` int(11) NOT NULL DEFAULT '0' COMMENT '创建日期',
  `update_time` int(11) NOT NULL DEFAULT '0' COMMENT '更新日期'
) ENGINE=InnoDB DEFAULT CHARSET=utf8mb4 COLLATE=utf8mb4_unicode_ci COMMENT='应用安装包';

INSERT INTO `donkey_app_install` (`app_install_id`, `user_agent`, `name`, `ver`, `url`, `count`, `create_time`, `update_time`) VALUES
(1, 'vue', 'careyshop-admin', '1.6.0', 'https://github.com/dnyz520/careyshop-admin', 0, 1582526239, 1586538952);

DROP TABLE IF EXISTS `donkey_article`;
CREATE TABLE `donkey_article` (
  `article_id` int(11) UNSIGNED NOT NULL,
  `article_cat_id` smallint(5) UNSIGNED NOT NULL COMMENT '对应article_cat表',
  `title` varchar(200) COLLATE utf8mb4_unicode_ci NOT NULL COMMENT '标题',
  `image` varchar(512) COLLATE utf8mb4_unicode_ci NOT NULL DEFAULT '' COMMENT '封面',
  `content` mediumtext COLLATE utf8mb4_unicode_ci NOT NULL COMMENT '内容',
  `source` varchar(60) COLLATE utf8mb4_unicode_ci NOT NULL DEFAULT '' COMMENT '来源',
  `source_url` varchar(255) COLLATE utf8mb4_unicode_ci NOT NULL DEFAULT '' COMMENT '来源地址',
  `keywords` varchar(255) COLLATE utf8mb4_unicode_ci NOT NULL DEFAULT '' COMMENT '关键词',
  `description` varchar(255) COLLATE utf8mb4_unicode_ci NOT NULL DEFAULT '' COMMENT '描述',
  `url` varchar(255) COLLATE utf8mb4_unicode_ci NOT NULL DEFAULT '' COMMENT '外部链接',
  `target` enum('_self','_blank') COLLATE utf8mb4_unicode_ci NOT NULL DEFAULT '_self' COMMENT '_self _blank',
  `page_views` int(11) NOT NULL DEFAULT '0' COMMENT '游览量',
  `is_top` tinyint(1) NOT NULL DEFAULT '0' COMMENT '是否置顶 0=否 1=是',
  `status` tinyint(1) NOT NULL DEFAULT '1' COMMENT '0=禁用 1=启用',
  `create_time` int(11) NOT NULL DEFAULT '0' COMMENT '创建日期',
  `update_time` int(11) NOT NULL DEFAULT '0' COMMENT '更新日期'
) ENGINE=InnoDB DEFAULT CHARSET=utf8mb4 COLLATE=utf8mb4_unicode_ci COMMENT='文章管理';

INSERT INTO `donkey_article` (`article_id`, `article_cat_id`, `title`, `image`, `content`, `source`, `source_url`, `keywords`, `description`, `url`, `target`, `page_views`, `is_top`, `status`, `create_time`, `update_time`) VALUES
(4, 22, '3G知识普及', '', '4c', '', '', '', '', '', '_self', 2, 1, 1, 0, 0),
(5, 3, '3G知识普及', '', '5c', '', '', '', '', '', '_self', 0, 0, 1, 0, 0),
(6, 3, '置顶标题', '', '置顶', '', '', '', '', '', '_self', 0, 1, 1, 0, 0),
(7, 3, '3G知识普及', '', '7c', '', '', '', '', '', '_self', 0, 1, 1, 0, 1483516111),
(8, 24, '标题', '', '内容8', '', '', '', '', '', '_self', 0, 1, 1, 1482677358, 1483516111),
(9, 1, '标题', '', '内容9', '社区', 'http://www.baidu.com', '', '', '', '_self', 0, 0, 1, 1482677466, 1482677466),
(10, 1, '标题', '', '内容10', '', 'http://www.baidu.com', '', '', '', '_self', 0, 0, 1, 1482677473, 1482677473),
(11, 29, '标题', '', '内容11', '百度', 'http://www.baidu.com', '', '', '', '_self', 0, 0, 1, 1482677507, 1482677507),
(12, 1, '标题', '', '12C', '百度', 'https://www.baidu.com', '', '', '', '_self', 0, 0, 1, 1482677531, 1482715541),
(13, 9, '111标题', '', '12C', '百度', 'https://www.baidu.com', '', '', '', '_self', 2, 0, 1, 1482677531, 1482715541),
(14, 8, '测试', '', '内容', '', '', '', '', '', '_self', 0, 0, 0, 1499781644, 1499781644),
(15, 7, '测试', '', '内容', '', '', '', '', '', '_self', 0, 0, 0, 1499781803, 1499781803),
(16, 6, '测试', '', '内容', '', '', '', '', '', '_self', 0, 0, 0, 1499781870, 1499781870),
(17, 5, '测试', '', '内容', '', '', '', '', '', '_self', 0, 0, 0, 1499959652, 1499959652),
(18, 4, '测试', '', '内容', '', '', '', '', '', '_self', 0, 0, 0, 1499959656, 1499959656),
(19, 3, '测试C', '', '内容', '', '', '', '', '', '_self', 0, 0, 0, 1499959658, 1499959658),
(20, 2, '测试B', '', '内容', '', '', '', '', '', '_self', 0, 1, 0, 1499959763, 1499959763),
(21, 1, '测试A', '', '内容', '', '', '', '', '', '_self', 1000000009, 1, 0, 1499959767, 1499959767),
(22, 22, '3G知识普及', '', '4c', '', '', '', '', '', '_self', 2, 1, 1, 0, 0),
(23, 3, '3G知识普及', '', '5c', '', '', '', '', '', '_self', 0, 0, 1, 0, 0),
(24, 3, '置顶标题', '', '置顶', '', '', '', '', '', '_self', 0, 1, 1, 0, 0),
(25, 3, '3G知识普及', '', '7c', '', '', '', '', '', '_self', 0, 1, 1, 0, 1483516111),
(26, 24, '标题', '', '内容8', '', '', '', '', '', '_self', 0, 1, 1, 1482677358, 1483516111),
(27, 1, '标题', '', '内容9', '社区', 'http://www.baidu.com', '', '', '', '_self', 0, 0, 1, 1482677466, 1482677466),
(28, 1, '标题', '', '内容10', '', 'http://www.baidu.com', '', '', '', '_self', 0, 0, 1, 1482677473, 1482677473),
(29, 29, '标题', '', '内容11', '百度', 'http://www.baidu.com', '', '', '', '_self', 0, 0, 1, 1482677507, 1482677507),
(30, 1, '标题', '', '12C', '百度', 'https://www.baidu.com', '', '', '', '_self', 0, 0, 1, 1482677531, 1482715541),
(31, 9, '111标题', '', '12C', '百度', 'https://www.baidu.com', '', '', '', '_self', 0, 0, 1, 1482677531, 1482715541),
(32, 8, '测试', '', '内容', '', '', '', '', '', '_self', 0, 0, 0, 1499781644, 1499781644),
(33, 7, '测试', '', '内容', '', '', '', '', '', '_self', 0, 0, 0, 1499781803, 1499781803),
(34, 6, '测试', '', '内容', '', '', '', '', '', '_self', 0, 0, 0, 1499781870, 1499781870),
(35, 5, '测试', '', '内容', '', '', '', '', '', '_self', 0, 0, 0, 1499959652, 1499959652),
(36, 4, '测试', '', '内容', '', '', '', '', '', '_self', 0, 0, 0, 1499959656, 1499959656),
(37, 3, '测试C', '', '内容', '', '', '', '', '', '_self', 0, 0, 0, 1499959658, 1499959658),
(38, 2, '测试B', '', '内容', '', '', '', '', '', '_self', 0, 1, 0, 1499959763, 1499959763),
(39, 1, '测试A', '', '内容', '', '', '', '', '', '_self', 1000000009, 1, 0, 1499959767, 1499959767),
(40, 22, '3G知识普及', '', '4c', '', '', '', '', '', '_self', 3, 1, 1, 0, 0),
(41, 3, '3G知识普及', '', '5c', '', '', '', '', '', '_self', 1, 0, 1, 0, 0),
(42, 3, '置顶标题', '', '置顶', '', '', '', '', '', '_self', 0, 1, 1, 0, 0),
(43, 3, '3G知识普及', '', '7c', '', '', '', '', '', '_self', 0, 1, 1, 0, 1483516111),
(44, 24, '标题', '', '内容8', '', '', '', '', '', '_self', 1, 1, 1, 1482677358, 1483516111),
(45, 1, '标题', '', '内容9', '社区', 'http://www.baidu.com', '', '', '', '_self', 1, 0, 1, 1482677466, 1482677466),
(46, 1, '标题', '', '内容10', '', 'http://www.baidu.com', '', '', '', '_self', 0, 0, 1, 1482677473, 1482677473),
(47, 29, '标题', '', '内容11', '百度', 'http://www.baidu.com', '', '', '', '_self', 0, 0, 1, 1482677507, 1482677507),
(48, 1, '标题', '', '12C', '百度', 'https://www.baidu.com', '', '', '', '_self', 1, 0, 1, 1482677531, 1482715541),
(49, 9, '111标题', '', '12C', '百度', 'https://www.baidu.com', '', '', '', '_self', 0, 0, 1, 1482677531, 1482715541),
(50, 8, '测试', '', '内容', '', '', '', '', '', '_self', 1, 0, 0, 1499781644, 1499781644),
(51, 7, '测试', '', '内容', '', '', '', '', '', '_self', 0, 0, 0, 1499781803, 1499781803),
(52, 6, '测试', '', '内容', '', '', '', '', '', '_self', 0, 0, 0, 1499781870, 1499781870),
(53, 5, '测试', '', '内容', '', '', '', '', '', '_self', 1, 0, 0, 1499959652, 1499959652),
(54, 4, '测试', '', '内容', '', '', '', '', '', '_self', 1, 0, 0, 1499959656, 1499959656),
(55, 3, '测试C', '', '内容', '', '', '', '', '', '_self', 0, 0, 0, 1499959658, 1499959658),
(56, 2, '测试B', '', '内容', '', '', '', '', '', '_self', 0, 1, 0, 1499959763, 1499959763),
(57, 1, '测试A', '', '内容', '', '', '', '', '', '_self', 1000000009, 1, 0, 1499959767, 1499959767),
(58, 22, '3G知识普及', '', '4c', '', '', '', '', '', '_self', 2, 1, 1, 0, 0),
(59, 3, '3G知识普及', '', '5c', '', '', '', '', '', '_self', 1, 0, 1, 0, 0),
(60, 3, '置顶标题', '', '置顶', '', '', '', '', '', '_self', 0, 1, 1, 0, 0),
(61, 3, '3G知识普及', '', '7c', '', '', '', '', '', '_self', 0, 1, 1, 0, 1483516111),
(62, 24, '标题', '', '内容8', '', '', '', '', '', '_self', 1, 1, 1, 1482677358, 1483516111),
(63, 1, '标题', '', '内容9', '社区', 'http://www.baidu.com', '', '', '', '_self', 0, 0, 1, 1482677466, 1482677466),
(64, 1, '标题', '', '内容10', '', 'http://www.baidu.com', '', '', '', '_self', 0, 0, 1, 1482677473, 1482677473),
(65, 29, '标题', '', '内容11', '百度', 'http://www.baidu.com', '', '', '', '_self', 0, 0, 1, 1482677507, 1482677507),
(66, 1, '标题', '', '12C', '百度', 'https://www.baidu.com', '', '', '', '_self', 0, 0, 1, 1482677531, 1482715541),
(67, 9, '111标题', '', '12C', '百度', 'https://www.baidu.com', '', '', '', '_self', 0, 0, 1, 1482677531, 1482715541),
(68, 8, '测试', '', '内容', '', '', '', '', '', '_self', 0, 0, 0, 1499781644, 1499781644),
(69, 7, '测试', '', '内容', '', '', '', '', '', '_self', 2, 0, 0, 1499781803, 1499781803),
(70, 6, '测试', '', '内容', '', '', '', '', '', '_self', 6, 0, 0, 1499781870, 1558714530),
(71, 5, '测试', '', '内容', '', '', '', '', '', '_self', 30, 0, 0, 1499959652, 1558714525),
(72, 4, '测试666', 'aliyun.oss.careyshop.cn/uploads/files/20191112/2c82bed2-233d-45e5-8752-d169b8265ee6.jpg?type=aliyun', '<code></code>\n<table class=\"highlight tab-size js-file-line-container\" data-tab-size=\"8\">\n<tbody>\n<tr>\n<td id=\"LC1\" class=\"blob-code blob-code-inner js-file-line\">&lt;<span class=\"pl-ent\">template</span>&gt;</td>\n</tr>\n<tr>\n<td id=\"L2\" class=\"blob-num js-line-number\" data-line-number=\"2\">&nbsp;</td>\n<td id=\"LC2\" class=\"blob-code blob-code-inner js-file-line\">&lt;<span class=\"pl-ent\">d2-container</span></td>\n</tr>\n<tr>\n<td id=\"L3\" class=\"blob-num js-line-number\" data-line-number=\"3\">&nbsp;</td>\n<td id=\"LC3\" class=\"blob-code blob-code-inner js-file-line\"><span class=\"pl-e\">ref</span>=<span class=\"pl-s\"><span class=\"pl-pds\">\"</span>container<span class=\"pl-pds\">\"</span></span></td>\n</tr>\n<tr>\n<td id=\"L4\" class=\"blob-num js-line-number\" data-line-number=\"4\">&nbsp;</td>\n<td id=\"LC4\" class=\"blob-code blob-code-inner js-file-line\">:<span class=\"pl-e\">type</span>=<span class=\"pl-s1\"><span class=\"pl-pds\">\"</span>containerType<span class=\"pl-pds\">\"</span></span></td>\n</tr>\n<tr>\n<td id=\"L5\" class=\"blob-num js-line-number\" data-line-number=\"5\">&nbsp;</td>\n<td id=\"LC5\" class=\"blob-code blob-code-inner js-file-line\">:<span class=\"pl-e\">better-scroll</span>=<span class=\"pl-s1\"><span class=\"pl-pds\">\"</span>betterScroll<span class=\"pl-pds\">\"</span></span></td>\n</tr>\n<tr>\n<td id=\"L6\" class=\"blob-num js-line-number\" data-line-number=\"6\">&nbsp;</td>\n<td id=\"LC6\" class=\"blob-code blob-code-inner js-file-line\">:<span class=\"pl-e\">scroll-delay</span>=<span class=\"pl-s1\"><span class=\"pl-pds\">\"</span>scrollDelay<span class=\"pl-pds\">\"</span></span></td>\n</tr>\n<tr>\n<td id=\"L7\" class=\"blob-num js-line-number\" data-line-number=\"7\">&nbsp;</td>\n<td id=\"LC7\" class=\"blob-code blob-code-inner js-file-line\">@<span class=\"pl-e\">scroll</span>=<span class=\"pl-s1\"><span class=\"pl-pds\">\"</span>({x, y}) <span class=\"pl-k\">=&gt;</span> { scrollTop <span class=\"pl-k\">=</span> y }<span class=\"pl-pds\">\"</span></span>&gt;</td>\n</tr>\n<tr>\n<td id=\"L8\" class=\"blob-num js-line-number\" data-line-number=\"8\">&nbsp;</td>\n<td id=\"LC8\" class=\"blob-code blob-code-inner js-file-line\">&lt;<span class=\"pl-ent\">template</span> <span class=\"pl-e\">slot</span>=<span class=\"pl-s\"><span class=\"pl-pds\">\"</span>header<span class=\"pl-pds\">\"</span></span>&gt;</td>\n</tr>\n<tr>\n<td id=\"L9\" class=\"blob-num js-line-number\" data-line-number=\"9\">&nbsp;</td>\n<td id=\"LC9\" class=\"blob-code blob-code-inner js-file-line\">&lt;<span class=\"pl-ent\">el-form</span></td>\n</tr>\n<tr>\n<td id=\"L10\" class=\"blob-num js-line-number\" data-line-number=\"10\">&nbsp;</td>\n<td id=\"LC10\" class=\"blob-code blob-code-inner js-file-line\">:<span class=\"pl-e\">inline</span>=<span class=\"pl-s1\"><span class=\"pl-pds\">\"</span><span class=\"pl-c1\">true</span><span class=\"pl-pds\">\"</span></span></td>\n</tr>\n<tr>\n<td id=\"L11\" class=\"blob-num js-line-number\" data-line-number=\"11\">&nbsp;</td>\n<td id=\"LC11\" class=\"blob-code blob-code-inner js-file-line\"><span class=\"pl-e\">size</span>=<span class=\"pl-s\"><span class=\"pl-pds\">\"</span>mini<span class=\"pl-pds\">\"</span></span>&gt;</td>\n</tr>\n<tr>\n<td id=\"L12\" class=\"blob-num js-line-number\" data-line-number=\"12\">&nbsp;</td>\n<td id=\"LC12\" class=\"blob-code blob-code-inner js-file-line\">&lt;<span class=\"pl-ent\">el-form-item</span></td>\n</tr>\n<tr>\n<td id=\"L13\" class=\"blob-num js-line-number\" data-line-number=\"13\">&nbsp;</td>\n<td id=\"LC13\" class=\"blob-code blob-code-inner js-file-line\"><span class=\"pl-e\">label</span>=<span class=\"pl-s\"><span class=\"pl-pds\">\"</span>布局类型<span class=\"pl-pds\">\"</span></span></td>\n</tr>\n<tr>\n<td id=\"L14\" class=\"blob-num js-line-number\" data-line-number=\"14\">&nbsp;</td>\n<td id=\"LC14\" class=\"blob-code blob-code-inner js-file-line\"><span class=\"pl-e\">class</span>=<span class=\"pl-s\"><span class=\"pl-pds\">\"</span>d2-mb-0<span class=\"pl-pds\">\"</span></span>&gt;</td>\n</tr>\n<tr>\n<td id=\"L15\" class=\"blob-num js-line-number\" data-line-number=\"15\">&nbsp;</td>\n<td id=\"LC15\" class=\"blob-code blob-code-inner js-file-line\">&lt;<span class=\"pl-ent\">el-radio-group</span> <span class=\"pl-e\">v-model</span>=<span class=\"pl-s1\"><span class=\"pl-pds\">\"</span>containerType<span class=\"pl-pds\">\"</span></span>&gt;</td>\n</tr>\n<tr>\n<td id=\"L16\" class=\"blob-num js-line-number\" data-line-number=\"16\">&nbsp;</td>\n<td id=\"LC16\" class=\"blob-code blob-code-inner js-file-line\">&lt;<span class=\"pl-ent\">el-radio-button</span> <span class=\"pl-e\">label</span>=<span class=\"pl-s\"><span class=\"pl-pds\">\"</span>full<span class=\"pl-pds\">\"</span></span>&gt;&lt;/<span class=\"pl-ent\">el-radio-button</span>&gt;</td>\n</tr>\n<tr>\n<td id=\"L17\" class=\"blob-num js-line-number\" data-line-number=\"17\">&nbsp;</td>\n<td id=\"LC17\" class=\"blob-code blob-code-inner js-file-line\">&lt;<span class=\"pl-ent\">el-radio-button</span> <span class=\"pl-e\">label</span>=<span class=\"pl-s\"><span class=\"pl-pds\">\"</span>card<span class=\"pl-pds\">\"</span></span>&gt;&lt;/<span class=\"pl-ent\">el-radio-button</span>&gt;</td>\n</tr>\n<tr>\n<td id=\"L18\" class=\"blob-num js-line-number\" data-line-number=\"18\">&nbsp;</td>\n<td id=\"LC18\" class=\"blob-code blob-code-inner js-file-line\">&lt;<span class=\"pl-ent\">el-radio-button</span> <span class=\"pl-e\">label</span>=<span class=\"pl-s\"><span class=\"pl-pds\">\"</span>ghost<span class=\"pl-pds\">\"</span></span>&gt;&lt;/<span class=\"pl-ent\">el-radio-button</span>&gt;</td>\n</tr>\n<tr>\n<td id=\"L19\" class=\"blob-num js-line-number\" data-line-number=\"19\">&nbsp;</td>\n<td id=\"LC19\" class=\"blob-code blob-code-inner js-file-line\">&lt;/<span class=\"pl-ent\">el-radio-group</span>&gt;</td>\n</tr>\n<tr>\n<td id=\"L20\" class=\"blob-num js-line-number\" data-line-number=\"20\">&nbsp;</td>\n<td id=\"LC20\" class=\"blob-code blob-code-inner js-file-line\">&lt;/<span class=\"pl-ent\">el-form-item</span>&gt;</td>\n</tr>\n<tr>\n<td id=\"L21\" class=\"blob-num js-line-number\" data-line-number=\"21\">&nbsp;</td>\n<td id=\"LC21\" class=\"blob-code blob-code-inner js-file-line\">&lt;<span class=\"pl-ent\">el-form-item</span></td>\n</tr>\n<tr>\n<td id=\"L22\" class=\"blob-num js-line-number\" data-line-number=\"22\">&nbsp;</td>\n<td id=\"LC22\" class=\"blob-code blob-code-inner js-file-line\"><span class=\"pl-e\">label</span>=<span class=\"pl-s\"><span class=\"pl-pds\">\"</span>滚动距离<span class=\"pl-pds\">\"</span></span></td>\n</tr>\n<tr>\n<td id=\"L23\" class=\"blob-num js-line-number\" data-line-number=\"23\">&nbsp;</td>\n<td id=\"LC23\" class=\"blob-code blob-code-inner js-file-line\"><span class=\"pl-e\">class</span>=<span class=\"pl-s\"><span class=\"pl-pds\">\"</span>d2-mb-0<span class=\"pl-pds\">\"</span></span>&gt;</td>\n</tr>\n<tr>\n<td id=\"L24\" class=\"blob-num js-line-number\" data-line-number=\"24\">&nbsp;</td>\n<td id=\"LC24\" class=\"blob-code blob-code-inner js-file-line\">&lt;<span class=\"pl-ent\">el-input</span></td>\n</tr>\n<tr>\n<td id=\"L25\" class=\"blob-num js-line-number\" data-line-number=\"25\">&nbsp;</td>\n<td id=\"LC25\" class=\"blob-code blob-code-inner js-file-line\">:<span class=\"pl-e\">value</span>=<span class=\"pl-s1\"><span class=\"pl-pds\">\"</span>scrollTop<span class=\"pl-pds\">\"</span></span></td>\n</tr>\n<tr>\n<td id=\"L26\" class=\"blob-num js-line-number\" data-line-number=\"26\">&nbsp;</td>\n<td id=\"LC26\" class=\"blob-code blob-code-inner js-file-line\"><span class=\"pl-e\">style</span>=<span class=\"pl-s\"><span class=\"pl-pds\">\"</span>width: 130px;<span class=\"pl-pds\">\"</span></span>&gt;</td>\n</tr>\n<tr>\n<td id=\"L27\" class=\"blob-num js-line-number\" data-line-number=\"27\">&nbsp;</td>\n<td id=\"LC27\" class=\"blob-code blob-code-inner js-file-line\">&lt;<span class=\"pl-ent\">template</span> <span class=\"pl-e\">slot</span>=<span class=\"pl-s\"><span class=\"pl-pds\">\"</span>append<span class=\"pl-pds\">\"</span></span>&gt;px&lt;/<span class=\"pl-ent\">template</span>&gt;</td>\n</tr>\n<tr>\n<td id=\"L28\" class=\"blob-num js-line-number\" data-line-number=\"28\">&nbsp;</td>\n<td id=\"LC28\" class=\"blob-code blob-code-inner js-file-line\">&lt;/<span class=\"pl-ent\">el-input</span>&gt;</td>\n</tr>\n<tr>\n<td id=\"L29\" class=\"blob-num js-line-number\" data-line-number=\"29\">&nbsp;</td>\n<td id=\"LC29\" class=\"blob-code blob-code-inner js-file-line\">&lt;/<span class=\"pl-ent\">el-form-item</span>&gt;</td>\n</tr>\n<tr>\n<td id=\"L30\" class=\"blob-num js-line-number\" data-line-number=\"30\">&nbsp;</td>\n<td id=\"LC30\" class=\"blob-code blob-code-inner js-file-line\">&lt;<span class=\"pl-ent\">el-form-item</span></td>\n</tr>\n<tr>\n<td id=\"L31\" class=\"blob-num js-line-number\" data-line-number=\"31\">&nbsp;</td>\n<td id=\"LC31\" class=\"blob-code blob-code-inner js-file-line\"><span class=\"pl-e\">v-if</span>=<span class=\"pl-s1\"><span class=\"pl-pds\">\"</span><span class=\"pl-k\">!</span>betterScroll<span class=\"pl-pds\">\"</span></span></td>\n</tr>\n<tr>\n<td id=\"L32\" class=\"blob-num js-line-number\" data-line-number=\"32\">&nbsp;</td>\n<td id=\"LC32\" class=\"blob-code blob-code-inner js-file-line\"><span class=\"pl-e\">label</span>=<span class=\"pl-s\"><span class=\"pl-pds\">\"</span>事件延迟(ms)<span class=\"pl-pds\">\"</span></span></td>\n</tr>\n<tr>\n<td id=\"L33\" class=\"blob-num js-line-number\" data-line-number=\"33\">&nbsp;</td>\n<td id=\"LC33\" class=\"blob-code blob-code-inner js-file-line\"><span class=\"pl-e\">class</span>=<span class=\"pl-s\"><span class=\"pl-pds\">\"</span>d2-mb-0<span class=\"pl-pds\">\"</span></span>&gt;</td>\n</tr>\n<tr>\n<td id=\"L34\" class=\"blob-num js-line-number\" data-line-number=\"34\">&nbsp;</td>\n<td id=\"LC34\" class=\"blob-code blob-code-inner js-file-line\">&lt;<span class=\"pl-ent\">el-input-number</span></td>\n</tr>\n<tr>\n<td id=\"L35\" class=\"blob-num js-line-number\" data-line-number=\"35\">&nbsp;</td>\n<td id=\"LC35\" class=\"blob-code blob-code-inner js-file-line\"><span class=\"pl-e\">v-model</span>=<span class=\"pl-s1\"><span class=\"pl-pds\">\"</span>scrollDelay<span class=\"pl-pds\">\"</span></span></td>\n</tr>\n<tr>\n<td id=\"L36\" class=\"blob-num js-line-number\" data-line-number=\"36\">&nbsp;</td>\n<td id=\"LC36\" class=\"blob-code blob-code-inner js-file-line\">:<span class=\"pl-e\">min</span>=<span class=\"pl-s1\"><span class=\"pl-pds\">\"</span><span class=\"pl-c1\">10</span><span class=\"pl-pds\">\"</span></span></td>\n</tr>\n<tr>\n<td id=\"L37\" class=\"blob-num js-line-number\" data-line-number=\"37\">&nbsp;</td>\n<td id=\"LC37\" class=\"blob-code blob-code-inner js-file-line\">:<span class=\"pl-e\">max</span>=<span class=\"pl-s1\"><span class=\"pl-pds\">\"</span><span class=\"pl-c1\">2000</span><span class=\"pl-pds\">\"</span></span></td>\n</tr>\n<tr>\n<td id=\"L38\" class=\"blob-num js-line-number\" data-line-number=\"38\">&nbsp;</td>\n<td id=\"LC38\" class=\"blob-code blob-code-inner js-file-line\">:<span class=\"pl-e\">step</span>=<span class=\"pl-s1\"><span class=\"pl-pds\">\"</span><span class=\"pl-c1\">100</span><span class=\"pl-pds\">\"</span></span></td>\n</tr>\n<tr>\n<td id=\"L39\" class=\"blob-num js-line-number\" data-line-number=\"39\">&nbsp;</td>\n<td id=\"LC39\" class=\"blob-code blob-code-inner js-file-line\"><span class=\"pl-e\">style</span>=<span class=\"pl-s\"><span class=\"pl-pds\">\"</span>width: 110px;<span class=\"pl-pds\">\"</span></span>/&gt;</td>\n</tr>\n<tr>\n<td id=\"L40\" class=\"blob-num js-line-number\" data-line-number=\"40\">&nbsp;</td>\n<td id=\"LC40\" class=\"blob-code blob-code-inner js-file-line\">&lt;/<span class=\"pl-ent\">el-form-item</span>&gt;</td>\n</tr>\n<tr>\n<td id=\"L41\" class=\"blob-num js-line-number\" data-line-number=\"41\">&nbsp;</td>\n<td id=\"LC41\" class=\"blob-code blob-code-inner js-file-line\">&lt;<span class=\"pl-ent\">el-form-item</span> <span class=\"pl-e\">class</span>=<span class=\"pl-s\"><span class=\"pl-pds\">\"</span>d2-mb-0<span class=\"pl-pds\">\"</span></span>&gt;</td>\n</tr>\n<tr>\n<td id=\"L42\" class=\"blob-num js-line-number\" data-line-number=\"42\">&nbsp;</td>\n<td id=\"LC42\" class=\"blob-code blob-code-inner js-file-line\">&lt;<span class=\"pl-ent\">el-button</span></td>\n</tr>\n<tr>\n<td id=\"L43\" class=\"blob-num js-line-number\" data-line-number=\"43\">&nbsp;</td>\n<td id=\"LC43\" class=\"blob-code blob-code-inner js-file-line\"><span class=\"pl-e\">v-if</span>=<span class=\"pl-s1\"><span class=\"pl-pds\">\"</span>scrollTop <span class=\"pl-k\">&gt;=</span> <span class=\"pl-c1\">55</span><span class=\"pl-pds\">\"</span></span></td>\n</tr>\n<tr>\n<td id=\"L44\" class=\"blob-num js-line-number\" data-line-number=\"44\">&nbsp;</td>\n<td id=\"LC44\" class=\"blob-code blob-code-inner js-file-line\"><span class=\"pl-e\">type</span>=<span class=\"pl-s\"><span class=\"pl-pds\">\"</span>primary<span class=\"pl-pds\">\"</span></span></td>\n</tr>\n<tr>\n<td id=\"L45\" class=\"blob-num js-line-number\" data-line-number=\"45\">&nbsp;</td>\n<td id=\"LC45\" class=\"blob-code blob-code-inner js-file-line\">@<span class=\"pl-e\">click</span>=<span class=\"pl-s1\"><span class=\"pl-pds\">\"</span><span class=\"pl-smi\">$refs</span>.<span class=\"pl-smi\">container</span>.<span class=\"pl-smi\">scrollToTop</span><span class=\"pl-pds\">\"</span></span>&gt;</td>\n</tr>\n<tr>\n<td id=\"L46\" class=\"blob-num js-line-number\" data-line-number=\"46\">&nbsp;</td>\n<td id=\"LC46\" class=\"blob-code blob-code-inner js-file-line\">回到顶部</td>\n</tr>\n<tr>\n<td id=\"L47\" class=\"blob-num js-line-number\" data-line-number=\"47\">&nbsp;</td>\n<td id=\"LC47\" class=\"blob-code blob-code-inner js-file-line\">&lt;/<span class=\"pl-ent\">el-button</span>&gt;</td>\n</tr>\n<tr>\n<td id=\"L48\" class=\"blob-num js-line-number\" data-line-number=\"48\">&nbsp;</td>\n<td id=\"LC48\" class=\"blob-code blob-code-inner js-file-line\">&lt;/<span class=\"pl-ent\">el-form-item</span>&gt;</td>\n</tr>\n<tr>\n<td id=\"L49\" class=\"blob-num js-line-number\" data-line-number=\"49\">&nbsp;</td>\n<td id=\"LC49\" class=\"blob-code blob-code-inner js-file-line\">&lt;/<span class=\"pl-ent\">el-form</span>&gt;</td>\n</tr>\n<tr>\n<td id=\"L50\" class=\"blob-num js-line-number\" data-line-number=\"50\">&nbsp;</td>\n<td id=\"LC50\" class=\"blob-code blob-code-inner js-file-line\">&lt;/<span class=\"pl-ent\">template</span>&gt;</td>\n</tr>\n<tr>\n<td id=\"L51\" class=\"blob-num js-line-number\" data-line-number=\"51\">&nbsp;</td>\n<td id=\"LC51\" class=\"blob-code blob-code-inner js-file-line\">&lt;<span class=\"pl-ent\">el-alert</span></td>\n</tr>\n<tr>\n<td id=\"L52\" class=\"blob-num js-line-number\" data-line-number=\"52\">&nbsp;</td>\n<td id=\"LC52\" class=\"blob-code blob-code-inner js-file-line\"><span class=\"pl-e\">type</span>=<span class=\"pl-s\"><span class=\"pl-pds\">\"</span>success<span class=\"pl-pds\">\"</span></span></td>\n</tr>\n<tr>\n<td id=\"L53\" class=\"blob-num js-line-number\" data-line-number=\"53\">&nbsp;</td>\n<td id=\"LC53\" class=\"blob-code blob-code-inner js-file-line\">:<span class=\"pl-e\">title</span>=<span class=\"pl-s1\"><span class=\"pl-pds\">\"</span><span class=\"pl-s\"><span class=\"pl-pds\">`</span><span class=\"pl-pse\">${</span>betterScroll <span class=\"pl-k\">?</span> <span class=\"pl-pds\">\'</span>此示例开启了 BetterScroll <span class=\"pl-pds\">\'</span> <span class=\"pl-k\">:</span> <span class=\"pl-pds\">\'</span><span class=\"pl-pds\">\'</span><span class=\"pl-pse\">}</span>请向下滚动<span class=\"pl-pds\">`</span></span><span class=\"pl-pds\">\"</span></span></td>\n</tr>\n<tr>\n<td id=\"L54\" class=\"blob-num js-line-number\" data-line-number=\"54\">&nbsp;</td>\n<td id=\"LC54\" class=\"blob-code blob-code-inner js-file-line\"><span class=\"pl-e\">class</span>=<span class=\"pl-s\"><span class=\"pl-pds\">\"</span>d2-mb-10<span class=\"pl-pds\">\"</span></span></td>\n</tr>\n<tr>\n<td id=\"L55\" class=\"blob-num js-line-number\" data-line-number=\"55\">&nbsp;</td>\n<td id=\"LC55\" class=\"blob-code blob-code-inner js-file-line\"><span class=\"pl-e\">center</span>/&gt;</td>\n</tr>\n<tr>\n<td id=\"L56\" class=\"blob-num js-line-number\" data-line-number=\"56\">&nbsp;</td>\n<td id=\"LC56\" class=\"blob-code blob-code-inner js-file-line\">&lt;<span class=\"pl-ent\">d2-demo-article</span></td>\n</tr>\n<tr>\n<td id=\"L57\" class=\"blob-num js-line-number\" data-line-number=\"57\">&nbsp;</td>\n<td id=\"LC57\" class=\"blob-code blob-code-inner js-file-line\"><span class=\"pl-e\">v-for</span>=<span class=\"pl-s1\"><span class=\"pl-pds\">\"</span>i <span class=\"pl-k\">in</span> <span class=\"pl-c1\">10</span><span class=\"pl-pds\">\"</span></span></td>\n</tr>\n<tr>\n<td id=\"L58\" class=\"blob-num js-line-number\" data-line-number=\"58\">&nbsp;</td>\n<td id=\"LC58\" class=\"blob-code blob-code-inner js-file-line\">:<span class=\"pl-e\">key</span>=<span class=\"pl-s1\"><span class=\"pl-pds\">\"</span>i<span class=\"pl-pds\">\"</span></span></td>\n</tr>\n<tr>\n<td id=\"L59\" class=\"blob-num js-line-number\" data-line-number=\"59\">&nbsp;</td>\n<td id=\"LC59\" class=\"blob-code blob-code-inner js-file-line\">:<span class=\"pl-e\">style</span>=<span class=\"pl-s1\"><span class=\"pl-pds\">\"</span>articleStyle<span class=\"pl-pds\">\"</span></span></td>\n</tr>\n<tr>\n<td id=\"L60\" class=\"blob-num js-line-number\" data-line-number=\"60\">&nbsp;</td>\n<td id=\"LC60\" class=\"blob-code blob-code-inner js-file-line\"><span class=\"pl-e\">long</span>/&gt;</td>\n</tr>\n<tr>\n<td id=\"L61\" class=\"blob-num js-line-number\" data-line-number=\"61\">&nbsp;</td>\n<td id=\"LC61\" class=\"blob-code blob-code-inner js-file-line\">&lt;<span class=\"pl-ent\">template</span> <span class=\"pl-e\">slot</span>=<span class=\"pl-s\"><span class=\"pl-pds\">\"</span>footer<span class=\"pl-pds\">\"</span></span>&gt;</td>\n</tr>\n<tr>\n<td id=\"L62\" class=\"blob-num js-line-number\" data-line-number=\"62\">&nbsp;</td>\n<td id=\"LC62\" class=\"blob-code blob-code-inner js-file-line\">&lt;<span class=\"pl-ent\">el-form</span></td>\n</tr>\n<tr>\n<td id=\"L63\" class=\"blob-num js-line-number\" data-line-number=\"63\">&nbsp;</td>\n<td id=\"LC63\" class=\"blob-code blob-code-inner js-file-line\">:<span class=\"pl-e\">inline</span>=<span class=\"pl-s1\"><span class=\"pl-pds\">\"</span><span class=\"pl-c1\">true</span><span class=\"pl-pds\">\"</span></span></td>\n</tr>\n<tr>\n<td id=\"L64\" class=\"blob-num js-line-number\" data-line-number=\"64\">&nbsp;</td>\n<td id=\"LC64\" class=\"blob-code blob-code-inner js-file-line\"><span class=\"pl-e\">size</span>=<span class=\"pl-s\"><span class=\"pl-pds\">\"</span>mini<span class=\"pl-pds\">\"</span></span>&gt;</td>\n</tr>\n<tr>\n<td id=\"L65\" class=\"blob-num js-line-number\" data-line-number=\"65\">&nbsp;</td>\n<td id=\"LC65\" class=\"blob-code blob-code-inner js-file-line\">&lt;<span class=\"pl-ent\">el-form-item</span> <span class=\"pl-e\">class</span>=<span class=\"pl-s\"><span class=\"pl-pds\">\"</span>d2-mb-0<span class=\"pl-pds\">\"</span></span>&gt;</td>\n</tr>\n<tr>\n<td id=\"L66\" class=\"blob-num js-line-number\" data-line-number=\"66\">&nbsp;</td>\n<td id=\"LC66\" class=\"blob-code blob-code-inner js-file-line\">&lt;<span class=\"pl-ent\">el-button</span> @<span class=\"pl-e\">click</span>=<span class=\"pl-s1\"><span class=\"pl-pds\">\"</span><span class=\"pl-smi\">$refs</span>.<span class=\"pl-smi\">container</span>.<span class=\"pl-c1\">scrollBy</span>(<span class=\"pl-c1\">0</span>, <span class=\"pl-c1\">30</span>)<span class=\"pl-pds\">\"</span></span>&gt;相对滚动 (0, 30) 像素&lt;/<span class=\"pl-ent\">el-button</span>&gt;</td>\n</tr>\n<tr>\n<td id=\"L67\" class=\"blob-num js-line-number\" data-line-number=\"67\">&nbsp;</td>\n<td id=\"LC67\" class=\"blob-code blob-code-inner js-file-line\">&lt;/<span class=\"pl-ent\">el-form-item</span>&gt;</td>\n</tr>\n<tr>\n<td id=\"L68\" class=\"blob-num js-line-number\" data-line-number=\"68\">&nbsp;</td>\n<td id=\"LC68\" class=\"blob-code blob-code-inner js-file-line\">&lt;<span class=\"pl-ent\">el-form-item</span> <span class=\"pl-e\">class</span>=<span class=\"pl-s\"><span class=\"pl-pds\">\"</span>d2-mb-0<span class=\"pl-pds\">\"</span></span>&gt;</td>\n</tr>\n<tr>\n<td id=\"L69\" class=\"blob-num js-line-number\" data-line-number=\"69\">&nbsp;</td>\n<td id=\"LC69\" class=\"blob-code blob-code-inner js-file-line\">&lt;<span class=\"pl-ent\">el-button</span> @<span class=\"pl-e\">click</span>=<span class=\"pl-s1\"><span class=\"pl-pds\">\"</span><span class=\"pl-smi\">$refs</span>.<span class=\"pl-smi\">container</span>.<span class=\"pl-c1\">scrollTo</span>(<span class=\"pl-c1\">0</span>, <span class=\"pl-c1\">100</span>)<span class=\"pl-pds\">\"</span></span>&gt;滚动到 (0, 100) 像素位置&lt;/<span class=\"pl-ent\">el-button</span>&gt;</td>\n</tr>\n<tr>\n<td id=\"L70\" class=\"blob-num js-line-number\" data-line-number=\"70\">&nbsp;</td>\n<td id=\"LC70\" class=\"blob-code blob-code-inner js-file-line\">&lt;/<span class=\"pl-ent\">el-form-item</span>&gt;</td>\n</tr>\n<tr>\n<td id=\"L71\" class=\"blob-num js-line-number\" data-line-number=\"71\">&nbsp;</td>\n<td id=\"LC71\" class=\"blob-code blob-code-inner js-file-line\">&lt;<span class=\"pl-ent\">el-form-item</span> <span class=\"pl-e\">class</span>=<span class=\"pl-s\"><span class=\"pl-pds\">\"</span>d2-mb-0<span class=\"pl-pds\">\"</span></span>&gt;</td>\n</tr>\n<tr>\n<td id=\"L72\" class=\"blob-num js-line-number\" data-line-number=\"72\">&nbsp;</td>\n<td id=\"LC72\" class=\"blob-code blob-code-inner js-file-line\">&lt;<span class=\"pl-ent\">el-button</span> @<span class=\"pl-e\">click</span>=<span class=\"pl-s1\"><span class=\"pl-pds\">\"</span><span class=\"pl-smi\">$refs</span>.<span class=\"pl-smi\">container</span>.<span class=\"pl-en\">scrollTop</span>(<span class=\"pl-c1\">100</span>)<span class=\"pl-pds\">\"</span></span>&gt;滚动到垂直位置 100&lt;/<span class=\"pl-ent\">el-button</span>&gt;</td>\n</tr>\n<tr>\n<td id=\"L73\" class=\"blob-num js-line-number\" data-line-number=\"73\">&nbsp;</td>\n<td id=\"LC73\" class=\"blob-code blob-code-inner js-file-line\">&lt;/<span class=\"pl-ent\">el-form-item</span>&gt;</td>\n</tr>\n<tr>\n<td id=\"L74\" class=\"blob-num js-line-number\" data-line-number=\"74\">&nbsp;</td>\n<td id=\"LC74\" class=\"blob-code blob-code-inner js-file-line\">&lt;/<span class=\"pl-ent\">el-form</span>&gt;</td>\n</tr>\n<tr>\n<td id=\"L75\" class=\"blob-num js-line-number\" data-line-number=\"75\">&nbsp;</td>\n<td id=\"LC75\" class=\"blob-code blob-code-inner js-file-line\">&lt;/<span class=\"pl-ent\">template</span>&gt;</td>\n</tr>\n<tr>\n<td id=\"L76\" class=\"blob-num js-line-number\" data-line-number=\"76\">&nbsp;</td>\n<td id=\"LC76\" class=\"blob-code blob-code-inner js-file-line\">&lt;/<span class=\"pl-ent\">d2-container</span>&gt;</td>\n</tr>\n<tr>\n<td id=\"L77\" class=\"blob-num js-line-number\" data-line-number=\"77\">&nbsp;</td>\n<td id=\"LC77\" class=\"blob-code blob-code-inner js-file-line\">&lt;/<span class=\"pl-ent\">template</span>&gt;</td>\n</tr>\n<tr>\n<td id=\"L78\" class=\"blob-num js-line-number\" data-line-number=\"78\">&nbsp;</td>\n<td id=\"LC78\" class=\"blob-code blob-code-inner js-file-line\">&nbsp;</td>\n</tr>\n<tr>\n<td id=\"L79\" class=\"blob-num js-line-number\" data-line-number=\"79\">&nbsp;</td>\n<td id=\"LC79\" class=\"blob-code blob-code-inner js-file-line\"><span class=\"pl-s1\">&lt;<span class=\"pl-ent\">script</span>&gt;</span></td>\n</tr>\n<tr>\n<td id=\"L80\" class=\"blob-num js-line-number\" data-line-number=\"80\">&nbsp;</td>\n<td id=\"LC80\" class=\"blob-code blob-code-inner js-file-line\"><span class=\"pl-s1\"><span class=\"pl-k\">import</span> <span class=\"pl-smi\">d2DemoArticle</span> <span class=\"pl-k\">from</span> <span class=\"pl-s\"><span class=\"pl-pds\">\'</span>./components/d2-demo-article<span class=\"pl-pds\">\'</span></span></span></td>\n</tr>\n<tr>\n<td id=\"L81\" class=\"blob-num js-line-number\" data-line-number=\"81\">&nbsp;</td>\n<td id=\"LC81\" class=\"blob-code blob-code-inner js-file-line\"><span class=\"pl-s1\"><span class=\"pl-k\">export</span> <span class=\"pl-c1\">default</span> {</span></td>\n</tr>\n<tr>\n<td id=\"L82\" class=\"blob-num js-line-number\" data-line-number=\"82\">&nbsp;</td>\n<td id=\"LC82\" class=\"blob-code blob-code-inner js-file-line\"><span class=\"pl-s1\"> components<span class=\"pl-k\">:</span> {</span></td>\n</tr>\n<tr>\n<td id=\"L83\" class=\"blob-num js-line-number\" data-line-number=\"83\">&nbsp;</td>\n<td id=\"LC83\" class=\"blob-code blob-code-inner js-file-line\"><span class=\"pl-s1\"> <span class=\"pl-s\"><span class=\"pl-pds\">\'</span>d2-demo-article<span class=\"pl-pds\">\'</span></span><span class=\"pl-k\">:</span> d2DemoArticle</span></td>\n</tr>\n<tr>\n<td id=\"L84\" class=\"blob-num js-line-number\" data-line-number=\"84\">&nbsp;</td>\n<td id=\"LC84\" class=\"blob-code blob-code-inner js-file-line\"><span class=\"pl-s1\"> },</span></td>\n</tr>\n<tr>\n<td id=\"L85\" class=\"blob-num js-line-number\" data-line-number=\"85\">&nbsp;</td>\n<td id=\"LC85\" class=\"blob-code blob-code-inner js-file-line\"><span class=\"pl-s1\"> <span class=\"pl-en\">data</span> () {</span></td>\n</tr>\n<tr>\n<td id=\"L86\" class=\"blob-num js-line-number\" data-line-number=\"86\">&nbsp;</td>\n<td id=\"LC86\" class=\"blob-code blob-code-inner js-file-line\"><span class=\"pl-s1\"> <span class=\"pl-k\">return</span> {</span></td>\n</tr>\n<tr>\n<td id=\"L87\" class=\"blob-num js-line-number\" data-line-number=\"87\">&nbsp;</td>\n<td id=\"LC87\" class=\"blob-code blob-code-inner js-file-line\"><span class=\"pl-s1\"> containerType<span class=\"pl-k\">:</span> <span class=\"pl-s\"><span class=\"pl-pds\">\'</span>full<span class=\"pl-pds\">\'</span></span>,</span></td>\n</tr>\n<tr>\n<td id=\"L88\" class=\"blob-num js-line-number\" data-line-number=\"88\">&nbsp;</td>\n<td id=\"LC88\" class=\"blob-code blob-code-inner js-file-line\"><span class=\"pl-s1\"> scrollDelay<span class=\"pl-k\">:</span> <span class=\"pl-c1\">10</span>,</span></td>\n</tr>\n<tr>\n<td id=\"L89\" class=\"blob-num js-line-number\" data-line-number=\"89\">&nbsp;</td>\n<td id=\"LC89\" class=\"blob-code blob-code-inner js-file-line\"><span class=\"pl-s1\"> scrollTop<span class=\"pl-k\">:</span> <span class=\"pl-c1\">0</span></span></td>\n</tr>\n<tr>\n<td id=\"L90\" class=\"blob-num js-line-number\" data-line-number=\"90\">&nbsp;</td>\n<td id=\"LC90\" class=\"blob-code blob-code-inner js-file-line\"><span class=\"pl-s1\"> }</span></td>\n</tr>\n<tr>\n<td id=\"L91\" class=\"blob-num js-line-number\" data-line-number=\"91\">&nbsp;</td>\n<td id=\"LC91\" class=\"blob-code blob-code-inner js-file-line\"><span class=\"pl-s1\"> },</span></td>\n</tr>\n<tr>\n<td id=\"L92\" class=\"blob-num js-line-number\" data-line-number=\"92\">&nbsp;</td>\n<td id=\"LC92\" class=\"blob-code blob-code-inner js-file-line\"><span class=\"pl-s1\"> computed<span class=\"pl-k\">:</span> {</span></td>\n</tr>\n<tr>\n<td id=\"L93\" class=\"blob-num js-line-number\" data-line-number=\"93\">&nbsp;</td>\n<td id=\"LC93\" class=\"blob-code blob-code-inner js-file-line\"><span class=\"pl-s1\"> <span class=\"pl-c\">// 是否开启 better scroll</span></span></td>\n</tr>\n<tr>\n<td id=\"L94\" class=\"blob-num js-line-number\" data-line-number=\"94\">&nbsp;</td>\n<td id=\"LC94\" class=\"blob-code blob-code-inner js-file-line\"><span class=\"pl-s1\"> <span class=\"pl-en\">betterScroll</span> () {</span></td>\n</tr>\n<tr>\n<td id=\"L95\" class=\"blob-num js-line-number\" data-line-number=\"95\">&nbsp;</td>\n<td id=\"LC95\" class=\"blob-code blob-code-inner js-file-line\"><span class=\"pl-s1\"> <span class=\"pl-k\">return</span> <span class=\"pl-c1\">this</span>.<span class=\"pl-smi\">$route</span>.<span class=\"pl-smi\">query</span>.<span class=\"pl-smi\">bs</span> <span class=\"pl-k\">===</span> <span class=\"pl-s\"><span class=\"pl-pds\">\'</span>true<span class=\"pl-pds\">\'</span></span></span></td>\n</tr>\n<tr>\n<td id=\"L96\" class=\"blob-num js-line-number\" data-line-number=\"96\">&nbsp;</td>\n<td id=\"LC96\" class=\"blob-code blob-code-inner js-file-line\"><span class=\"pl-s1\"> },</span></td>\n</tr>\n<tr>\n<td id=\"L97\" class=\"blob-num js-line-number\" data-line-number=\"97\">&nbsp;</td>\n<td id=\"LC97\" class=\"blob-code blob-code-inner js-file-line\"><span class=\"pl-s1\"> <span class=\"pl-c\">// 根据滚动位置返回文章的样式</span></span></td>\n</tr>\n<tr>\n<td id=\"L98\" class=\"blob-num js-line-number\" data-line-number=\"98\">&nbsp;</td>\n<td id=\"LC98\" class=\"blob-code blob-code-inner js-file-line\"><span class=\"pl-s1\"> <span class=\"pl-en\">articleStyle</span> () {</span></td>\n</tr>\n<tr>\n<td id=\"L99\" class=\"blob-num js-line-number\" data-line-number=\"99\">&nbsp;</td>\n<td id=\"LC99\" class=\"blob-code blob-code-inner js-file-line\"><span class=\"pl-s1\"> <span class=\"pl-k\">return</span> {</span></td>\n</tr>\n<tr>\n<td id=\"L100\" class=\"blob-num js-line-number\" data-line-number=\"100\">&nbsp;</td>\n<td id=\"LC100\" class=\"blob-code blob-code-inner js-file-line\"><span class=\"pl-s1\"> opacity<span class=\"pl-k\">:</span> <span class=\"pl-c1\">this</span>.<span class=\"pl-smi\">scrollTop</span> <span class=\"pl-k\">&gt;</span> <span class=\"pl-c1\">55</span> <span class=\"pl-k\">?</span> <span class=\"pl-s\"><span class=\"pl-pds\">\'</span>1<span class=\"pl-pds\">\'</span></span> <span class=\"pl-k\">:</span> <span class=\"pl-s\"><span class=\"pl-pds\">\'</span>.1<span class=\"pl-pds\">\'</span></span></span></td>\n</tr>\n<tr>\n<td id=\"L101\" class=\"blob-num js-line-number\" data-line-number=\"101\">&nbsp;</td>\n<td id=\"LC101\" class=\"blob-code blob-code-inner js-file-line\"><span class=\"pl-s1\"> }</span></td>\n</tr>\n<tr>\n<td id=\"L102\" class=\"blob-num js-line-number\" data-line-number=\"102\">&nbsp;</td>\n<td id=\"LC102\" class=\"blob-code blob-code-inner js-file-line\"><span class=\"pl-s1\"> }</span></td>\n</tr>\n<tr>\n<td id=\"L103\" class=\"blob-num js-line-number\" data-line-number=\"103\">&nbsp;</td>\n<td id=\"LC103\" class=\"blob-code blob-code-inner js-file-line\"><span class=\"pl-s1\"> }</span></td>\n</tr>\n<tr>\n<td id=\"L104\" class=\"blob-num js-line-number\" data-line-number=\"104\">&nbsp;</td>\n<td id=\"LC104\" class=\"blob-code blob-code-inner js-file-line\"><span class=\"pl-s1\">}</span></td>\n</tr>\n<tr>\n<td id=\"L105\" class=\"blob-num js-line-number\" data-line-number=\"105\">&nbsp;</td>\n<td id=\"LC105\" class=\"blob-code blob-code-inner js-file-line\"><span class=\"pl-s1\">&lt;/<span class=\"pl-ent\">script</span>&gt;</span></td>\n</tr>\n</tbody>\n</table>\n<code></code>', '', '', '', '', '', '_self', 105, 1, 1, 1499959656, 1573624520),
(73, 3, 'el-cascader的使用以及报错解决', 'aliyun.oss.careyshop.cn/uploads/files/20191112/968cc6c2-b121-4d4c-804e-cf828af7e1fb.jpg?type=aliyun', '<p>邮件端</p>\n<table border=\"1\" cellspacing=\"0\" cellpadding=\"0\">\n<tbody>\n<tr>\n<td valign=\"top\" width=\"56\">\n<p>序号</p>\n</td>\n<td valign=\"top\" width=\"312\">\n<p>功能</p>\n</td>\n<td valign=\"top\" width=\"184\">\n<p>备注</p>\n</td>\n</tr>\n<tr>\n<td valign=\"top\" width=\"56\">\n<p><span lang=\"EN-US\">1</span></p>\n</td>\n<td valign=\"top\" width=\"312\">\n<p>自定义搜索文件夹</p>\n</td>\n<td valign=\"top\" width=\"184\">\n<p>&nbsp;</p>\n</td>\n</tr>\n<tr>\n<td valign=\"top\" width=\"56\">\n<p><span lang=\"EN-US\">2</span></p>\n</td>\n<td valign=\"top\" width=\"312\">\n<p>邮件与客户关联</p>\n</td>\n<td valign=\"top\" width=\"184\">\n<p>&nbsp;</p>\n</td>\n</tr>\n<tr>\n<td valign=\"top\" width=\"56\">\n<p><span lang=\"EN-US\">3</span></p>\n</td>\n<td valign=\"top\" width=\"312\">\n<p>客户往来邮件<span lang=\"EN-US\"><br /></span>客户往来邮件<span lang=\"EN-US\"><br /></span>客户某个邮箱往来邮件</p>\n</td>\n<td valign=\"top\" width=\"184\">\n<p>&nbsp;</p>\n</td>\n</tr>\n<tr>\n<td valign=\"top\" width=\"56\">\n<p><span lang=\"EN-US\">4</span></p>\n</td>\n<td valign=\"top\" width=\"312\">\n<p>新邮件创建客户</p>\n</td>\n<td valign=\"top\" width=\"184\">\n<p>&nbsp;</p>\n</td>\n</tr>\n</tbody>\n</table>\n<p><span lang=\"EN-US\">&nbsp;</span></p>\n<p>客户资料端</p>\n<table border=\"1\" cellspacing=\"0\" cellpadding=\"0\">\n<tbody>\n<tr>\n<td valign=\"top\" width=\"36\">\n<p>序号</p>\n</td>\n<td valign=\"top\" width=\"117\">\n<p>功能</p>\n</td>\n<td valign=\"top\" width=\"400\">\n<p>备注</p>\n</td>\n</tr>\n<tr>\n<td valign=\"top\" width=\"36\">\n<p><span lang=\"EN-US\">1</span></p>\n</td>\n<td valign=\"top\" width=\"117\">\n<p>客户资料关联往来邮件</p>\n</td>\n<td valign=\"top\" width=\"400\">\n<p>&nbsp;</p>\n</td>\n</tr>\n<tr>\n<td valign=\"top\" width=\"36\">\n<p><span lang=\"EN-US\">2</span></p>\n</td>\n<td valign=\"top\" width=\"117\">\n<p>邮件地址出发动作（最好）</p>\n</td>\n<td valign=\"top\" width=\"400\">\n<p>&nbsp;</p>\n</td>\n</tr>\n</tbody>\n</table>\n<p><span lang=\"EN-US\">&nbsp;</span></p>\n<p><span lang=\"EN-US\">&nbsp;</span></p>', '', '', '', '', '', '_self', 224, 0, 0, 1499959658, 1589262730),
(74, 2, '测试B', 'careyshop.oruei.com/uploads/files/20191206/47a84479bcfa0c379cc40a37febb4f9a.png?type=careyshop', '<p><strong> <img src=\"../api/v1/storage/method/get.storage.thumb/code/inside_content?url=aliyun.oss.careyshop.cn/uploads/files/20190511/c14c58fe-e725-4ccb-8280-e6bc59e407ff.jpg?type=aliyun\" alt=\"\" />@ClouderSky </strong> commented on this pull request.</p>\n<hr />\n<p>In <a href=\"https://github.com/overtrue/wechat/pull/1457#discussion_r249626156\" target=\"_blank\" rel=\"noopener\"> src/Payment/Sharing/Client.php </a> :</p>\n<pre style=\"color: #555;\">&gt; +     */\n\n+    public function multiSharing(\n\n+        string $transactionId,\n\n+        string $outOrderNo,\n\n+        array $receivers\n\n+    ) {\n\n+        $params = [\n\n+            \'appid\' =&gt; $this-&gt;app[\'config\']-&gt;app_id,\n\n+            \'transaction_id\' =&gt; $transactionId,\n\n+            \'out_order_no\' =&gt; $outOrderNo,\n\n+            \'receivers\' =&gt; json_encode(\n\n+                $receivers, JSON_UNESCAPED_UNICODE\n\n+            ),\n\n+        ];\n\n+\n\n+        return $this-&gt;safeRequest(\n\n</pre>\n<p>具体可参考 <a href=\"https://pay.weixin.qq.com/wiki/doc/api/allocation_sl.php?chapter=25_6&amp;index=2\" target=\"_blank\" rel=\"nofollow noopener\"> 文档 </a> 。</p>\n<p>按照个人的理解：</p>\n<ul>\n<li>\n<p>单次分账的含义是对一笔支付进行一次性的分账操作，所有该次分账未声明去处的资金都在该次分账中被认为是归入收款主体账户的，于是分账结束后所有资金都被处理完成。</p>\n</li>\n<li>\n<p>多次分账是指一次分账操作后，剩余未分配资金仍然保持未分配状态，等待下一个分账指令处理或者通过markOrderAsFinished操作一次性归入收款主体账户。</p>\n</li>\n</ul>\n<p style=\"font-size: small; -webkit-text-size-adjust: none; color: #666;\">&mdash; <br />You are receiving this because you are subscribed to this thread. <br />Reply to this email directly, <a href=\"https://github.com/overtrue/wechat/pull/1457#discussion_r249626156\" target=\"_blank\" rel=\"noopener\"> view it on GitHub </a> , or <a href=\"https://github.com/notifications/unsubscribe-auth/AclPcFh6qlZ4itE1KK4KMG2L1mZ3xcySks5vFnsPgaJpZM4aKL-7\" target=\"_blank\" rel=\"noopener\"> mute the thread </a> . <img style=\"display: none !important;\" hidden=\"\" src=\"https://github.com/notifications/beacon/AclPcIqq4UUIR3SIt0mEYzzrq2aM7MCUks5vFnsPgaJpZM4aKL-7.gif\" alt=\"\" width=\"1\" height=\"1\" /></p>', '', '', '', '', 'http://www.baidu.com', '_self', 105, 1, 1, 1499959763, 1575642594),
(83, 29, '标题', '', '内容11', '百度', 'http://www.baidu.com', '', '', '', '_self', 0, 0, 1, 1482677507, 1482677507),
(101, 29, '标题', '', '内容11', '百度', 'http://www.baidu.com', '', '', '', '_self', 0, 0, 1, 1482677507, 1482677507),
(119, 29, '标题', '', '内容11', '百度', 'http://www.baidu.com', '', '', '', '_self', 0, 0, 1, 1482677507, 1482677507),
(137, 29, '标题', '', '内容11', '百度', 'http://www.baidu.com', '', '', '', '_self', 0, 0, 1, 1482677507, 1482677507),
(155, 29, '标题', '', '内容11', '百度', 'http://www.baidu.com', '', '', '', '_self', 0, 0, 1, 1482677507, 1482677507),
(173, 29, '标题', '', '内容11', '百度', 'http://www.baidu.com', '', '', '', '_self', 0, 0, 1, 1482677507, 1482677507),
(191, 29, '标题', '', '内容11', '百度', 'http://www.baidu.com', '', '', '', '_self', 0, 0, 1, 1482677507, 1482677507),
(209, 29, '标题', '', '内容11', '百度', 'http://www.baidu.com', '', '', '', '_self', 0, 0, 1, 1482677507, 1482677507),
(227, 29, '标题', '', '内容11', '百度', 'http://www.baidu.com', '', '', '', '_self', 0, 0, 1, 1482677507, 1482677507),
(245, 29, '标题', '', '内容11', '百度', 'http://www.baidu.com', '', '', '', '_self', 0, 0, 1, 1482677507, 1482677507),
(263, 29, '标题', '', '内容11', '百度', 'http://www.baidu.com', '', '', '', '_self', 0, 0, 1, 1482677507, 1482677507);

DROP TABLE IF EXISTS `donkey_article_cat`;
CREATE TABLE `donkey_article_cat` (
  `article_cat_id` smallint(5) UNSIGNED NOT NULL,
  `parent_id` smallint(5) UNSIGNED NOT NULL DEFAULT '0' COMMENT '父id',
  `cat_name` varchar(100) COLLATE utf8mb4_unicode_ci NOT NULL COMMENT '分类名称',
  `cat_type` tinyint(3) NOT NULL DEFAULT '0' COMMENT '类型(自定义)',
  `keywords` varchar(255) COLLATE utf8mb4_unicode_ci NOT NULL DEFAULT '' COMMENT '关键词',
  `description` varchar(255) COLLATE utf8mb4_unicode_ci NOT NULL DEFAULT '' COMMENT '分类描述',
  `sort` tinyint(3) UNSIGNED NOT NULL DEFAULT '50' COMMENT '排序',
  `is_navi` tinyint(1) NOT NULL DEFAULT '0' COMMENT '导航 0=否 1=是'
) ENGINE=InnoDB DEFAULT CHARSET=utf8mb4 COLLATE=utf8mb4_unicode_ci COMMENT='文章分类';

INSERT INTO `donkey_article_cat` (`article_cat_id`, `parent_id`, `cat_name`, `cat_type`, `keywords`, `description`, `sort`, `is_navi`) VALUES
(1, 0, '物流配送', 0, '', '', 50, 1),
(2, 1, '配送查询', 0, '', '', 50, 1),
(3, 1, '配送服务', 0, '', '', 50, 1),
(4, 1, '配送费用', 0, '', '', 50, 1),
(5, 1, '配送时效', 0, '', '', 50, 1),
(6, 1, '签收与验货', 0, '', '', 50, 1),
(7, 0, '支付与账户', 0, '', '', 50, 1),
(8, 7, '货到付款', 0, '', '', 50, 1),
(9, 7, '在线支付', 0, '', '', 50, 1),
(10, 7, '分期付款', 0, '', '', 50, 1),
(11, 7, '门店支付', 0, '', '', 50, 1),
(12, 7, '发票制度', 0, '', '', 50, 1),
(13, 0, '售后服务', 0, '', '', 50, 1),
(14, 13, '退换货服务', 0, '', '', 50, 1),
(15, 13, '退款说明', 0, '', '', 50, 1),
(16, 13, '专业维修', 0, '', '', 50, 1),
(17, 13, '延保服务', 0, '', '', 50, 1),
(18, 13, '家电回收', 0, '', '', 50, 1),
(19, 0, '会员专区', 0, '', '', 50, 1),
(20, 19, '会员介绍', 0, '', '', 50, 1),
(21, 19, '优惠券说明', 0, '', '', 50, 1),
(22, 19, '商品评价', 0, '', '', 50, 1),
(23, 0, '购物帮助', 0, '', '', 50, 1),
(24, 23, '购物保障', 0, '', '', 50, 1),
(25, 23, '购物流程', 0, '', '', 50, 1),
(26, 23, '促销优惠', 0, '', '', 50, 1),
(27, 23, '焦点问题', 0, '', '', 50, 1),
(28, 23, '联系我们', 0, '', '', 50, 1);

DROP TABLE IF EXISTS `donkey_ask`;
CREATE TABLE `donkey_ask` (
  `ask_id` int(11) UNSIGNED NOT NULL,
  `parent_id` int(11) UNSIGNED NOT NULL DEFAULT '0' COMMENT '父id',
  `user_id` int(11) UNSIGNED NOT NULL COMMENT '对应user表',
  `ask_type` tinyint(1) NOT NULL DEFAULT '0' COMMENT '0=咨询 1=售后 2=投诉 3=求购',
  `type` tinyint(1) NOT NULL DEFAULT '0' COMMENT '0=主题 1=提问 2=回答',
  `title` varchar(120) COLLATE utf8mb4_unicode_ci NOT NULL DEFAULT '' COMMENT '主题',
  `ask` varchar(200) COLLATE utf8mb4_unicode_ci NOT NULL DEFAULT '' COMMENT '提问内容',
  `answer` varchar(200) COLLATE utf8mb4_unicode_ci NOT NULL DEFAULT '' COMMENT '回答内容',
  `status` tinyint(1) NOT NULL DEFAULT '0' COMMENT '0=待回答 1=已回答',
  `is_delete` tinyint(1) NOT NULL DEFAULT '0' COMMENT '0=未删 1=已删',
  `create_time` int(11) NOT NULL DEFAULT '0' COMMENT '创建日期'
) ENGINE=InnoDB DEFAULT CHARSET=utf8mb4 COLLATE=utf8mb4_unicode_ci COMMENT='咨询问答';

INSERT INTO `donkey_ask` (`ask_id`, `parent_id`, `user_id`, `ask_type`, `type`, `title`, `ask`, `answer`, `status`, `is_delete`, `create_time`) VALUES
(1, 0, 1, 0, 0, '咨询问答', '', '', 1, 0, 1561966946),
(2, 1, 1, 0, 1, '', '咨询问答内容', '', 0, 0, 1561966946),
(3, 0, 1, 0, 0, '咨询问答', '', '', 1, 0, 1561966957),
(4, 3, 1, 0, 1, '', '咨询问答内容', '', 0, 0, 1561966957),
(5, 0, 1, 0, 0, '咨询问答', '', '', 1, 0, 1561966963),
(6, 5, 1, 0, 1, '', '咨询问答内容', '', 0, 0, 1561966963),
(7, 0, 1, 0, 0, '咨询问答', '', '', 1, 0, 1561966963),
(8, 7, 1, 0, 1, '', '咨询问答内容', '', 0, 0, 1561966963),
(9, 0, 1, 0, 0, '咨询问答', '', '', 0, 0, 1561966963),
(10, 9, 1, 0, 1, '', '咨询问答内容', '', 0, 0, 1561966963),
(11, 0, 1, 0, 0, '咨询问答', '', '', 0, 0, 1561966963),
(12, 11, 1, 0, 1, '', '咨询问答内容', '', 0, 0, 1561966963),
(13, 0, 1, 0, 0, '咨询问答', '', '', 0, 0, 1561966964),
(14, 13, 1, 0, 1, '', '咨询问答内容', '', 0, 0, 1561966964),
(15, 0, 1, 0, 0, '咨询问答', '', '', 0, 0, 1561966964),
(16, 15, 1, 0, 1, '', '咨询问答内容', '', 0, 0, 1561966964),
(17, 0, 1, 0, 0, '咨询问答', '', '', 0, 0, 1561966964),
(18, 17, 1, 0, 1, '', '咨询问答内容', '', 0, 0, 1561966964),
(19, 0, 1, 0, 0, '咨询问答', '', '', 0, 0, 1561966964),
(20, 19, 1, 0, 1, '', '咨询问答内容', '', 0, 0, 1561966964),
(21, 0, 1, 0, 0, '咨询问答', '', '', 0, 0, 1561966964),
(22, 21, 1, 0, 1, '', '咨询问答内容', '', 0, 0, 1561966964),
(23, 0, 1, 0, 0, '咨询问答', '', '', 0, 0, 1561966964),
(24, 23, 1, 0, 1, '', '咨询问答内容', '', 0, 0, 1561966964),
(25, 0, 1, 0, 0, '咨询问答', '', '', 0, 0, 1561966965),
(26, 25, 1, 0, 1, '', '咨询问答内容', '', 0, 0, 1561966965),
(27, 0, 1, 0, 0, '咨询问答', '', '', 0, 0, 1561966965),
(28, 27, 1, 0, 1, '', '咨询问答内容', '', 0, 0, 1561966965),
(29, 0, 1, 0, 0, '咨询问答', '', '', 0, 0, 1561966965),
(30, 29, 1, 0, 1, '', '咨询问答内容', '', 0, 0, 1561966965),
(31, 0, 1, 0, 0, '咨询问答', '', '', 0, 0, 1561966966),
(32, 31, 1, 0, 1, '', '咨询问答内容', '', 0, 0, 1561966966),
(33, 0, 1, 0, 0, '咨询问答', '', '', 0, 0, 1561966966),
(34, 33, 1, 0, 1, '', '咨询问答内容', '', 0, 0, 1561966966),
(35, 0, 1, 0, 0, '咨询问答', '', '', 0, 0, 1561966966),
(36, 35, 1, 0, 1, '', '咨询问答内容', '', 0, 0, 1561966966),
(37, 0, 1, 0, 0, '咨询问答', '', '', 0, 0, 1561966966),
(38, 37, 1, 0, 1, '', '咨询问答内容', '', 0, 0, 1561966966),
(39, 0, 1, 0, 0, '咨询问答', '', '', 0, 0, 1561966966),
(40, 39, 1, 0, 1, '', '咨询问答内容', '', 0, 0, 1561966966),
(41, 0, 1, 0, 0, '咨询问答', '', '', 0, 0, 1561966973),
(42, 41, 1, 0, 1, '', '咨询问答内容', '', 0, 0, 1561966973),
(43, 0, 1, 0, 0, '咨询问答', '', '', 0, 0, 1561966973),
(44, 43, 1, 0, 1, '', '咨询问答内容', '', 0, 0, 1561966973),
(45, 0, 1, 0, 0, '咨询问答', '', '', 0, 0, 1561966973),
(46, 45, 1, 0, 1, '', '咨询问答内容', '', 0, 0, 1561966973),
(47, 0, 1, 0, 0, '咨询问答', '', '', 0, 0, 1561966974),
(48, 47, 1, 0, 1, '', '咨询问答内容', '', 0, 0, 1561966974),
(49, 0, 1, 0, 0, '咨询问答', '', '', 0, 0, 1561966974),
(50, 49, 1, 0, 1, '', '咨询问答内容', '', 0, 0, 1561966974),
(51, 0, 1, 0, 0, '咨询问答', '', '', 0, 0, 1561966974),
(52, 51, 1, 0, 1, '', '咨询问答内容', '', 0, 0, 1561966974),
(53, 0, 1, 0, 0, '咨询问答', '', '', 0, 0, 1561966976),
(54, 53, 1, 0, 1, '', '咨询问答内容', '', 0, 0, 1561966976),
(55, 0, 1, 0, 0, '咨询问答', '', '', 0, 0, 1561966977),
(56, 55, 1, 0, 1, '', '咨询问答内容', '', 0, 0, 1561966977),
(57, 0, 1, 0, 0, '咨询问答', '', '', 0, 0, 1561966977),
(58, 57, 1, 0, 1, '', '咨询问答内容', '', 0, 0, 1561966977),
(59, 0, 1, 0, 0, '咨询问答', '', '', 0, 0, 1561966977),
(60, 59, 1, 0, 1, '', '咨询问答内容', '', 0, 0, 1561966977),
(61, 0, 1, 0, 0, '咨询问答', '', '', 1, 0, 1561966977),
(62, 61, 1, 0, 1, '', '咨询问答内容', '', 0, 0, 1561966977),
(63, 0, 1, 0, 0, '咨询问答', '', '', 0, 0, 1561966977),
(64, 63, 1, 0, 1, '', '咨询问答内容', '', 0, 0, 1561966977),
(65, 0, 1, 0, 0, '咨询问答', '', '', 0, 0, 1561966978),
(66, 65, 1, 0, 1, '', '咨询问答内容', '', 0, 0, 1561966978),
(67, 0, 1, 0, 0, '咨询问答', '', '', 0, 0, 1561966978),
(68, 67, 1, 0, 1, '', '咨询问答内容', '', 0, 0, 1561966978),
(69, 0, 1, 0, 0, '咨询问答', '', '', 0, 0, 1561966978),
(70, 69, 1, 0, 1, '', '咨询问答内容', '', 0, 0, 1561966978),
(71, 0, 1, 0, 0, '咨询问答', '', '', 0, 0, 1561966979),
(72, 71, 1, 0, 1, '', '咨询问答内容', '', 0, 0, 1561966979),
(73, 0, 1, 0, 0, '咨询问答', '', '', 0, 0, 1561966979),
(74, 73, 1, 0, 1, '', '咨询问答内容', '', 0, 0, 1561966979),
(75, 0, 1, 0, 0, '咨询问答', '', '', 0, 0, 1561966979),
(76, 75, 1, 0, 1, '', '咨询问答内容', '', 0, 0, 1561966979),
(77, 0, 1, 0, 0, '咨询问答', '', '', 0, 0, 1561966980),
(78, 77, 1, 0, 1, '', '咨询问答内容', '', 0, 0, 1561966980),
(79, 0, 1, 0, 0, '咨询问答', '', '', 0, 0, 1561966980),
(80, 79, 1, 0, 1, '', '咨询问答内容', '', 0, 0, 1561966980),
(81, 0, 1, 0, 0, '咨询问答', '', '', 0, 0, 1561966980),
(82, 81, 1, 0, 1, '', '咨询问答内容', '', 0, 0, 1561966980),
(83, 0, 1, 0, 0, '咨询问答', '', '', 0, 0, 1561966980),
(84, 83, 1, 0, 1, '', '咨询问答内容', '', 0, 0, 1561966980),
(85, 0, 1, 0, 0, '咨询问答', '', '', 0, 0, 1561966981),
(86, 85, 1, 0, 1, '', '咨询问答内容', '', 0, 0, 1561966981),
(87, 0, 1, 0, 0, '咨询问答', '', '', 0, 0, 1561966981),
(88, 87, 1, 0, 1, '', '咨询问答内容', '', 0, 0, 1561966981),
(89, 0, 1, 0, 0, '咨询问答', '', '', 0, 0, 1561966981),
(90, 89, 1, 0, 1, '', '咨询问答内容', '', 0, 0, 1561966981),
(91, 0, 1, 0, 0, '咨询问答', '', '', 0, 0, 1561966988),
(92, 91, 1, 0, 1, '', '咨询问答内容', '', 0, 0, 1561966988),
(93, 0, 1, 0, 0, '咨询问答', '', '', 0, 0, 1561966988),
(94, 93, 1, 0, 1, '', '咨询问答内容', '', 0, 0, 1561966988),
(95, 0, 1, 0, 0, '咨询问答', '', '', 0, 0, 1561966988),
(96, 95, 1, 0, 1, '', '咨询问答内容', '', 0, 0, 1561966988),
(97, 0, 1, 0, 0, '咨询问答', '', '', 1, 0, 1561966988),
(98, 97, 1, 0, 1, '', '咨询问答内容', '', 0, 0, 1561966988),
(99, 0, 1, 0, 0, '咨询问答', '', '', 1, 0, 1561966988),
(100, 99, 1, 0, 1, '', '咨询问答内容', '', 0, 0, 1561966988),
(101, 0, 1, 0, 0, '咨询问答', '', '', 1, 0, 1561966989),
(102, 101, 1, 0, 1, '', '咨询问答内容', '', 0, 0, 1561966989),
(103, 0, 1, 0, 0, '咨询问答', '', '', 1, 0, 1561966989),
(104, 103, 1, 0, 1, '', '咨询问答内容', '', 0, 0, 1561966989),
(105, 0, 1, 0, 0, '咨询问答', '', '', 1, 1, 1561966989),
(106, 105, 1, 0, 1, '', '咨询问答内容', '', 0, 1, 1561966989),
(107, 0, 1, 0, 0, '咨询问答5', '', '', 1, 1, 1561966989),
(108, 107, 1, 0, 1, '', '咨询问答内容', '', 0, 1, 1561966989),
(109, 0, 1, 0, 0, '咨询问答4', '', '', 1, 1, 1561966990),
(110, 109, 1, 0, 1, '', '咨询问答内容', '', 0, 1, 1561966990),
(111, 0, 1, 0, 0, '咨询问答3', '', '', 0, 1, 1561966990),
(112, 111, 1, 0, 1, '', '咨询问答内容', '', 0, 1, 1561966990),
(113, 0, 1, 0, 0, '咨询问答2', '', '', 1, 1, 1561966990),
(114, 113, 1, 0, 1, '', '咨询问答内容', '', 0, 1, 1561966990),
(115, 0, 1, 0, 0, '咨询问答1', '', '', 1, 1, 1561966991),
(116, 115, 1, 0, 1, '', '咨询问答内容', '', 0, 1, 1561966991),
(117, 0, 72, 0, 0, '新买了ecs 网络选成了专有网络，想换回经典网络', '', '', 0, 0, 1561966992),
(118, 117, 1, 0, 1, '', '咨询问答内容', '', 0, 0, 1561966992),
(119, 0, 71, 0, 0, '由于服务器需要发送邮件,而邮件服务器只开通了25端口', '', '', 1, 0, 1561966992),
(120, 119, 1, 0, 1, '', '咨询问答内容', '', 0, 0, 1561966992),
(121, 119, 1, 0, 1, '', '可以继续提问', '', 0, 0, 1561966992),
(122, 119, 1, 0, 2, '', '', '售后人员回答问题', 0, 0, 1561966992),
(123, 119, 1, 0, 2, '', '', '可以回答多条问题', 0, 0, 1561966992),
(124, 119, 1, 0, 1, '', '获得回答后可继续提问', '', 0, 0, 1561966992),
(125, 119, 1, 0, 2, '', '', '售后人员继续回答问题,直到没有新的提问(需要添加可关闭)', 0, 0, 1561966992),
(142, 99, 1, 0, 2, '', '', '时间似乎不对', 0, 0, 1561966988),
(143, 99, 1, 0, 2, '', '', '存在于第二个回复', 0, 0, 1561966988),
(144, 99, 1, 0, 2, '', '', '第三个回复', 0, 0, 1561966988),
(145, 99, 1, 0, 2, '', '', '继续回复', 0, 0, 1561966988),
(147, 99, 1, 0, 1, '', '测试', '', 0, 0, 1561966988),
(148, 99, 1, 0, 1, '', '测试', '', 0, 0, 1561966988),
(149, 99, 1, 0, 1, '', '测试AAA', '', 0, 0, 1562120954),
(150, 99, 1, 0, 1, '', '测试AAA', '', 0, 0, 1562120961),
(151, 99, 1, 0, 2, '', '', '测试CCC', 0, 0, 1562120986),
(152, 99, 1, 0, 2, '', '', '测试CCC', 0, 0, 1562120989),
(153, 99, 1, 0, 2, '', '', '继续', 0, 0, 1562121342),
(154, 0, 84, 3, 0, '计算机的本质是什么？逻辑？数学？', '', '', 1, 0, 1562121522),
(155, 154, 1, 3, 1, '', '1946年，在美国的宾夕法尼亚大学诞生了第一台现代电子计算机ENIAC。虽然在今天看来ENIAC计算能力连手机，甚至是十几块钱的计算器都比不上，但它在当时却是相当强大。ENIAC的体积非常庞大，得好几个大房间才能放下它，耗电也相当恐怖，一开机全城家家户户电灯都要变暗。', '', 0, 0, 1562121522),
(156, 154, 1, 3, 1, '', '之所以称ENIAC是第一台现代计算机，是因为现代计算机理论的奠基人是图灵和冯诺依曼。这两个超级天才应该大家都听过，图灵提出了图灵机理论模型，而冯诺依曼设计确定了现代计算机的基础结构，他以数学语言阐述了计算机模型，将程序和数据都存在存储器中。', '', 0, 0, 1562121586),
(157, 154, 1, 3, 1, '', '实际上，计算机的发展并非一蹴而就。现代电子计算机属于狭义上的计算机，而广义上的计算机其实包括所有人类制造出来的计算设备，比如古代的算盘也属于计算机，只不过它是靠人力驱动的，再比如机械式计算机，使用机械齿轮来进行运算。', '', 0, 0, 1562121600),
(158, 154, 1, 3, 2, '', '', '在广义上，对于计算机我们更应该将其理解为一种思想。计算机其实是为了帮助人类将思想转化为代码仿真出来，这就要求我们需要先对思想进行解码工作。而在古代就已经有先贤在逻辑学和数学方面进行研究，其中最伟大的思想家就是柏拉图和亚里士多德，他们俩也互为师生关系。', 0, 0, 1562121630),
(159, 154, 1, 3, 2, '', '', '亚里士多德首次将哲学与科学分离，并在逻辑方面进行了研究，他认为逻辑是一切科学的基础，是形式逻辑学的创始人奠基人。他将人的思维和存在联系起来，然后根据实际阐明逻辑。亚里士多德在推理逻辑中提出了三段论：', 0, 0, 1562121643),
(160, 154, 1, 3, 2, '', '', '1.所有动物都会死所有人都是動物所以，所有人都會死\n2.所以，所有人都會死', 0, 0, 1562121729),
(161, 154, 1, 3, 2, '', '', '1\n2\n3\n4\n5', 0, 0, 1562133703),
(162, 1, 1, 0, 2, '', '', '666', 0, 0, 1562134619),
(163, 3, 1, 0, 2, '', '', '888', 0, 0, 1562134650),
(164, 3, 1, 0, 2, '', '', '999', 0, 0, 1562134654),
(165, 7, 1, 0, 2, '', '', '1', 0, 0, 1562134687),
(166, 5, 1, 0, 2, '', '', '2', 0, 0, 1562134689),
(167, 97, 1, 0, 2, '', '', 'ok', 0, 0, 1562134713),
(168, 154, 84, 3, 2, '', '', '远程登录端口 ： \n是否开启实例内部防火墙 ： 是\n其他操作情况说明 ： ', 0, 0, 1562134989),
(169, 61, 1, 0, 2, '', '', 'test', 0, 0, 1564197467);

DROP TABLE IF EXISTS `donkey_auth_group`;
CREATE TABLE `donkey_auth_group` (
  `group_id` mediumint(8) UNSIGNED NOT NULL,
  `name` varchar(32) COLLATE utf8mb4_unicode_ci NOT NULL COMMENT '名称',
  `description` varchar(255) COLLATE utf8mb4_unicode_ci NOT NULL DEFAULT '' COMMENT '描述',
  `module` varchar(16) COLLATE utf8mb4_unicode_ci NOT NULL COMMENT '所属模块',
  `system` tinyint(1) NOT NULL DEFAULT '0' COMMENT '系统保留',
  `sort` tinyint(3) UNSIGNED NOT NULL DEFAULT '50' COMMENT '排序',
  `status` tinyint(1) NOT NULL DEFAULT '1' COMMENT '0=禁用 1=启用'
) ENGINE=InnoDB DEFAULT CHARSET=utf8mb4 COLLATE=utf8mb4_unicode_ci COMMENT='用户组';

INSERT INTO `donkey_auth_group` (`group_id`, `name`, `description`, `module`, `system`, `sort`, `status`) VALUES
(1, '超级管理员', '系统保留，在后台拥有最高权限', 'admin', 1, 50, 1),
(2, '普通管理员', '系统保留，在后台拥有较高权限', 'admin', 1, 50, 1),
(3, '普通顾客', '系统保留，前台普通顾客组成员', 'home', 1, 50, 1),
(4, '游客', '前后台通用，无需授权即可访问接口(白名单)', 'api', 1, 50, 1),
(5, '运营', '用于后台登录，运营人员专用', 'admin', 0, 50, 1),
(6, '客服', '用于后台登录，客服人员专用', 'admin', 0, 50, 1),
(7, '售后', '用于后台登录，售后人员专用', 'admin', 0, 50, 1),
(8, '财务', '用于后台登录，财务人员专用', 'admin', 0, 50, 1),
(9, '库管', '用于后台登录，仓库人员专用', 'admin', 0, 50, 1);

DROP TABLE IF EXISTS `donkey_auth_rule`;
CREATE TABLE `donkey_auth_rule` (
  `rule_id` mediumint(8) UNSIGNED NOT NULL,
  `module` varchar(16) COLLATE utf8mb4_unicode_ci NOT NULL COMMENT '所属模块',
  `group_id` mediumint(8) UNSIGNED NOT NULL COMMENT '用户组Id',
  `name` varchar(32) COLLATE utf8mb4_unicode_ci NOT NULL COMMENT '规则名称',
  `menu_auth` text COLLATE utf8mb4_unicode_ci NOT NULL COMMENT '菜单权限',
  `log_auth` text COLLATE utf8mb4_unicode_ci NOT NULL COMMENT '记录权限',
  `sort` tinyint(3) UNSIGNED NOT NULL DEFAULT '50' COMMENT '排序',
  `status` tinyint(1) NOT NULL DEFAULT '1' COMMENT '0=禁用 1=启用'
) ENGINE=InnoDB DEFAULT CHARSET=utf8mb4 COLLATE=utf8mb4_unicode_ci COMMENT='权限规则';

INSERT INTO `donkey_auth_rule` (`rule_id`, `module`, `group_id`, `name`, `menu_auth`, `log_auth`, `sort`, `status`) VALUES
(1, 'api', 1, '超级管理员', '[2,3,4,5,6,7,8,9,10,11,1049,12,14,465,466,467,468,469,840,470,993,489,490,483,484,485,486,487,488,476,477,478,479,480,481,482,71,72,73,74,75,76,77,78,620,79,80,81,82,83,84,85,86,621,286,287,288,289,290,291,292,293,294,295,627,498,499,502,503,504,505,506,507,508,509,510,511,512,48,49,50,53,54,56,57,58,62,63,619,445,446,447,450,66,67,69,70,24,25,26,27,28,29,30,614,16,17,18,19,20,21,22,615,618,397,398,399,403,630,174,175,176,177,178,179,777,181,151,152,153,154,155,158,159,160,623,161,162,163,164,165,166,169,171,172,774,168,233,234,235,236,240,241,242,626,88,89,90,91,92,96,622,267,268,269,270,271,272,273,274,219,220,223,224,225,226,908,229,230,231,625,415,416,417,907,962,420,421,631,246,247,250,251,252,265,266,258,259,260,261,262,199,200,201,203,204,205,206,207,208,212,215,217,131,132,133,134,968,135,136,137,141,142,144,145,146,147,183,184,185,186,187,188,386,387,388,389,390,391,97,98,99,100,101,102,103,106,107,110,332,333,334,335,336,337,338,343,344,345,346,347,1054,348,349,350,353,354,355,360,361,362,363,366,367,368,370,371,372,373,374,375,376,377,379,380,629,383,384,451,452,437,438,439,442,443,632,723,724,725,726,727,191,192,193,194,196,197,624,283,284,454,455,456,457,459,634,635,636,638,639,640,423,424,426,429,430,431,432,435,664,665,320,321,322,323,324,325,326,327,328,329,297,298,299,300,301,302,303,304,305,306,307,308,309,310,32,33,34,35,36,37,38,39,1010,41,42,43,44,45,312,313,314,315,317,318,319,628,405,406,407,408,409,410,411,412,413,575,576,577,658,659,661,662,1088,1,460,475,1089,285,1090,497,1091,47,55,444,64,1093,23,15,1094,396,173,150,167,1095,232,87,218,414,243,263,256,198,1096,130,139,182,385,104,1097,330,351,1098,369,381,436,1099,393,190,281,1100,453,633,422,1101,1102,31,40,311,657]', '[4,5,6,7,8,9,465,466,467,468,486,487,488,478,479,480,72,73,75,77,80,82,83,85,286,288,289,293,295,502,503,504,507,508,509,131,132,135,136,137,141,142,145,146,147,183,184,186,187,386,387,389,390,98,99,101,102,106,107,332,370,376,377,32,33,36,38,39,1010,41,42,44,407,408,409,410,411,412,413,1088,1,460,483,475,1089,71,79,285,1090,497,506,1096,130,139,182,385,97,104,1097,330,1098,369,1102,31,40,405]', 50, 1),
(2, 'api', 2, '普通管理员', '[2,3,4,5,6,7,8,9,10,11,1049,12,14,465,466,467,468,469,840,470,993,489,490,483,484,485,486,487,488,476,477,478,479,480,481,482,74,76,81,84,287,290,291,292,498,499,502,503,504,505,506,507,508,509,510,511,512,48,49,50,53,54,56,57,58,62,63,619,445,446,447,450,66,67,69,70,24,25,26,27,28,29,30,614,16,17,18,19,20,21,22,615,618,174,175,176,177,178,179,777,181,151,152,153,154,155,158,159,160,623,161,162,163,164,165,166,169,171,172,774,168,233,234,235,236,240,241,242,626,88,89,90,91,92,96,622,267,268,269,270,271,272,273,274,219,220,223,224,225,226,908,229,230,231,625,415,416,417,907,962,420,421,631,246,247,250,251,252,265,266,258,259,260,261,262,199,200,201,203,204,205,206,207,208,212,215,217,131,132,133,134,968,135,136,137,141,142,144,145,146,147,183,184,185,186,187,188,386,387,388,389,390,391,97,98,99,100,101,102,103,106,107,110,332,333,334,335,336,337,338,343,344,345,346,347,1054,348,349,350,353,354,355,360,361,362,363,366,367,368,372,377,383,384,451,452,437,438,439,442,443,632,723,724,725,726,727,191,192,193,194,196,197,624,454,455,456,457,459,634,635,636,638,639,640,423,424,426,429,430,431,432,435,664,665,297,298,299,300,301,302,303,304,305,306,307,308,309,310,312,313,314,315,317,318,319,628,406,409,410,411,413,575,576,577,658,659,661,662,1088,1,460,475,1089,71,79,285,1090,497,1091,47,55,444,64,1093,23,15,1094,173,150,167,1095,232,87,218,414,243,263,256,198,1096,130,139,182,385,104,1097,330,351,1098,369,381,436,1099,393,190,1100,453,633,422,1101,1102,311,405,657]', '[4,5,6,7,8,9,465,466,467,468,478,479,480,502,503,504,507,508,509,131,132,135,136,137,141,142,145,146,147,183,184,186,187,386,387,389,390,98,99,101,102,106,107,332,334,377,409,410,411,413,1088,1,460,475,1090,497,506,1096,130,139,182,385,97,104,1097,330,1098,369,1102,405]', 50, 1),
(3, 'api', 3, '普通顾客', '[465,467,469,840,471,473,489,490,476,477,478,479,480,481,482,291,292,498,499,500,501,505,506,507,508,509,510,511,512,65,66,68,69,70,777,171,172,774,907,244,245,248,264,266,257,261,262,143,144,145,146,148,149,105,108,109,110,111,112,114,116,117,118,119,120,121,122,331,335,336,337,338,339,340,343,346,347,1054,348,349,350,352,354,355,356,357,358,359,360,364,365,367,372,379,380,381,382,383,384,451,452,124,125,126,127,128,129,275,276,277,278,279,280,455,456,457,304,305,306,307,308,309,310,1088,460,475,1089,285,1090,497,64,1094,173,167,1095,414,243,263,256,1096,139,104,1097,113,330,351,1098,369,1099,123,1100,453,1101,297]', '[467,500,507,508,105,109,1088,460,1090,497,506,1096,104]', 50, 1),
(4, 'api', 5, '运营', '[7,12,14,840,470,483,484,485,486,487,488,476,76,48,49,50,53,54,56,57,58,62,63,619,445,446,447,450,66,67,69,70,24,25,26,27,28,29,30,614,16,17,18,19,20,21,22,615,618,177,777,151,152,153,154,155,158,159,160,623,161,162,163,164,165,166,171,172,774,233,234,235,236,240,241,242,626,88,89,90,91,92,96,622,267,268,269,270,271,272,273,274,219,220,223,224,225,226,908,229,230,231,625,415,416,417,907,962,420,421,631,246,260,261,262,199,200,201,203,204,205,206,207,208,212,215,217,131,132,133,134,968,135,136,137,141,142,144,145,146,147,183,184,185,186,187,188,386,387,388,389,390,391,333,336,337,338,349,353,354,355,372,437,438,439,442,443,632,723,724,725,726,727,454,455,456,457,459,423,424,426,429,430,431,432,435,664,665,297,298,299,300,301,302,303,304,305,306,307,308,309,310,406,409,1088,1,460,475,1089,71,1091,47,55,444,64,1093,23,15,1094,173,150,167,1095,232,87,218,414,243,256,198,1096,130,139,182,385,1097,330,348,351,1098,369,436,1099,393,1100,453,422,1101,1102,405]', '[7,486,487,488,66,67,246,260,131,132,135,136,137,141,142,145,146,147,183,184,186,187,386,387,389,390,333,353,723,724,727,301,1088,1,483,64,1095,243,256,1096,130,139,182,385,1097,330,351,1099,393,1101,297]', 50, 1),
(5, 'api', 6, '客服', '[7,12,14,840,470,485,476,478,479,482,76,66,67,69,70,777,171,172,774,246,247,250,251,252,258,259,260,261,262,212,133,134,141,144,332,333,334,335,336,337,338,343,344,345,346,347,1054,372,304,305,306,307,308,309,310,406,1088,1,460,483,475,1089,71,64,1094,173,167,1095,243,256,198,1096,130,139,1097,330,1098,369,1101,297,1102,405]', '[7,478,479,66,67,246,247,250,251,252,258,259,260,141,332,333,334,335,343,344,345,346,1088,1,475,64,1095,243,256,1096,139,1097,330]', 50, 1),
(6, 'api', 7, '售后', '[7,12,840,470,485,476,76,777,171,172,774,246,247,250,251,252,212,333,336,337,338,349,353,354,355,361,362,363,366,367,368,372,304,305,306,307,308,309,310,406,1088,1,460,483,475,1089,71,1094,173,167,1095,243,198,1097,330,348,351,1098,369,1101,297,1102,405]', '[7,247,250,251,252,333,1088,1,1095,243,1097,330]', 50, 1),
(7, 'api', 8, '财务', '[7,12,14,840,470,489,490,485,76,498,499,502,503,504,511,97,98,99,100,101,102,103,106,107,110,348,349,350,372,377,384,451,452,304,305,306,307,308,309,310,1088,1,460,483,1089,71,1090,497,506,1096,104,1097,1098,369,381,1101,297]', '[7,502,503,504,98,99,101,102,106,107,377,1088,1,1090,497,1096,97,104,1098,369]', 50, 1),
(8, 'api', 9, '库管', '[7,12,14,470,485,76,777,171,172,774,212,333,334,336,337,338,344,345,353,354,355,366,368,372,304,305,306,307,308,309,310,406,1088,1,460,483,1089,71,1094,173,167,1095,198,1097,330,351,1098,369,1101,297,1102,405]', '[7,333,334,344,345,353,366,368,1088,1,1097,330,351]', 50, 1),
(9, 'api', 4, '游客', '[13,461,462,463,464,472,474,296,51,52,59,60,61,448,449,616,617,400,401,402,404,180,156,157,170,237,238,239,93,94,95,221,222,227,228,965,418,419,249,253,254,255,202,209,210,211,213,214,216,957,958,959,967,138,189,966,392,115,341,342,378,440,441,1103,394,395,1038,1039,1040,195,282,734,458,637,425,427,428,433,434,574,641,648,956,491,492,493,494,495,496,1011,1013,1012,46,1009,316,660,663,1088,1,460,1089,285,1091,47,55,444,1093,23,15,1094,396,173,150,167,1095,232,87,218,414,243,198,1096,130,182,385,1097,113,330,1098,369,436,1099,123,393,190,281,1100,453,633,422,1101,1102,31,40,311,657]', '[13,472,474,170,341,342,378,458,1088,1,460,1094,167,1097,330,1098,369,1100,453]', 50, 1),
(10, 'admin', 1, '超级管理员', '[513,534,535,536,679,1080,1104,514,871,872,960,873,940,941,948,947,952,949,942,944,945,946,950,954,955,1082,882,874,884,885,886,887,888,889,890,875,891,892,893,894,897,898,895,896,876,901,902,903,904,905,906,878,909,910,911,912,913,914,915,877,916,917,918,919,920,921,923,924,879,880,932,933,934,935,936,937,939,938,881,927,928,929,930,931,515,867,868,865,1055,1057,1058,1059,1063,1060,1061,1062,1064,1065,1066,1067,1068,1052,1053,866,1007,1008,869,870,1070,1071,1072,1073,1074,1075,1076,1077,1078,1079,1050,1051,516,854,857,858,969,970,971,972,973,974,859,975,976,977,978,979,980,855,860,992,994,995,996,997,998,999,1000,1001,861,1002,1003,1004,1005,856,862,981,982,983,984,987,985,986,864,988,991,989,990,517,819,812,813,828,829,830,831,832,833,834,835,836,846,847,848,849,837,841,842,843,844,845,838,839,1048,814,820,821,822,823,651,815,816,824,825,826,827,817,818,852,851,850,1041,1042,1043,1045,1047,1046,1044,1087,518,519,520,735,539,540,686,687,688,689,690,1085,566,680,681,682,683,684,685,563,564,600,601,602,603,604,605,565,606,607,608,609,610,612,613,559,963,561,592,578,579,580,583,584,585,586,1083,560,591,567,568,569,570,1014,964,562,593,594,595,596,598,599,1084,571,572,667,668,669,670,671,672,674,673,675,676,677,678,573,642,643,644,645,646,647,652,653,691,692,696,693,697,694,695,759,804,805,654,699,700,701,702,703,704,705,655,708,728,729,730,731,521,740,523,524,587,541,542,543,544,545,546,538,525,526,588,547,548,549,550,551,552,528,589,529,530,531,532,533,527,590,553,554,555,556,557,558,712,713,1023,1015,1016,1017,1018,1019,1020,1022,1024,1025,1026,1027,1028,1029,1030,1031,1032,1033,1034,1035,1036,1037,733,732,741,742,743,744,745,746,747,802,806,807,808,809,810,811,710,748,751,752,753,754,755,756,650,709,757,764,765,766,767,768,758,769,770,771,772,773,760,778,779,780,781,785,782,786,787,788,789,790,783,784,711,656,706,714,715,716,717,718,719,698,707,720,721,722,1086,522]', '[]', 50, 1),
(11, 'admin', 2, '普通管理员', '[679,1080,514,871,872,960,873,940,941,948,947,952,949,942,944,945,946,950,954,955,1082,882,874,884,885,886,887,888,889,890,875,891,892,893,894,897,898,895,896,876,901,902,903,904,905,906,878,909,910,911,912,913,914,915,877,916,917,918,919,920,921,923,924,879,880,932,933,934,935,936,937,939,938,881,927,928,929,930,931,515,867,868,865,1055,1057,1058,1059,1063,1060,1061,1062,1064,1065,1066,1067,1068,1052,1053,866,1007,1008,869,870,1070,1071,1072,1073,1074,1075,1076,1077,1078,1079,1050,1051,516,854,857,858,969,970,971,972,973,974,859,975,976,977,978,979,980,855,860,992,994,995,996,997,998,999,1000,1001,861,1002,1003,1004,1005,856,862,981,982,983,984,987,985,986,864,988,991,989,990,517,819,812,813,828,829,830,831,832,833,834,835,836,846,847,848,849,837,841,842,843,844,845,838,839,1048,814,820,821,822,823,651,815,816,824,825,826,827,817,818,852,851,850,1041,1042,1043,1045,1047,1046,1044,518,519,520,735,539,540,686,687,688,689,690,1085,566,680,681,682,683,684,685,563,564,600,601,602,603,604,605,565,606,607,608,609,610,612,613,559,963,561,592,578,579,580,583,584,585,586,1083,560,591,567,568,569,570,1014,964,562,593,594,595,596,598,599,1084,571,572,667,668,669,670,671,672,674,673,675,676,677,678,573,642,643,644,645,646,647,652,653,691,692,696,693,697,694,695,759,804,805,654,699,700,701,702,703,704,705,655,708,728,729,730,731,740,523,524,587,541,542,543,544,545,546,538,588,589,590,1024,1026,1028,1029,1030,1031,1034,732,741,742,743,744,745,746,747,751,650,764,758,769,770,771,772,773,760,778,779,780,781,785,782,786,787,788,789,790,783,784,1086,522,513,534,521,525,526,528,527,712,713,1022,1033,710,748,709,757,711]', '[]', 50, 1),
(12, 'admin', 5, '运营', '[679,871,872,960,873,940,941,948,947,952,949,942,944,945,946,950,954,955,1082,882,874,884,885,886,887,888,889,890,875,891,892,893,894,897,898,895,896,876,901,902,903,904,905,906,878,909,910,911,912,913,914,915,877,916,917,918,919,920,921,923,924,932,938,927,931,867,1055,1057,1064,1068,1070,1078,1079,1050,1051,854,857,858,969,970,971,972,973,974,859,975,976,977,978,979,980,855,860,992,994,995,996,997,998,999,1000,1001,861,1002,1003,1004,1005,819,828,841,814,820,821,822,823,817,818,852,851,850,518,735,539,540,686,687,688,689,690,1085,566,680,681,682,683,684,685,563,564,600,601,602,603,604,605,565,606,607,608,609,610,612,613,559,963,561,592,578,579,580,583,584,585,586,1083,560,591,567,568,569,570,1014,964,562,593,594,595,596,598,599,1084,572,667,668,669,670,671,672,674,673,675,676,677,678,653,691,692,696,693,697,694,695,759,804,805,655,708,728,729,730,731,740,1028,1029,1030,1031,760,778,779,780,781,785,782,786,787,788,789,790,783,784,1086,522,513,534,514,879,880,881,515,868,865,869,870,516,517,812,813,834,837,520,571,652,521,712,713,709,711]', '[]', 50, 1),
(13, 'admin', 6, '客服', '[679,871,940,1082,879,880,932,933,934,935,936,937,939,938,881,927,928,929,930,931,867,865,1055,1057,1058,1059,1063,1060,1061,1062,1064,1065,1066,1067,1068,854,992,997,1002,1003,819,828,841,842,843,817,818,852,851,850,735,540,686,687,688,689,690,1085,759,804,805,740,1086,522,513,534,514,872,873,515,868,516,855,860,861,517,812,813,834,837,520,539,652,521,711]', '[]', 50, 1),
(14, 'admin', 7, '售后', '[679,871,940,1082,880,932,933,934,935,936,937,939,938,867,1055,1057,1064,1068,869,870,1070,1071,1072,1073,1074,1075,1076,1077,1078,1079,1050,1051,819,828,841,735,540,686,687,688,689,690,1085,759,804,805,740,1086,522,513,534,514,872,873,879,515,868,865,517,812,813,834,837,520,539,652,521,711]', '[]', 50, 1),
(15, 'admin', 8, '财务', '[679,867,866,1007,1008,854,856,862,981,982,983,984,987,985,986,864,988,991,989,990,819,828,846,838,839,651,815,816,824,825,826,827,1041,1042,1043,1045,1047,1046,1044,735,540,686,687,688,689,690,1085,740,650,1086,522,513,534,515,868,516,517,812,813,834,836,520,539,521,710,711]', '[]', 50, 1),
(16, 'admin', 9, '库管', '[679,871,940,1082,867,1055,1057,1058,1059,1063,1062,1064,1068,1070,1075,1077,1078,1079,1051,819,828,735,540,686,687,688,689,690,1085,759,804,805,740,1086,522,513,534,514,872,873,515,868,865,869,870,517,812,813,520,539,652,521,711]', '[]', 50, 1),
(17, 'home', 3, '普通顾客', '[]', '[]', 50, 0);

DROP TABLE IF EXISTS `donkey_brand`;
CREATE TABLE `donkey_brand` (
  `brand_id` smallint(5) UNSIGNED NOT NULL,
  `goods_category_id` smallint(5) UNSIGNED NOT NULL DEFAULT '0' COMMENT '对应goods_category表',
  `name` varchar(50) COLLATE utf8mb4_unicode_ci NOT NULL COMMENT '品牌名称',
  `phonetic` varchar(10) COLLATE utf8mb4_unicode_ci NOT NULL DEFAULT '' COMMENT '品牌首拼',
  `description` varchar(100) COLLATE utf8mb4_unicode_ci NOT NULL DEFAULT '' COMMENT '品牌描述',
  `logo` varchar(512) COLLATE utf8mb4_unicode_ci NOT NULL DEFAULT '' COMMENT '品牌LOGO',
  `url` varchar(255) COLLATE utf8mb4_unicode_ci NOT NULL DEFAULT '' COMMENT '品牌url',
  `target` enum('_self','_blank') COLLATE utf8mb4_unicode_ci NOT NULL DEFAULT '_self' COMMENT '_self _blank',
  `sort` tinyint(3) UNSIGNED NOT NULL DEFAULT '50' COMMENT '排序',
  `status` tinyint(1) NOT NULL DEFAULT '1' COMMENT '0=禁用 1=启用'
) ENGINE=InnoDB DEFAULT CHARSET=utf8mb4 COLLATE=utf8mb4_unicode_ci COMMENT='商品品牌';

INSERT INTO `donkey_brand` (`brand_id`, `goods_category_id`, `name`, `phonetic`, `description`, `logo`, `url`, `target`, `sort`, `status`) VALUES
(2, 719, '雅培', 'yapei', '', '', '', '_self', 50, 1),
(4, 201, 'AOC', 'AOC', '', '', '', '_self', 50, 1),
(5, 182, '百度', 'baidu', '', '', 'http://www.baidu.com', '_self', 20, 0),
(6, 100, '腾讯', 'tengxun', '', '', '', '_self', 50, 1),
(7, 354, '阿里', 'ali', '', '', 'http://www.aliyun.com', '_self', 10, 0),
(16, 3, '大王', 'da wang', '', '', '', '_self', 50, 1),
(18, 1, '百雀羚', 'bql', '', '', '', '_self', 50, 0),
(28, 132, '大金', 'd', '', '', '', '_blank', 50, 1),
(29, 130, '海信', 'h', '', '', '', '_blank', 50, 1),
(30, 123, '华为', 'h', '', '', '', '_blank', 50, 1),
(31, 195, '华为', 'h', '', 'aliyun.oss.careyshop.cn/uploads/files/20191113/62b8f65b-dff3-4f32-8618-6c61fcf2e877.jpg?type=aliyun', '', '_blank', 50, 1),
(32, 12, '华为', 'huawei', '', 'aliyun.oss.careyshop.cn/uploads/files/20191112/e00bb1e0-b0d9-4aba-9f30-ca47db3741cf.png?type=aliyun', '', '_blank', 50, 1);

DROP TABLE IF EXISTS `donkey_card`;
CREATE TABLE `donkey_card` (
  `card_id` int(11) UNSIGNED NOT NULL,
  `name` varchar(50) COLLATE utf8mb4_unicode_ci NOT NULL COMMENT '卡名',
  `description` varchar(255) COLLATE utf8mb4_unicode_ci NOT NULL DEFAULT '' COMMENT '描述',
  `money` decimal(10,2) NOT NULL COMMENT '面额',
  `category` text COLLATE utf8mb4_unicode_ci NOT NULL COMMENT '限制商品分类',
  `exclude_category` text COLLATE utf8mb4_unicode_ci NOT NULL COMMENT '排除商品分类',
  `give_num` int(11) NOT NULL COMMENT '发放量',
  `active_num` int(11) NOT NULL DEFAULT '0' COMMENT '激活量',
  `create_time` int(11) NOT NULL DEFAULT '0' COMMENT '创建日期',
  `end_time` int(11) NOT NULL DEFAULT '0' COMMENT '截止日期(有效期)',
  `status` tinyint(1) NOT NULL DEFAULT '1' COMMENT '0=禁用 1=启用',
  `is_delete` tinyint(1) NOT NULL DEFAULT '0' COMMENT '0=未删 1=已删'
) ENGINE=InnoDB DEFAULT CHARSET=utf8mb4 COLLATE=utf8mb4_unicode_ci COMMENT='购物卡';

INSERT INTO `donkey_card` (`card_id`, `name`, `description`, `money`, `category`, `exclude_category`, `give_num`, `active_num`, `create_time`, `end_time`, `status`, `is_delete`) VALUES
(1, '实体购物卡', '', '100.00', '[]', '[]', 10, 3, 1511507142, 0, 1, 0),
(2, '电子购物卡', '', '50.00', '[]', '[]', 5, 1, 1511507235, 1513699200, 1, 0),
(3, '实体购物卡', '', '100.00', '[]', '[]', 10, 3, 1511507142, 0, 1, 0),
(4, '电子购物卡', '', '50.00', '[]', '[]', 5, 1, 1511507235, 1513699200, 1, 0),
(5, '实体购物卡', '', '100.00', '[]', '[]', 10, 3, 1511507142, 0, 1, 0),
(6, '电子购物卡', '', '50.00', '[]', '[]', 5, 1, 1511507235, 1513699200, 1, 0),
(7, '实体购物卡', '', '100.00', '[]', '[]', 10, 3, 1511507142, 0, 1, 0),
(8, '电子购物卡', '', '50.00', '[]', '[]', 5, 1, 1511507235, 1513699200, 1, 0),
(9, '实体购物卡', '', '100.00', '[]', '[]', 10, 3, 1511507142, 0, 1, 0),
(10, '电子购物卡', '', '50.00', '[]', '[]', 5, 1, 1511507235, 1513699200, 1, 0),
(11, '实体购物卡', '', '100.00', '[]', '[]', 10, 3, 1511507142, 0, 1, 0),
(12, '电子购物卡', '', '50.00', '[]', '[]', 5, 1, 1511507235, 1513699200, 1, 0),
(13, '实体购物卡', '', '100.00', '[]', '[]', 10, 3, 1511507142, 0, 1, 0),
(14, '电子购物卡', '', '50.00', '[]', '[]', 5, 1, 1511507235, 1513699200, 1, 0),
(15, '实体购物卡', '', '100.00', '[]', '[]', 10, 3, 1511507142, 0, 1, 0),
(16, '电子购物卡', '', '50.00', '[]', '[]', 5, 1, 1511507235, 1513699200, 1, 0),
(17, '实体购物卡', '', '100.00', '[]', '[]', 10, 3, 1511507142, 0, 1, 0),
(18, '电子购物卡', '', '50.00', '[]', '[]', 5, 1, 1511507235, 1513699200, 1, 0),
(19, '实体购物卡', '', '100.00', '[]', '[]', 10, 3, 1511507142, 0, 1, 0),
(20, '电子购物卡', '', '50.00', '[]', '[]', 5, 1, 1511507235, 1513699200, 1, 0),
(21, '实体购物卡', '', '100.00', '[]', '[]', 10, 3, 1511507142, 0, 1, 0),
(22, '电子购物卡', '', '50.00', '[]', '[]', 5, 1, 1511507235, 1513699200, 1, 0),
(23, '实体购物卡', '', '100.00', '[]', '[]', 10, 3, 1511507142, 0, 1, 0),
(24, '电子购物卡', '', '50.00', '[]', '[]', 5, 1, 1511507235, 1513699200, 1, 0),
(25, '实体购物卡', '', '100.00', '[]', '[]', 10, 3, 1511507142, 0, 1, 0),
(26, '电子购物卡', '', '50.00', '[]', '[]', 5, 1, 1511507235, 1513699200, 1, 0),
(27, '实体购物卡', '', '100.00', '[]', '[]', 10, 3, 1511507142, 0, 1, 0),
(28, '电子购物卡', '', '50.00', '[]', '[]', 5, 1, 1511507235, 1513699200, 1, 0),
(29, '实体购物卡', '', '100.00', '[]', '[]', 10, 3, 1511507142, 0, 1, 0),
(30, '电子购物卡', '', '50.00', '[]', '[]', 5, 1, 1511507235, 1513699200, 1, 0),
(31, '实体购物卡', '', '100.00', '[]', '[]', 10, 3, 1511507142, 0, 1, 0),
(32, '电子购物卡', '', '50.00', '[]', '[]', 5, 1, 1511507235, 1513699200, 0, 0),
(33, '实体购物卡', '', '100.00', '[]', '[]', 10, 3, 1511507142, 0, 0, 0),
(34, '电子购物卡', '', '50.00', '[]', '[]', 5, 1, 1511507235, 1513699200, 1, 0),
(35, '实体购物卡', '', '100.00', '[]', '[]', 10, 3, 1511507142, 0, 1, 0),
(36, '电子购物卡', '', '50.00', '[]', '[]', 5, 1, 1511507235, 1513699200, 1, 1),
(37, '实体购物卡', '实体购物卡', '100.00', '[]', '[]', 10, 3, 1511507142, 0, 0, 0),
(38, '电子购物卡', '电子购物卡', '50.00', '[12,100,101,102,15,112,113,114,115,16,116,117,17,118,119,120,121,122,18,124,123,2,19,125,126,127,128,129,20,130,131,132,133,134,21,135,136,137,138,22,139,140,141,142,143,23,144,145,146,147,148,149,150,151,152,153,3,24,154,155,156,157,158,159,160,25,161,162,163,164,165,166,167,168,169,170,171,172,173,174,175,176,177,26,178,179,180,181,182,183,184,185,186,187,188,189,190,27,191,192,193,194,195,28,196,197,198,199,200,201,202,203,204,205,206,207,208,209,29,210,211,212,213,214,215,216,217,218,219,220,221,30,222,223,224,225,226,10,73,686,687,688,689,690,691,692,693,74,694,695,696,697,698,699,700,75,701,702,703,704,705,706,707,708,709,76,710,711,712,77,713,714,715,716,717,718,78,719,720,79,721,722,723,724,725,726,727,728,729,80,730,731,732,733,734,735,736,737,81,738,739,740,741,742,743,744,745,746,747,748,749,750,751,752,82,753,754,755,756,83,757,758,759,760,761,762,763,764,765,766,767,768,11,84,769,770,771,772,773,85,774,775,776,86,777,778,779,780,781,782,783,784,785,786,87,787,788,789,790,791,792,793,794,795,88,796,797,798,799,800,89,801,802,803,804,805,806,90,807,808,809,810,811,812,813,91,814,815,816,817,92,818,819,820,821,822,823,824,825,93,826,827,828,829,830,831,832,833,834,835,94,836,837,838,839,840,841,842,843]', '[836]', 5, 1, 1511507235, 1513699200, 0, 0),
(42, '生成10张电子购物卡', '', '100.00', '[]', '[]', 10, 0, 1579789422, 0, 1, 1),
(43, '生成11张电子购物卡', '生成11张电子购物卡', '111.00', '[]', '[]', 11, 0, 1580323802, 0, 1, 0),
(44, '生成12张电子购物卡', '生成12张电子购物卡 描述 生成12张电子购物卡 描述', '11.12', '[]', '[]', 12, 0, 1580323880, 0, 0, 0),
(45, '生成1000张电子购物卡', '', '500.00', '[1,12,100,101,102,13,103,104,105,106,107,14,108,109,110,111,15,112,113,114,115,16,116,117,17,118,119,120,121,122,18,124,123,2,19,125,126,127,128,129,20,130,131,132,133,134,21,135,136,137,138,22,139,140,141,142,143,23,144,145,146,147,148,149,150,151,152,153]', '[10,73,686,687,688,689,690,691,692,693,74,694,695,696,697,698,699,700,75,701,702,703,704,705,706,707,708,709,76,710,711,712,77,713,714,715,716,717,718,78,719,720,79,721,722,723,724,725,726,727,728,729,80,730,731,732,733,734,735,736,737,81,738,739,740,741,742,743,744,745,746,747,748,749,750,751,752,82,753,754,755,756,83,757,758,759,760,761,762,763,764,765,766,767,768,11,84,769,770,771,772,773,85,774,775,776,86,777,778,779,780,781,782,783,784,785,786,87,787,788,789,790,791,792,793,794,795,88,796,797,798,799,800,89,801,802,803,804,805,806,90,807,808,809,810,811,812,813,91,814,815,816,817,92,818,819,820,821,822,823,824,825,93,826,827,828,829,830,831,832,833,834,835,94,836,837,838,839,840,841,842,843]', 1000, 0, 1580360382, 0, 1, 0);

DROP TABLE IF EXISTS `donkey_card_use`;
CREATE TABLE `donkey_card_use` (
  `card_use_id` int(11) UNSIGNED NOT NULL,
  `card_id` int(11) UNSIGNED NOT NULL DEFAULT '0' COMMENT '对应card表',
  `user_id` int(11) UNSIGNED NOT NULL DEFAULT '0' COMMENT '对应user表',
  `number` varchar(11) COLLATE utf8mb4_unicode_ci NOT NULL COMMENT '卡号',
  `password` varchar(16) COLLATE utf8mb4_unicode_ci NOT NULL COMMENT '卡密',
  `money` decimal(10,2) NOT NULL COMMENT '可用余额',
  `is_active` tinyint(1) NOT NULL DEFAULT '0' COMMENT '是否激活 0=否 1=是',
  `is_invalid` tinyint(1) NOT NULL DEFAULT '1' COMMENT '是否有效 0=无效 1=有效',
  `remark` varchar(255) COLLATE utf8mb4_unicode_ci NOT NULL DEFAULT '' COMMENT '备注',
  `active_time` int(11) NOT NULL DEFAULT '0' COMMENT '激活日期'
) ENGINE=InnoDB DEFAULT CHARSET=utf8mb4 COLLATE=utf8mb4_unicode_ci COMMENT='购物卡使用';

INSERT INTO `donkey_card_use` (`card_use_id`, `card_id`, `user_id`, `number`, `password`, `money`, `is_active`, `is_invalid`, `remark`, `active_time`) VALUES
(1, 43, 0, '48646499496', '22F3E999BA92682E', '111.00', 0, 1, '', 0),
(2, 43, 0, '42351226774', '756831EC64D3034F', '111.00', 0, 1, '', 0),
(3, 43, 0, '73493656193', 'F89842F187875098', '111.00', 0, 1, '', 0),
(4, 43, 0, '15253578461', '7551920C0A241DE7', '111.00', 0, 1, '', 0),
(5, 43, 0, '31286932972', '03A4DDD96779CB8A', '111.00', 0, 1, '', 0),
(6, 43, 0, '96539334742', 'EA22E45D1D3C25F8', '111.00', 0, 1, '', 0),
(7, 43, 0, '18562549781', '6B694CB8D2D948D1', '111.00', 0, 1, '', 0),
(8, 43, 0, '64478977272', '5788520C8100E642', '111.00', 0, 1, '', 0),
(9, 43, 0, '49399341767', '9FC0910B4A718EAB', '111.00', 0, 1, '', 0),
(10, 43, 0, '67891292965', 'E6BCA81BC59822AF', '111.00', 0, 1, '', 0),
(11, 43, 0, '77595785332', '983807D90B96AEA1', '111.00', 0, 1, '', 0),
(12, 44, 0, '84991944869', '2BCA996DF7BA2A61', '11.12', 0, 1, '', 0),
(13, 44, 0, '74333346718', '0E9C7C2E5D66042C', '11.12', 0, 1, '', 0),
(14, 44, 0, '98633851149', 'C073BBEAE8914859', '11.12', 0, 1, '', 0),
(15, 44, 0, '37371849617', 'A08242A7F8FE5F88', '11.12', 0, 1, '', 0),
(16, 44, 0, '23388247468', '79052A9052ECD28B', '11.12', 0, 0, 'test', 0),
(17, 44, 0, '43217184324', '401184E588C9C8D7', '11.12', 0, 0, 'test', 0),
(18, 44, 0, '63519372416', 'E398C1B103279A0F', '11.12', 0, 1, '', 0),
(19, 44, 0, '79238833783', '88FFE3F9D75A21E6', '11.12', 0, 1, '', 0),
(20, 44, 0, '67621251433', '64B9DF7119EE5EBE', '11.12', 0, 1, '', 0),
(21, 44, 0, '89841547448', 'C6F74F91134B0F83', '11.12', 0, 1, '', 0),
(22, 44, 0, '97637375649', '19258F5CB88EDE80', '11.12', 0, 1, '', 0),
(23, 44, 0, '37444859352', '6377237C0BB3F45D', '11.12', 0, 1, '', 0),
(24, 45, 0, '45293966799', 'D42CDED98B1AAB7A', '500.00', 0, 1, '', 0),
(25, 45, 0, '72191279725', '41A318856B4AD9AE', '500.00', 0, 1, '', 0),
(26, 45, 0, '94938776866', '655A44C0FF275D91', '500.00', 0, 1, '', 0),
(27, 45, 0, '61193341832', '436BBD7B74B21154', '500.00', 0, 1, '', 0),
(28, 45, 0, '31435622964', '29BD03C4F954FDA9', '500.00', 0, 1, '', 0),
(29, 45, 0, '46961526713', '04D4C8D22966A648', '500.00', 0, 1, '', 0),
(30, 45, 0, '29134113451', '64E31806BE35C57F', '500.00', 0, 1, '', 0),
(31, 45, 0, '51842551577', 'C0BA950DBD8A6137', '500.00', 0, 1, '', 0),
(32, 45, 0, '24262476435', '416304CEBF6A461F', '500.00', 0, 1, '', 0),
(33, 45, 0, '26482726285', 'E33B87EED3251236', '500.00', 0, 1, '', 0),
(34, 45, 0, '86131124439', 'FE6223C47FD566DF', '500.00', 0, 1, '', 0),
(35, 45, 0, '38281594451', '4F0F73A867BA0859', '500.00', 0, 1, '', 0),
(36, 45, 0, '21648695893', 'E27862738B3972F8', '500.00', 0, 1, '', 0),
(37, 45, 0, '18517298148', 'FE969221C27872E6', '500.00', 0, 1, '', 0),
(38, 45, 0, '22349994371', 'EF2CE5B635E2A7E7', '500.00', 0, 1, '', 0),
(39, 45, 0, '45359433197', '41E6033C1AB042FC', '500.00', 0, 1, '', 0),
(40, 45, 0, '94448389765', '0C8B314F6A5819D6', '500.00', 0, 1, '', 0),
(41, 45, 0, '57277964471', '0AD61C704F5A34D3', '500.00', 0, 1, '', 0),
(42, 45, 0, '72129449362', '4BA47736AAAF0F78', '500.00', 0, 1, '', 0),
(43, 45, 0, '53614817145', '3EFC2A828EDAEC26', '500.00', 0, 1, '', 0),
(44, 45, 0, '21424277393', '3978071379404C7A', '500.00', 0, 1, '', 0),
(45, 45, 0, '93776987833', 'EB5694CEF669AC2C', '500.00', 0, 1, '', 0),
(46, 45, 0, '88743589819', 'A551FA550B433363', '500.00', 0, 1, '', 0),
(47, 45, 0, '68857754843', '0323B266AA73CE3C', '500.00', 0, 1, '', 0),
(48, 45, 0, '71317352775', 'D6D03098CB6603CD', '500.00', 0, 1, '', 0),
(49, 45, 0, '52399961639', '6917EA47C88B5278', '500.00', 0, 1, '', 0),
(50, 45, 0, '36983217583', '8F8A438A311F4EB6', '500.00', 0, 1, '', 0),
(51, 45, 0, '41669467248', '77C7CC9534520F38', '500.00', 0, 1, '', 0),
(52, 45, 0, '69689631377', 'D97F47BC6D3D20E1', '500.00', 0, 1, '', 0),
(53, 45, 0, '14976786769', 'BDE9C1C72C7A00A1', '500.00', 0, 1, '', 0),
(54, 45, 0, '29818684286', '20BC9F2BE1F89E36', '500.00', 0, 1, '', 0),
(55, 45, 0, '18468894397', 'C8F570A9CA6DC7DD', '500.00', 0, 1, '', 0),
(56, 45, 0, '92884593341', '71851E7CC592FBC3', '500.00', 0, 1, '', 0),
(57, 45, 0, '58256576765', '6C863A63D9C33355', '500.00', 0, 1, '', 0),
(58, 45, 0, '62567139293', 'A975D8FFA4B8D0F6', '500.00', 0, 1, '', 0),
(59, 45, 0, '27773195819', '4D47669A6B00B7D8', '500.00', 0, 1, '', 0),
(60, 45, 0, '95192679653', 'C7D424D7211E044F', '500.00', 0, 1, '', 0),
(61, 45, 0, '52367679892', '895572358B807807', '500.00', 0, 1, '', 0),
(62, 45, 0, '68891895829', '361A4CF043BF9563', '500.00', 0, 1, '', 0),
(63, 45, 0, '52129979781', 'A2117C0C9F1A797E', '500.00', 0, 1, '', 0),
(64, 45, 0, '81232753314', '341CC75C748FB075', '500.00', 0, 1, '', 0),
(65, 45, 0, '19157113584', '0BD3BA51AD0913DD', '500.00', 0, 1, '', 0),
(66, 45, 0, '12617852367', 'B53093965BD43150', '500.00', 0, 1, '', 0),
(67, 45, 0, '95842643474', '295A46A86CFF8AAD', '500.00', 0, 1, '', 0),
(68, 45, 0, '56187418455', '78904170C3CF4EE0', '500.00', 0, 1, '', 0),
(69, 45, 0, '25519679686', '2D2BAB92A3DDC7B5', '500.00', 0, 1, '', 0),
(70, 45, 0, '91399813572', '61AAD25521D95CD5', '500.00', 0, 1, '', 0),
(71, 45, 0, '18682654875', '7C385137214544EF', '500.00', 0, 1, '', 0),
(72, 45, 0, '76161733887', 'C83061A1EE6BF804', '500.00', 0, 1, '', 0),
(73, 45, 0, '64863997488', '16B9930937420177', '500.00', 0, 1, '', 0),
(74, 45, 0, '26731382953', 'B183100BEC85CA09', '500.00', 0, 1, '', 0),
(75, 45, 0, '25615512957', '62FF34D799A39BC0', '500.00', 0, 1, '', 0),
(76, 45, 0, '95543912689', '3C304C7F2927C31E', '500.00', 0, 1, '', 0),
(77, 45, 0, '66455781818', 'D73EEDD0BF64535A', '500.00', 0, 1, '', 0),
(78, 45, 0, '54411586694', 'EEE5318E76543027', '500.00', 0, 1, '', 0),
(79, 45, 0, '63287553887', '4B49AEC06DF0C5C7', '500.00', 0, 1, '', 0),
(80, 45, 0, '18459241628', 'ABC8086AE043D54E', '500.00', 0, 1, '', 0),
(81, 45, 0, '79993318591', '94700544842F5212', '500.00', 0, 1, '', 0),
(82, 45, 0, '54388226949', 'FDCD37DA9573A1DB', '500.00', 0, 1, '', 0),
(83, 45, 0, '83877946218', 'E52A99E014434D40', '500.00', 0, 1, '', 0),
(84, 45, 0, '43453983984', '57BAA602AB5509D1', '500.00', 0, 1, '', 0),
(85, 45, 0, '87678885855', '95AB846AB620F61A', '500.00', 0, 1, '', 0),
(86, 45, 0, '89271499619', '3AD8EB4B56C3B4B6', '500.00', 0, 1, '', 0),
(87, 45, 0, '41933931971', '1CE423C0B5E35039', '500.00', 0, 1, '', 0),
(88, 45, 0, '16431848992', '9836192C89D14F99', '500.00', 0, 1, '', 0),
(89, 45, 0, '41663224473', '3485E4DBA1A93B7E', '500.00', 0, 1, '', 0),
(90, 45, 0, '74968686679', 'F4F2F6770098E201', '500.00', 0, 1, '', 0),
(91, 45, 0, '35462734896', 'F9214ED0E909C663', '500.00', 0, 1, '', 0),
(92, 45, 0, '93559273155', '4C6FE6401334511E', '500.00', 0, 1, '', 0),
(93, 45, 0, '23772212297', '27423C2CD6DB6402', '500.00', 0, 1, '', 0),
(94, 45, 0, '11732439767', '299AE23734CF7A71', '500.00', 0, 1, '', 0),
(95, 45, 0, '59673571721', 'DD33A0EF91154338', '500.00', 0, 1, '', 0),
(96, 45, 0, '82242996545', '8B466A7CA55BCE17', '500.00', 0, 1, '', 0),
(97, 45, 0, '95549264992', '41C5B2446A80223A', '500.00', 0, 1, '', 0),
(98, 45, 0, '58347273669', 'E6B2AD26A6BEA25B', '500.00', 0, 1, '', 0),
(99, 45, 0, '93961487364', '9B1592A709F7E7C2', '500.00', 0, 1, '', 0),
(100, 45, 0, '16697428981', 'CBFF29986AAFFB47', '500.00', 0, 1, '', 0),
(101, 45, 0, '12818571269', '2532A3AB27A9E874', '500.00', 0, 1, '', 0),
(102, 45, 0, '64585357786', '211E9A4FE283B38F', '500.00', 0, 1, '', 0),
(103, 45, 0, '76155415134', '68EA197537D3763D', '500.00', 0, 1, '', 0),
(104, 45, 0, '43531154914', '4EF1C3F9BC0C94D4', '500.00', 0, 1, '', 0),
(105, 45, 0, '95214712683', 'C7F2F7039025BD67', '500.00', 0, 1, '', 0),
(106, 45, 0, '13532856932', '8473209D16C3848C', '500.00', 0, 1, '', 0),
(107, 45, 0, '25254843263', 'C59CEEC47719F90B', '500.00', 0, 1, '', 0),
(108, 45, 0, '41667444465', '994DE95B819E5F0E', '500.00', 0, 1, '', 0),
(109, 45, 0, '78999853655', '1E7D06C2989A24C6', '500.00', 0, 1, '', 0),
(110, 45, 0, '63359785649', '0F2E20E344479BF0', '500.00', 0, 1, '', 0),
(111, 45, 0, '18972319613', '503CCB118C0B790E', '500.00', 0, 1, '', 0),
(112, 45, 0, '25968228589', 'F1A8ACB17F583104', '500.00', 0, 1, '', 0),
(113, 45, 0, '84693497595', 'A9942BA3E07F8A8A', '500.00', 0, 1, '', 0),
(114, 45, 0, '78355393844', 'A12E491627137181', '500.00', 0, 1, '', 0),
(115, 45, 0, '93552127133', '7370E62D81F55DDA', '500.00', 0, 1, '', 0),
(116, 45, 0, '35758395778', 'C9E2C40B32A2100E', '500.00', 0, 1, '', 0),
(117, 45, 0, '39512356641', '47901C49107FF061', '500.00', 0, 1, '', 0),
(118, 45, 0, '66617451919', 'BC2444BA4217055F', '500.00', 0, 1, '', 0),
(119, 45, 0, '63768268716', 'A7CADBA7B52D8BD1', '500.00', 0, 1, '', 0),
(120, 45, 0, '44815936578', 'B258E3D4E67504D3', '500.00', 0, 1, '', 0),
(121, 45, 0, '67895459865', '3A6DC6338E0E18BB', '500.00', 0, 1, '', 0),
(122, 45, 0, '12888656431', 'F8952EDB2ACC71F5', '500.00', 0, 1, '', 0),
(123, 45, 0, '82782597494', '23CCB76E790EA0E6', '500.00', 0, 1, '', 0),
(124, 45, 0, '15389644628', 'E651AB9EEFEE4D89', '500.00', 0, 1, '', 0),
(125, 45, 0, '51748477878', '561743818B989797', '500.00', 0, 1, '', 0),
(126, 45, 0, '67785582411', '89A57D9552A1700C', '500.00', 0, 1, '', 0),
(127, 45, 0, '35886157968', '2AFB98CE6C57C99E', '500.00', 0, 1, '', 0),
(128, 45, 0, '21385366424', '27F5AB40575E2FF4', '500.00', 0, 1, '', 0),
(129, 45, 0, '12774127266', 'F2DA8C454CEBCF59', '500.00', 0, 1, '', 0),
(130, 45, 0, '41364891338', '50084B19C7E576BB', '500.00', 0, 1, '', 0),
(131, 45, 0, '57165715562', 'D51F50BE39999643', '500.00', 0, 1, '', 0),
(132, 45, 0, '98162973525', '0CA0E5C76BE59F19', '500.00', 0, 1, '', 0),
(133, 45, 0, '59176734419', 'A29D9D5AD8F023E0', '500.00', 0, 1, '', 0),
(134, 45, 0, '68887978296', 'C24BE62CFB2677BA', '500.00', 0, 1, '', 0),
(135, 45, 0, '85357131733', '3499C2FAAC6B543E', '500.00', 0, 1, '', 0),
(136, 45, 0, '78791913334', 'AA67792DCD8AF926', '500.00', 0, 1, '', 0),
(137, 45, 0, '18373938545', '8D2C713850851B56', '500.00', 0, 1, '', 0),
(138, 45, 0, '73248979281', 'FAF59DFC4B3CD545', '500.00', 0, 1, '', 0),
(139, 45, 0, '37458147642', '12987BA70AF3F7F4', '500.00', 0, 1, '', 0),
(140, 45, 0, '35842283752', '26B628CDB2DF8272', '500.00', 0, 1, '', 0),
(141, 45, 0, '95438229193', '6450285D047322F6', '500.00', 0, 1, '', 0),
(142, 45, 0, '67855681492', '6042550236986DB3', '500.00', 0, 1, '', 0),
(143, 45, 0, '79723888725', '5C9C533D8BE4D8C7', '500.00', 0, 1, '', 0),
(144, 45, 0, '35757132418', 'A5755E3106EF7A77', '500.00', 0, 1, '', 0),
(145, 45, 0, '96212575183', 'DC7149D43B91F725', '500.00', 0, 1, '', 0),
(146, 45, 0, '76742695334', '3C442FE3DEB630C9', '500.00', 0, 1, '', 0),
(147, 45, 0, '11549626364', 'C30AA90819C07D12', '500.00', 0, 1, '', 0),
(148, 45, 0, '26882893911', '192082B72BFB44B1', '500.00', 0, 1, '', 0),
(149, 45, 0, '19677426316', '8B0FD326366D3626', '500.00', 0, 1, '', 0),
(150, 45, 0, '62624562451', '75D29C95F187653E', '500.00', 0, 1, '', 0),
(151, 45, 0, '95345993875', '2C2F40C426601B01', '500.00', 0, 1, '', 0),
(152, 45, 0, '85527284874', '0236D2CD91DBC5A0', '500.00', 0, 1, '', 0),
(153, 45, 0, '65693357559', 'D1313A4111CAB3A8', '500.00', 0, 1, '', 0),
(154, 45, 0, '15429849916', 'A19D9E012DED2B71', '500.00', 0, 1, '', 0),
(155, 45, 0, '61685115468', 'A63A337EF8D80175', '500.00', 0, 1, '', 0),
(156, 45, 0, '73985363816', 'C1ECB11F6FA0530E', '500.00', 0, 1, '', 0),
(157, 45, 0, '44523123966', '6AB2111786B7C64D', '500.00', 0, 1, '', 0),
(158, 45, 0, '17737782457', 'BA95FAE126FE7A4D', '500.00', 0, 1, '', 0),
(159, 45, 0, '82344988151', 'EA26F2D1F35842EA', '500.00', 0, 1, '', 0),
(160, 45, 0, '97533477791', '4CC57452452340CE', '500.00', 0, 1, '', 0),
(161, 45, 0, '15674715519', '1A51201C4C36A136', '500.00', 0, 1, '', 0),
(162, 45, 0, '64839229966', 'E6683CF71878813D', '500.00', 0, 1, '', 0),
(163, 45, 0, '91494398165', '37B933B510AE8E80', '500.00', 0, 1, '', 0),
(164, 45, 0, '54247129547', '314473ED2D3850C4', '500.00', 0, 1, '', 0),
(165, 45, 0, '38478266668', '9CCD11D19C54877A', '500.00', 0, 1, '', 0),
(166, 45, 0, '12749664899', '0C6F3A66224D6AA1', '500.00', 0, 1, '', 0),
(167, 45, 0, '86156367572', '9BDA81D64B79AA36', '500.00', 0, 1, '', 0),
(168, 45, 0, '42578768755', '322B342EDBC40772', '500.00', 0, 1, '', 0),
(169, 45, 0, '86523185522', 'D5F478F4DC7A0563', '500.00', 0, 1, '', 0),
(170, 45, 0, '79726336641', '1D49DC5593385DAF', '500.00', 0, 1, '', 0),
(171, 45, 0, '75131416779', 'DED08339ADA773A9', '500.00', 0, 1, '', 0),
(172, 45, 0, '83781738762', '5A813C616F39F5B5', '500.00', 0, 1, '', 0),
(173, 45, 0, '18129194599', '8F6D6C8754590994', '500.00', 0, 1, '', 0),
(174, 45, 0, '92986491687', '7E5E8BC6C74DF3AB', '500.00', 0, 1, '', 0),
(175, 45, 0, '71534267798', '4D89428072177094', '500.00', 0, 1, '', 0),
(176, 45, 0, '76329344975', '490B5F7DCE41E9FB', '500.00', 0, 1, '', 0),
(177, 45, 0, '64542559125', '970EFB6527A77851', '500.00', 0, 1, '', 0),
(178, 45, 0, '87889223122', 'E8BC010A04751067', '500.00', 0, 1, '', 0),
(179, 45, 0, '53572444248', '77BED7569437BE68', '500.00', 0, 1, '', 0),
(180, 45, 0, '16743735684', '16BEC392478A5DC2', '500.00', 0, 1, '', 0),
(181, 45, 0, '16389958311', 'EB2713D82CDC73A7', '500.00', 0, 1, '', 0),
(182, 45, 0, '18946653418', '56DB26A8939A8A3F', '500.00', 0, 1, '', 0),
(183, 45, 0, '21576298357', '7D314B3EB6DCB4C3', '500.00', 0, 1, '', 0),
(184, 45, 0, '67181812171', '0696EFBDA17536BB', '500.00', 0, 1, '', 0),
(185, 45, 0, '19777467451', '5637C1515DFD5382', '500.00', 0, 1, '', 0),
(186, 45, 0, '92124295164', '04A32C86C6E8BAC3', '500.00', 0, 1, '', 0),
(187, 45, 0, '95468952296', 'F6F3A612F87896DA', '500.00', 0, 1, '', 0),
(188, 45, 0, '89451817563', 'FBFB44FFCDBE7535', '500.00', 0, 1, '', 0),
(189, 45, 0, '11672561969', '67F62972D4EC8488', '500.00', 0, 1, '', 0),
(190, 45, 0, '65288589379', 'E78F6D14E8D28F63', '500.00', 0, 1, '', 0),
(191, 45, 0, '82194485579', '81AB47AF5AA960EA', '500.00', 0, 1, '', 0),
(192, 45, 0, '89321554358', '287EEB2F745D2D75', '500.00', 0, 1, '', 0),
(193, 45, 0, '34469397132', '123D419BEDBF149A', '500.00', 0, 1, '', 0),
(194, 45, 0, '59451543463', 'C20FBA29F0D143A4', '500.00', 0, 1, '', 0),
(195, 45, 0, '84238218793', 'D160101A837D3FDE', '500.00', 0, 1, '', 0),
(196, 45, 0, '51652649193', 'EB3941275AA8AFED', '500.00', 0, 1, '', 0),
(197, 45, 0, '99799295634', '210BFE4AC35453FD', '500.00', 0, 1, '', 0),
(198, 45, 0, '41843315119', '1A10534B923C2BC4', '500.00', 0, 1, '', 0),
(199, 45, 0, '94279151181', '757228620E1E2423', '500.00', 0, 1, '', 0),
(200, 45, 0, '29534486415', '2687DC25B032046A', '500.00', 0, 1, '', 0),
(201, 45, 0, '53685315633', '7C3383F22AD1F083', '500.00', 0, 1, '', 0),
(202, 45, 0, '92855532991', '29E296E872EE18AA', '500.00', 0, 1, '', 0),
(203, 45, 0, '19334364258', '13C02C619A621342', '500.00', 0, 1, '', 0),
(204, 45, 0, '41935815883', '24D774F86925192D', '500.00', 0, 1, '', 0),
(205, 45, 0, '14899265969', '22D2E15BB19D80BD', '500.00', 0, 1, '', 0),
(206, 45, 0, '52844314768', '186E19A0FE5FBDFC', '500.00', 0, 1, '', 0),
(207, 45, 0, '19158913323', '2C3FFDAC0B19E19F', '500.00', 0, 1, '', 0),
(208, 45, 0, '92686219527', 'F2A2470EA363D344', '500.00', 0, 1, '', 0),
(209, 45, 0, '33469955946', '847E084354848A71', '500.00', 0, 1, '', 0),
(210, 45, 0, '92997431276', 'B638BAB4DD6200C6', '500.00', 0, 1, '', 0),
(211, 45, 0, '43378422379', '8E6DD8AEE49BF801', '500.00', 0, 1, '', 0),
(212, 45, 0, '48214613683', '9D028DD5FC56838B', '500.00', 0, 1, '', 0),
(213, 45, 0, '83844553926', '11DA403DBC263AC8', '500.00', 0, 1, '', 0),
(214, 45, 0, '81374957274', '4F0F8E33BCA222F3', '500.00', 0, 1, '', 0),
(215, 45, 0, '74169742228', '8E50D7324FF0F555', '500.00', 0, 1, '', 0),
(216, 45, 0, '22729397617', '668B03413CBDDDBB', '500.00', 0, 1, '', 0),
(217, 45, 0, '87752716876', '1645AEEFB275D9ED', '500.00', 0, 1, '', 0),
(218, 45, 0, '91294317711', '0C612D3EC861DF10', '500.00', 0, 1, '', 0),
(219, 45, 0, '21691874931', 'A17F01DB29E39DFB', '500.00', 0, 1, '', 0),
(220, 45, 0, '97832773298', '7AB130C8DE02A01B', '500.00', 0, 1, '', 0),
(221, 45, 0, '24779991547', '9820AA5A957D783A', '500.00', 0, 1, '', 0),
(222, 45, 0, '46483288696', '00E0BFA1877D09D0', '500.00', 0, 1, '', 0),
(223, 45, 0, '33592785877', '78744E6947F65394', '500.00', 0, 1, '', 0),
(224, 45, 0, '34147876289', '09EBB5D1D7947431', '500.00', 0, 1, '', 0),
(225, 45, 0, '81323432121', 'BF029AFF1C0FC65A', '500.00', 0, 1, '', 0),
(226, 45, 0, '43664183623', '65CDEB9DEEE26AAC', '500.00', 0, 1, '', 0),
(227, 45, 0, '89698477718', 'F31711806BD6B0D4', '500.00', 0, 1, '', 0),
(228, 45, 0, '37614114219', '7733B027ABBD368C', '500.00', 0, 1, '', 0),
(229, 45, 0, '33354883647', '78C74246660D9436', '500.00', 0, 1, '', 0),
(230, 45, 0, '28415346988', 'AEC75B7D42E65F3B', '500.00', 0, 1, '', 0),
(231, 45, 0, '19678467199', '56C3B297AFD010BF', '500.00', 0, 1, '', 0),
(232, 45, 0, '67289348321', 'FEF08750E84DDAE1', '500.00', 0, 1, '', 0),
(233, 45, 0, '12116233754', '61216099A2F06FEA', '500.00', 0, 1, '', 0),
(234, 45, 0, '25882656915', '06127317D17ABFE9', '500.00', 0, 1, '', 0),
(235, 45, 0, '42759984994', 'D878329C36313629', '500.00', 0, 1, '', 0),
(236, 45, 0, '99346276593', '2CDA232E64D39394', '500.00', 0, 1, '', 0),
(237, 45, 0, '37348372528', '33B2E9A5B931C234', '500.00', 0, 1, '', 0),
(238, 45, 0, '34848912132', '478C02907F8C87D7', '500.00', 0, 1, '', 0),
(239, 45, 0, '89139448118', 'C24267842B47D0FE', '500.00', 0, 1, '', 0),
(240, 45, 0, '79212347944', 'F5358CAB85317A8C', '500.00', 0, 1, '', 0),
(241, 45, 0, '24652262593', 'B93C7FA00FE755E8', '500.00', 0, 1, '', 0),
(242, 45, 0, '36829469983', '98C20893F80317C5', '500.00', 0, 1, '', 0),
(243, 45, 0, '34559431731', 'CC0242E8A66F86D1', '500.00', 0, 1, '', 0),
(244, 45, 0, '43884437548', '977FA2D89580125F', '500.00', 0, 1, '', 0),
(245, 45, 0, '84278866587', 'D71506BBA60E1EC5', '500.00', 0, 1, '', 0),
(246, 45, 0, '79931359749', '23A54E1BD8DF23FC', '500.00', 0, 1, '', 0),
(247, 45, 0, '15176311868', '4B1C58CD025AFE18', '500.00', 0, 1, '', 0),
(248, 45, 0, '96719596984', '340A10FFE45143BF', '500.00', 0, 1, '', 0),
(249, 45, 0, '55139194939', 'FF4BAB662A5863EC', '500.00', 0, 1, '', 0),
(250, 45, 0, '53141449687', 'C2BAF1444A94365D', '500.00', 0, 1, '', 0),
(251, 45, 0, '97374695727', '45329A12B85048B2', '500.00', 0, 1, '', 0),
(252, 45, 0, '21514741515', '38DAEA28FE02C0BE', '500.00', 0, 1, '', 0),
(253, 45, 0, '35278976386', '150EAFF7DB4525BF', '500.00', 0, 1, '', 0),
(254, 45, 0, '16421377144', 'CBCBE86F39469E4F', '500.00', 0, 1, '', 0),
(255, 45, 0, '77783962838', '248E0707A73F4371', '500.00', 0, 1, '', 0),
(256, 45, 0, '33553885629', '8E1627344139C48E', '500.00', 0, 1, '', 0),
(257, 45, 0, '88622126483', 'E362C60F99E2D693', '500.00', 0, 1, '', 0),
(258, 45, 0, '23262992544', '02339CDD66D9CE3C', '500.00', 0, 1, '', 0),
(259, 45, 0, '46786431254', 'D4369D5159B230A4', '500.00', 0, 1, '', 0),
(260, 45, 0, '76643169242', 'A5BD651754A57128', '500.00', 0, 1, '', 0),
(261, 45, 0, '45527138228', '708D396930E4B617', '500.00', 0, 1, '', 0),
(262, 45, 0, '85394314981', 'D32550E183461F7C', '500.00', 0, 1, '', 0),
(263, 45, 0, '95412384748', '6071540E8D402651', '500.00', 0, 1, '', 0),
(264, 45, 0, '75834264982', 'D8466DFB0DF93CEB', '500.00', 0, 1, '', 0),
(265, 45, 0, '22876113119', '0955BA5129CE7921', '500.00', 0, 1, '', 0),
(266, 45, 0, '94499711615', '97958E669AD6D352', '500.00', 0, 1, '', 0),
(267, 45, 0, '54417124673', '071A7F80D8D4303E', '500.00', 0, 1, '', 0),
(268, 45, 0, '76752391233', 'EC63F6393DA4CCDD', '500.00', 0, 1, '', 0),
(269, 45, 0, '47588972375', '92C7300B5E8B3ECB', '500.00', 0, 1, '', 0),
(270, 45, 0, '99767662766', '6576226F4B6888F0', '500.00', 0, 1, '', 0),
(271, 45, 0, '61486133665', '491CF670D5342E91', '500.00', 0, 1, '', 0),
(272, 45, 0, '84856552262', 'AEECDF4FDA923007', '500.00', 0, 1, '', 0),
(273, 45, 0, '18222311685', '99A1870B10297EF9', '500.00', 0, 1, '', 0),
(274, 45, 0, '43179565238', 'A6ECE3226516F0FC', '500.00', 0, 1, '', 0),
(275, 45, 0, '77455811268', 'E2DB2ECBE09E278C', '500.00', 0, 1, '', 0),
(276, 45, 0, '55412334412', '8668F7D386C90F92', '500.00', 0, 1, '', 0),
(277, 45, 0, '85768444353', '53648F29DC4C4544', '500.00', 0, 1, '', 0),
(278, 45, 0, '39532741888', '892EC81DCF80F6AA', '500.00', 0, 1, '', 0),
(279, 45, 0, '28798431415', '79ED244C01BE4A7A', '500.00', 0, 1, '', 0),
(280, 45, 0, '21251959384', 'E1650AB083D68ACD', '500.00', 0, 1, '', 0),
(281, 45, 0, '34446166433', '57F7BF4C76F31881', '500.00', 0, 1, '', 0),
(282, 45, 0, '75296444816', '627AF945F40D76EB', '500.00', 0, 1, '', 0),
(283, 45, 0, '53568357112', '15FB0E6A9F52667F', '500.00', 0, 1, '', 0),
(284, 45, 0, '18196369388', '15D6AC25F7EF739A', '500.00', 0, 1, '', 0),
(285, 45, 0, '76564528699', '0C53ED84568AC69A', '500.00', 0, 1, '', 0),
(286, 45, 0, '25639297228', '1ECDD074C79CDC63', '500.00', 0, 1, '', 0),
(287, 45, 0, '42352876186', 'CDE6357B5A054EF1', '500.00', 0, 1, '', 0),
(288, 45, 0, '64443972978', 'F4074D2ED2063CDC', '500.00', 0, 1, '', 0),
(289, 45, 0, '89142741615', '91AF4F734886F983', '500.00', 0, 1, '', 0),
(290, 45, 0, '39265532636', 'E59B36FFB93E9A25', '500.00', 0, 1, '', 0),
(291, 45, 0, '49793668975', 'BADFF569CC27F843', '500.00', 0, 1, '', 0),
(292, 45, 0, '85659191983', 'A4DFB47E72666014', '500.00', 0, 1, '', 0),
(293, 45, 0, '88595428375', 'A9674F0DC5AF5037', '500.00', 0, 1, '', 0),
(294, 45, 0, '63721892225', '1BB64EDBD17A611B', '500.00', 0, 1, '', 0),
(295, 45, 0, '65937351654', '9A9AF201537EE7A8', '500.00', 0, 1, '', 0),
(296, 45, 0, '48576598472', 'BEEB3A0324AC77AE', '500.00', 0, 1, '', 0),
(297, 45, 0, '14491579322', '72C0BECDDE500012', '500.00', 0, 1, '', 0),
(298, 45, 0, '28252288792', 'A525A9AEF457B114', '500.00', 0, 1, '', 0),
(299, 45, 0, '37847462965', 'EBC76D23A3C2209C', '500.00', 0, 1, '', 0),
(300, 45, 0, '75869881744', '569E360997A3E605', '500.00', 0, 1, '', 0),
(301, 45, 0, '62147683149', '89A5015918AACB69', '500.00', 0, 1, '', 0),
(302, 45, 0, '45734365359', '62034FDE593BE3F6', '500.00', 0, 1, '', 0),
(303, 45, 0, '35385883348', 'AB8FCFA3E69594A9', '500.00', 0, 1, '', 0),
(304, 45, 0, '38537911794', '8D35CA0A434261B7', '500.00', 0, 1, '', 0),
(305, 45, 0, '78454687615', 'F9BEE4BC780DD6A6', '500.00', 0, 1, '', 0),
(306, 45, 0, '89539125432', '5EB71699D58BC6FE', '500.00', 0, 1, '', 0),
(307, 45, 0, '22582818484', '9533228D876B02A5', '500.00', 0, 1, '', 0),
(308, 45, 0, '26777675136', '77CCAD5474D9D2C6', '500.00', 0, 1, '', 0),
(309, 45, 0, '65261986988', '636EE7CB40129422', '500.00', 0, 1, '', 0),
(310, 45, 0, '89257775254', '913DC212C3E8D978', '500.00', 0, 1, '', 0),
(311, 45, 0, '33381872657', '04AF03E2707022AD', '500.00', 0, 1, '', 0),
(312, 45, 0, '44896985486', 'BF7F1623B82B69CF', '500.00', 0, 1, '', 0),
(313, 45, 0, '41892933139', 'FA79C24BE48E4AE5', '500.00', 0, 1, '', 0),
(314, 45, 0, '65346471728', '1D3AB61C42E21670', '500.00', 0, 1, '', 0),
(315, 45, 0, '64867278873', '821424D82D839375', '500.00', 0, 1, '', 0),
(316, 45, 0, '52164347561', '5AE1F6401EDB8AAA', '500.00', 0, 1, '', 0),
(317, 45, 0, '12485143888', 'CDF6EBDC4346DA74', '500.00', 0, 1, '', 0),
(318, 45, 0, '91581242696', '57E28EDDA42398B6', '500.00', 0, 1, '', 0),
(319, 45, 0, '14655148784', '18E29BC010C970A1', '500.00', 0, 1, '', 0),
(320, 45, 0, '44248433947', '259913F8E019261B', '500.00', 0, 1, '', 0),
(321, 45, 0, '64224249777', '0C2FF157B10898ED', '500.00', 0, 1, '', 0),
(322, 45, 0, '47189559352', '1B56FB2D52241484', '500.00', 0, 1, '', 0),
(323, 45, 0, '94487962637', '3E159D11FFE24320', '500.00', 0, 1, '', 0),
(324, 45, 0, '59592428376', 'FCE0D81E8F0A7E31', '500.00', 0, 1, '', 0),
(325, 45, 0, '76686355618', '841AF6E8CC99FB06', '500.00', 0, 1, '', 0),
(326, 45, 0, '33485158522', '2A5334125A231E1F', '500.00', 0, 1, '', 0),
(327, 45, 0, '36988117262', '8984A5C14C63D671', '500.00', 0, 1, '', 0),
(328, 45, 0, '84294199617', 'B5A9C4ACD0301E65', '500.00', 0, 1, '', 0),
(329, 45, 0, '58453495382', 'D858017C9EBD9FFA', '500.00', 0, 1, '', 0),
(330, 45, 0, '56686785199', '6DB92BCC83472F08', '500.00', 0, 1, '', 0),
(331, 45, 0, '57328758458', '711ED608E574F877', '500.00', 0, 1, '', 0),
(332, 45, 0, '98898294762', '9C91348E02ADF951', '500.00', 0, 1, '', 0),
(333, 45, 0, '92576445612', '5E918059A5286076', '500.00', 0, 1, '', 0),
(334, 45, 0, '94642933731', 'A9DD1437A7B7529B', '500.00', 0, 1, '', 0),
(335, 45, 0, '95385376273', 'BA120FE5A73D297B', '500.00', 0, 1, '', 0),
(336, 45, 0, '65693228733', '9D627D67602A7549', '500.00', 0, 1, '', 0),
(337, 45, 0, '96946525711', 'CA9B0A08F747AA22', '500.00', 0, 1, '', 0),
(338, 45, 0, '74777322125', '0CF7455C2C282810', '500.00', 0, 1, '', 0),
(339, 45, 0, '98198391585', 'A6894E19ACA21CBF', '500.00', 0, 1, '', 0),
(340, 45, 0, '78772948636', '77F082F0320CAC7B', '500.00', 0, 1, '', 0),
(341, 45, 0, '63165357127', 'D61A51A656BED5AE', '500.00', 0, 1, '', 0),
(342, 45, 0, '57763142681', '00F7BA8F1C944DC4', '500.00', 0, 1, '', 0),
(343, 45, 0, '97192684884', '9F04730A8F4C9141', '500.00', 0, 1, '', 0),
(344, 45, 0, '61772384978', 'E3DB6D5AB29B4EB3', '500.00', 0, 1, '', 0),
(345, 45, 0, '73269129956', '80FCE6B96B0C5645', '500.00', 0, 1, '', 0),
(346, 45, 0, '68544169775', 'DD81E000A45D4978', '500.00', 0, 1, '', 0),
(347, 45, 0, '17886284811', '0735E6842B40FE46', '500.00', 0, 1, '', 0),
(348, 45, 0, '84795218275', '483BE115997F18EE', '500.00', 0, 1, '', 0),
(349, 45, 0, '34534915835', '8465D79EA2EE2A4C', '500.00', 0, 1, '', 0),
(350, 45, 0, '31264582739', '4B6BBBE35B272224', '500.00', 0, 1, '', 0),
(351, 45, 0, '79286516143', '2BBED96E468FE4C8', '500.00', 0, 1, '', 0),
(352, 45, 0, '42788143354', '8D2440E33720AB06', '500.00', 0, 1, '', 0),
(353, 45, 0, '48533451285', '9B98FA7E5B296015', '500.00', 0, 1, '', 0),
(354, 45, 0, '24616228322', '018B03576A84F431', '500.00', 0, 1, '', 0),
(355, 45, 0, '73473596369', '09E7BB19B6EC1FEF', '500.00', 0, 1, '', 0),
(356, 45, 0, '14942469757', '57F5D51B15B75ED8', '500.00', 0, 1, '', 0),
(357, 45, 0, '55954797633', '44F64DAC8384F7CD', '500.00', 0, 1, '', 0),
(358, 45, 0, '15387213496', 'F54333E0021A6EC6', '500.00', 0, 1, '', 0),
(359, 45, 0, '61369536431', '683FF29753BD4DD5', '500.00', 0, 1, '', 0),
(360, 45, 0, '34275675248', 'ACE34738759141B7', '500.00', 0, 1, '', 0),
(361, 45, 0, '48929833299', '722029B4980C2DA8', '500.00', 0, 1, '', 0),
(362, 45, 0, '74527221431', 'BF6A136CCC94AF5A', '500.00', 0, 1, '', 0),
(363, 45, 0, '14268898818', '6B0014A9A0EF0A06', '500.00', 0, 1, '', 0),
(364, 45, 0, '16426985977', '59305136D7B2576E', '500.00', 0, 1, '', 0),
(365, 45, 0, '35854358187', 'F719E55E8155E557', '500.00', 0, 1, '', 0),
(366, 45, 0, '89988168577', 'CAE62C01CD69B5BF', '500.00', 0, 1, '', 0),
(367, 45, 0, '98387952647', '35D957C03243C61C', '500.00', 0, 1, '', 0),
(368, 45, 0, '53512884429', '290BA41D1C69DABB', '500.00', 0, 1, '', 0),
(369, 45, 0, '26624338193', '0D856BF661CE3F5D', '500.00', 0, 1, '', 0),
(370, 45, 0, '43789131515', '2C776A9C24520A3E', '500.00', 0, 1, '', 0),
(371, 45, 0, '27965235687', 'CBC77F33575CF3E4', '500.00', 0, 1, '', 0),
(372, 45, 0, '76778711382', '5971836E1C104898', '500.00', 0, 1, '', 0),
(373, 45, 0, '76622533839', 'B431A10280DC04D1', '500.00', 0, 1, '', 0),
(374, 45, 0, '52452392495', '57A9521E21B2BB95', '500.00', 0, 1, '', 0),
(375, 45, 0, '95834176315', 'C1A20E91D49FA095', '500.00', 0, 1, '', 0),
(376, 45, 0, '48117874548', '8831F9B8CCA9851F', '500.00', 0, 1, '', 0),
(377, 45, 0, '71415667443', 'E1BF9857350E55E8', '500.00', 0, 1, '', 0),
(378, 45, 0, '82226322135', 'B78508FC87BF9CE0', '500.00', 0, 1, '', 0),
(379, 45, 0, '25938597123', '70FD619D221ABCE8', '500.00', 0, 1, '', 0),
(380, 45, 0, '17745685339', '7F424BC091DB161D', '500.00', 0, 1, '', 0),
(381, 45, 0, '76836454517', 'EFFAB3A753E1155C', '500.00', 0, 1, '', 0),
(382, 45, 0, '53185334368', 'F3FEB2C7DACB029C', '500.00', 0, 1, '', 0),
(383, 45, 0, '22423959594', 'CDE1F1ADAC8B5252', '500.00', 0, 1, '', 0),
(384, 45, 0, '31279533643', 'E5C9629B3674A88F', '500.00', 0, 1, '', 0),
(385, 45, 0, '45255313997', 'AA031CA697328A0F', '500.00', 0, 1, '', 0),
(386, 45, 0, '59629839166', '2E097008C7304D12', '500.00', 0, 1, '', 0),
(387, 45, 0, '29778532914', '3A64851BBBEAD2B7', '500.00', 0, 1, '', 0),
(388, 45, 0, '55427665811', '21E613471B8E6944', '500.00', 0, 1, '', 0),
(389, 45, 0, '67579966368', '0B011D9ED6152EC1', '500.00', 0, 1, '', 0),
(390, 45, 0, '31514335686', '0DC004B5C770F9EB', '500.00', 0, 1, '', 0),
(391, 45, 0, '82328823473', 'A49A0DF6DCDFB762', '500.00', 0, 1, '', 0),
(392, 45, 0, '38747267867', '8CC62D4510F7A22E', '500.00', 0, 1, '', 0),
(393, 45, 0, '67278222354', 'B99C989E80540AB8', '500.00', 0, 1, '', 0),
(394, 45, 0, '79221125561', 'C10EFB9B29FCA344', '500.00', 0, 1, '', 0),
(395, 45, 0, '93347897421', '7085329187E648C5', '500.00', 0, 1, '', 0),
(396, 45, 0, '24576714571', 'F066B11B7652868B', '500.00', 0, 1, '', 0),
(397, 45, 0, '12362349826', '45FDE2EB5A524774', '500.00', 0, 1, '', 0),
(398, 45, 0, '77922357363', '533468A62BEE5B84', '500.00', 0, 1, '', 0),
(399, 45, 0, '88677358573', '3A401C151E5AD2B2', '500.00', 0, 1, '', 0),
(400, 45, 0, '92186495918', '5ADFCB2192510922', '500.00', 0, 1, '', 0),
(401, 45, 0, '63745166245', '4AAD44946737B121', '500.00', 0, 1, '', 0),
(402, 45, 0, '17952837517', '91C0059BA4B44C91', '500.00', 0, 1, '', 0),
(403, 45, 0, '81759198627', '2153340F8D5C1564', '500.00', 0, 1, '', 0),
(404, 45, 0, '53399491952', '384DBCCEC60A036E', '500.00', 0, 1, '', 0),
(405, 45, 0, '54835175858', '7EFB50250DE421D3', '500.00', 0, 1, '', 0),
(406, 45, 0, '92484959911', '53BB0F2996B225A9', '500.00', 0, 1, '', 0),
(407, 45, 0, '67267132832', 'DB273388B8D69D0E', '500.00', 0, 1, '', 0),
(408, 45, 0, '52323275784', 'D209AFEA78DE7B59', '500.00', 0, 1, '', 0),
(409, 45, 0, '25846421861', '01359325B94A3596', '500.00', 0, 1, '', 0),
(410, 45, 0, '32964852944', '2A13F04343A81F01', '500.00', 0, 1, '', 0),
(411, 45, 0, '42779328893', '1C4CA918F3DB9570', '500.00', 0, 1, '', 0),
(412, 45, 0, '88399899427', '6777957862F5D101', '500.00', 0, 1, '', 0),
(413, 45, 0, '66329782557', '4D943DB7BBB5BB49', '500.00', 0, 1, '', 0),
(414, 45, 0, '71625677358', '2A09749F13EB2DC8', '500.00', 0, 1, '', 0),
(415, 45, 0, '32678921134', 'AEA482DC0FB291BC', '500.00', 0, 1, '', 0),
(416, 45, 0, '86339795339', '421AC8FF6F940826', '500.00', 0, 1, '', 0),
(417, 45, 0, '64553925342', 'D985D50B107E1C6E', '500.00', 0, 1, '', 0),
(418, 45, 0, '63435237241', '3A3ABC7BEAC568A3', '500.00', 0, 1, '', 0),
(419, 45, 0, '18267315645', '7129AF3CB33DBF7C', '500.00', 0, 1, '', 0),
(420, 45, 0, '56383482712', '93F770CFF5E4A725', '500.00', 0, 1, '', 0),
(421, 45, 0, '85167118159', '04E4FF684CED81B0', '500.00', 0, 1, '', 0),
(422, 45, 0, '38127284723', 'FFA196AD31651E79', '500.00', 0, 1, '', 0),
(423, 45, 0, '29493235188', 'FA838FEEB090054F', '500.00', 0, 1, '', 0),
(424, 45, 0, '41752524859', '0086B0F31E2DA4BE', '500.00', 0, 1, '', 0),
(425, 45, 0, '77831514149', 'B29B357B3CC3C311', '500.00', 0, 1, '', 0),
(426, 45, 0, '99643874524', '2B023E70090392AF', '500.00', 0, 1, '', 0),
(427, 45, 0, '69237633798', '72CC133ACC5CA1A6', '500.00', 0, 1, '', 0),
(428, 45, 0, '63554949692', '4E3DC94617DAA772', '500.00', 0, 1, '', 0),
(429, 45, 0, '67182697263', '52E35C814CF14776', '500.00', 0, 1, '', 0),
(430, 45, 0, '91177628354', 'EBC7B9E79E8CED13', '500.00', 0, 1, '', 0),
(431, 45, 0, '53631642919', '000E1B563BFB5146', '500.00', 0, 1, '', 0),
(432, 45, 0, '71518281888', '074C1C46215E4399', '500.00', 0, 1, '', 0),
(433, 45, 0, '13382246913', '01B3F42CCADA6B0B', '500.00', 0, 1, '', 0),
(434, 45, 0, '89233187671', 'B7D69667BCF5E35A', '500.00', 0, 1, '', 0),
(435, 45, 0, '21993736813', 'D1E4D38CB4754537', '500.00', 0, 1, '', 0),
(436, 45, 0, '36553432367', 'F530DD29697F3C21', '500.00', 0, 1, '', 0),
(437, 45, 0, '38236875181', 'F1D755E90E6978D0', '500.00', 0, 1, '', 0),
(438, 45, 0, '95397149134', 'E1FFC896918302EB', '500.00', 0, 1, '', 0),
(439, 45, 0, '19139135656', 'CF153EB0EABA838F', '500.00', 0, 1, '', 0),
(440, 45, 0, '11433553699', '6B54997DE30F89A2', '500.00', 0, 1, '', 0),
(441, 45, 0, '94966116387', '43B6EB0404AA0CD7', '500.00', 0, 1, '', 0),
(442, 45, 0, '64628923137', '80A3E013E4C225DC', '500.00', 0, 1, '', 0),
(443, 45, 0, '44264326355', '076C24EA683E504D', '500.00', 0, 1, '', 0),
(444, 45, 0, '43677713292', '1C4361AAB26FDA36', '500.00', 0, 1, '', 0),
(445, 45, 0, '52396495886', '6107D1771968C9D4', '500.00', 0, 1, '', 0),
(446, 45, 0, '58446187185', 'D2C896688D26776E', '500.00', 0, 1, '', 0),
(447, 45, 0, '16987891471', 'D7674C399FB456B6', '500.00', 0, 1, '', 0),
(448, 45, 0, '34544287231', '8F66F1668FA3C4B2', '500.00', 0, 1, '', 0),
(449, 45, 0, '99926722956', '711892715DCA1F9F', '500.00', 0, 1, '', 0),
(450, 45, 0, '96929461735', 'A6CCE883C1868A14', '500.00', 0, 1, '', 0),
(451, 45, 0, '45163925944', '8DE4B1F584CD15F0', '500.00', 0, 1, '', 0),
(452, 45, 0, '35485476249', '5303B8B3BEF2D7D5', '500.00', 0, 1, '', 0),
(453, 45, 0, '73163981854', 'CAD2076D9D5C15B3', '500.00', 0, 1, '', 0),
(454, 45, 0, '12672557478', '055016531AD10867', '500.00', 0, 1, '', 0),
(455, 45, 0, '98595294753', '6C8AF56E4117A7C9', '500.00', 0, 1, '', 0),
(456, 45, 0, '19635466937', '2FCF6EF402DD9B9A', '500.00', 0, 1, '', 0),
(457, 45, 0, '43576161323', '826D6872DE202CA1', '500.00', 0, 1, '', 0),
(458, 45, 0, '81442964281', '26877989B6D32CA7', '500.00', 0, 1, '', 0),
(459, 45, 0, '61751639581', 'A1AE1A2D01190432', '500.00', 0, 1, '', 0),
(460, 45, 0, '28495117232', 'DA286F36EC427CBB', '500.00', 0, 1, '', 0),
(461, 45, 0, '65348812714', '0E8C6800485D110E', '500.00', 0, 1, '', 0),
(462, 45, 0, '85544487432', '9CF4572F96206FDD', '500.00', 0, 1, '', 0),
(463, 45, 0, '77857343663', '18A4122AEB29FF54', '500.00', 0, 1, '', 0),
(464, 45, 0, '53144165842', 'DF517944353DFD8C', '500.00', 0, 1, '', 0),
(465, 45, 0, '95262168217', '6FB88A98123C0169', '500.00', 0, 1, '', 0),
(466, 45, 0, '73838235794', '48BF8B8B1F832154', '500.00', 0, 1, '', 0),
(467, 45, 0, '19256694412', 'B76B14E207D826E1', '500.00', 0, 1, '', 0),
(468, 45, 0, '14788551473', '1E5A8FDE6403573C', '500.00', 0, 1, '', 0),
(469, 45, 0, '23234568998', '6636A63433B1CB2F', '500.00', 0, 1, '', 0),
(470, 45, 0, '57158158993', '813B698209CF9387', '500.00', 0, 1, '', 0),
(471, 45, 0, '68339981224', '3E19B630E37E32F4', '500.00', 0, 1, '', 0),
(472, 45, 0, '77439948538', '19CE7DA957EE334E', '500.00', 0, 1, '', 0),
(473, 45, 0, '12872764161', '7FCF99B78D31A02E', '500.00', 0, 1, '', 0),
(474, 45, 0, '87732166271', 'A60ECC4D42C9A54B', '500.00', 0, 1, '', 0),
(475, 45, 0, '97451682757', 'C3856E222B56E29F', '500.00', 0, 1, '', 0),
(476, 45, 0, '21525426238', 'D5D9C7CF754E8C96', '500.00', 0, 1, '', 0),
(477, 45, 0, '34962546988', '094C719201E34C82', '500.00', 0, 1, '', 0),
(478, 45, 0, '36951324217', '6AE5F27B8A673518', '500.00', 0, 1, '', 0),
(479, 45, 0, '18593869297', '74E1F698591F445A', '500.00', 0, 1, '', 0),
(480, 45, 0, '83337619868', '459AF12DB43670B1', '500.00', 0, 1, '', 0),
(481, 45, 0, '22142481495', 'A7B4FCD634EB8815', '500.00', 0, 1, '', 0),
(482, 45, 0, '41885288749', 'DD4C7B5FDAB40E36', '500.00', 0, 1, '', 0),
(483, 45, 0, '84565622287', '2F91601A935FC952', '500.00', 0, 1, '', 0),
(484, 45, 0, '97338436365', 'C3FC73BC61A66510', '500.00', 0, 1, '', 0),
(485, 45, 0, '44544235141', '286E52A1439511BE', '500.00', 0, 1, '', 0),
(486, 45, 0, '62774795789', 'BB8A36C808B0633E', '500.00', 0, 1, '', 0),
(487, 45, 0, '39167832737', '5E83ADC451CFC68E', '500.00', 0, 1, '', 0),
(488, 45, 0, '95427595673', 'B8C65C4673FA76E6', '500.00', 0, 1, '', 0),
(489, 45, 0, '94892965468', '2D94B2E7322269BA', '500.00', 0, 1, '', 0),
(490, 45, 0, '15342199228', '8A5132AE578479DD', '500.00', 0, 1, '', 0),
(491, 45, 0, '23435765839', '8F97A8B44600935B', '500.00', 0, 1, '', 0),
(492, 45, 0, '23344719817', 'D6120142F160C89D', '500.00', 0, 1, '', 0),
(493, 45, 0, '89755671163', '67C4277FB7530EB4', '500.00', 0, 1, '', 0),
(494, 45, 0, '52882232387', '193872AC084DC535', '500.00', 0, 1, '', 0),
(495, 45, 0, '98188657733', '3261AD962952820E', '500.00', 0, 1, '', 0),
(496, 45, 0, '97149799322', '8AC2748D9FECD54D', '500.00', 0, 1, '', 0),
(497, 45, 0, '15944384166', '538132EBC96FB263', '500.00', 0, 1, '', 0),
(498, 45, 0, '56314975242', '4A5E010545835D6E', '500.00', 0, 1, '', 0),
(499, 45, 0, '75874222333', 'D8F5CD66C5FA5C02', '500.00', 0, 1, '', 0),
(500, 45, 0, '52812995873', '754D19B845CAB223', '500.00', 0, 1, '', 0),
(501, 45, 0, '72215173284', 'EDC43418FD5C85DD', '500.00', 0, 1, '', 0),
(502, 45, 0, '68768961334', '9ED87F73D45F1737', '500.00', 0, 1, '', 0),
(503, 45, 0, '95391653152', 'EEE898A3ACEEE540', '500.00', 0, 1, '', 0),
(504, 45, 0, '33843364412', '9C22067CEE2FE352', '500.00', 0, 1, '', 0),
(505, 45, 0, '35818352124', 'FC212992190E932F', '500.00', 0, 1, '', 0),
(506, 45, 0, '14396223716', 'E5DD8EACFA7494CD', '500.00', 0, 1, '', 0),
(507, 45, 0, '55981367996', '3F5DA700C326054C', '500.00', 0, 1, '', 0),
(508, 45, 0, '44733439321', '16FF49A4E0065857', '500.00', 0, 1, '', 0),
(509, 45, 0, '17511858737', '6DDAF4EB172B0694', '500.00', 0, 1, '', 0),
(510, 45, 0, '51387218517', '206573914DEE9E43', '500.00', 0, 1, '', 0),
(511, 45, 0, '76719512677', 'F7E412055136983E', '500.00', 0, 1, '', 0),
(512, 45, 0, '13455756529', '23F02FB4E60768FC', '500.00', 0, 1, '', 0),
(513, 45, 0, '67738268945', 'E8DC0761886ED880', '500.00', 0, 1, '', 0),
(514, 45, 0, '96672137677', '2A9DAB404DABA522', '500.00', 0, 1, '', 0),
(515, 45, 0, '73995738583', '20A08B5550004848', '500.00', 0, 1, '', 0),
(516, 45, 0, '89241333514', 'EFE6F187A3B0FBB9', '500.00', 0, 1, '', 0),
(517, 45, 0, '19319169912', 'F07E7B746CB18203', '500.00', 0, 1, '', 0),
(518, 45, 0, '61393424964', '786CC67126B031B2', '500.00', 0, 1, '', 0),
(519, 45, 0, '73424765317', 'FC85CD46E00F4E4B', '500.00', 0, 1, '', 0),
(520, 45, 0, '55293892754', '1B646B301C2A2350', '500.00', 0, 1, '', 0),
(521, 45, 0, '14135347425', '9873F8F14F2D18B3', '500.00', 0, 1, '', 0),
(522, 45, 0, '78528469432', '73AA1A4D90D05D27', '500.00', 0, 1, '', 0),
(523, 45, 0, '84265357262', '7938FF36B6F0FAB7', '500.00', 0, 1, '', 0),
(524, 45, 0, '65897557385', 'ED6A18F55B7F270B', '500.00', 0, 1, '', 0),
(525, 45, 0, '67224211836', '8F22A29A8812A2A1', '500.00', 0, 1, '', 0),
(526, 45, 0, '92297237887', '1195D63DB9280FB1', '500.00', 0, 1, '', 0),
(527, 45, 0, '63314875842', '28B5E7CC28DBB5A2', '500.00', 0, 1, '', 0),
(528, 45, 0, '72432558215', '757E05E33009CF0B', '500.00', 0, 1, '', 0),
(529, 45, 0, '51523358763', 'D7BDED3E7BD82146', '500.00', 0, 1, '', 0),
(530, 45, 0, '34496686295', 'EB573B16B7956A9F', '500.00', 0, 1, '', 0),
(531, 45, 0, '37325715581', '7171F05A4462046D', '500.00', 0, 1, '', 0),
(532, 45, 0, '24458743552', '2162DCA32034FAD0', '500.00', 0, 1, '', 0),
(533, 45, 0, '99111654542', '7657A2A76E277658', '500.00', 0, 1, '', 0),
(534, 45, 0, '47342518557', '652D5DA739D32AE6', '500.00', 0, 1, '', 0),
(535, 45, 0, '52863228897', 'D6CBCCD1388464DB', '500.00', 0, 1, '', 0),
(536, 45, 0, '61334318465', '01FFED8077B7C1D5', '500.00', 0, 1, '', 0),
(537, 45, 0, '69891592225', 'AD0FF8402E1A77D5', '500.00', 0, 1, '', 0),
(538, 45, 0, '53858381916', '6630235547C71167', '500.00', 0, 1, '', 0),
(539, 45, 0, '35811262417', '90CD5FE7F6BC854C', '500.00', 0, 1, '', 0),
(540, 45, 0, '49782779168', 'A8B15348D89BA7F5', '500.00', 0, 1, '', 0),
(541, 45, 0, '14124674145', '59DBD28CD0EAEE01', '500.00', 0, 1, '', 0),
(542, 45, 0, '69771796969', 'E03BE3DB5FDFEBB8', '500.00', 0, 1, '', 0),
(543, 45, 0, '86112587846', '41F0E18793F5551F', '500.00', 0, 1, '', 0),
(544, 45, 0, '75586654857', '7ABE5BC00F60656C', '500.00', 0, 1, '', 0),
(545, 45, 0, '85914299711', '431B0A24E7759C9D', '500.00', 0, 1, '', 0),
(546, 45, 0, '91725593267', '5F14EE5B9A1ED8CA', '500.00', 0, 1, '', 0),
(547, 45, 0, '22376641488', '4B207A4240911BFA', '500.00', 0, 1, '', 0),
(548, 45, 0, '49121178754', 'CA52FFD59918EBAE', '500.00', 0, 1, '', 0),
(549, 45, 0, '45237194742', '18AC6BB5B79D5169', '500.00', 0, 1, '', 0),
(550, 45, 0, '13748449897', '8559BBC371699050', '500.00', 0, 1, '', 0),
(551, 45, 0, '73332791621', '946B93ADC6D437F8', '500.00', 0, 1, '', 0),
(552, 45, 0, '45744453978', '5B7728BD00FD5790', '500.00', 0, 1, '', 0),
(553, 45, 0, '47748439531', '6E6048D38818B5A3', '500.00', 0, 1, '', 0),
(554, 45, 0, '56744439925', '05939D5E8D71A437', '500.00', 0, 1, '', 0),
(555, 45, 0, '24234357341', 'C5D1AB981F39980A', '500.00', 0, 1, '', 0),
(556, 45, 0, '97798163762', 'D94DB6671B45A1CF', '500.00', 0, 1, '', 0),
(557, 45, 0, '66648493162', 'A999FAC24EFB5EB6', '500.00', 0, 1, '', 0),
(558, 45, 0, '75321762125', '95B462F9018F0286', '500.00', 0, 1, '', 0),
(559, 45, 0, '32819542853', '80F0896A15453178', '500.00', 0, 1, '', 0),
(560, 45, 0, '43747189992', '9BD1EC9E7C15B78D', '500.00', 0, 1, '', 0),
(561, 45, 0, '59484644298', 'EC56B3092013035E', '500.00', 0, 1, '', 0),
(562, 45, 0, '29828687534', 'AB241891A6B26837', '500.00', 0, 1, '', 0),
(563, 45, 0, '45351599456', 'DF7D5A14AE45CD1E', '500.00', 0, 1, '', 0),
(564, 45, 0, '17336185852', 'B63C711310A9DAB1', '500.00', 0, 1, '', 0),
(565, 45, 0, '54395981165', '2E7CB6A67DA05BBE', '500.00', 0, 1, '', 0),
(566, 45, 0, '73195374228', '81CD478D9BAD1B26', '500.00', 0, 1, '', 0),
(567, 45, 0, '66144544559', '0D4053299D51011E', '500.00', 0, 1, '', 0),
(568, 45, 0, '11679474314', '1FAF66C4011E311D', '500.00', 0, 1, '', 0),
(569, 45, 0, '36631164391', '211A7185E3AA3F6E', '500.00', 0, 1, '', 0),
(570, 45, 0, '35858953523', 'D1110E41F800A012', '500.00', 0, 1, '', 0),
(571, 45, 0, '47485844114', 'A15D8FA16434BE34', '500.00', 0, 1, '', 0),
(572, 45, 0, '64381419472', '878DE0E44E515674', '500.00', 0, 1, '', 0),
(573, 45, 0, '61724487432', '452AAAC2F3A44FF1', '500.00', 0, 1, '', 0),
(574, 45, 0, '96263732968', '6924D1DBE9A13AAA', '500.00', 0, 1, '', 0),
(575, 45, 0, '46429752629', '60B9C195BB5C15FD', '500.00', 0, 1, '', 0),
(576, 45, 0, '79662354253', '80D6348686359CF4', '500.00', 0, 1, '', 0),
(577, 45, 0, '47234949348', '8FDB8C9091FFA4D5', '500.00', 0, 1, '', 0),
(578, 45, 0, '81266356956', 'C83FAF00B29CEDCF', '500.00', 0, 1, '', 0),
(579, 45, 0, '76198887963', '4362A3D95E7BAFD5', '500.00', 0, 1, '', 0),
(580, 45, 0, '45926281549', '6A3FF25917FB5976', '500.00', 0, 1, '', 0),
(581, 45, 0, '45514666384', '14A6992986C303E2', '500.00', 0, 1, '', 0),
(582, 45, 0, '61159772942', 'CF3B3D2066BE6D3F', '500.00', 0, 1, '', 0),
(583, 45, 0, '97985895227', '4AB98C311CACAAA9', '500.00', 0, 1, '', 0),
(584, 45, 0, '39764773455', 'B5455C924B9527AD', '500.00', 0, 1, '', 0),
(585, 45, 0, '25352438458', 'A34CFC88E0A96978', '500.00', 0, 1, '', 0),
(586, 45, 0, '84299221461', '764C8AE9ABCCCF27', '500.00', 0, 1, '', 0),
(587, 45, 0, '29535627151', '555FA35936D4AD2E', '500.00', 0, 1, '', 0),
(588, 45, 0, '84131196733', '3E528E31311E070E', '500.00', 0, 1, '', 0),
(589, 45, 0, '29126656971', '58E428983C634AA9', '500.00', 0, 1, '', 0),
(590, 45, 0, '16314759481', '5620B33D72097BD0', '500.00', 0, 1, '', 0),
(591, 45, 0, '84235177225', 'AD49DC9752F99789', '500.00', 0, 1, '', 0),
(592, 45, 0, '86256258746', 'FA8B86FC143F1F92', '500.00', 0, 1, '', 0),
(593, 45, 0, '95232962248', '00B52328154CE4FB', '500.00', 0, 1, '', 0),
(594, 45, 0, '93556122693', 'A21B201A69B1C6C9', '500.00', 0, 1, '', 0),
(595, 45, 0, '65832975318', '91A6733E6E087663', '500.00', 0, 1, '', 0),
(596, 45, 0, '42488366933', '6B7F0C435D7D56AC', '500.00', 0, 1, '', 0),
(597, 45, 0, '29521148936', '06611B469750CAFD', '500.00', 0, 1, '', 0),
(598, 45, 0, '76832654634', '4C13A1DD5341B120', '500.00', 0, 1, '', 0),
(599, 45, 0, '86525468797', 'EB6BA22A3D6A58A5', '500.00', 0, 1, '', 0),
(600, 45, 0, '53342531139', '6261B60206A73018', '500.00', 0, 1, '', 0),
(601, 45, 0, '89638668357', '93C4FE41F37B94E2', '500.00', 0, 1, '', 0),
(602, 45, 0, '12445427148', 'AE02712B745B6292', '500.00', 0, 1, '', 0),
(603, 45, 0, '84659289386', '8F052F96ADB1F973', '500.00', 0, 1, '', 0),
(604, 45, 0, '77648729764', '2207A54509AEDE97', '500.00', 0, 1, '', 0),
(605, 45, 0, '47627377735', 'C0A0E1E786F5A218', '500.00', 0, 1, '', 0),
(606, 45, 0, '59435386873', 'A48F08CAF3451F0D', '500.00', 0, 1, '', 0),
(607, 45, 0, '26823458157', 'E5A41C916C37467F', '500.00', 0, 1, '', 0),
(608, 45, 0, '53115395229', 'DDB3E87A38D0AA92', '500.00', 0, 1, '', 0),
(609, 45, 0, '77177468944', '2B432FD7552AE8EA', '500.00', 0, 1, '', 0),
(610, 45, 0, '62111536224', 'A23B8B4A2F9D887A', '500.00', 0, 1, '', 0),
(611, 45, 0, '91392818614', '9ACF73E8FD454A4F', '500.00', 0, 1, '', 0),
(612, 45, 0, '42577534525', '48E7C46927953761', '500.00', 0, 1, '', 0),
(613, 45, 0, '94566825364', 'D8ADF1401C814287', '500.00', 0, 1, '', 0),
(614, 45, 0, '87969289237', '1F8B070959B5E5AE', '500.00', 0, 1, '', 0),
(615, 45, 0, '88571359662', '13C5A7A1A0AB83EA', '500.00', 0, 1, '', 0),
(616, 45, 0, '44257485875', 'A4D950F20EC7DEEE', '500.00', 0, 1, '', 0),
(617, 45, 0, '77471253569', '2541C6F42DFE5210', '500.00', 0, 1, '', 0),
(618, 45, 0, '55957312954', '5963D83F39DAC7D8', '500.00', 0, 1, '', 0),
(619, 45, 0, '61865217743', '7A801A2E96BEE2CF', '500.00', 0, 1, '', 0),
(620, 45, 0, '92313362118', 'A152BD61132E8106', '500.00', 0, 1, '', 0),
(621, 45, 0, '34345282451', '04D446EDB701A9FF', '500.00', 0, 1, '', 0),
(622, 45, 0, '91123241146', 'E2E4D1D65C572FD9', '500.00', 0, 1, '', 0),
(623, 45, 0, '74685815455', 'D1E9CE873D114C93', '500.00', 0, 1, '', 0),
(624, 45, 0, '64585577296', '168A9F9C350ACAD0', '500.00', 0, 1, '', 0),
(625, 45, 0, '57714357546', 'E4B08ECA045C893C', '500.00', 0, 1, '', 0),
(626, 45, 0, '76225651181', '41911A05ABC76691', '500.00', 0, 1, '', 0),
(627, 45, 0, '96537111667', 'FF2AC3264ACE4A49', '500.00', 0, 1, '', 0),
(628, 45, 0, '49898219836', 'DD1B2B3E004CD4B0', '500.00', 0, 1, '', 0),
(629, 45, 0, '68691923844', '62AEDAE33CBCE9FC', '500.00', 0, 1, '', 0),
(630, 45, 0, '63997657111', '3155DF663A10E02C', '500.00', 0, 1, '', 0),
(631, 45, 0, '51655337344', '1A0966265D68397C', '500.00', 0, 1, '', 0),
(632, 45, 0, '22269937179', '87AC6DAC5E857A1F', '500.00', 0, 1, '', 0),
(633, 45, 0, '37173823665', '4C9EEC49C0DCA0F7', '500.00', 0, 1, '', 0),
(634, 45, 0, '41745865556', '197D1D113B3BFD43', '500.00', 0, 1, '', 0),
(635, 45, 0, '57961223527', '0DA1AEDA1C67DF9B', '500.00', 0, 1, '', 0),
(636, 45, 0, '88615421757', '47C3492567C37CF4', '500.00', 0, 1, '', 0),
(637, 45, 0, '83852772233', '05B476AEB79245A4', '500.00', 0, 1, '', 0),
(638, 45, 0, '17344568498', '0A965296B40ED225', '500.00', 0, 1, '', 0),
(639, 45, 0, '23144574719', '79256B989D093B4A', '500.00', 0, 1, '', 0),
(640, 45, 0, '94891147416', '66B76CCD8CEFFE68', '500.00', 0, 1, '', 0),
(641, 45, 0, '56317835249', 'A9E89642572F13EB', '500.00', 0, 1, '', 0),
(642, 45, 0, '58445796587', '31E6C7074F742748', '500.00', 0, 1, '', 0),
(643, 45, 0, '76543997956', 'E01BCB00AF6DD857', '500.00', 0, 1, '', 0),
(644, 45, 0, '56421133777', '3E25D88DFDF16EB5', '500.00', 0, 1, '', 0),
(645, 45, 0, '99657916236', '3CDC1C8192CCB947', '500.00', 0, 1, '', 0),
(646, 45, 0, '76331731639', '928529F5F554D8F4', '500.00', 0, 1, '', 0),
(647, 45, 0, '53878578118', '6AA1EE0A9828E192', '500.00', 0, 1, '', 0),
(648, 45, 0, '28253918647', '69D421CCDA99ECB6', '500.00', 0, 1, '', 0),
(649, 45, 0, '46596742442', 'B381AC3E11024DBF', '500.00', 0, 1, '', 0),
(650, 45, 0, '18847131452', '77A40F126F6263B4', '500.00', 0, 1, '', 0),
(651, 45, 0, '26792943841', '2A452D3D09F72B84', '500.00', 0, 1, '', 0),
(652, 45, 0, '32877759784', '2D07CA7189C3F325', '500.00', 0, 1, '', 0),
(653, 45, 0, '71249988715', 'A98BABEB202F4858', '500.00', 0, 1, '', 0),
(654, 45, 0, '19667159628', '9A5CADBE9519FB45', '500.00', 0, 1, '', 0),
(655, 45, 0, '36459562243', '566A107EF00B5D3E', '500.00', 0, 1, '', 0),
(656, 45, 0, '94771825277', '9F1FE02288B873AA', '500.00', 0, 1, '', 0),
(657, 45, 0, '94583788143', '754169497F0CA7DD', '500.00', 0, 1, '', 0),
(658, 45, 0, '18337734397', '239168AACD12E51B', '500.00', 0, 1, '', 0),
(659, 45, 0, '82296848863', '284620FB821F3496', '500.00', 0, 1, '', 0),
(660, 45, 0, '49174516787', '19968C787EA5E94D', '500.00', 0, 1, '', 0),
(661, 45, 0, '79651515543', 'FCF407485D66A8B1', '500.00', 0, 1, '', 0),
(662, 45, 0, '69334578827', '9C68A6BCA5BA6A34', '500.00', 0, 1, '', 0),
(663, 45, 0, '81111179153', '9A77E74019466571', '500.00', 0, 1, '', 0),
(664, 45, 0, '74973631881', '79CD9B37E1C528E5', '500.00', 0, 1, '', 0),
(665, 45, 0, '93932917994', '1F5534CBE0C13239', '500.00', 0, 1, '', 0),
(666, 45, 0, '85837831385', 'AEEEAA009FDAA716', '500.00', 0, 1, '', 0),
(667, 45, 0, '26294435316', 'FEBB5F26D5C4C5C4', '500.00', 0, 1, '', 0),
(668, 45, 0, '62314741774', '5E0938E59E9121A6', '500.00', 0, 1, '', 0),
(669, 45, 0, '71519951411', '3770280EB2CE1072', '500.00', 0, 1, '', 0),
(670, 45, 0, '74626982293', '1A1DFE58FAAEBEDC', '500.00', 0, 1, '', 0),
(671, 45, 0, '74475285931', 'C8333D3BCAF0DE56', '500.00', 0, 1, '', 0),
(672, 45, 0, '21353125677', '9F0912D05340ED38', '500.00', 0, 1, '', 0),
(673, 45, 0, '37394586738', '3EA0E8429E127CEF', '500.00', 0, 1, '', 0),
(674, 45, 0, '65774155944', 'B1BC7769A426DADE', '500.00', 0, 1, '', 0),
(675, 45, 0, '81316861812', '57885919E92FC0D4', '500.00', 0, 1, '', 0),
(676, 45, 0, '36151327452', '2DFA9FD469653672', '500.00', 0, 1, '', 0),
(677, 45, 0, '67266668819', 'ED5B9A899EC26DEE', '500.00', 0, 1, '', 0),
(678, 45, 0, '77291478617', 'E3D5F68A837877E2', '500.00', 0, 1, '', 0),
(679, 45, 0, '31856494741', '6756974F97FF7629', '500.00', 0, 1, '', 0),
(680, 45, 0, '76761549946', '85B919D1030B0218', '500.00', 0, 1, '', 0),
(681, 45, 0, '16647814991', '736C3C2484B52FCC', '500.00', 0, 1, '', 0),
(682, 45, 0, '19318497744', 'DC9196A51C847106', '500.00', 0, 1, '', 0),
(683, 45, 0, '48445667228', 'D5560E27B003FC2F', '500.00', 0, 1, '', 0),
(684, 45, 0, '67981696367', '42AA11BCC5B9E193', '500.00', 0, 1, '', 0),
(685, 45, 0, '99748356943', '3BF429B3FD36770A', '500.00', 0, 1, '', 0),
(686, 45, 0, '68839292675', '80796AC291F88AE7', '500.00', 0, 1, '', 0),
(687, 45, 0, '88118643229', 'F08F10F56304D5CE', '500.00', 0, 1, '', 0),
(688, 45, 0, '52147928946', 'B22DD6E40C6BEE72', '500.00', 0, 1, '', 0),
(689, 45, 0, '36588879715', 'EBB14844A9FD6B32', '500.00', 0, 1, '', 0),
(690, 45, 0, '79465437214', '294E92CF70D6B396', '500.00', 0, 1, '', 0),
(691, 45, 0, '62468181619', '48EA09AF4424EB5B', '500.00', 0, 1, '', 0),
(692, 45, 0, '83583714446', 'E6E2ECB21AA67719', '500.00', 0, 1, '', 0),
(693, 45, 0, '76428566973', 'E8A03DBEBEA0BE62', '500.00', 0, 1, '', 0),
(694, 45, 0, '55598243966', 'FA3F199634C365F7', '500.00', 0, 1, '', 0),
(695, 45, 0, '32699289445', 'EE5C0BF573A24945', '500.00', 0, 1, '', 0),
(696, 45, 0, '84944255477', 'E220E55D4A2D0F47', '500.00', 0, 1, '', 0),
(697, 45, 0, '57186244971', 'AD3579DA9C656DCA', '500.00', 0, 1, '', 0),
(698, 45, 0, '91827891323', 'FF5C6C26B3C8FBFE', '500.00', 0, 1, '', 0),
(699, 45, 0, '32516933116', '9AD0C5065CF79D00', '500.00', 0, 1, '', 0),
(700, 45, 0, '71496346217', '90A3A386CB141A0B', '500.00', 0, 1, '', 0),
(701, 45, 0, '49743519986', '72CDEE3ABC804F7D', '500.00', 0, 1, '', 0),
(702, 45, 0, '51318967699', '1BF6D5153086A1C1', '500.00', 0, 1, '', 0),
(703, 45, 0, '95519714537', '161EB32DE11BDB6D', '500.00', 0, 1, '', 0),
(704, 45, 0, '83532551499', 'B5DE5669BE07A831', '500.00', 0, 1, '', 0),
(705, 45, 0, '89562221371', '962B12CE8806D88D', '500.00', 0, 1, '', 0),
(706, 45, 0, '84114571147', 'BDE4DF2627FBB435', '500.00', 0, 1, '', 0),
(707, 45, 0, '31895598438', 'E0F963026A22E627', '500.00', 0, 1, '', 0),
(708, 45, 0, '55233442954', '6F45EB4373A51E0B', '500.00', 0, 1, '', 0),
(709, 45, 0, '69943722671', '5218EE361CBBF472', '500.00', 0, 1, '', 0),
(710, 45, 0, '52286952456', 'AAAEFB1ED3FD9A88', '500.00', 0, 1, '', 0),
(711, 45, 0, '69359652368', 'F06B13129A4DDA45', '500.00', 0, 1, '', 0),
(712, 45, 0, '77497118577', '0971CAD2B94151F6', '500.00', 0, 1, '', 0),
(713, 45, 0, '84816579283', '548CEB4F2A3CC1F1', '500.00', 0, 1, '', 0);
INSERT INTO `donkey_card_use` (`card_use_id`, `card_id`, `user_id`, `number`, `password`, `money`, `is_active`, `is_invalid`, `remark`, `active_time`) VALUES
(714, 45, 0, '77873328924', '1748B2086A0C4557', '500.00', 0, 1, '', 0),
(715, 45, 0, '99177748233', 'D02CC50E117E20F3', '500.00', 0, 1, '', 0),
(716, 45, 0, '47154581832', '974E38C58B8C07EC', '500.00', 0, 1, '', 0),
(717, 45, 0, '15125733626', '66CCC39464F7E068', '500.00', 0, 1, '', 0),
(718, 45, 0, '33815876327', '6F90E2828C415EA8', '500.00', 0, 1, '', 0),
(719, 45, 0, '49256815381', '8818D08A495FB502', '500.00', 0, 1, '', 0),
(720, 45, 0, '28439118878', '7A10737C299284C2', '500.00', 0, 1, '', 0),
(721, 45, 0, '21621325499', '3833A264A3C4CD23', '500.00', 0, 1, '', 0),
(722, 45, 0, '17997544561', 'BF1A2F9B40B814E4', '500.00', 0, 1, '', 0),
(723, 45, 0, '15291479679', 'CECF403C9116C983', '500.00', 0, 1, '', 0),
(724, 45, 0, '98821557687', 'B3260AC93086B42C', '500.00', 0, 1, '', 0),
(725, 45, 0, '62495184514', 'D5E34DD9FD832CE3', '500.00', 0, 1, '', 0),
(726, 45, 0, '68197942925', 'BC4EA96D76BBAD5E', '500.00', 0, 1, '', 0),
(727, 45, 0, '98628538774', 'B999624497520379', '500.00', 0, 1, '', 0),
(728, 45, 0, '62172619517', '6417054203250DD1', '500.00', 0, 1, '', 0),
(729, 45, 0, '15585764218', 'A11CA0614383949E', '500.00', 0, 1, '', 0),
(730, 45, 0, '54816751478', '3FB05E94E99E8CE9', '500.00', 0, 1, '', 0),
(731, 45, 0, '29778457797', '7835EA844A430B26', '500.00', 0, 1, '', 0),
(732, 45, 0, '23213365242', 'EC701D466A7C1114', '500.00', 0, 1, '', 0),
(733, 45, 0, '31969511942', 'CCCFB2FACD42707D', '500.00', 0, 1, '', 0),
(734, 45, 0, '99867897237', '628BDC80CB03B223', '500.00', 0, 1, '', 0),
(735, 45, 0, '85962213549', '1ED79AAD5A71A600', '500.00', 0, 1, '', 0),
(736, 45, 0, '54128647761', '6B909E6FA3994635', '500.00', 0, 1, '', 0),
(737, 45, 0, '66738618725', '3352D016D02B1BBA', '500.00', 0, 1, '', 0),
(738, 45, 0, '13738531757', 'E47A91B484D74FFD', '500.00', 0, 1, '', 0),
(739, 45, 0, '36962187998', '3DB6FC6311BB59FA', '500.00', 0, 1, '', 0),
(740, 45, 0, '85688645294', 'FFA28EBEDB44FC4E', '500.00', 0, 1, '', 0),
(741, 45, 0, '38183312411', '770B732AF0214113', '500.00', 0, 1, '', 0),
(742, 45, 0, '49647961368', '45895AD31128F597', '500.00', 0, 1, '', 0),
(743, 45, 0, '81715412987', '26415ECF6F25DBA3', '500.00', 0, 1, '', 0),
(744, 45, 0, '24951341687', 'A3681DF0A6BFF025', '500.00', 0, 1, '', 0),
(745, 45, 0, '39941613579', '682E9EAB690A34E6', '500.00', 0, 1, '', 0),
(746, 45, 0, '69852992134', 'AC04329CE34F0CE5', '500.00', 0, 1, '', 0),
(747, 45, 0, '44152998434', '5A5BEA5D08CE7CB0', '500.00', 0, 1, '', 0),
(748, 45, 0, '22793981571', '2775224EF86CCF42', '500.00', 0, 1, '', 0),
(749, 45, 0, '55183382189', '53C86832EB24E43D', '500.00', 0, 1, '', 0),
(750, 45, 0, '69313554511', 'AF2C44ACE39F5A52', '500.00', 0, 1, '', 0),
(751, 45, 0, '38945985781', '7C36A8F6E74DE625', '500.00', 0, 1, '', 0),
(752, 45, 0, '22299142887', '3C5183BA62DB01C7', '500.00', 0, 1, '', 0),
(753, 45, 0, '36844512963', 'EB3A90A14844AAEF', '500.00', 0, 1, '', 0),
(754, 45, 0, '63816147393', '41F5DA4621781CDE', '500.00', 0, 1, '', 0),
(755, 45, 0, '18851399877', 'E78EC81D029ABE8F', '500.00', 0, 1, '', 0),
(756, 45, 0, '99418846132', '27F50D2F5554D348', '500.00', 0, 1, '', 0),
(757, 45, 0, '83823965347', '5C2A6792F9E153FB', '500.00', 0, 1, '', 0),
(758, 45, 0, '81398442756', '27D01CE0486C6DBC', '500.00', 0, 1, '', 0),
(759, 45, 0, '78587186778', 'FDDD19D172B0214C', '500.00', 0, 1, '', 0),
(760, 45, 0, '36599447839', 'A2BC5CD159324A7D', '500.00', 0, 1, '', 0),
(761, 45, 0, '36567284441', '08B45898FD442C91', '500.00', 0, 1, '', 0),
(762, 45, 0, '46639255337', 'AE08AC5D28741181', '500.00', 0, 1, '', 0),
(763, 45, 0, '95879333653', '9CA1EA0750A64742', '500.00', 0, 1, '', 0),
(764, 45, 0, '39646949573', '32ECB0E12752F9AD', '500.00', 0, 1, '', 0),
(765, 45, 0, '61712215237', '89C99E8D973D0349', '500.00', 0, 1, '', 0),
(766, 45, 0, '47626771567', '2D6B1CBF8EA99C74', '500.00', 0, 1, '', 0),
(767, 45, 0, '48975443843', '72760A1A27FD0674', '500.00', 0, 1, '', 0),
(768, 45, 0, '81332555936', '4BD762B59421E7FB', '500.00', 0, 1, '', 0),
(769, 45, 0, '32111458888', 'DE2DA145EFD102D3', '500.00', 0, 1, '', 0),
(770, 45, 0, '58612236961', '094990E4C68C9463', '500.00', 0, 1, '', 0),
(771, 45, 0, '97697118754', '7F14ADAEBB96410C', '500.00', 0, 1, '', 0),
(772, 45, 0, '91771599364', 'AE4860733EC0006C', '500.00', 0, 1, '', 0),
(773, 45, 0, '12352565664', '10BF25B283661502', '500.00', 0, 1, '', 0),
(774, 45, 0, '84877176598', 'FD51520CB715FA5C', '500.00', 0, 1, '', 0),
(775, 45, 0, '36291673345', 'B3D91C6CF4078929', '500.00', 0, 1, '', 0),
(776, 45, 0, '79167915434', '30FC1F6638E45D71', '500.00', 0, 1, '', 0),
(777, 45, 0, '84795579697', '15F8360806489C54', '500.00', 0, 1, '', 0),
(778, 45, 0, '28129494164', '1205F5A0D83BD6DD', '500.00', 0, 1, '', 0),
(779, 45, 0, '66821183465', 'AA2B053D2D13F43A', '500.00', 0, 1, '', 0),
(780, 45, 0, '97925779228', '26B11418F29C1F6A', '500.00', 0, 1, '', 0),
(781, 45, 0, '63387355156', '7013C647883FBB6F', '500.00', 0, 1, '', 0),
(782, 45, 0, '56741252412', 'F041BCB3FA933859', '500.00', 0, 1, '', 0),
(783, 45, 0, '37442455657', '2E942734A2A01D51', '500.00', 0, 1, '', 0),
(784, 45, 0, '98184194522', '64F50E8512AC4BC8', '500.00', 0, 1, '', 0),
(785, 45, 0, '55136865958', 'C210932584929052', '500.00', 0, 1, '', 0),
(786, 45, 0, '81795388856', '0F06F288890DEDB1', '500.00', 0, 1, '', 0),
(787, 45, 0, '49559913219', 'C91E578A3E31CABC', '500.00', 0, 1, '', 0),
(788, 45, 0, '15921714863', 'DE36B3279E06F175', '500.00', 0, 1, '', 0),
(789, 45, 0, '28114835851', '8F1E827A8221A9DC', '500.00', 0, 1, '', 0),
(790, 45, 0, '39216756164', '4461821F952E5DD9', '500.00', 0, 1, '', 0),
(791, 45, 0, '77764532572', '717D5F43F4DC4C38', '500.00', 0, 1, '', 0),
(792, 45, 0, '91578514554', '9E4DE48FB668931B', '500.00', 0, 1, '', 0),
(793, 45, 0, '11518552776', 'D2C796D3CCB46E3B', '500.00', 0, 1, '', 0),
(794, 45, 0, '18742315422', '508B8066E9A82C5B', '500.00', 0, 1, '', 0),
(795, 45, 0, '33625878462', 'F7FE88A3C2939EA1', '500.00', 0, 1, '', 0),
(796, 45, 0, '16379852487', 'ED7487D4DA37FE11', '500.00', 0, 1, '', 0),
(797, 45, 0, '37126767264', '2F881BB5A51A7EDA', '500.00', 0, 1, '', 0),
(798, 45, 0, '37783946172', '4F595BDE66438FEB', '500.00', 0, 1, '', 0),
(799, 45, 0, '37482972686', '1D395F34163DC857', '500.00', 0, 1, '', 0),
(800, 45, 0, '18788727398', '4065D3418AA73383', '500.00', 0, 1, '', 0),
(801, 45, 0, '33419634674', '84D12F3E8B3FE8ED', '500.00', 0, 1, '', 0),
(802, 45, 0, '95658922391', '5A56C8DD8367C0A1', '500.00', 0, 1, '', 0),
(803, 45, 0, '69774638643', '074F88438178C66D', '500.00', 0, 1, '', 0),
(804, 45, 0, '51893687111', 'E1551CBD9CD7078E', '500.00', 0, 1, '', 0),
(805, 45, 0, '46552943381', '92327E37B765FFA4', '500.00', 0, 1, '', 0),
(806, 45, 0, '79166788274', '2B73FFD1438A899D', '500.00', 0, 1, '', 0),
(807, 45, 0, '56942342294', '1D9CE388D5933B9C', '500.00', 0, 1, '', 0),
(808, 45, 0, '87566818233', '60997671D3356521', '500.00', 0, 1, '', 0),
(809, 45, 0, '35694458682', 'E3A83FC5EFDA8ED8', '500.00', 0, 1, '', 0),
(810, 45, 0, '55194539441', '5AB94DED9F8B4A8E', '500.00', 0, 1, '', 0),
(811, 45, 0, '73564678883', 'B56DFB3F3B70EF7E', '500.00', 0, 1, '', 0),
(812, 45, 0, '98991284517', 'CC8A28CF092D2FE3', '500.00', 0, 1, '', 0),
(813, 45, 0, '48698148641', 'CD428F6E6AC56265', '500.00', 0, 1, '', 0),
(814, 45, 0, '17631952448', 'EB34D7499DD7B418', '500.00', 0, 1, '', 0),
(815, 45, 0, '98954123137', '2F5D5760795C69A7', '500.00', 0, 1, '', 0),
(816, 45, 0, '81922621875', '6ED61C4DEA0E70A6', '500.00', 0, 1, '', 0),
(817, 45, 0, '96455233742', 'B2CD05F2E653F957', '500.00', 0, 1, '', 0),
(818, 45, 0, '61952926696', '081FB143C1EFDAB2', '500.00', 0, 1, '', 0),
(819, 45, 0, '64292135168', 'D58ADEECE768E060', '500.00', 0, 1, '', 0),
(820, 45, 0, '57511898334', 'CA1FD5FAFABB5CED', '500.00', 0, 1, '', 0),
(821, 45, 0, '86465412867', '1CBC93507CB367CC', '500.00', 0, 1, '', 0),
(822, 45, 0, '67361899913', 'F1FE4EDFA36F805E', '500.00', 0, 1, '', 0),
(823, 45, 0, '59983777514', 'F366E523D8158E67', '500.00', 0, 1, '', 0),
(824, 45, 0, '38234986347', 'B71F3B51543677D6', '500.00', 0, 1, '', 0),
(825, 45, 0, '26586358866', '8E985569CC262F9D', '500.00', 0, 1, '', 0),
(826, 45, 0, '68835257298', 'BD516216C5E91865', '500.00', 0, 1, '', 0),
(827, 45, 0, '66349251187', 'DCAA48C82DDE0E9A', '500.00', 0, 1, '', 0),
(828, 45, 0, '74175368972', '8ED893F859515CEA', '500.00', 0, 1, '', 0),
(829, 45, 0, '42293591218', '2D399384C8763975', '500.00', 0, 1, '', 0),
(830, 45, 0, '37476541474', '89789479B7D68D3C', '500.00', 0, 1, '', 0),
(831, 45, 0, '32863269437', 'B7D1103E1B7CF1E2', '500.00', 0, 1, '', 0),
(832, 45, 0, '47224373785', '6A9B188C8ABDC126', '500.00', 0, 1, '', 0),
(833, 45, 0, '45349288755', '7591466FF8442430', '500.00', 0, 1, '', 0),
(834, 45, 0, '96791839142', '5F9245F421279917', '500.00', 0, 1, '', 0),
(835, 45, 0, '81228737857', '16856423381C8927', '500.00', 0, 1, '', 0),
(836, 45, 0, '16249473358', '30143C104A526814', '500.00', 0, 1, '', 0),
(837, 45, 0, '61472626738', '09FF327451CB8D75', '500.00', 0, 1, '', 0),
(838, 45, 0, '84529788189', 'FBD157DB8DDCE6AF', '500.00', 0, 1, '', 0),
(839, 45, 0, '14938369239', 'D27788DCF0FB84C3', '500.00', 0, 1, '', 0),
(840, 45, 0, '59313655425', '067B5944477A79BC', '500.00', 0, 1, '', 0),
(841, 45, 0, '35817655635', 'BB594CD811E9A0FB', '500.00', 0, 1, '', 0),
(842, 45, 0, '12479548674', 'F4C09E77650B2D34', '500.00', 0, 1, '', 0),
(843, 45, 0, '44755329399', '36C14C49DEF89D25', '500.00', 0, 1, '', 0),
(844, 45, 0, '16845327431', 'CB89907C4BEB99B8', '500.00', 0, 1, '', 0),
(845, 45, 0, '62164218922', '26F0F3CF3CFAB73A', '500.00', 0, 1, '', 0),
(846, 45, 0, '94128542249', 'AA7E3D5F81B92C25', '500.00', 0, 1, '', 0),
(847, 45, 0, '68231878258', 'A3E16C68EA4BC0A0', '500.00', 0, 1, '', 0),
(848, 45, 0, '28192437218', '4A276E1FA839C546', '500.00', 0, 1, '', 0),
(849, 45, 0, '33593271821', '89EA672D5B9F7BFF', '500.00', 0, 1, '', 0),
(850, 45, 0, '17761946136', '65DFB8658047FD9C', '500.00', 0, 1, '', 0),
(851, 45, 0, '97836729965', 'F65457DCCF865D70', '500.00', 0, 1, '', 0),
(852, 45, 0, '76631166761', '5778DF7D3B1878A9', '500.00', 0, 1, '', 0),
(853, 45, 0, '17312541382', '9211446EF5A5A187', '500.00', 0, 1, '', 0),
(854, 45, 0, '42134672271', '5959C344C25FF49E', '500.00', 0, 1, '', 0),
(855, 45, 0, '18359611748', '13CFE5F67F80A610', '500.00', 0, 1, '', 0),
(856, 45, 0, '61485119312', '3880F15E2801B233', '500.00', 0, 1, '', 0),
(857, 45, 0, '74987471155', 'AEC3C8B91D73B583', '500.00', 0, 1, '', 0),
(858, 45, 0, '77741253685', '0BFECA99437E7754', '500.00', 0, 1, '', 0),
(859, 45, 0, '29957615862', 'EBC2FB2D16D3DE4A', '500.00', 0, 1, '', 0),
(860, 45, 0, '85758978416', '9F16B290EA614236', '500.00', 0, 1, '', 0),
(861, 45, 0, '53181127633', 'F7A5572E0AAA6D75', '500.00', 0, 1, '', 0),
(862, 45, 0, '44126527774', '51BA60D52F52ED4B', '500.00', 0, 1, '', 0),
(863, 45, 0, '21967268384', 'B270343622206E3B', '500.00', 0, 1, '', 0),
(864, 45, 0, '23319173852', '305DA25AAB2E3154', '500.00', 0, 1, '', 0),
(865, 45, 0, '65173782179', 'AA0CFED3B4DCB32B', '500.00', 0, 1, '', 0),
(866, 45, 0, '23361363859', '0DBA977CDB66A514', '500.00', 0, 1, '', 0),
(867, 45, 0, '11928564613', '47607463C005A2D9', '500.00', 0, 1, '', 0),
(868, 45, 0, '76797139649', 'BCFBFC3D8F3852F0', '500.00', 0, 1, '', 0),
(869, 45, 0, '31587319588', '11595B87F2E62150', '500.00', 0, 1, '', 0),
(870, 45, 0, '74898475367', '937C829FDC16D972', '500.00', 0, 1, '', 0),
(871, 45, 0, '19294796839', '2EC64F907B3B5A44', '500.00', 0, 1, '', 0),
(872, 45, 0, '88251416175', '220904C60B9B6AA9', '500.00', 0, 1, '', 0),
(873, 45, 0, '84324884236', 'D319AF11BE623ABD', '500.00', 0, 1, '', 0),
(874, 45, 0, '11272197917', '4654DCD4230A0594', '500.00', 0, 1, '', 0),
(875, 45, 0, '32933251975', '987115780B956062', '500.00', 0, 1, '', 0),
(876, 45, 0, '63799221837', 'A5DD886349F1EDC1', '500.00', 0, 1, '', 0),
(877, 45, 0, '13934832185', 'F1854E259023ECC9', '500.00', 0, 1, '', 0),
(878, 45, 0, '65125388368', 'B1174D065C5331D5', '500.00', 0, 1, '', 0),
(879, 45, 0, '62916987972', 'E2A33DA29EE7CAC2', '500.00', 0, 1, '', 0),
(880, 45, 0, '64611762862', '62E2F64E7BA84ED8', '500.00', 0, 1, '', 0),
(881, 45, 0, '98185914474', '0779AFBBD544BF7C', '500.00', 0, 1, '', 0),
(882, 45, 0, '16933565861', '90040BEC82755D23', '500.00', 0, 1, '', 0),
(883, 45, 0, '49995256687', '021D40513306500A', '500.00', 0, 1, '', 0),
(884, 45, 0, '39482455576', 'FDB9B199EB487065', '500.00', 0, 1, '', 0),
(885, 45, 0, '25245655821', '3B52BF30BFD15B86', '500.00', 0, 1, '', 0),
(886, 45, 0, '16235436667', '7BCDFF6C04895069', '500.00', 0, 1, '', 0),
(887, 45, 0, '58956391331', 'E1CA652B590EC4E0', '500.00', 0, 1, '', 0),
(888, 45, 0, '32771532137', 'B7DB34DE05F4C5BB', '500.00', 0, 1, '', 0),
(889, 45, 0, '13243867779', '4CDB191E99CD9D78', '500.00', 0, 1, '', 0),
(890, 45, 0, '49812267567', '8A3EB01FAD8C1C5C', '500.00', 0, 1, '', 0),
(891, 45, 0, '83887385915', '4F7FD0311F5C6104', '500.00', 0, 1, '', 0),
(892, 45, 0, '56986765917', '21555036A25DEB6B', '500.00', 0, 1, '', 0),
(893, 45, 0, '94321515267', '737B51E1157C254E', '500.00', 0, 1, '', 0),
(894, 45, 0, '41312559479', '1A4E6EB07443D95D', '500.00', 0, 1, '', 0),
(895, 45, 0, '17652968953', '48F1ABEADE22B001', '500.00', 0, 1, '', 0),
(896, 45, 0, '96269515185', '03E096537666DE37', '500.00', 0, 1, '', 0),
(897, 45, 0, '88773468253', 'FC17509FF8BAAC0D', '500.00', 0, 1, '', 0),
(898, 45, 0, '17134813466', '1B7E212B31494F4B', '500.00', 0, 1, '', 0),
(899, 45, 0, '49588216916', '8EF69D977AE2740B', '500.00', 0, 1, '', 0),
(900, 45, 0, '69381288183', 'AF345FC2A19A1416', '500.00', 0, 1, '', 0),
(901, 45, 0, '69328414696', 'C289DF1306B7BE37', '500.00', 0, 1, '', 0),
(902, 45, 0, '44589863755', 'DDB5AC90E1FAB726', '500.00', 0, 1, '', 0),
(903, 45, 0, '52752355793', '9D02CDC6DF927C0C', '500.00', 0, 1, '', 0),
(904, 45, 0, '17786513654', '7C0B8AE1B4E20901', '500.00', 0, 1, '', 0),
(905, 45, 0, '89389618168', 'C11B2E7323966746', '500.00', 0, 1, '', 0),
(906, 45, 0, '37724975932', 'ABD8BB117D1AD58F', '500.00', 0, 1, '', 0),
(907, 45, 0, '84113752613', '5FD0A7E267B15C83', '500.00', 0, 1, '', 0),
(908, 45, 0, '23688536421', 'E032C7FC1ACA3B22', '500.00', 0, 1, '', 0),
(909, 45, 0, '94637131353', 'E04760A5632B7CB7', '500.00', 0, 1, '', 0),
(910, 45, 0, '17267658979', '5FB9FD953C038B18', '500.00', 0, 1, '', 0),
(911, 45, 0, '57241164742', '0F297631FB4C6EBC', '500.00', 0, 1, '', 0),
(912, 45, 0, '87247973958', '4CCFBD757A025D1F', '500.00', 0, 1, '', 0),
(913, 45, 0, '57458863826', '8196A0BD0FF458A3', '500.00', 0, 1, '', 0),
(914, 45, 0, '74918174741', 'ED314AB3C7E2A3B2', '500.00', 0, 1, '', 0),
(915, 45, 0, '27585946292', 'AE90E3B408C83D0B', '500.00', 0, 1, '', 0),
(916, 45, 0, '37363945595', '3994BC3DAEDE23DA', '500.00', 0, 1, '', 0),
(917, 45, 0, '25794565522', 'AABBC5A2B02CA526', '500.00', 0, 1, '', 0),
(918, 45, 0, '59357393876', '79BF87CE0011B314', '500.00', 0, 1, '', 0),
(919, 45, 0, '76128437466', '69FC97A8B1993A17', '500.00', 0, 1, '', 0),
(920, 45, 0, '11477532849', '9C465630209698BA', '500.00', 0, 1, '', 0),
(921, 45, 0, '49636695624', '834F38F75C161B61', '500.00', 0, 1, '', 0),
(922, 45, 0, '69131328255', '379414040D9E3B77', '500.00', 0, 1, '', 0),
(923, 45, 0, '52173685662', 'F9D4156F1DEFC7A8', '500.00', 0, 1, '', 0),
(924, 45, 0, '61442158246', '94DEAD0B8EC7F705', '500.00', 0, 1, '', 0),
(925, 45, 0, '66135549239', '10911291B26F0229', '500.00', 0, 1, '', 0),
(926, 45, 0, '21914742242', 'B5B19940486B61F9', '500.00', 0, 1, '', 0),
(927, 45, 0, '93497586441', '63E09D23A49BED69', '500.00', 0, 1, '', 0),
(928, 45, 0, '13396254639', 'CBA15E542494FA9A', '500.00', 0, 1, '', 0),
(929, 45, 0, '91275546137', '1DDADF6E7C776F73', '500.00', 0, 1, '', 0),
(930, 45, 0, '13347524621', 'BCDF91F77CD36FC8', '500.00', 0, 1, '', 0),
(931, 45, 0, '17375319862', '3BD54B32666B99CC', '500.00', 0, 1, '', 0),
(932, 45, 0, '58483487336', 'B02D6B853B375331', '500.00', 0, 1, '', 0),
(933, 45, 0, '84893158569', '0CAF2A633F64EA10', '500.00', 0, 1, '', 0),
(934, 45, 0, '92174215463', '68BA9D5E6111D71F', '500.00', 0, 1, '', 0),
(935, 45, 0, '94714781536', '1E0A07DE2388B83C', '500.00', 0, 1, '', 0),
(936, 45, 0, '97716959843', 'A95F02307F450DC4', '500.00', 0, 1, '', 0),
(937, 45, 0, '82426444411', '66F48ADEFD4E3169', '500.00', 0, 1, '', 0),
(938, 45, 0, '59716725167', '107207984151D163', '500.00', 0, 1, '', 0),
(939, 45, 0, '88446153835', '1DA860B598B389B4', '500.00', 0, 1, '', 0),
(940, 45, 0, '86771368832', '095B662A837D8FF0', '500.00', 0, 1, '', 0),
(941, 45, 0, '63118279732', '76FE6731689A1BBA', '500.00', 0, 1, '', 0),
(942, 45, 0, '17627252951', 'F1237FA810CBA16B', '500.00', 0, 1, '', 0),
(943, 45, 0, '91772114553', 'D57323CF08ED434A', '500.00', 0, 1, '', 0),
(944, 45, 0, '49384164978', 'E5AE233318EE9B24', '500.00', 0, 1, '', 0),
(945, 45, 0, '17583154181', '496EA04BF5E37047', '500.00', 0, 1, '', 0),
(946, 45, 0, '38165152636', '890170A4D252F690', '500.00', 0, 1, '', 0),
(947, 45, 0, '85147278885', '4AEB25BE3986E8BB', '500.00', 0, 1, '', 0),
(948, 45, 0, '92159286843', '2960ADEDD645C345', '500.00', 0, 1, '', 0),
(949, 45, 0, '38513483752', '82A67B6C5E4A2D01', '500.00', 0, 1, '', 0),
(950, 45, 0, '55144523662', 'F0B7F04BEA9A43B8', '500.00', 0, 1, '', 0),
(951, 45, 0, '66221765464', '686B14E1CCCBC612', '500.00', 0, 1, '', 0),
(952, 45, 0, '96653157628', '93BDB0C5E048E546', '500.00', 0, 1, '', 0),
(953, 45, 0, '77772936136', '2897BB8D292CB520', '500.00', 0, 1, '', 0),
(954, 45, 0, '97581515132', 'E013883F3E463E8D', '500.00', 0, 1, '', 0),
(955, 45, 0, '68256297267', '0DDA01F254958CF8', '500.00', 0, 1, '', 0),
(956, 45, 0, '46157535913', 'F633A2147A37C3D1', '500.00', 0, 1, '', 0),
(957, 45, 0, '86527495285', '74BA0266FBA7B7F5', '500.00', 0, 1, '', 0),
(958, 45, 0, '74911237559', '721E0ED1216A3677', '500.00', 0, 1, '', 0),
(959, 45, 0, '29795268768', 'A8615D7E455FA61D', '500.00', 0, 1, '', 0),
(960, 45, 0, '77424529859', '5089982C8D4AE70D', '500.00', 0, 1, '', 0),
(961, 45, 0, '79757573852', 'D939FE61BFF050AF', '500.00', 0, 1, '', 0),
(962, 45, 0, '56928937315', '08B10628C961158C', '500.00', 0, 1, '', 0),
(963, 45, 0, '46497259832', '505AB88C00B26650', '500.00', 0, 1, '', 0),
(964, 45, 0, '11833779221', '317D9B0E9481BC52', '500.00', 0, 1, '', 0),
(965, 45, 0, '52262711341', '168BFFAF33322D20', '500.00', 0, 1, '', 0),
(966, 45, 0, '69152287913', '68E518430E341194', '500.00', 0, 1, '', 0),
(967, 45, 0, '66978383693', '2229734C4CADF8CE', '500.00', 0, 1, '', 0),
(968, 45, 0, '47348772395', 'A87A5F54891FEB42', '500.00', 0, 1, '', 0),
(969, 45, 0, '94958758391', 'A274DB2A8607DDBA', '500.00', 0, 1, '', 0),
(970, 45, 0, '74166924315', '03EE8DE2E90F0F76', '500.00', 0, 1, '', 0),
(971, 45, 0, '34189216998', 'AF4441B257BC6343', '500.00', 0, 1, '', 0),
(972, 45, 0, '67462726387', '5238F108FB759328', '500.00', 0, 1, '', 0),
(973, 45, 0, '52846986739', '845DFAAAC2C9F159', '500.00', 0, 1, '', 0),
(974, 45, 0, '43932657879', 'C5D540DD694FDC2F', '500.00', 0, 1, '', 0),
(975, 45, 0, '53131191937', '8B4F3FBB4B99C800', '500.00', 0, 1, '', 0),
(976, 45, 0, '15567263817', 'E40318AFE2CB53CE', '500.00', 0, 1, '', 0),
(977, 45, 0, '74961191269', '881276ED97CC57B6', '500.00', 0, 1, '', 0),
(978, 45, 0, '11892846658', '023EE69AE77F5D0C', '500.00', 0, 1, '', 0),
(979, 45, 0, '99494566749', 'CC08601F6FD9F5DA', '500.00', 0, 1, '', 0),
(980, 45, 0, '22699818562', '9752214FF3674269', '500.00', 0, 1, '', 0),
(981, 45, 0, '59238377178', '0B979440B3DC989C', '500.00', 0, 1, '', 0),
(982, 45, 0, '15855764441', '860F3E1AD84EFB9A', '500.00', 0, 1, '', 0),
(983, 45, 0, '72654386353', '8A5BB0D9FAB1ACEF', '500.00', 0, 1, '', 0),
(984, 45, 0, '51561659744', 'EF5B2831F096EA95', '500.00', 0, 1, '', 0),
(985, 45, 0, '42224582867', '7FE7C748CCA8EAD1', '500.00', 0, 1, '', 0),
(986, 45, 0, '38867864364', 'FFA2D6C9E8C3FA17', '500.00', 0, 1, '', 0),
(987, 45, 0, '33354974331', 'EBA1F64D3303EE5D', '500.00', 0, 1, '', 0),
(988, 45, 0, '14335912985', '01B8B7E21732F72D', '500.00', 0, 1, '', 0),
(989, 45, 0, '12121941541', '43BF5BFC0C0928C2', '500.00', 0, 1, '', 0),
(990, 45, 0, '52361593445', '5ED5D96D1CF157C5', '500.00', 0, 1, '', 0),
(991, 45, 0, '95412962672', '650C2C14D9497A52', '500.00', 0, 1, '', 0),
(992, 45, 0, '25223811682', '9B838E2236E56330', '500.00', 0, 1, '', 0),
(993, 45, 0, '39595353211', '8B616E3C3330055E', '500.00', 0, 1, '', 0),
(994, 45, 0, '91421513617', '2C3845718DD49BB5', '500.00', 0, 1, '', 0),
(995, 45, 0, '94119491457', '63CA6C955C21BF32', '500.00', 0, 1, '', 0),
(996, 45, 0, '56138785828', 'C20DEB87CD367D45', '500.00', 0, 1, '', 0),
(997, 45, 0, '45939714566', '7D27CAEF49C7A8B1', '500.00', 0, 1, '', 0),
(998, 45, 0, '27489951271', '6BE1B8523C96D30A', '500.00', 0, 1, '', 0),
(999, 45, 0, '63113323433', '7B15057596C6AAD0', '500.00', 0, 1, '', 0),
(1000, 45, 0, '79466381411', 'F202C5A6D5CA04D8', '500.00', 0, 1, '', 0),
(1001, 45, 0, '41439947731', '7BA69075AA0DD82C', '500.00', 0, 1, '', 0),
(1002, 45, 0, '12627923734', '2FF85C2FF0FE4986', '500.00', 0, 1, '', 0),
(1003, 45, 0, '52985728586', '6660FDD45CB52B3B', '500.00', 0, 1, '', 0),
(1004, 45, 0, '53891645439', '4D75C4FF118CB33B', '500.00', 0, 1, '', 0),
(1005, 45, 0, '51458851356', 'C0F412C1DFCED086', '500.00', 0, 1, '', 0),
(1006, 45, 0, '94214969684', 'B106ADC548CC7211', '500.00', 0, 1, '', 0),
(1007, 45, 0, '72959459543', '752870F28CC71000', '500.00', 0, 1, '', 0),
(1008, 45, 0, '57826832871', '99F53344CB0243B2', '500.00', 0, 1, '', 0),
(1009, 45, 0, '99128366642', '5058282321BD5966', '500.00', 0, 1, '', 0),
(1010, 45, 0, '18778142741', '388597B1A41FD114', '500.00', 0, 1, '', 0),
(1011, 45, 0, '68112315777', 'F3C74A758C25DB88', '500.00', 0, 1, '', 0),
(1012, 45, 0, '59178367453', '576B7F043113C1DF', '500.00', 0, 1, '', 0),
(1013, 45, 0, '69134367114', '34EE6BA9651A861F', '500.00', 0, 1, '', 0),
(1014, 45, 0, '13815793319', 'C633734B3FFA31C0', '500.00', 0, 1, '', 0),
(1015, 45, 0, '66295765363', '83973D92CD1DA51C', '500.00', 0, 1, '', 0),
(1016, 45, 0, '97913668728', 'DCD4CAC700496204', '500.00', 0, 1, '', 0),
(1017, 45, 0, '25541428574', '9E5CA7153A4510CB', '500.00', 0, 0, '555', 0),
(1018, 45, 0, '86733858264', 'B0B8831AFD49B559', '500.00', 0, 0, 'sss', 0),
(1019, 45, 0, '52436296794', '4C4F2C677D2561DF', '500.00', 0, 1, 'ggg', 0),
(1020, 45, 0, '98568342112', 'AD4761417DEC67BD', '500.00', 0, 1, 'ggg', 0),
(1021, 45, 0, '32244987738', '128127C30F28A6B3', '500.00', 0, 0, 'sddddd', 0),
(1022, 45, 1, '77566594366', '1329C97911C8ACA5', '0.00', 1, 0, 'sddddd', 1580482862),
(1023, 45, 1, '42779481863', '96F40102C3EB4E58', '500.00', 1, 1, 'test', 1580482862);

DROP TABLE IF EXISTS `donkey_cart`;
CREATE TABLE `donkey_cart` (
  `cart_id` int(11) UNSIGNED NOT NULL,
  `user_id` int(11) UNSIGNED NOT NULL DEFAULT '0' COMMENT '对应user表',
  `goods_id` int(11) UNSIGNED NOT NULL DEFAULT '0' COMMENT '对应goods表',
  `goods_num` smallint(5) UNSIGNED NOT NULL COMMENT '购买数量',
  `key_name` varchar(100) COLLATE utf8mb4_unicode_ci NOT NULL DEFAULT '' COMMENT '规格键名',
  `key_value` varchar(60) COLLATE utf8mb4_unicode_ci NOT NULL DEFAULT '' COMMENT '规格值',
  `is_selected` tinyint(1) NOT NULL DEFAULT '1' COMMENT '选中 0=否 1=是',
  `is_show` tinyint(1) NOT NULL DEFAULT '1' COMMENT '0=隐藏 1=显示',
  `update_time` int(11) NOT NULL DEFAULT '0' COMMENT '更新日期'
) ENGINE=InnoDB DEFAULT CHARSET=utf8mb4 COLLATE=utf8mb4_unicode_ci COMMENT='购物车';

INSERT INTO `donkey_cart` (`cart_id`, `user_id`, `goods_id`, `goods_num`, `key_name`, `key_value`, `is_selected`, `is_show`, `update_time`) VALUES
(4, 1, 289, 2, '151_158_223_212', '内存:4G 网络:4G 尺码:M 颜色:银色', 1, 1, 1584201465),
(5, 1, 288, 1, '208_411_414', '颜色:黑色 CPU:I5 屏幕:15寸', 0, 0, 1584201465),
(6, 1, 199, 2, '', '', 1, 1, 1584201465);

DROP TABLE IF EXISTS `donkey_collect`;
CREATE TABLE `donkey_collect` (
  `collect_id` int(11) UNSIGNED NOT NULL,
  `user_id` int(11) UNSIGNED NOT NULL DEFAULT '0' COMMENT '对应user表',
  `goods_id` int(11) UNSIGNED NOT NULL DEFAULT '0' COMMENT '对应goods表',
  `is_top` tinyint(1) NOT NULL DEFAULT '0' COMMENT '是否置顶 0=否 1=是',
  `create_time` int(11) NOT NULL DEFAULT '0' COMMENT '创建日期'
) ENGINE=InnoDB DEFAULT CHARSET=utf8mb4 COLLATE=utf8mb4_unicode_ci COMMENT='商品收藏夹';

DROP TABLE IF EXISTS `donkey_coupon`;
CREATE TABLE `donkey_coupon` (
  `coupon_id` smallint(5) UNSIGNED NOT NULL,
  `name` varchar(50) COLLATE utf8mb4_unicode_ci NOT NULL COMMENT '优惠劵名称',
  `description` varchar(255) COLLATE utf8mb4_unicode_ci NOT NULL DEFAULT '' COMMENT '描述',
  `guide` varchar(255) COLLATE utf8mb4_unicode_ci NOT NULL DEFAULT '' COMMENT '引导地址',
  `type` tinyint(1) NOT NULL COMMENT '0=用户 1=生成 2=领取 3=赠送',
  `give_code` varchar(10) COLLATE utf8mb4_unicode_ci NOT NULL DEFAULT '' COMMENT '领取码',
  `money` decimal(10,2) NOT NULL COMMENT '优惠金额',
  `quota` decimal(10,2) NOT NULL COMMENT '使用门槛',
  `category` text COLLATE utf8mb4_unicode_ci NOT NULL COMMENT '限制商品分类',
  `exclude_category` text COLLATE utf8mb4_unicode_ci NOT NULL COMMENT '排除商品分类',
  `level` varchar(100) COLLATE utf8mb4_unicode_ci NOT NULL COMMENT '限制会员等级',
  `frequency` tinyint(3) UNSIGNED NOT NULL DEFAULT '1' COMMENT '限制领取次数',
  `give_num` int(11) NOT NULL DEFAULT '0' COMMENT '发放量',
  `receive_num` int(11) NOT NULL DEFAULT '0' COMMENT '领取量',
  `use_num` int(11) NOT NULL DEFAULT '0' COMMENT '使用量',
  `give_begin_time` int(11) NOT NULL COMMENT '发放开始日期',
  `give_end_time` int(11) NOT NULL COMMENT '发放结束日期',
  `use_begin_time` int(11) NOT NULL COMMENT '使用开始日期',
  `use_end_time` int(11) NOT NULL COMMENT '使用截止日期',
  `status` tinyint(1) NOT NULL DEFAULT '1' COMMENT '0=禁用 1=启用',
  `is_invalid` tinyint(1) NOT NULL DEFAULT '0' COMMENT '0=正常 1=作废',
  `is_delete` tinyint(1) NOT NULL DEFAULT '0' COMMENT '0=未删 1=已删 '
) ENGINE=InnoDB DEFAULT CHARSET=utf8mb4 COLLATE=utf8mb4_unicode_ci COMMENT='优惠劵';

INSERT INTO `donkey_coupon` (`coupon_id`, `name`, `description`, `guide`, `type`, `give_code`, `money`, `quota`, `category`, `exclude_category`, `level`, `frequency`, `give_num`, `receive_num`, `use_num`, `give_begin_time`, `give_end_time`, `use_begin_time`, `use_end_time`, `status`, `is_invalid`, `is_delete`) VALUES
(1, '优惠劵赠送测试 8折优惠', '活动描述', '', 3, 'ooe9KftqTd', '100.00', '1000.00', '[]', '[]', '', 1, 2000, 0, 0, 1526955060, 1581904831, 1527782400, 1581904831, 1, 0, 0),
(3, '优惠劵赠送测试 8折优惠', '活动描述', '', 0, 'ooe9KftqTd', '100.00', '1000.00', '[]', '[]', '', 1, 2000, 0, 0, 1526955060, 1581904831, 1527782400, 1581904831, 1, 0, 0),
(4, '优惠劵赠送测试 8折优惠', '活动描述', '', 1, 'ooe9KftqTd', '100.00', '1000.00', '[]', '[]', '', 1, 2000, 0, 0, 1526955060, 1581904831, 1527782400, 1581904831, 1, 0, 0),
(5, '优惠劵赠送测试 8折优惠', '活动描述', '', 2, 'ooe9KftqTd', '100.00', '1000.00', '[]', '[]', '', 1, 2000, 0, 0, 1526955060, 1581904831, 1527782400, 1581904831, 1, 0, 0),
(6, '优惠劵赠送测试 8折优惠', '活动描述', '', 0, 'ooe9KftqTd', '100.00', '1000.00', '[]', '[]', '', 1, 2000, 0, 0, 1526955060, 1581904831, 1527782400, 1581904831, 1, 0, 0),
(7, '优惠劵赠送测试 8折优惠', '活动描述', '', 0, 'ooe9KftqTd', '100.00', '1000.00', '[]', '[]', '', 1, 2000, 0, 0, 1526955060, 1581904831, 1527782400, 1581904831, 1, 0, 0),
(8, '优惠劵赠送测试 8折优惠', '活动描述', '', 2, 'ooe9KftqTd', '100.00', '1000.00', '[]', '[]', '', 1, 2000, 0, 0, 1526955060, 1581904831, 1527782400, 1581904831, 1, 0, 0),
(9, '优惠劵赠送测试 8折优惠', '活动描述', '', 3, 'ooe9KftqTd', '100.00', '1000.00', '[]', '[]', '', 1, 2000, 0, 0, 1526955060, 1581904831, 1527782400, 1581904831, 1, 0, 0),
(10, '优惠劵赠送测试 8折优惠', '活动描述', '', 3, 'ooe9KftqTd', '100.00', '1000.00', '[]', '[]', '', 1, 2000, 0, 0, 1526955060, 1581904831, 1527782400, 1581904831, 1, 0, 0),
(11, '优惠劵赠送测试 8折优惠', '活动描述', '', 3, 'ooe9KftqTd', '100.00', '1000.00', '[]', '[]', '', 1, 2000, 0, 0, 1526955060, 1581904831, 1527782400, 1581904831, 1, 0, 0),
(12, '优惠劵赠送测试 8折优惠', '活动描述', '', 3, 'ooe9KftqTd', '100.00', '1000.00', '[]', '[]', '', 1, 2000, 0, 0, 1526955060, 1581904831, 1527782400, 1581904831, 1, 0, 0),
(13, '优惠劵赠送测试 8折优惠', '活动描述', '', 3, 'ooe9KftqTd', '100.00', '1000.00', '[]', '[]', '', 1, 2000, 0, 0, 1526955060, 1581904831, 1527782400, 1581904831, 1, 0, 0),
(14, '优惠劵赠送测试 8折优惠', '活动描述', '', 3, 'ooe9KftqTd', '100.00', '1000.00', '[]', '[]', '', 1, 2000, 0, 0, 1526955060, 1581904831, 1527782400, 1581904831, 1, 0, 0),
(15, '优惠劵赠送测试 8折优惠', '活动描述', '', 3, 'ooe9KftqTd', '100.00', '1000.00', '[]', '[]', '', 1, 2000, 0, 0, 1526955060, 1581904831, 1527782400, 1581904831, 1, 0, 0),
(16, '优惠劵赠送测试 8折优惠', '活动描述', '', 3, 'ooe9KftqTd', '100.00', '1000.00', '[]', '[]', '', 1, 2000, 0, 0, 1526955060, 1581904831, 1527782400, 1581904831, 1, 0, 0),
(17, '优惠劵赠送测试 8折优惠', '活动描述', '', 3, 'ooe9KftqTd', '100.00', '1000.00', '[]', '[]', '', 1, 2000, 0, 0, 1526955060, 1581904831, 1527782400, 1581904831, 1, 0, 0),
(18, '优惠劵赠送测试 8折优惠', '活动描述', '', 3, 'ooe9KftqTd', '100.00', '1000.00', '[]', '[]', '', 1, 2000, 0, 0, 1526955060, 1581904831, 1527782400, 1581904831, 1, 0, 0),
(19, '优惠劵赠送测试 8折优惠', '活动描述', '', 3, 'ooe9KftqTd', '100.00', '1000.00', '[]', '[]', '', 1, 2000, 0, 0, 1526955060, 1581904831, 1527782400, 1581904831, 1, 0, 0),
(20, '优惠劵赠送测试 8折优惠', '活动描述', '', 3, 'ooe9KftqTd', '100.00', '1000.00', '[]', '[]', '', 1, 2000, 0, 0, 1526955060, 1581904831, 1527782400, 1581904831, 1, 0, 0),
(21, '优惠劵赠送测试 8折优惠', '活动描述', '', 3, 'ooe9KftqTd', '100.00', '1000.00', '[]', '[]', '', 1, 2000, 0, 0, 1526955060, 1581904831, 1527782400, 1581904831, 1, 0, 0),
(22, '优惠劵赠送测试 8折优惠', '活动描述', '', 3, 'ooe9KftqTd', '100.00', '1000.00', '[]', '[]', '', 1, 2000, 0, 0, 1526955060, 1581904831, 1527782400, 1581904831, 1, 0, 0),
(23, '优惠劵赠送测试 8折优惠', '活动描述', '', 3, 'ooe9KftqTd', '100.00', '1000.00', '[]', '[]', '', 1, 2000, 0, 0, 1526955060, 1581904831, 1527782400, 1581904831, 1, 0, 0),
(24, '优惠劵赠送测试 8折优惠', '活动描述', '', 3, 'ooe9KftqTd', '100.00', '1000.00', '[]', '[]', '', 1, 2000, 0, 0, 1526955060, 1581904831, 1527782400, 1581904831, 1, 0, 0),
(25, '优惠劵赠送测试 8折优惠', '活动描述', '', 3, 'ooe9KftqTd', '100.00', '1000.00', '[]', '[]', '', 1, 2000, 0, 0, 1526955060, 1581904831, 1527782400, 1581904831, 1, 0, 0),
(26, '优惠劵赠送测试 8折优惠', '活动描述', '', 3, 'ooe9KftqTd', '100.00', '1000.00', '[]', '[]', '', 1, 2000, 0, 0, 1526955060, 1581904831, 1527782400, 1581904831, 1, 0, 0),
(27, '优惠劵赠送测试 8折优惠', '活动描述', '', 3, 'ooe9KftqTd', '100.00', '1000.00', '[]', '[]', '', 1, 2000, 0, 0, 1526955060, 1581904831, 1527782400, 1581904831, 1, 0, 0),
(28, '优惠劵赠送测试 8折优惠', '活动描述', '', 3, 'ooe9KftqTd', '100.00', '1000.00', '[]', '[]', '', 1, 2000, 0, 0, 1526955060, 1581904831, 1527782400, 1581904831, 1, 0, 0),
(29, '优惠劵赠送测试 8折优惠', '活动描述', '', 3, 'ooe9KftqTd', '100.00', '1000.00', '[]', '[]', '', 1, 2000, 0, 0, 1526955060, 1581904831, 1527782400, 1581904831, 1, 0, 0),
(30, '优惠劵赠送测试 8折优惠', '活动描述', '', 3, 'ooe9KftqTd', '100.00', '1000.00', '[]', '[]', '', 1, 2000, 0, 0, 1526955060, 1581904831, 1527782400, 1581904831, 1, 0, 0),
(31, '优惠劵赠送测试 8折优惠', '活动描述', '', 3, 'ooe9KftqTd', '100.00', '1000.00', '[]', '[]', '', 1, 2000, 0, 0, 1526955060, 1581904831, 1527782400, 1581904831, 1, 0, 0),
(32, '优惠劵赠送测试 8折优惠', '活动描述', '', 3, 'ooe9KftqTd', '100.00', '1000.00', '[]', '[]', '', 1, 2000, 0, 0, 1526955060, 1581904831, 1527782400, 1581904831, 1, 0, 0),
(33, '优惠劵赠送测试 8折优惠', '活动描述', '', 3, 'ooe9KftqTd', '100.00', '1000.00', '[]', '[]', '', 1, 2000, 0, 0, 1526955060, 1581904831, 1527782400, 1581904831, 1, 0, 0),
(34, '优惠劵赠送测试 8折优惠', '活动描述', '', 3, 'ooe9KftqTd', '100.00', '1000.00', '[]', '[]', '', 1, 2000, 0, 0, 1526955060, 1581904831, 1527782400, 1581904831, 1, 0, 0),
(35, '优惠劵赠送测试 8折优惠', '活动描述', '', 3, 'ooe9KftqTd', '100.00', '1000.00', '[]', '[]', '', 1, 2000, 0, 0, 1526955060, 1581904831, 1527782400, 1581904831, 1, 0, 0),
(36, '优惠劵赠送测试 8折优惠', '活动描述', '', 3, 'ooe9KftqTd', '100.00', '1000.00', '[]', '[]', '', 1, 2000, 0, 0, 1526955060, 1581904831, 1527782400, 1581904831, 1, 0, 0),
(37, '优惠劵赠送测试 8折优惠', '活动描述', '', 3, 'ooe9KftqTd', '100.00', '1000.00', '[]', '[]', '', 1, 2000, 0, 0, 1526955060, 1581904831, 1527782400, 1581904831, 1, 0, 0),
(38, '优惠劵赠送测试 8折优惠', '活动描述', '', 3, 'ooe9KftqTd', '100.00', '1000.00', '[]', '[]', '', 1, 2000, 0, 0, 1526955060, 1581904831, 1527782400, 1581904831, 1, 0, 0),
(39, '优惠劵赠送测试 8折优惠', '活动描述', '', 3, 'ooe9KftqTd', '100.00', '1000.00', '[]', '[]', '', 1, 2000, 0, 0, 1526955060, 1581904831, 1527782400, 1581904831, 1, 0, 0),
(40, '优惠劵赠送测试 8折优惠', '活动描述', '', 3, 'ooe9KftqTd', '100.00', '1000.00', '[]', '[]', '', 1, 2000, 0, 0, 1526955060, 1581904831, 1527782400, 1581904831, 1, 0, 0),
(41, '优惠劵赠送测试 8折优惠', '活动描述', '', 3, 'ooe9KftqTd', '100.00', '1000.00', '[]', '[]', '', 1, 2000, 0, 0, 1526955060, 1581904831, 1527782400, 1581904831, 1, 0, 0),
(42, '优惠劵赠送测试 8折优惠', '活动描述', '', 3, 'ooe9KftqTd', '100.00', '1000.00', '[]', '[]', '', 1, 2000, 0, 0, 1526955060, 1581904831, 1527782400, 1581904831, 1, 0, 0),
(43, '优惠劵赠送测试 8折优惠', '活动描述', '', 3, 'ooe9KftqTd', '100.00', '1000.00', '[]', '[]', '', 1, 2000, 0, 0, 1526955060, 1581904831, 1527782400, 1581904831, 1, 0, 0),
(44, '优惠劵赠送测试 8折优惠', '活动描述', '', 3, 'ooe9KftqTd', '100.00', '1000.00', '[]', '[]', '', 1, 2000, 0, 0, 1526955060, 1581904831, 1527782400, 1581904831, 1, 0, 0),
(45, '优惠劵赠送测试 8折优惠', '活动描述', '', 3, 'ooe9KftqTd', '100.00', '1000.00', '[]', '[]', '', 1, 2000, 0, 0, 1526955060, 1581904831, 1527782400, 1581904831, 1, 0, 0),
(46, '优惠劵赠送测试 8折优惠', '活动描述', '', 3, 'ooe9KftqTd', '100.00', '1000.00', '[]', '[]', '', 1, 2000, 0, 0, 1526955060, 1581904831, 1527782400, 1581904831, 1, 0, 0),
(47, '优惠劵赠送测试 8折优惠', '活动描述', '', 3, 'ooe9KftqTd', '100.00', '1000.00', '[]', '[]', '', 1, 2000, 0, 0, 1526955060, 1581904831, 1527782400, 1581904831, 1, 0, 0),
(48, '优惠劵赠送测试 8折优惠', '活动描述', '', 3, 'ooe9KftqTd', '100.00', '1000.00', '[]', '[]', '', 1, 2000, 0, 0, 1526955060, 1581904831, 1527782400, 1581904831, 1, 0, 1),
(49, '优惠劵赠送测试 8折优惠', '活动描述', '', 3, 'ooe9KftqTd', '100.00', '1000.00', '[]', '[]', '', 1, 2000, 0, 0, 1526955060, 1581904831, 1527782400, 1581904831, 1, 0, 1),
(50, '优惠劵赠送测试 8折优惠', '活动描述', '', 3, 'ooe9KftqTd', '100.00', '1000.00', '[]', '[]', '', 1, 2000, 0, 0, 1526955060, 1581904831, 1527782400, 1581904831, 1, 0, 0),
(51, '优惠劵赠送测试 8折优惠', '活动描述', '', 3, 'ooe9KftqTd', '100.00', '1000.00', '[]', '[]', '', 1, 2000, 0, 0, 1526955060, 1581904831, 1527782400, 1581904831, 1, 0, 0),
(52, '优惠劵赠送测试 8折优惠', '活动描述', '', 3, 'ooe9KftqTd', '100.00', '1000.00', '[]', '[]', '', 1, 2000, 0, 0, 1526955060, 1581904831, 1527782400, 1581904831, 1, 1, 0),
(53, '优惠劵赠送测试 8折优惠', '活动描述', '', 3, 'ooe9KftqTd', '100.00', '1000.00', '[]', '[]', '', 1, 2000, 0, 0, 1526955060, 1581904831, 1527782400, 1581904831, 1, 1, 0),
(54, '优惠劵赠送测试 8折优惠', '活动描述', '', 3, 'ooe9KftqTd', '100.00', '1000.00', '[]', '[]', '', 1, 2000, 0, 0, 1526955060, 1581904831, 1527782400, 1581904831, 0, 0, 0),
(55, '优惠劵赠送测试 8折优惠', '活动描述', '', 3, 'ooe9KftqTd', '100.00', '1000.00', '[]', '[]', '', 1, 2000, 0, 0, 1526955060, 1581904831, 1527782400, 1581904831, 0, 0, 0),
(56, '优惠劵赠送测试 8折优惠', '活动描述', '', 1, 'ooe9KftqTd', '100.00', '1000.00', '[]', '[]', '', 1, 2000, 0, 0, 1526955060, 1581904831, 1527782400, 1581904831, 1, 1, 0),
(57, '优惠劵赠送测试 8折优惠', '活动描述', '', 0, 'ooe9KftqTd', '100.00', '1000.00', '[]', '[]', '', 1, 2000, 0, 0, 1526955060, 1581904831, 1527782400, 1581904831, 0, 0, 0),
(58, '优惠劵赠送测试 8折优惠', '活动描述', '', 0, 'ooe9KftqTd', '100.00', '1000.00', '[]', '[]', '', 1, 2000, 0, 0, 1526955060, 1581904831, 1527782400, 1581904831, 0, 0, 0),
(59, '优惠劵赠送测试 8折优惠', '活动描述', '', 1, 'ooe9KftqTd', '100.00', '1000.00', '[]', '[]', '[]', 1, 2002, 1002, 0, 1526955060, 1581904831, 1527782400, 1581904831, 1, 1, 0),
(60, '优惠劵赠送测试 8折优惠', '活动描述', '', 2, 'ooe9KftqTd', '100.00', '1000.00', '[]', '[]', '', 1, 2000, 0, 0, 1526955060, 1581904831, 1527782400, 1581904831, 1, 0, 1),
(61, '优惠劵赠送测试 8折优惠', '活动描述', '//www.careyshop.cn/', 2, 'ooe9KftqTd', '102.00', '1003.00', '[1,12,100,101,102,13,103,104,105,106,107,14,108,109,110,111,15,112,113,114,115,16,116,117,17,118,119,120,121,122,18,124,123,2,19,125,126,127,128,129,20,130,131,132,133,134,21,135,136,137,138,22,139,140,141,142,143,23,144,145,146,147,148,149,150,151,152,153]', '[10,73,686,687,688,689,690,691,692,693,74,694,695,696,697,698,699,700,75,701,702,703,704,705,706,707,708,709,76,710,711,712,77,713,714,715,716,717,718,78,719,720,79,721,722,723,724,725,726,727,728,729,80,730,731,732,733,734,735,736,737,81,738,739,740,741,742,743,744,745,746,747,748,749,750,751,752,82,753,754,755,756,83,757,758,759,760,761,762,763,764,765,766,767,768,11,84,769,770,771,772,773,85,774,775,776,86,777,778,779,780,781,782,783,784,785,786,87,787,788,789,790,791,792,793,794,795,88,796,797,798,799,800,89,801,802,803,804,805,806,90,807,808,809,810,811,812,813,91,814,815,816,817,92,818,819,820,821,822,823,824,825,93,826,827,828,829,830,831,832,833,834,835,94,836,837,838,839,840,841,842,843]', '[3,4,5]', 1, 2001, 0, 0, 1526955060, 1581904831, 1527782400, 1581904831, 1, 1, 0),
(62, '优惠劵赠送测试 8折优惠', '活动描述', '//careyshop.cn', 3, 'ooe9KftqTd', '102.00', '1003.00', '[]', '[]', '[]', 1, 2001, 0, 0, 1526955060, 1581904831, 1527782400, 1581904831, 1, 1, 1),
(66, 'test', 'ssss', 'sssss', 2, 'lQRd4XeZ5W', '1.00', '1.00', '[]', '[]', '[]', 1, 1, 0, 0, 1580977954, 1582905600, 1580977958, 1582965157, 0, 1, 1),
(67, '情人节活动,满200减20', '', '', 2, 'S9FgvBJ86s', '20.00', '200.00', '[]', '[]', '[]', 0, 2020, 0, 0, 1581009551, 1582905600, 1581009555, 1581009557, 1, 0, 0),
(68, '情人节购物满200送无门槛20元优惠劵', '', '', 3, '', '20.00', '0.00', '[]', '[]', '[]', 0, 2020, 0, 0, 1581009610, 1582905600, 1581009613, 1582905600, 1, 0, 1),
(69, '情人节线下物料生成', '', '', 1, '', '20.00', '100.00', '[]', '[]', '[]', 0, 1000, 1000, 0, 1581043246, 1582905600, 1581043247, 1581043251, 1, 0, 0),
(70, '情人节指定发放优惠劵', '', '', 0, '', '20.00', '100.00', '[]', '[]', '[]', 0, 105, 104, 0, 1581305729, 1582905600, 1581305733, 1582947334, 1, 0, 0);

DROP TABLE IF EXISTS `donkey_coupon_give`;
CREATE TABLE `donkey_coupon_give` (
  `coupon_give_id` int(11) UNSIGNED NOT NULL,
  `coupon_id` smallint(5) UNSIGNED NOT NULL DEFAULT '0' COMMENT '对应coupon表',
  `user_id` int(11) UNSIGNED NOT NULL DEFAULT '0' COMMENT '对应user表',
  `order_id` int(11) UNSIGNED NOT NULL DEFAULT '0' COMMENT '对应order表',
  `order_no` varchar(50) COLLATE utf8mb4_unicode_ci NOT NULL DEFAULT '' COMMENT '订单号',
  `exchange_code` varchar(10) COLLATE utf8mb4_unicode_ci NOT NULL COMMENT '兑换码',
  `use_time` int(11) NOT NULL DEFAULT '0' COMMENT '使用日期',
  `create_time` int(11) NOT NULL DEFAULT '0' COMMENT '创建日期',
  `is_delete` tinyint(1) NOT NULL DEFAULT '0' COMMENT '0=未删 1=已删 '
) ENGINE=InnoDB DEFAULT CHARSET=utf8mb4 COLLATE=utf8mb4_unicode_ci COMMENT='优惠劵发放';

INSERT INTO `donkey_coupon_give` (`coupon_give_id`, `coupon_id`, `user_id`, `order_id`, `order_no`, `exchange_code`, `use_time`, `create_time`, `is_delete`) VALUES
(1, 69, 0, 0, '', 'fwklpCNCXk', 0, 1581046704, 0),
(2, 69, 0, 0, '', 'QScGqH4q9D', 0, 1581046704, 0),
(3, 69, 0, 0, '', 'pwBQ2OCj7x', 0, 1581046704, 0),
(4, 69, 0, 0, '', 'KiGYaOpKRa', 0, 1581046704, 0),
(5, 69, 0, 0, '', 'sNyWh3JC8T', 0, 1581046704, 0),
(6, 69, 0, 0, '', 'a8UUqsH8CW', 0, 1581046704, 0),
(7, 69, 0, 0, '', 'BW60Q4Tc7O', 0, 1581046704, 0),
(8, 69, 0, 0, '', 'TBXCNtTnEI', 0, 1581046704, 0),
(9, 69, 0, 0, '', 'jBNe4fFUUX', 0, 1581046704, 0),
(10, 69, 0, 0, '', 'fWufVnBe3b', 0, 1581046704, 0),
(11, 69, 0, 0, '', 'QA805CaFYv', 0, 1581047186, 0),
(12, 69, 0, 0, '', '5lWYvD5bc7', 0, 1581047186, 0),
(13, 69, 0, 0, '', 'J7vcpsjrkH', 0, 1581047186, 0),
(14, 69, 0, 0, '', '8YTifHEryy', 0, 1581047186, 0),
(15, 69, 0, 0, '', 'CphJTQcvpw', 0, 1581047186, 0),
(16, 69, 0, 0, '', 'utX4ElLQSG', 0, 1581047186, 0),
(17, 69, 0, 0, '', '9hl08enmYd', 0, 1581047186, 0),
(18, 69, 0, 0, '', 'WM6ZUTEhvd', 0, 1581047186, 0),
(19, 69, 0, 0, '', 'xXrpoF9mny', 0, 1581047186, 0),
(20, 69, 0, 0, '', 'Mi6BgZEWqn', 0, 1581047186, 0),
(21, 69, 0, 0, '', 'eMbsHwiy6Z', 0, 1581047345, 0),
(22, 69, 0, 0, '', '88e05AEmjQ', 0, 1581047345, 0),
(23, 69, 0, 0, '', '3bSlcseyg7', 0, 1581047345, 0),
(24, 69, 0, 0, '', 'ONwKuSh9fZ', 0, 1581047345, 0),
(25, 69, 0, 0, '', 'YggyJl3pTd', 0, 1581047345, 0),
(26, 69, 0, 0, '', 'HdNWZxhcy1', 0, 1581047474, 0),
(27, 69, 0, 0, '', 'tgQ8pQVjJH', 0, 1581047474, 0),
(28, 69, 0, 0, '', 'D7DfEHEBED', 0, 1581047474, 0),
(29, 69, 0, 0, '', 'lNw1toLsva', 0, 1581047474, 0),
(30, 69, 0, 0, '', 'EkvczJDmqY', 0, 1581047474, 0),
(31, 69, 0, 0, '', 'gNroSy2A3R', 0, 1581047474, 0),
(32, 69, 0, 0, '', '9r7bYSjVYR', 0, 1581047474, 0),
(33, 69, 0, 0, '', 'jKbaE32qGS', 0, 1581047474, 0),
(34, 69, 0, 0, '', '11vJJNr9fU', 0, 1581047474, 0),
(35, 69, 0, 0, '', 'LoTqy2ZpIS', 0, 1581047474, 0),
(36, 69, 0, 0, '', 'mnXcQNe5mj', 0, 1581047474, 0),
(37, 69, 0, 0, '', '9Fd14gYgai', 0, 1581047474, 0),
(38, 69, 0, 0, '', 'qxnP9lyrTD', 0, 1581047474, 0),
(39, 69, 0, 0, '', 'AE8mhDzorF', 0, 1581047474, 0),
(40, 69, 0, 0, '', 'nmX3XtTYDi', 0, 1581047474, 0),
(41, 69, 0, 0, '', 'riQ7DBGHRG', 0, 1581047474, 0),
(42, 69, 0, 0, '', 'sVMCup5py8', 0, 1581047474, 0),
(43, 69, 0, 0, '', 'VlijxOM9cB', 0, 1581047474, 0),
(44, 69, 0, 0, '', '9ktjBUITZR', 0, 1581047474, 0),
(45, 69, 0, 0, '', 'OvjvMlRYqd', 0, 1581047474, 0),
(46, 69, 0, 0, '', 'TDv3O5Cpxv', 0, 1581047474, 0),
(47, 69, 0, 0, '', 'ODyQlnUOT4', 0, 1581047474, 0),
(48, 69, 0, 0, '', 'LpEYz3FAzI', 0, 1581047474, 0),
(49, 69, 0, 0, '', '8WpRc6yyQ7', 0, 1581047474, 0),
(50, 69, 0, 0, '', 'a7y8LC4mSN', 0, 1581047474, 0),
(51, 69, 0, 0, '', 'uBwPmEfD4l', 0, 1581047474, 0),
(52, 69, 0, 0, '', 'DYNTgoVlKP', 0, 1581047474, 0),
(53, 69, 0, 0, '', '7Vnil7JToq', 0, 1581047474, 0),
(54, 69, 0, 0, '', 'zRSnpw4f6z', 0, 1581047474, 0),
(55, 69, 0, 0, '', 'HSDXB3hDSe', 0, 1581047474, 0),
(56, 69, 0, 0, '', 'HzIrw9KjC9', 0, 1581047474, 0),
(57, 69, 0, 0, '', 'M2Q7SuGNPx', 0, 1581047474, 0),
(58, 69, 0, 0, '', '3NVH2YbHc7', 0, 1581047474, 0),
(59, 69, 0, 0, '', 'ng9hBAijQL', 0, 1581047474, 0),
(60, 69, 0, 0, '', 'FU05jdoAt9', 0, 1581047474, 0),
(61, 69, 0, 0, '', 'xguHrOR7vA', 0, 1581047474, 0),
(62, 69, 0, 0, '', 'Q5o6qvLbC4', 0, 1581047474, 0),
(63, 69, 0, 0, '', '5w9i1H8Ni8', 0, 1581047474, 0),
(64, 69, 0, 0, '', 'Ap0VKLJ075', 0, 1581047474, 0),
(65, 69, 0, 0, '', 'eAaVCRX6fh', 0, 1581047474, 0),
(66, 69, 0, 0, '', 'FspMP322FI', 0, 1581047474, 0),
(67, 69, 0, 0, '', 'dhy87RVIUa', 0, 1581047474, 0),
(68, 69, 0, 0, '', 'Q5qZiOynaP', 0, 1581047474, 0),
(69, 69, 0, 0, '', 'rWTPpQnYPd', 0, 1581047474, 0),
(70, 69, 0, 0, '', 'pAgo6ppPFN', 0, 1581047474, 0),
(71, 69, 0, 0, '', '2M4roS645W', 0, 1581047474, 0),
(72, 69, 0, 0, '', 'a82ePgFUGR', 0, 1581047474, 0),
(73, 69, 0, 0, '', 'TFaY7qD557', 0, 1581047474, 0),
(74, 69, 0, 0, '', '5OGDyP3uX0', 0, 1581047474, 0),
(75, 69, 0, 0, '', 'JAEkEZnHSC', 0, 1581047474, 0),
(76, 69, 0, 0, '', 'Rx8SB6l0m9', 0, 1581047474, 0),
(77, 69, 0, 0, '', 'u5TY6m0KVy', 0, 1581047474, 0),
(78, 69, 0, 0, '', '92Sy6qlKoa', 0, 1581047474, 0),
(79, 69, 0, 0, '', 'NTBfZsh6A6', 0, 1581047474, 0),
(80, 69, 0, 0, '', '7lw2Sq3e2R', 0, 1581047474, 0),
(81, 69, 0, 0, '', '5WPTZgNd31', 0, 1581047474, 0),
(82, 69, 0, 0, '', 'VKPN3AbIuJ', 0, 1581047474, 0),
(83, 69, 0, 0, '', 'XLOlxL6ruK', 0, 1581047474, 0),
(84, 69, 0, 0, '', 'L6RtICa4Jm', 0, 1581047474, 0),
(85, 69, 0, 0, '', 'rf1Bt4yI08', 0, 1581047474, 0),
(86, 69, 0, 0, '', 'JLKAuQPEtV', 0, 1581047474, 0),
(87, 69, 0, 0, '', 'F47c90qj6l', 0, 1581047474, 0),
(88, 69, 0, 0, '', 'z2WOD9AQ4k', 0, 1581047474, 0),
(89, 69, 0, 0, '', 'SsXzRYPdr7', 0, 1581047474, 0),
(90, 69, 0, 0, '', 'Cx0Pi5SU4q', 0, 1581047474, 0),
(91, 69, 0, 0, '', 'QAJJrenhtj', 0, 1581047474, 0),
(92, 69, 0, 0, '', 'Ma7K5ScS70', 0, 1581047474, 0),
(93, 69, 0, 0, '', 'SjAif419Ls', 0, 1581047474, 0),
(94, 69, 0, 0, '', '3d5ldVEoOn', 0, 1581047474, 0),
(95, 69, 0, 0, '', 'udGKfhFJDH', 0, 1581047474, 0),
(96, 69, 0, 0, '', 'M0jFe4scrC', 0, 1581047474, 0),
(97, 69, 0, 0, '', '2x1wMTyt2G', 0, 1581047474, 0),
(98, 69, 0, 0, '', '5tQinh1jNu', 0, 1581047474, 0),
(99, 69, 0, 0, '', 'qHCXGxB34s', 0, 1581047474, 0),
(100, 69, 0, 0, '', '8SLYGIuwNZ', 0, 1581047474, 0),
(101, 69, 0, 0, '', 'p6K5dj6QVe', 0, 1581047474, 0),
(102, 69, 0, 0, '', 'XFwJEnPJbG', 0, 1581047474, 0),
(103, 69, 0, 0, '', 'W3o5YYwoAZ', 0, 1581047474, 0),
(104, 69, 0, 0, '', 'E0PSm8Th3i', 0, 1581047474, 0),
(105, 69, 0, 0, '', '0txkT4hD3Q', 0, 1581047474, 0),
(106, 69, 0, 0, '', '3nsgLdPf1U', 0, 1581047474, 0),
(107, 69, 0, 0, '', 'qhT3Su38sZ', 0, 1581047474, 0),
(108, 69, 0, 0, '', 'gDrn9yJfDt', 0, 1581047474, 0),
(109, 69, 0, 0, '', 'PT2izfIOju', 0, 1581047474, 0),
(110, 69, 0, 0, '', 'YQRO4MNruj', 0, 1581047474, 0),
(111, 69, 0, 0, '', 'uCUZUSs1Pt', 0, 1581047474, 0),
(112, 69, 0, 0, '', 'FZ14Q3OQDQ', 0, 1581047474, 0),
(113, 69, 0, 0, '', 'ZAe8HqTewX', 0, 1581047474, 0),
(114, 69, 0, 0, '', 'O8opE5vghu', 0, 1581047474, 0),
(115, 69, 0, 0, '', 'E2RLJK58Sp', 0, 1581047474, 0),
(116, 69, 0, 0, '', 'kjdXbFlCY2', 0, 1581047474, 0),
(117, 69, 0, 0, '', 'Kafzsrv3tm', 0, 1581047474, 0),
(118, 69, 0, 0, '', 'Yz5pGD3Jt9', 0, 1581047474, 0),
(119, 69, 0, 0, '', 'RkYK7YJruE', 0, 1581047474, 0),
(120, 69, 0, 0, '', 'PgIXFFy7hP', 0, 1581047474, 0),
(121, 69, 0, 0, '', 'Yy5HzfpQB6', 0, 1581047474, 0),
(122, 69, 0, 0, '', '5quQPq4Vcq', 0, 1581047474, 0),
(123, 69, 0, 0, '', 'pxcZz6pKiJ', 0, 1581047474, 0),
(124, 69, 0, 0, '', 'zDOAqKFbWl', 0, 1581047474, 0),
(125, 69, 0, 0, '', 'ackLXx8Cze', 0, 1581047474, 0),
(126, 69, 0, 0, '', 'VnEjfoCOYK', 0, 1581047474, 0),
(127, 69, 0, 0, '', 'QkPREQCMW5', 0, 1581047474, 0),
(128, 69, 0, 0, '', 'JnfSDk9xkM', 0, 1581047474, 0),
(129, 69, 0, 0, '', 'FNkkfRuNVd', 0, 1581047474, 0),
(130, 69, 0, 0, '', 'QiVJ9GUvhS', 0, 1581047474, 0),
(131, 69, 0, 0, '', 'CVTGZcDvTs', 0, 1581047474, 0),
(132, 69, 0, 0, '', 'S1LO9rKYgH', 0, 1581047474, 0),
(133, 69, 0, 0, '', '0IUaZOun6u', 0, 1581047474, 0),
(134, 69, 0, 0, '', '1NarKn7Dgy', 0, 1581047474, 0),
(135, 69, 0, 0, '', '4HEiWRyKIt', 0, 1581047474, 0),
(136, 69, 0, 0, '', 'lvO7yOR6zT', 0, 1581047474, 0),
(137, 69, 0, 0, '', 'WfTQlF1GJu', 0, 1581047474, 0),
(138, 69, 0, 0, '', '35ZkyUtg0n', 0, 1581047474, 0),
(139, 69, 0, 0, '', 'SmM1MtOUKR', 0, 1581047474, 0),
(140, 69, 0, 0, '', 'aZfOqgWu8j', 0, 1581047474, 0),
(141, 69, 0, 0, '', '8tFJtPEhzH', 0, 1581047474, 0),
(142, 69, 0, 0, '', 'hXPmWPWXG2', 0, 1581047474, 0),
(143, 69, 0, 0, '', 'h1bMSjVaOv', 0, 1581047474, 0),
(144, 69, 0, 0, '', 'JbzbOYIjki', 0, 1581047474, 0),
(145, 69, 0, 0, '', 'jHddQIvsAE', 0, 1581047474, 0),
(146, 69, 0, 0, '', 'MlKf850IWh', 0, 1581047474, 0),
(147, 69, 0, 0, '', 'b7GT16GOl2', 0, 1581047474, 0),
(148, 69, 0, 0, '', '7y2HnfXX4b', 0, 1581047474, 0),
(149, 69, 0, 0, '', 'Rnk5WcPjAx', 0, 1581047474, 0),
(150, 69, 0, 0, '', 'bxVIN7mqnG', 0, 1581047474, 0),
(151, 69, 0, 0, '', 'wNU9gXg51c', 0, 1581047474, 0),
(152, 69, 0, 0, '', '3ouGg0HZ3b', 0, 1581047474, 0),
(153, 69, 0, 0, '', 'jO2gGsoWze', 0, 1581047474, 0),
(154, 69, 0, 0, '', 'boYNhToDxz', 0, 1581047474, 0),
(155, 69, 0, 0, '', 'zwDq9te14v', 0, 1581047474, 0),
(156, 69, 0, 0, '', 't4Dg2HyEJk', 0, 1581047474, 0),
(157, 69, 0, 0, '', 'CS7C79io4b', 0, 1581047474, 0),
(158, 69, 0, 0, '', 'ijhcaaUbl4', 0, 1581047474, 0),
(159, 69, 0, 0, '', 'ZB5ifFgs6F', 0, 1581047474, 0),
(160, 69, 0, 0, '', 'VRnstRm3Ay', 0, 1581047474, 0),
(161, 69, 0, 0, '', '5EHxsQqjRM', 0, 1581047474, 0),
(162, 69, 0, 0, '', 'MFHRQoEh04', 0, 1581047474, 0),
(163, 69, 0, 0, '', 'Ve5oJoEaJi', 0, 1581047474, 0),
(164, 69, 0, 0, '', 'urt6Slisq8', 0, 1581047474, 0),
(165, 69, 0, 0, '', 'gBdGadS6LZ', 0, 1581047474, 0),
(166, 69, 0, 0, '', 'hRCnXxprYl', 0, 1581047474, 0),
(167, 69, 0, 0, '', 'LBNLE5VLMt', 0, 1581047474, 0),
(168, 69, 0, 0, '', 'OxxPTvyLBr', 0, 1581047474, 0),
(169, 69, 0, 0, '', 'b2xHg9JvlX', 0, 1581047474, 0),
(170, 69, 0, 0, '', 'KrP6Fw6TK7', 0, 1581047474, 0),
(171, 69, 0, 0, '', 'yKRnn8XYz5', 0, 1581047474, 0),
(172, 69, 0, 0, '', '9glyATnx0d', 0, 1581047474, 0),
(173, 69, 0, 0, '', '18RcLMznwj', 0, 1581047474, 0),
(174, 69, 0, 0, '', '93EZknxLtw', 0, 1581047474, 0),
(175, 69, 0, 0, '', 'fmyvfcaoeB', 0, 1581047474, 0),
(176, 69, 0, 0, '', 'Zr4rHDBxki', 0, 1581047474, 0),
(177, 69, 0, 0, '', '5sdMGTzKFu', 0, 1581047474, 0),
(178, 69, 0, 0, '', 'mRLPgZmSX7', 0, 1581047474, 0),
(179, 69, 0, 0, '', 'bgxHyvpGCU', 0, 1581047474, 0),
(180, 69, 0, 0, '', 'DTKOsR11In', 0, 1581047474, 0),
(181, 69, 0, 0, '', 'o9qqVaWyfT', 0, 1581047474, 0),
(182, 69, 0, 0, '', 'zngOiyHQaG', 0, 1581047474, 0),
(183, 69, 0, 0, '', 'AYDUpRgp7Y', 0, 1581047474, 0),
(184, 69, 0, 0, '', '0QhfFkC1d5', 0, 1581047474, 0),
(185, 69, 0, 0, '', 'tcAFGYHOMg', 0, 1581047474, 0),
(186, 69, 0, 0, '', 'SEg1M6zKaL', 0, 1581047474, 0),
(187, 69, 0, 0, '', 'FBYtK9Avoi', 0, 1581047474, 0),
(188, 69, 0, 0, '', '4UKdKEDgqR', 0, 1581047474, 0),
(189, 69, 0, 0, '', 'B8BYpPwTm8', 0, 1581047474, 0),
(190, 69, 0, 0, '', 'osAwoGaxP4', 0, 1581047474, 0),
(191, 69, 0, 0, '', 'YXlp9pExfU', 0, 1581047474, 0),
(192, 69, 0, 0, '', 'l0paNBfEaH', 0, 1581047474, 0),
(193, 69, 0, 0, '', '7rEOjDNrvI', 0, 1581047474, 0),
(194, 69, 0, 0, '', 'lF5SVPMx5F', 0, 1581047474, 0),
(195, 69, 0, 0, '', 'vC8U1JRbb3', 0, 1581047474, 0),
(196, 69, 0, 0, '', 'h41qNASHDg', 0, 1581047474, 0),
(197, 69, 0, 0, '', 'chyzhctE4C', 0, 1581047474, 0),
(198, 69, 0, 0, '', 'aJ8h8kACJj', 0, 1581047474, 0),
(199, 69, 0, 0, '', 'Co99HhbF8H', 0, 1581047474, 0),
(200, 69, 0, 0, '', 'AtydBVcv4J', 0, 1581047474, 0),
(201, 69, 0, 0, '', 'UuNODqfhWG', 0, 1581047474, 0),
(202, 69, 0, 0, '', 'pqe6pNlYhu', 0, 1581047474, 0),
(203, 69, 0, 0, '', 'shkM3ufaAc', 0, 1581047474, 0),
(204, 69, 0, 0, '', 's8lRcLIJIp', 0, 1581047474, 0),
(205, 69, 0, 0, '', 'c5sYNVD68e', 0, 1581047474, 0),
(206, 69, 0, 0, '', '4eJbw0lND8', 0, 1581047474, 0),
(207, 69, 0, 0, '', 'qGdCSguWYe', 0, 1581047474, 0),
(208, 69, 0, 0, '', 'E7XlTe3xWj', 0, 1581047474, 0),
(209, 69, 0, 0, '', 'WS1AEJPdVn', 0, 1581047474, 0),
(210, 69, 0, 0, '', 'zjbTCpHtXJ', 0, 1581047474, 0),
(211, 69, 0, 0, '', 'mCobwplXZS', 0, 1581047474, 0),
(212, 69, 0, 0, '', 'jHUbJ6aGeo', 0, 1581047474, 0),
(213, 69, 0, 0, '', 'gRB3eWv95E', 0, 1581047474, 0),
(214, 69, 0, 0, '', 'I1O1VSVrCm', 0, 1581047474, 0),
(215, 69, 0, 0, '', 'JTEAmQJNNg', 0, 1581047474, 0),
(216, 69, 0, 0, '', 'gbepZSgvZb', 0, 1581047474, 0),
(217, 69, 0, 0, '', 'vkPE78xjv4', 0, 1581047474, 0),
(218, 69, 0, 0, '', 'I9oKUkEzWn', 0, 1581047474, 0),
(219, 69, 0, 0, '', 'ooeH7dGMTc', 0, 1581047474, 0),
(220, 69, 0, 0, '', 'X75JpitXpp', 0, 1581047474, 0),
(221, 69, 0, 0, '', 'ig7c83GVXt', 0, 1581047474, 0),
(222, 69, 0, 0, '', 'DIFGhGb6vP', 0, 1581047474, 0),
(223, 69, 0, 0, '', 'VthvhdQAQf', 0, 1581047474, 0),
(224, 69, 0, 0, '', 'kMRDd82qTN', 0, 1581047474, 0),
(225, 69, 0, 0, '', 'eiCC9lK2he', 0, 1581047474, 0),
(226, 69, 0, 0, '', 'JTheYx35Qw', 0, 1581047474, 0),
(227, 69, 0, 0, '', 'F3qfARmxmG', 0, 1581047474, 0),
(228, 69, 0, 0, '', 'iFA5rcjN6b', 0, 1581047474, 0),
(229, 69, 0, 0, '', '45bnYcTmug', 0, 1581047474, 0),
(230, 69, 0, 0, '', '3dGjpuu3xG', 0, 1581047474, 0),
(231, 69, 0, 0, '', 'H2MUr93w5v', 0, 1581047474, 0),
(232, 69, 0, 0, '', 'kLlqqega6D', 0, 1581047474, 0),
(233, 69, 0, 0, '', 'SU1aM7N3Wz', 0, 1581047474, 0),
(234, 69, 0, 0, '', 'MUpnQSgTiB', 0, 1581047474, 0),
(235, 69, 0, 0, '', '4BLjpdjeWx', 0, 1581047474, 0),
(236, 69, 0, 0, '', 'T1xs1I9w64', 0, 1581047474, 0),
(237, 69, 0, 0, '', 'qNzG8vIHzB', 0, 1581047474, 0),
(238, 69, 0, 0, '', 'HpmjglaWJu', 0, 1581047474, 0),
(239, 69, 0, 0, '', 'DEqtGTa5Pq', 0, 1581047474, 0),
(240, 69, 0, 0, '', 'P2PPBixjQM', 0, 1581047474, 0),
(241, 69, 0, 0, '', 'hDZo1KRt6x', 0, 1581047474, 0),
(242, 69, 0, 0, '', '0UHrffoLpx', 0, 1581047474, 0),
(243, 69, 0, 0, '', 'LutGwQ5QIO', 0, 1581047474, 0),
(244, 69, 0, 0, '', '4fGIW7Gpbe', 0, 1581047474, 0),
(245, 69, 0, 0, '', 'frnmmgfcOm', 0, 1581047474, 0),
(246, 69, 0, 0, '', 'NivW2FbTTo', 0, 1581047474, 0),
(247, 69, 0, 0, '', 'gloENpsVMO', 0, 1581047474, 0),
(248, 69, 0, 0, '', 'G4E2zxyMrA', 0, 1581047474, 0),
(249, 69, 0, 0, '', 'Rxjwg0I9Gw', 0, 1581047474, 0),
(250, 69, 0, 0, '', 'i3HteBByZO', 0, 1581047474, 0),
(251, 69, 0, 0, '', 'XDRlJF90CS', 0, 1581047474, 0),
(252, 69, 0, 0, '', 'OR4rbFLaTE', 0, 1581047474, 0),
(253, 69, 0, 0, '', 'i8oFWi1LrB', 0, 1581047474, 0),
(254, 69, 0, 0, '', 'O9nKOUWWBk', 0, 1581047474, 0),
(255, 69, 0, 0, '', 'R3NYN8CY6A', 0, 1581047474, 0),
(256, 69, 0, 0, '', 'ntu7WQT7of', 0, 1581047474, 0),
(257, 69, 0, 0, '', 'xfpga4ooQk', 0, 1581047474, 0),
(258, 69, 0, 0, '', 'CaipS5Et6t', 0, 1581047474, 0),
(259, 69, 0, 0, '', '0fAsLaZk0z', 0, 1581047474, 0),
(260, 69, 0, 0, '', 'kdFKhySXI8', 0, 1581047474, 0),
(261, 69, 0, 0, '', '8nlg6px1yU', 0, 1581047474, 0),
(262, 69, 0, 0, '', 'u2YvZFvqMY', 0, 1581047474, 0),
(263, 69, 0, 0, '', '71vTMgvrDF', 0, 1581047474, 0),
(264, 69, 0, 0, '', 'gRKfVVSkSh', 0, 1581047474, 0),
(265, 69, 0, 0, '', 'N3zKLaA1iR', 0, 1581047474, 0),
(266, 69, 0, 0, '', '6JDBjuXsTU', 0, 1581047474, 0),
(267, 69, 0, 0, '', 'JsX60nmcer', 0, 1581047474, 0),
(268, 69, 0, 0, '', 'HkvuUTkEpT', 0, 1581047474, 0),
(269, 69, 0, 0, '', '5cUbATvGYZ', 0, 1581047474, 0),
(270, 69, 0, 0, '', 'flQ275jkiI', 0, 1581047474, 0),
(271, 69, 0, 0, '', 'kPsVSEZ9UT', 0, 1581047474, 0),
(272, 69, 0, 0, '', 'TuezZnP87p', 0, 1581047474, 0),
(273, 69, 0, 0, '', 'ZI0q6fcBJs', 0, 1581047474, 0),
(274, 69, 0, 0, '', 'wIf8cnNlHg', 0, 1581047474, 0),
(275, 69, 0, 0, '', 'u1K8n0hpEP', 0, 1581047474, 0),
(276, 69, 0, 0, '', 'z3uUaCXzhV', 0, 1581047474, 0),
(277, 69, 0, 0, '', 'rnMqEzKzoo', 0, 1581047474, 0),
(278, 69, 0, 0, '', 'YjIl2ckPB7', 0, 1581047474, 0),
(279, 69, 0, 0, '', 'GBiBS5GdYe', 0, 1581047474, 0),
(280, 69, 0, 0, '', 'zSiWGn4IY0', 0, 1581047474, 0),
(281, 69, 0, 0, '', 'XECDZOkU7e', 0, 1581047474, 0),
(282, 69, 0, 0, '', 'jVh2mFhBNp', 0, 1581047474, 0),
(283, 69, 0, 0, '', 'zEa4UhYiU0', 0, 1581047474, 0),
(284, 69, 0, 0, '', 'D5CszJz2lf', 0, 1581047474, 0),
(285, 69, 0, 0, '', 'xfkC8PhC0P', 0, 1581047474, 0),
(286, 69, 0, 0, '', 'F8krG7mxYU', 0, 1581047474, 0),
(287, 69, 0, 0, '', 'XiqvvhfhVk', 0, 1581047474, 0),
(288, 69, 0, 0, '', 'ixSN0QiKeo', 0, 1581047474, 0),
(289, 69, 0, 0, '', 'HHTtzlPeRE', 0, 1581047474, 0),
(290, 69, 0, 0, '', '0EPuXA1nq7', 0, 1581047474, 0),
(291, 69, 0, 0, '', 'sTwbOElf6q', 0, 1581047474, 0),
(292, 69, 0, 0, '', 'FEZkhawvDK', 0, 1581047474, 0),
(293, 69, 0, 0, '', 'qLxnR7LYUq', 0, 1581047474, 0),
(294, 69, 0, 0, '', 'v7PSostzLu', 0, 1581047474, 0),
(295, 69, 0, 0, '', 'japfYBw3wk', 0, 1581047474, 0),
(296, 69, 0, 0, '', 'OF1tgaloXK', 0, 1581047474, 0),
(297, 69, 0, 0, '', 'ajcrvHqCkW', 0, 1581047474, 0),
(298, 69, 0, 0, '', 'lqOAc3nOti', 0, 1581047474, 0),
(299, 69, 0, 0, '', '3YP3HpXpIu', 0, 1581047474, 0),
(300, 69, 0, 0, '', 'CNF0ay9fFR', 0, 1581047474, 0),
(301, 69, 0, 0, '', '8DwWn7tVBl', 0, 1581047474, 0),
(302, 69, 0, 0, '', 'y4X1BiMaq1', 0, 1581047474, 0),
(303, 69, 0, 0, '', 'mD1JJjiSk4', 0, 1581047474, 0),
(304, 69, 0, 0, '', 'UN47lbKUBj', 0, 1581047474, 0),
(305, 69, 0, 0, '', 'Us7qz1VuWL', 0, 1581047474, 0),
(306, 69, 0, 0, '', 'YcYCY8DB6t', 0, 1581047474, 0),
(307, 69, 0, 0, '', 'uQeLu8ch1d', 0, 1581047474, 0),
(308, 69, 0, 0, '', 'Vt2LEMoOoq', 0, 1581047474, 0),
(309, 69, 0, 0, '', '3lWrl9HJhN', 0, 1581047474, 0),
(310, 69, 0, 0, '', 'DfHDxhLKyL', 0, 1581047474, 0),
(311, 69, 0, 0, '', '7kphDqoMRX', 0, 1581047474, 0),
(312, 69, 0, 0, '', 'FIH8Ls74Tf', 0, 1581047474, 0),
(313, 69, 0, 0, '', 'Blj10hpVEo', 0, 1581047474, 0),
(314, 69, 0, 0, '', 'lHCVcq0gbo', 0, 1581047474, 0),
(315, 69, 0, 0, '', 'ds17WnxOuV', 0, 1581047474, 0),
(316, 69, 0, 0, '', 'qMT8KOLUow', 0, 1581047474, 0),
(317, 69, 0, 0, '', 'no8PyjXuo8', 0, 1581047474, 0),
(318, 69, 0, 0, '', 'Jok6tBMLEL', 0, 1581047474, 0),
(319, 69, 0, 0, '', '8b0SdbPuNp', 0, 1581047474, 0),
(320, 69, 0, 0, '', 'ndevFNcOQp', 0, 1581047474, 0),
(321, 69, 0, 0, '', 'XpzfV20XOE', 0, 1581047474, 0),
(322, 69, 0, 0, '', 'xr58eNGBku', 0, 1581047474, 0),
(323, 69, 0, 0, '', '8v1dCXAPrA', 0, 1581047474, 0),
(324, 69, 0, 0, '', 'OWniQoUpoB', 0, 1581047474, 0),
(325, 69, 0, 0, '', 'ZIMwTwvzZV', 0, 1581047474, 0),
(326, 69, 0, 0, '', 'feTLjqpQGn', 0, 1581047474, 0),
(327, 69, 0, 0, '', 'd01rupJWTY', 0, 1581047474, 0),
(328, 69, 0, 0, '', 'SfWbRUP56a', 0, 1581047474, 0),
(329, 69, 0, 0, '', 'OerISCzN1k', 0, 1581047474, 0),
(330, 69, 0, 0, '', '2daYaN7FxU', 0, 1581047474, 0),
(331, 69, 0, 0, '', 'FchuTyHzWZ', 0, 1581047474, 0),
(332, 69, 0, 0, '', 'hL9ahXDUFc', 0, 1581047474, 0),
(333, 69, 0, 0, '', 'aIH18PUgvS', 0, 1581047474, 0),
(334, 69, 0, 0, '', 'ZVb2bh31iY', 0, 1581047474, 0),
(335, 69, 0, 0, '', 'CXkUniHLSx', 0, 1581047474, 0),
(336, 69, 0, 0, '', 'qvvLXKScvD', 0, 1581047474, 0),
(337, 69, 0, 0, '', 'koCnjV1osm', 0, 1581047474, 0),
(338, 69, 0, 0, '', 'NbjayQtmgl', 0, 1581047474, 0),
(339, 69, 0, 0, '', 'PMltCfjO7b', 0, 1581047474, 0),
(340, 69, 0, 0, '', 'v2ZojYHqtM', 0, 1581047474, 0),
(341, 69, 0, 0, '', 'DYDQ6fh42V', 0, 1581047474, 0),
(342, 69, 0, 0, '', 'CEfuUEVIUf', 0, 1581047474, 0),
(343, 69, 0, 0, '', 'tIA4DxtSxx', 0, 1581047474, 0),
(344, 69, 0, 0, '', 'JtTd4yhg1m', 0, 1581047474, 0),
(345, 69, 0, 0, '', 'jFz856sRkG', 0, 1581047474, 0),
(346, 69, 0, 0, '', 'GWAUxuXAhN', 0, 1581047474, 0),
(347, 69, 0, 0, '', 'VGNt3SY90k', 0, 1581047474, 0),
(348, 69, 0, 0, '', 'GDfa6vemsj', 0, 1581047474, 0),
(349, 69, 0, 0, '', 'zs0XKG19Gn', 0, 1581047474, 0),
(350, 69, 0, 0, '', 'MEkIgK6MIy', 0, 1581047474, 0),
(351, 69, 0, 0, '', 'i9T3ZyWPqO', 0, 1581047474, 0),
(352, 69, 0, 0, '', 'VOJUWlRPVD', 0, 1581047474, 0),
(353, 69, 0, 0, '', 'ZTc7RPDros', 0, 1581047474, 0),
(354, 69, 0, 0, '', 'ERczt50xji', 0, 1581047474, 0),
(355, 69, 0, 0, '', 'Vm4VmPKKuc', 0, 1581047474, 0),
(356, 69, 0, 0, '', 'DLqYAjd9MF', 0, 1581047474, 0),
(357, 69, 0, 0, '', 'mV91o04ESD', 0, 1581047474, 0),
(358, 69, 0, 0, '', 'FmsrfuUJd0', 0, 1581047474, 0),
(359, 69, 0, 0, '', 'eZPe9xjL1i', 0, 1581047474, 0),
(360, 69, 0, 0, '', '4CpKSedPdQ', 0, 1581047474, 0),
(361, 69, 0, 0, '', 'zAzGlQ3w1E', 0, 1581047474, 0),
(362, 69, 0, 0, '', 'WKuuO8yRbS', 0, 1581047474, 0),
(363, 69, 0, 0, '', '2yByQSWNqZ', 0, 1581047474, 0),
(364, 69, 0, 0, '', 'OGVwBynaZD', 0, 1581047474, 0),
(365, 69, 0, 0, '', 'e8dHP2svRN', 0, 1581047474, 0),
(366, 69, 0, 0, '', 'wRTk8ZG1SP', 0, 1581047474, 0),
(367, 69, 0, 0, '', 'cYUliZzwIk', 0, 1581047474, 0),
(368, 69, 0, 0, '', 'b9iHkcZiaj', 0, 1581047474, 0),
(369, 69, 0, 0, '', '5lUKjr0AfZ', 0, 1581047474, 0),
(370, 69, 0, 0, '', 'Epi5mQzpt8', 0, 1581047474, 0),
(371, 69, 0, 0, '', 'Dry0MTZFn4', 0, 1581047474, 0),
(372, 69, 0, 0, '', 'mqCpm2k7bk', 0, 1581047474, 0),
(373, 69, 0, 0, '', 'k6dHrhcinY', 0, 1581047474, 0),
(374, 69, 0, 0, '', '73kfTPVWt5', 0, 1581047474, 0),
(375, 69, 0, 0, '', 'zU2YbGh5dm', 0, 1581047474, 0),
(376, 69, 0, 0, '', 'EIDW2os6lR', 0, 1581047474, 0),
(377, 69, 0, 0, '', 'E0KWtKlo8I', 0, 1581047474, 0),
(378, 69, 0, 0, '', 'uHED34vnws', 0, 1581047474, 0),
(379, 69, 0, 0, '', '702HGmyl1E', 0, 1581047474, 0),
(380, 69, 0, 0, '', '1jDwHFWQT5', 0, 1581047474, 0),
(381, 69, 0, 0, '', 'nkf7LqDCgU', 0, 1581047474, 0),
(382, 69, 0, 0, '', '8xobhL5RQA', 0, 1581047474, 0),
(383, 69, 0, 0, '', 'kHjPeFfFwh', 0, 1581047474, 0),
(384, 69, 0, 0, '', 'mbBfuxvZ72', 0, 1581047474, 0),
(385, 69, 0, 0, '', 'fBbg6lmaWh', 0, 1581047474, 0),
(386, 69, 0, 0, '', 'vv3TQx69TP', 0, 1581047474, 0),
(387, 69, 0, 0, '', 'CgmljFHEYP', 0, 1581047474, 0),
(388, 69, 0, 0, '', 'Q8Om3fNij4', 0, 1581047474, 0),
(389, 69, 0, 0, '', '7wqCP07S8c', 0, 1581047474, 0),
(390, 69, 0, 0, '', 'VdZJ4uYjGL', 0, 1581047474, 0),
(391, 69, 0, 0, '', 'MO5sel7TGT', 0, 1581047474, 0),
(392, 69, 0, 0, '', 'vjHkKOXTGL', 0, 1581047474, 0),
(393, 69, 0, 0, '', 'xvzJxASG2l', 0, 1581047474, 0),
(394, 69, 0, 0, '', 'Ey0rlVezXK', 0, 1581047474, 0),
(395, 69, 0, 0, '', '0BPGXDnvrR', 0, 1581047474, 0),
(396, 69, 0, 0, '', 'E4Ome6iOAJ', 0, 1581047474, 0),
(397, 69, 0, 0, '', 'APVYtKhbzI', 0, 1581047474, 0),
(398, 69, 0, 0, '', 'lvxGFFTQFn', 0, 1581047474, 0),
(399, 69, 0, 0, '', 'RSuE21RAbn', 0, 1581047474, 0),
(400, 69, 0, 0, '', '3WjX4qMmdQ', 0, 1581047474, 0),
(401, 69, 0, 0, '', 'CqShxaV5m1', 0, 1581047474, 0),
(402, 69, 0, 0, '', 'OKYCTzUM3o', 0, 1581047474, 0),
(403, 69, 0, 0, '', 'HoMm8aiswd', 0, 1581047474, 0),
(404, 69, 0, 0, '', 'g9DAQFY9LD', 0, 1581047474, 0),
(405, 69, 0, 0, '', 'mhlWLR6DsJ', 0, 1581047474, 0),
(406, 69, 0, 0, '', 'IpPmfV4cNP', 0, 1581047474, 0),
(407, 69, 0, 0, '', 'ARll4gkFaL', 0, 1581047474, 0),
(408, 69, 0, 0, '', '4c0gfUbdUl', 0, 1581047474, 0),
(409, 69, 0, 0, '', 'NDjh3OfMRz', 0, 1581047474, 0),
(410, 69, 0, 0, '', 'xD9cTO3L6R', 0, 1581047474, 0),
(411, 69, 0, 0, '', 'dQQwuNMHXa', 0, 1581047474, 0),
(412, 69, 0, 0, '', '4vXyGgGCnI', 0, 1581047474, 0),
(413, 69, 0, 0, '', 'Ys66mfWY9m', 0, 1581047474, 0),
(414, 69, 0, 0, '', 'o9aCDVLYiD', 0, 1581047474, 0),
(415, 69, 0, 0, '', 'w2tSVWvdzW', 0, 1581047474, 0),
(416, 69, 0, 0, '', 'hzP1i0k3E3', 0, 1581047474, 0),
(417, 69, 0, 0, '', '5fMCMYIoY5', 0, 1581047474, 0),
(418, 69, 0, 0, '', 'kcqy3S4tiM', 0, 1581047474, 0),
(419, 69, 0, 0, '', 'iDY2qGmWso', 0, 1581047474, 0),
(420, 69, 0, 0, '', '1qJnyD7wDH', 0, 1581047474, 0),
(421, 69, 0, 0, '', 'zGaC3geBju', 0, 1581047474, 0),
(422, 69, 0, 0, '', 'dbEthLm3Ia', 0, 1581047474, 0),
(423, 69, 0, 0, '', '9e1P5womdL', 0, 1581047474, 0),
(424, 69, 0, 0, '', 'VpMIOVIVpg', 0, 1581047474, 0),
(425, 69, 0, 0, '', 'OcsnwlyKQ8', 0, 1581047474, 0),
(426, 69, 0, 0, '', 'oAEIFQv1Ps', 0, 1581047474, 0),
(427, 69, 0, 0, '', '7Tex3Mw4V1', 0, 1581047474, 0),
(428, 69, 0, 0, '', 'ryuihgCQdu', 0, 1581047474, 0),
(429, 69, 0, 0, '', 'pbJxbHzInC', 0, 1581047474, 0),
(430, 69, 0, 0, '', '8WKS3fN5mS', 0, 1581047474, 0),
(431, 69, 0, 0, '', 'qV4uB3ZD9h', 0, 1581047474, 0),
(432, 69, 0, 0, '', 'N80IfABtyb', 0, 1581047474, 0),
(433, 69, 0, 0, '', 'O0NFGr0Q1f', 0, 1581047474, 0),
(434, 69, 0, 0, '', 'vGQol0Ehqe', 0, 1581047474, 0),
(435, 69, 0, 0, '', 'GGt14nnD2O', 0, 1581047474, 0),
(436, 69, 0, 0, '', '7NtI94JBve', 0, 1581047474, 0),
(437, 69, 0, 0, '', '7TBq4U2aoh', 0, 1581047474, 0),
(438, 69, 0, 0, '', 'ycvOFQQFbZ', 0, 1581047474, 0),
(439, 69, 0, 0, '', 'x9AuAQZb5q', 0, 1581047474, 0),
(440, 69, 0, 0, '', 'XKQaGDoIbe', 0, 1581047474, 0),
(441, 69, 0, 0, '', 'b11GFYtp9T', 0, 1581047474, 0),
(442, 69, 0, 0, '', 'QHJP2EXEgK', 0, 1581047474, 0),
(443, 69, 0, 0, '', 'HZXzI8j39j', 0, 1581047474, 0),
(444, 69, 0, 0, '', 'FZDCZr1MyP', 0, 1581047474, 0),
(445, 69, 0, 0, '', 'BLoAFGix8a', 0, 1581047474, 0),
(446, 69, 0, 0, '', 'rMbtoXx0r1', 0, 1581047474, 0),
(447, 69, 0, 0, '', 'efP4JwVy9k', 0, 1581047474, 0),
(448, 69, 0, 0, '', 'Iehx3o1C5q', 0, 1581047474, 0),
(449, 69, 0, 0, '', '7WQHyKgIcL', 0, 1581047474, 0),
(450, 69, 0, 0, '', 'A5F1ZQ8jLl', 0, 1581047474, 0),
(451, 69, 0, 0, '', 'q8pFU2dDec', 0, 1581047474, 0),
(452, 69, 0, 0, '', 'OLyFS93ivH', 0, 1581047474, 0),
(453, 69, 0, 0, '', 'w8qnUpImjS', 0, 1581047474, 0),
(454, 69, 0, 0, '', '0dqlngvvXm', 0, 1581047474, 0),
(455, 69, 0, 0, '', 'CjULcUcPi8', 0, 1581047474, 0),
(456, 69, 0, 0, '', 'MzLGrjjJwY', 0, 1581047474, 0),
(457, 69, 0, 0, '', 'fY3RfodqTs', 0, 1581047474, 0),
(458, 69, 0, 0, '', 'QCMLgsHmue', 0, 1581047474, 0),
(459, 69, 0, 0, '', 'W56i2PPg19', 0, 1581047474, 0),
(460, 69, 0, 0, '', 'htSdRU1bQx', 0, 1581047474, 0),
(461, 69, 0, 0, '', 'poP6yDuxGL', 0, 1581047474, 0),
(462, 69, 0, 0, '', 'RIfGVasj8S', 0, 1581047474, 0),
(463, 69, 0, 0, '', '2TDlBY0yHZ', 0, 1581047474, 0),
(464, 69, 0, 0, '', '6YLrV5yot8', 0, 1581047474, 0),
(465, 69, 0, 0, '', 'SVKcpAnSfH', 0, 1581047474, 0),
(466, 69, 0, 0, '', 'kFOvI7XXAY', 0, 1581047474, 0),
(467, 69, 0, 0, '', '9u6DkOur2g', 0, 1581047474, 0),
(468, 69, 0, 0, '', 'FcPT7mtguY', 0, 1581047474, 0),
(469, 69, 0, 0, '', 'BU6UnxUqjN', 0, 1581047474, 0),
(470, 69, 0, 0, '', 'IWIzpk7EWu', 0, 1581047474, 0),
(471, 69, 0, 0, '', 'd7tceDBf7H', 0, 1581047474, 0),
(472, 69, 0, 0, '', 'RhdVT1kKtE', 0, 1581047474, 0),
(473, 69, 0, 0, '', 'eHZCBPjWW2', 0, 1581047474, 0),
(474, 69, 0, 0, '', 'HVW1FE1E02', 0, 1581047474, 0),
(475, 69, 0, 0, '', 'Dpyac5WD9a', 0, 1581047474, 0),
(476, 69, 0, 0, '', 'z9iiIQWjoF', 0, 1581047474, 0),
(477, 69, 0, 0, '', 'WlhTM7VZUT', 0, 1581047474, 0),
(478, 69, 0, 0, '', 'tN4mmJaooG', 0, 1581047474, 0),
(479, 69, 0, 0, '', 'kl4Xg49bQk', 0, 1581047474, 0),
(480, 69, 0, 0, '', 'rf6UKCYAW2', 0, 1581047474, 0),
(481, 69, 0, 0, '', 'LOtnZVoGxK', 0, 1581047474, 0),
(482, 69, 0, 0, '', 'KFCmijL7L0', 0, 1581047474, 0),
(483, 69, 0, 0, '', 'QTs9hJqloZ', 0, 1581047474, 0),
(484, 69, 0, 0, '', 'm5o7ICJ4Sc', 0, 1581047474, 0),
(485, 69, 0, 0, '', 'yEAQx3gY4G', 0, 1581047474, 0),
(486, 69, 0, 0, '', 'lNxPjxBsoR', 0, 1581047474, 0),
(487, 69, 0, 0, '', 'NGjSjnWlGc', 0, 1581047474, 0),
(488, 69, 0, 0, '', 'wXQxYcroNG', 0, 1581047474, 0),
(489, 69, 0, 0, '', 'j5YLbgQu5J', 0, 1581047474, 0),
(490, 69, 0, 0, '', 'PkG5ufQRbZ', 0, 1581047474, 0),
(491, 69, 0, 0, '', 'xTCacaF3tF', 0, 1581047474, 0),
(492, 69, 0, 0, '', '7iXBtef9gc', 0, 1581047474, 0),
(493, 69, 0, 0, '', '0MStHs2ATk', 0, 1581047474, 0),
(494, 69, 0, 0, '', 'UEnrQHutHF', 0, 1581047474, 0),
(495, 69, 0, 0, '', 'hYzTbuvPDE', 0, 1581047474, 0),
(496, 69, 0, 0, '', 'KJwBRl4d4p', 0, 1581047474, 0),
(497, 69, 0, 0, '', '7xF1abQUB7', 0, 1581047474, 0),
(498, 69, 0, 0, '', 'hUKguwkV70', 0, 1581047474, 0),
(499, 69, 0, 0, '', 'cB1kNHRfoX', 0, 1581047474, 0),
(500, 69, 0, 0, '', 'AHDHwgkmdY', 0, 1581047474, 0),
(501, 69, 0, 0, '', 'IL1WFW9Oyp', 0, 1581047474, 0),
(502, 69, 0, 0, '', 'xRaVeprnuo', 0, 1581047474, 0),
(503, 69, 0, 0, '', 'rPk5S6QQnS', 0, 1581047474, 0),
(504, 69, 0, 0, '', 'q7ZicbCd1e', 0, 1581047474, 0),
(505, 69, 0, 0, '', 'JeMxLmjC4j', 0, 1581047474, 0),
(506, 69, 0, 0, '', 'p2yPMFkZJD', 0, 1581047474, 0),
(507, 69, 0, 0, '', 'yXA5fn9i2o', 0, 1581047474, 0),
(508, 69, 0, 0, '', 'WcyhJGLEvx', 0, 1581047474, 0),
(509, 69, 0, 0, '', 'HmLX0jlShZ', 0, 1581047474, 0),
(510, 69, 0, 0, '', 'O1r26qFKUQ', 0, 1581047474, 0),
(511, 69, 0, 0, '', 'e77J4Ykukf', 0, 1581047474, 0),
(512, 69, 0, 0, '', 'nGDyxGZyLe', 0, 1581047474, 0),
(513, 69, 0, 0, '', 'AVS51eWCHX', 0, 1581047474, 0),
(514, 69, 0, 0, '', '22prNl0dtI', 0, 1581047474, 0),
(515, 69, 0, 0, '', 'uxQFTy9gWx', 0, 1581047474, 0),
(516, 69, 0, 0, '', 'cJKNTVXUjM', 0, 1581047474, 0),
(517, 69, 0, 0, '', '8A4FV0dv9g', 0, 1581047474, 0),
(518, 69, 0, 0, '', '02s3bo2AUy', 0, 1581047474, 0),
(519, 69, 0, 0, '', 'EPDQ4slGwZ', 0, 1581047474, 0),
(520, 69, 0, 0, '', '2cONjd0TZ9', 0, 1581047474, 0),
(521, 69, 0, 0, '', 'zPk38KJJKL', 0, 1581047474, 0),
(522, 69, 0, 0, '', 'Tybg8LtBxR', 0, 1581047474, 0),
(523, 69, 0, 0, '', 'Ebkta8hwD7', 0, 1581047474, 0),
(524, 69, 0, 0, '', 'pCKMSbdBKS', 0, 1581047474, 0),
(525, 69, 0, 0, '', '4H0cxphBj1', 0, 1581047474, 0),
(526, 69, 0, 0, '', 'G4TeF67oXv', 0, 1581047474, 0),
(527, 69, 0, 0, '', 'CEfcwHB2Ig', 0, 1581047474, 0),
(528, 69, 0, 0, '', '4taBdn7b5p', 0, 1581047474, 0),
(529, 69, 0, 0, '', 'AG87MaaRq0', 0, 1581047474, 0),
(530, 69, 0, 0, '', 'D4YKBYiUQ7', 0, 1581047474, 0),
(531, 69, 0, 0, '', '43BAnThqzN', 0, 1581047474, 0),
(532, 69, 0, 0, '', 'n1HUBEHNn8', 0, 1581047474, 0),
(533, 69, 0, 0, '', 'BXid7sE6Iz', 0, 1581047474, 0),
(534, 69, 0, 0, '', '2DNF8Cf3Ol', 0, 1581047474, 0),
(535, 69, 0, 0, '', '5HfA7kgJTO', 0, 1581047474, 0),
(536, 69, 0, 0, '', 'j5BGH738a3', 0, 1581047474, 0),
(537, 69, 0, 0, '', 'B6cn5Un8pD', 0, 1581047474, 0),
(538, 69, 0, 0, '', 'imVaqU8AjR', 0, 1581047474, 0),
(539, 69, 0, 0, '', 'p8wavK6lAC', 0, 1581047474, 0),
(540, 69, 0, 0, '', '0yn0r9hPc1', 0, 1581047474, 0),
(541, 69, 0, 0, '', 'cEYwGcBR9R', 0, 1581047474, 0),
(542, 69, 0, 0, '', 'lCvBFVWUOC', 0, 1581047474, 0),
(543, 69, 0, 0, '', 'kQBVAak7aF', 0, 1581047474, 0),
(544, 69, 0, 0, '', 'yGH2XlcVMt', 0, 1581047474, 0),
(545, 69, 0, 0, '', 'YbXvVtRoqh', 0, 1581047474, 0),
(546, 69, 0, 0, '', '76aVFMHnsY', 0, 1581047474, 0),
(547, 69, 0, 0, '', 'Hg4Qf9uQ2V', 0, 1581047474, 0),
(548, 69, 0, 0, '', 'HmOqoQwg4A', 0, 1581047474, 0),
(549, 69, 0, 0, '', 'kmrQX8qhL1', 0, 1581047474, 0),
(550, 69, 0, 0, '', '4WSmpAwPAv', 0, 1581047474, 0),
(551, 69, 0, 0, '', 'PCx19mzpmJ', 0, 1581047474, 0),
(552, 69, 0, 0, '', 'HjqJRNdH18', 0, 1581047474, 0),
(553, 69, 0, 0, '', 'OXu0yQ7wn9', 0, 1581047474, 0),
(554, 69, 0, 0, '', 'RvE4kIEbMG', 0, 1581047474, 0),
(555, 69, 0, 0, '', 'GkNy7gfgp8', 0, 1581047474, 0),
(556, 69, 0, 0, '', 'PsdingkTei', 0, 1581047474, 0),
(557, 69, 0, 0, '', 'G3NKrBk6Wv', 0, 1581047474, 0),
(558, 69, 0, 0, '', 'O6ApHL4lHA', 0, 1581047474, 0),
(559, 69, 0, 0, '', 'WFXOrOvppV', 0, 1581047474, 0),
(560, 69, 0, 0, '', 'gRuyczbxAb', 0, 1581047474, 0),
(561, 69, 0, 0, '', 'ItDz4Vzc5m', 0, 1581047474, 0),
(562, 69, 0, 0, '', 'vQd7bX16zk', 0, 1581047474, 0),
(563, 69, 0, 0, '', '0o3j7DBaCS', 0, 1581047474, 0),
(564, 69, 0, 0, '', 'kiZS7A8jEy', 0, 1581047474, 0),
(565, 69, 0, 0, '', 'JJMtXJkffa', 0, 1581047474, 0),
(566, 69, 0, 0, '', '15mlnpVNwR', 0, 1581047474, 0),
(567, 69, 0, 0, '', '2OOtWNKY61', 0, 1581047474, 0),
(568, 69, 0, 0, '', 'xzqEZqEROw', 0, 1581047474, 0),
(569, 69, 0, 0, '', '407sV3vRmt', 0, 1581047474, 0),
(570, 69, 0, 0, '', 'y0ht6V3MXn', 0, 1581047474, 0),
(571, 69, 0, 0, '', 'KYpMq2rQD4', 0, 1581047474, 0),
(572, 69, 0, 0, '', 'DdovyhtVoE', 0, 1581047474, 0),
(573, 69, 0, 0, '', 'Qc0pLeDp8a', 0, 1581047474, 0),
(574, 69, 0, 0, '', 'T9clgEyDTG', 0, 1581047474, 0),
(575, 69, 0, 0, '', 'KX3ZMNhQCN', 0, 1581047474, 0),
(576, 69, 0, 0, '', 'q6IKxV1mwA', 0, 1581047474, 0),
(577, 69, 0, 0, '', '46sbKgWEmB', 0, 1581047474, 0),
(578, 69, 0, 0, '', 'KlJMsfC96q', 0, 1581047474, 0),
(579, 69, 0, 0, '', 'suWwrPO8rQ', 0, 1581047474, 0),
(580, 69, 0, 0, '', 'P4cRcLMi7J', 0, 1581047474, 0),
(581, 69, 0, 0, '', 'quTqg0Dsl9', 0, 1581047474, 0),
(582, 69, 0, 0, '', 'qL4wwWS5Sa', 0, 1581047474, 0),
(583, 69, 0, 0, '', 'UzBbesxSaI', 0, 1581047474, 0),
(584, 69, 0, 0, '', 'KJ4xfOSMyV', 0, 1581047474, 0),
(585, 69, 0, 0, '', 'YUKLfmLbai', 0, 1581047474, 0),
(586, 69, 0, 0, '', '2KvJ1rIf5v', 0, 1581047474, 0),
(587, 69, 0, 0, '', 'IRIUZXDUhi', 0, 1581047474, 0),
(588, 69, 0, 0, '', 'erVr8rhRk4', 0, 1581047474, 0),
(589, 69, 0, 0, '', 'zA6COz0J8d', 0, 1581047474, 0),
(590, 69, 0, 0, '', 'ebAbFVDY4v', 0, 1581047474, 0),
(591, 69, 0, 0, '', 'TnWovpjnkR', 0, 1581047474, 0),
(592, 69, 0, 0, '', 'AhxJF6x1ky', 0, 1581047474, 0),
(593, 69, 0, 0, '', 'spNZqtmuBu', 0, 1581047474, 0),
(594, 69, 0, 0, '', 'WVnLntzB63', 0, 1581047474, 0),
(595, 69, 0, 0, '', 'AkObda71eX', 0, 1581047474, 0),
(596, 69, 0, 0, '', 'kLBwVa5hXi', 0, 1581047474, 0),
(597, 69, 0, 0, '', 'P8J8vQ06kw', 0, 1581047474, 0),
(598, 69, 0, 0, '', 'p6dnnnPbbC', 0, 1581047474, 0),
(599, 69, 0, 0, '', 'AeCTfjuEgn', 0, 1581047474, 0),
(600, 69, 0, 0, '', 'DiegVk1Flv', 0, 1581047474, 0),
(601, 69, 0, 0, '', 'UXHzEU9SPe', 0, 1581047474, 0),
(602, 69, 0, 0, '', 'ap1X1NOF8Y', 0, 1581047474, 0),
(603, 69, 0, 0, '', 'dMYGnJQUr7', 0, 1581047474, 0),
(604, 69, 0, 0, '', 'pPDzsXluQd', 0, 1581047474, 0),
(605, 69, 0, 0, '', 'qt3AISLJYM', 0, 1581047474, 0),
(606, 69, 0, 0, '', 'lRBKuZ82t2', 0, 1581047474, 0),
(607, 69, 0, 0, '', 'Sp4F40qenA', 0, 1581047474, 0),
(608, 69, 0, 0, '', 'LxuKxchi3d', 0, 1581047474, 0),
(609, 69, 0, 0, '', '21kXgy43d5', 0, 1581047474, 0),
(610, 69, 0, 0, '', 'dwDHVmV7D6', 0, 1581047474, 0),
(611, 69, 0, 0, '', 'GvYrbpMvPS', 0, 1581047474, 0),
(612, 69, 0, 0, '', 'SpFBIcSFwx', 0, 1581047474, 0),
(613, 69, 0, 0, '', 'TkldNG3LZy', 0, 1581047474, 0),
(614, 69, 0, 0, '', 'wOnXKPGDk6', 0, 1581047474, 0),
(615, 69, 0, 0, '', 'UKFFLsspwY', 0, 1581047474, 0),
(616, 69, 0, 0, '', 'dBx78MCF5H', 0, 1581047474, 0),
(617, 69, 0, 0, '', 'xBNFyxb6dz', 0, 1581047474, 0),
(618, 69, 0, 0, '', 'ijdZpXIbH4', 0, 1581047474, 0),
(619, 69, 0, 0, '', '9lR7j5Pw2c', 0, 1581047474, 0),
(620, 69, 0, 0, '', 'oSR1NIhlDD', 0, 1581047474, 0),
(621, 69, 0, 0, '', 'QGLlM2XBEI', 0, 1581047474, 0),
(622, 69, 0, 0, '', 'K1H7gdBmcm', 0, 1581047474, 0),
(623, 69, 0, 0, '', 'A1BMU2Ij9k', 0, 1581047474, 0),
(624, 69, 0, 0, '', 's9Fx5IEGkE', 0, 1581047474, 0),
(625, 69, 0, 0, '', 'ZnSWyK10Iu', 0, 1581047474, 0),
(626, 69, 0, 0, '', 'oNIlxVjaCF', 0, 1581047474, 0),
(627, 69, 0, 0, '', 'uCw3fUsVzq', 0, 1581047474, 0),
(628, 69, 0, 0, '', 'q7lVAE3gUW', 0, 1581047474, 0),
(629, 69, 0, 0, '', 'Hz9TmsP2kD', 0, 1581047474, 0),
(630, 69, 0, 0, '', '9GIEcBJAYC', 0, 1581047474, 0),
(631, 69, 0, 0, '', 'Aixg9gxozx', 0, 1581047474, 0),
(632, 69, 0, 0, '', 'uy0wOWhsk7', 0, 1581047474, 0),
(633, 69, 0, 0, '', 'KWjaMnZVZA', 0, 1581047474, 0),
(634, 69, 0, 0, '', 'bkIe3XknAU', 0, 1581047474, 0),
(635, 69, 0, 0, '', 'aPRO5QW1sn', 0, 1581047474, 0),
(636, 69, 0, 0, '', 'mTDE7EmC0b', 0, 1581047474, 0),
(637, 69, 0, 0, '', '9U989uD9tR', 0, 1581047474, 0),
(638, 69, 0, 0, '', 'xtZX9t3UkD', 0, 1581047474, 0),
(639, 69, 0, 0, '', 'MWEy1KJJtC', 0, 1581047474, 0),
(640, 69, 0, 0, '', '889AnZ6w0R', 0, 1581047474, 0),
(641, 69, 0, 0, '', 'Ruv3fVYt7U', 0, 1581047474, 0),
(642, 69, 0, 0, '', 'JqLue7CRUF', 0, 1581047474, 0),
(643, 69, 0, 0, '', 'mB3SbNkeTM', 0, 1581047474, 0),
(644, 69, 0, 0, '', 'Ayb9pl1lDU', 0, 1581047474, 0),
(645, 69, 0, 0, '', 'k9aaRiRhv4', 0, 1581047474, 0),
(646, 69, 0, 0, '', '0KrgSRxF6B', 0, 1581047474, 0),
(647, 69, 0, 0, '', 'hOVcONOIif', 0, 1581047474, 0),
(648, 69, 0, 0, '', '2Uxc9mnDtw', 0, 1581047474, 0),
(649, 69, 0, 0, '', 'Xw2RVVNF9M', 0, 1581047474, 0),
(650, 69, 0, 0, '', 'e1FkgWLpXj', 0, 1581047474, 0),
(651, 69, 0, 0, '', 'lAWltruETw', 0, 1581047474, 0),
(652, 69, 0, 0, '', 'ixzjdWg4RI', 0, 1581047474, 0),
(653, 69, 0, 0, '', 'Ql5JuWLaJy', 0, 1581047474, 0),
(654, 69, 0, 0, '', 'bVfH9cKmsM', 0, 1581047474, 0),
(655, 69, 0, 0, '', '8ZTNijTVOE', 0, 1581047474, 0),
(656, 69, 0, 0, '', '6Db8zZr7hI', 0, 1581047474, 0),
(657, 69, 0, 0, '', 'zh3FySNRGP', 0, 1581047474, 0),
(658, 69, 0, 0, '', 'G0ZEmwgqo5', 0, 1581047474, 0),
(659, 69, 0, 0, '', 'bj89L8wJNW', 0, 1581047474, 0),
(660, 69, 0, 0, '', 'Aedky0S2So', 0, 1581047474, 0),
(661, 69, 0, 0, '', 'e3uryLGeRS', 0, 1581047474, 0),
(662, 69, 0, 0, '', 'VzuZqfOzsK', 0, 1581047474, 0),
(663, 69, 0, 0, '', 'LU6owOMToZ', 0, 1581047474, 0),
(664, 69, 0, 0, '', 'M1bKoWMv7k', 0, 1581047474, 0),
(665, 69, 0, 0, '', 'e9eOJl78lX', 0, 1581047474, 0),
(666, 69, 0, 0, '', 'XawExQfBx0', 0, 1581047474, 0),
(667, 69, 0, 0, '', 't2AcbX1Qrx', 0, 1581047474, 0),
(668, 69, 0, 0, '', 'KTnPiZlPQE', 0, 1581047474, 0),
(669, 69, 0, 0, '', '4AEjiAh6NO', 0, 1581047474, 0),
(670, 69, 0, 0, '', 'O1znunEGpA', 0, 1581047474, 0),
(671, 69, 0, 0, '', '38iXA7QHtH', 0, 1581047474, 0),
(672, 69, 0, 0, '', 'weKWuCBQJ9', 0, 1581047474, 0),
(673, 69, 0, 0, '', 'Mpqr0YoV36', 0, 1581047474, 0),
(674, 69, 0, 0, '', 'IOM9yhEL0z', 0, 1581047474, 0),
(675, 69, 0, 0, '', 'C17sPNtDGl', 0, 1581047474, 0),
(676, 69, 0, 0, '', 'sdcMzzDQRm', 0, 1581047474, 0),
(677, 69, 0, 0, '', 'nXnIYggv6O', 0, 1581047474, 0),
(678, 69, 0, 0, '', 'hk94I3NziL', 0, 1581047474, 0),
(679, 69, 0, 0, '', '4dxerhS8a6', 0, 1581047474, 0),
(680, 69, 0, 0, '', 'tXVD1VH9YC', 0, 1581047474, 0),
(681, 69, 0, 0, '', 'YdvjAvs18y', 0, 1581047474, 0),
(682, 69, 0, 0, '', 'D8NKtNl1V9', 0, 1581047474, 0),
(683, 69, 0, 0, '', 'oLrruR6tl2', 0, 1581047474, 0),
(684, 69, 0, 0, '', 'Wcyohwxnmp', 0, 1581047474, 0),
(685, 69, 0, 0, '', 'jctpq0EGuG', 0, 1581047474, 0),
(686, 69, 0, 0, '', 'Sudu6fNkxp', 0, 1581047474, 0),
(687, 69, 0, 0, '', 'aJ9d8TQh6u', 0, 1581047474, 0),
(688, 69, 0, 0, '', 'SmmGFqL8eL', 0, 1581047474, 0),
(689, 69, 0, 0, '', 'GYSdbQBiWb', 0, 1581047474, 0),
(690, 69, 0, 0, '', 'CcETTAV3oQ', 0, 1581047474, 0),
(691, 69, 0, 0, '', 'dDG5k640y6', 0, 1581047474, 0),
(692, 69, 0, 0, '', 'YZVe3i4OSv', 0, 1581047474, 0),
(693, 69, 0, 0, '', 'N9Y0QquSwH', 0, 1581047474, 0),
(694, 69, 0, 0, '', 'Lg5gdHUTnS', 0, 1581047474, 0),
(695, 69, 0, 0, '', '0sSocqKig7', 0, 1581047474, 0),
(696, 69, 0, 0, '', 'sMuxdG2Vqg', 0, 1581047474, 0),
(697, 69, 0, 0, '', 'SILiKGhbWF', 0, 1581047474, 0),
(698, 69, 0, 0, '', 'xqjb2PYDpk', 0, 1581047474, 0),
(699, 69, 0, 0, '', 'UFNfEAkGjt', 0, 1581047474, 0),
(700, 69, 0, 0, '', 'xtn0PI2ys5', 0, 1581047474, 0),
(701, 69, 0, 0, '', 'jdlSj3erAB', 0, 1581047474, 0),
(702, 69, 0, 0, '', 'rJTlccaduu', 0, 1581047474, 0),
(703, 69, 0, 0, '', '0R3diuPRjC', 0, 1581047474, 0),
(704, 69, 0, 0, '', 'qMdIUingtS', 0, 1581047474, 0),
(705, 69, 0, 0, '', 'xF1xJ0plUt', 0, 1581047474, 0),
(706, 69, 0, 0, '', 'tyhUQO4PYE', 0, 1581047474, 0),
(707, 69, 0, 0, '', 'PfJByL8jK2', 0, 1581047474, 0),
(708, 69, 0, 0, '', 'XIxm12R13v', 0, 1581047474, 0),
(709, 69, 0, 0, '', 'Z2QcGwpAxz', 0, 1581047474, 0),
(710, 69, 0, 0, '', 'ronyBxdgV8', 0, 1581047474, 0),
(711, 69, 0, 0, '', 'uLYq8oNNGF', 0, 1581047474, 0),
(712, 69, 0, 0, '', 'hYNXcbMRSo', 0, 1581047474, 0),
(713, 69, 0, 0, '', 'Pm02Jk94nc', 0, 1581047474, 0),
(714, 69, 0, 0, '', 'PnLWQYIDg1', 0, 1581047474, 0),
(715, 69, 0, 0, '', 'YbCZXgytJY', 0, 1581047474, 0),
(716, 69, 0, 0, '', 'PK0ipgsZrT', 0, 1581047474, 0),
(717, 69, 0, 0, '', 'jwqBtoRAaR', 0, 1581047474, 0),
(718, 69, 0, 0, '', 'A1iXWTqiL4', 0, 1581047474, 0),
(719, 69, 0, 0, '', 'j9V5QtaQOi', 0, 1581047474, 0),
(720, 69, 0, 0, '', 'nX0onOY0dw', 0, 1581047474, 0),
(721, 69, 0, 0, '', '9vvRolDPzg', 0, 1581047474, 0),
(722, 69, 0, 0, '', 'M5bd6RHTmM', 0, 1581047474, 0),
(723, 69, 0, 0, '', 'lPkXCkK3MU', 0, 1581047474, 0),
(724, 69, 0, 0, '', 'fiMaUNCFSW', 0, 1581047474, 0),
(725, 69, 0, 0, '', 'iejLVHaqBb', 0, 1581047474, 0),
(726, 69, 0, 0, '', 'Quh71p5q7b', 0, 1581047474, 0),
(727, 69, 0, 0, '', '5FoHAmsAiq', 0, 1581047474, 0),
(728, 69, 0, 0, '', '4KdFInob9s', 0, 1581047474, 0),
(729, 69, 0, 0, '', 'pUSUNhBjOZ', 0, 1581047474, 0),
(730, 69, 0, 0, '', 'FPmVJPZfEI', 0, 1581047474, 0),
(731, 69, 0, 0, '', 'tCpzm3evHH', 0, 1581047474, 0),
(732, 69, 0, 0, '', 'rKjkgL6gsu', 0, 1581047474, 0),
(733, 69, 0, 0, '', '43yekq9vJF', 0, 1581047474, 0),
(734, 69, 0, 0, '', 'MrbagfsEHX', 0, 1581047474, 0),
(735, 69, 0, 0, '', 'Fw0ArCtQBy', 0, 1581047474, 0),
(736, 69, 0, 0, '', '4gJPb6rYRS', 0, 1581047474, 0),
(737, 69, 0, 0, '', 'iU0SF3bNXL', 0, 1581047474, 0),
(738, 69, 0, 0, '', 'jgY3PAKMYM', 0, 1581047474, 0),
(739, 69, 0, 0, '', 'IMY3NQqof4', 0, 1581047474, 0),
(740, 69, 0, 0, '', 'Q06p2c50x7', 0, 1581047474, 0),
(741, 69, 0, 0, '', 'gO9H3qzwGC', 0, 1581047474, 0),
(742, 69, 0, 0, '', 'gB1PQsv8TB', 0, 1581047474, 0),
(743, 69, 0, 0, '', 'B8JxFg2uv9', 0, 1581047474, 0),
(744, 69, 0, 0, '', 'mLMaFQgxF1', 0, 1581047474, 0),
(745, 69, 0, 0, '', 'yUcm5oGTnR', 0, 1581047474, 0),
(746, 69, 0, 0, '', 'KJ1hf1FUhy', 0, 1581047474, 0),
(747, 69, 0, 0, '', 'gwWMGRT8O8', 0, 1581047474, 0),
(748, 69, 0, 0, '', 'dKs0Uv8Fep', 0, 1581047474, 0),
(749, 69, 0, 0, '', 'grHuYF9elA', 0, 1581047474, 0),
(750, 69, 0, 0, '', 'Vge1jn2KHf', 0, 1581047474, 0),
(751, 69, 0, 0, '', 'kua2CxvX6S', 0, 1581047474, 0),
(752, 69, 0, 0, '', 'xtPtzygJuP', 0, 1581047474, 0),
(753, 69, 0, 0, '', 'slz08DfEYK', 0, 1581047474, 0),
(754, 69, 0, 0, '', 'LC6FgCaeT4', 0, 1581047474, 0),
(755, 69, 0, 0, '', 'tFEQCXoukc', 0, 1581047474, 0),
(756, 69, 0, 0, '', 'V0cNT42yJe', 0, 1581047474, 0),
(757, 69, 0, 0, '', 'UsCXqDdCGJ', 0, 1581047474, 0),
(758, 69, 0, 0, '', 'ec2EdQOvrO', 0, 1581047474, 0),
(759, 69, 0, 0, '', 'kUgUQQ679A', 0, 1581047474, 0),
(760, 69, 0, 0, '', '6bDYNl4o85', 0, 1581047474, 0),
(761, 69, 0, 0, '', 'YaAbODc3eI', 0, 1581047474, 0),
(762, 69, 0, 0, '', 'L4h0lE7piw', 0, 1581047474, 0),
(763, 69, 0, 0, '', 'dcwX2OTwm9', 0, 1581047474, 0),
(764, 69, 0, 0, '', 'PE4UaHmdZH', 0, 1581047474, 0),
(765, 69, 0, 0, '', 'Bt0LrstU1S', 0, 1581047474, 0),
(766, 69, 0, 0, '', '9RYZSYMT6p', 0, 1581047474, 0),
(767, 69, 0, 0, '', '5U5xEicmyu', 0, 1581047474, 0),
(768, 69, 0, 0, '', 'iidbE6PlAW', 0, 1581047474, 0),
(769, 69, 0, 0, '', 'VIVcfDNRrL', 0, 1581047474, 0),
(770, 69, 0, 0, '', '7WooHkRJ2c', 0, 1581047474, 0),
(771, 69, 0, 0, '', 'xd7CFCPKYq', 0, 1581047474, 0),
(772, 69, 0, 0, '', 'SIYqxFGm3q', 0, 1581047474, 0),
(773, 69, 0, 0, '', '3Y6DYnkApD', 0, 1581047474, 0),
(774, 69, 0, 0, '', 'giyEO3UdTc', 0, 1581047474, 0),
(775, 69, 0, 0, '', 'EDX4mBNdKc', 0, 1581047474, 0),
(776, 69, 0, 0, '', 'l8WxJkDxXs', 0, 1581047474, 0),
(777, 69, 0, 0, '', 'cfflFBnxPG', 0, 1581047474, 0),
(778, 69, 0, 0, '', 'LQh7Jlu2zt', 0, 1581047474, 0),
(779, 69, 0, 0, '', '7xvYn4yWzF', 0, 1581047474, 0),
(780, 69, 0, 0, '', 'aRrf3B3U1p', 0, 1581047474, 0),
(781, 69, 0, 0, '', 'a76Iw5rUIB', 0, 1581047474, 0),
(782, 69, 0, 0, '', '0qqcPDZ4K7', 0, 1581047474, 0),
(783, 69, 0, 0, '', 'G9owwQXfTV', 0, 1581047474, 0),
(784, 69, 0, 0, '', 'ReOYw2l6T8', 0, 1581047474, 0),
(785, 69, 0, 0, '', 'I2AShQKSvX', 0, 1581047474, 0),
(786, 69, 0, 0, '', 'OJZEDhPM2U', 0, 1581047474, 0),
(787, 69, 0, 0, '', 'lMFEETBg7e', 0, 1581047474, 0),
(788, 69, 0, 0, '', 'M6iBEYsy5x', 0, 1581047474, 0),
(789, 69, 0, 0, '', 'wlWD9GUGR0', 0, 1581047474, 0),
(790, 69, 0, 0, '', 'cZexxCP7Bz', 0, 1581047474, 0),
(791, 69, 0, 0, '', 'a3IaPh7VKW', 0, 1581047474, 0),
(792, 69, 0, 0, '', 'P1igGlkLOV', 0, 1581047474, 0),
(793, 69, 0, 0, '', 'GA6r65WvxU', 0, 1581047474, 0),
(794, 69, 0, 0, '', '0INlP90kBp', 0, 1581047474, 0),
(795, 69, 0, 0, '', 'gQwVYKCfTd', 0, 1581047474, 0),
(796, 69, 0, 0, '', 'XQAIxqpI0M', 0, 1581047474, 0),
(797, 69, 0, 0, '', 'k7MTTuSqyU', 0, 1581047474, 0),
(798, 69, 0, 0, '', '3mLlFYBHir', 0, 1581047474, 0),
(799, 69, 0, 0, '', 'MVjivlsrP8', 0, 1581047474, 0),
(800, 69, 0, 0, '', 'h8fQ3GFW0n', 0, 1581047474, 0),
(801, 69, 0, 0, '', 'GJzLHyYWPg', 0, 1581047474, 0),
(802, 69, 0, 0, '', 'tQnPP9fiZZ', 0, 1581047474, 0),
(803, 69, 0, 0, '', 'VXKRHLozdd', 0, 1581047474, 0),
(804, 69, 0, 0, '', '4IbburXnu0', 0, 1581047474, 0),
(805, 69, 0, 0, '', 'ZmWN3wSruP', 0, 1581047474, 0),
(806, 69, 0, 0, '', 'ttgoMZlEcs', 0, 1581047474, 0),
(807, 69, 0, 0, '', 'qZ27aUs9ro', 0, 1581047474, 0),
(808, 69, 0, 0, '', 'O1oyXniNWD', 0, 1581047474, 0),
(809, 69, 0, 0, '', 'qaMY6HvYK1', 0, 1581047474, 0),
(810, 69, 0, 0, '', '9mz3PJdx0I', 0, 1581047474, 0),
(811, 69, 0, 0, '', 'ZvocOmqFMO', 0, 1581047474, 0),
(812, 69, 0, 0, '', 'vWIz5YJbCV', 0, 1581047474, 0),
(813, 69, 0, 0, '', 'Hmz0cwjUPc', 0, 1581047474, 0),
(814, 69, 0, 0, '', 'zkUgBhq1dp', 0, 1581047474, 0),
(815, 69, 0, 0, '', 'KySo17OVVS', 0, 1581047474, 0),
(816, 69, 0, 0, '', 'ljyEHCtVgA', 0, 1581047474, 0),
(817, 69, 0, 0, '', 'gHisWmQVbr', 0, 1581047474, 0),
(818, 69, 0, 0, '', 'd95kVrQC6X', 0, 1581047474, 0),
(819, 69, 0, 0, '', 'XascyZC9K6', 0, 1581047474, 0),
(820, 69, 0, 0, '', 'iNdAxqf0we', 0, 1581047474, 0),
(821, 69, 0, 0, '', 'hQfYOohHi4', 0, 1581047474, 0),
(822, 69, 0, 0, '', 'P7LxRvbHep', 0, 1581047474, 0),
(823, 69, 0, 0, '', 'WYK3hA0T8g', 0, 1581047474, 0),
(824, 69, 0, 0, '', 'U7aofVp5hV', 0, 1581047474, 0),
(825, 69, 0, 0, '', '6xVwPfDNZP', 0, 1581047474, 0),
(826, 69, 0, 0, '', '4f5BBnCG3E', 0, 1581047474, 0),
(827, 69, 0, 0, '', 'n0kwuuzUvS', 0, 1581047474, 0),
(828, 69, 0, 0, '', 'Bs1S4QpJUk', 0, 1581047474, 0),
(829, 69, 0, 0, '', 'gdJXMUjfhO', 0, 1581047474, 0),
(830, 69, 0, 0, '', '8fUqInUHK6', 0, 1581047474, 0),
(831, 69, 0, 0, '', 'tQoD4wFTu5', 0, 1581047474, 0),
(832, 69, 0, 0, '', '1D1yTeqHAE', 0, 1581047474, 0),
(833, 69, 0, 0, '', 'CXaryiVg4o', 0, 1581047474, 0),
(834, 69, 0, 0, '', 'Ifiywnvtz8', 0, 1581047474, 0),
(835, 69, 0, 0, '', 'g6S5IGFpHh', 0, 1581047474, 0),
(836, 69, 0, 0, '', 'IiWZSb2DG2', 0, 1581047474, 0),
(837, 69, 0, 0, '', 'ScfwiHBLR0', 0, 1581047474, 0),
(838, 69, 0, 0, '', 'zNvrXs1UWm', 0, 1581047474, 0),
(839, 69, 0, 0, '', 'U9T9EykYTh', 0, 1581047474, 0),
(840, 69, 0, 0, '', '14CUnNRoYo', 0, 1581047474, 0),
(841, 69, 0, 0, '', 'gmQXEI6FPH', 0, 1581047474, 0),
(842, 69, 0, 0, '', 'i8eqZcAZ3N', 0, 1581047474, 0),
(843, 69, 0, 0, '', 'UTk6cY7iPv', 0, 1581047474, 0),
(844, 69, 0, 0, '', 'zqN20kyMQa', 0, 1581047474, 0),
(845, 69, 0, 0, '', 'PO8GeKIbD7', 0, 1581047474, 0),
(846, 69, 0, 0, '', 'JUwR4eu31L', 0, 1581047474, 0),
(847, 69, 0, 0, '', 'xz29eSoe55', 0, 1581047474, 0),
(848, 69, 0, 0, '', 'Hrn3vTJCJR', 0, 1581047474, 0),
(849, 69, 0, 0, '', 'vRAOyjQdsm', 0, 1581047474, 0),
(850, 69, 0, 0, '', 'hnBML7CAqM', 0, 1581047474, 0),
(851, 69, 0, 0, '', 'BdwOMw6JNP', 0, 1581047474, 0),
(852, 69, 0, 0, '', 'LUZ5d3EpHJ', 0, 1581047474, 0),
(853, 69, 0, 0, '', 'MjKRK6pwWl', 0, 1581047474, 0),
(854, 69, 0, 0, '', 'Knj1KapuYR', 0, 1581047474, 0),
(855, 69, 0, 0, '', '651jA6rzYB', 0, 1581047474, 0),
(856, 69, 0, 0, '', 'lGXtn1EpFL', 0, 1581047474, 0),
(857, 69, 0, 0, '', 'BIWNqE0Iqz', 0, 1581047474, 0),
(858, 69, 0, 0, '', 'oKqZCCnCw1', 0, 1581047474, 0),
(859, 69, 0, 0, '', 'ZKkAu4xtf8', 0, 1581047474, 0),
(860, 69, 0, 0, '', 'L3tpZbiWQP', 0, 1581047474, 0),
(861, 69, 0, 0, '', 'LCjSvbYV3d', 0, 1581047474, 0),
(862, 69, 0, 0, '', '72zetQvLTT', 0, 1581047474, 0),
(863, 69, 0, 0, '', 'TnnzAvyGMZ', 0, 1581047474, 0),
(864, 69, 0, 0, '', 'fROAHatq0Q', 0, 1581047474, 0),
(865, 69, 0, 0, '', 'cfNcyF48H0', 0, 1581047474, 0),
(866, 69, 0, 0, '', 'AOKCdNsLdZ', 0, 1581047474, 0),
(867, 69, 0, 0, '', 'XBh5WJL54Z', 0, 1581047474, 0),
(868, 69, 0, 0, '', '6r730NDpbm', 0, 1581047474, 0),
(869, 69, 0, 0, '', '9qfOzokgjo', 0, 1581047474, 0),
(870, 69, 0, 0, '', '2wx2Ojckc8', 0, 1581047474, 0),
(871, 69, 0, 0, '', 'QCzYhsEema', 0, 1581047474, 0),
(872, 69, 0, 0, '', 'PFDx9NwvUE', 0, 1581047474, 0),
(873, 69, 0, 0, '', 'au7WotL7hR', 0, 1581047474, 0),
(874, 69, 0, 0, '', 'nlI64fZ8pW', 0, 1581047474, 0),
(875, 69, 0, 0, '', 'TmoSL5USih', 0, 1581047474, 0),
(876, 69, 0, 0, '', 'M06GLtN86A', 0, 1581047474, 0),
(877, 69, 0, 0, '', 'mhGV9vKdxW', 0, 1581047474, 0),
(878, 69, 0, 0, '', 'MHGW7g8ZBj', 0, 1581047474, 0),
(879, 69, 0, 0, '', 'i9fdCn2rQn', 0, 1581047474, 0),
(880, 69, 0, 0, '', 'uF9p3wUbM1', 0, 1581047474, 0),
(881, 69, 0, 0, '', 'k8Gy5bnx0i', 0, 1581047474, 0),
(882, 69, 0, 0, '', 'BgFFR8WICo', 0, 1581047474, 0),
(883, 69, 0, 0, '', '4XIWyiWvle', 0, 1581047474, 0),
(884, 69, 0, 0, '', 'g6nyyex68d', 0, 1581047474, 0),
(885, 69, 0, 0, '', 'qKiuRuRAzQ', 0, 1581047474, 0),
(886, 69, 0, 0, '', 'sax394iQox', 0, 1581047474, 0),
(887, 69, 0, 0, '', 'HeLHAsTkFS', 0, 1581047474, 0),
(888, 69, 0, 0, '', 'sts15nlc3X', 0, 1581047474, 0),
(889, 69, 0, 0, '', 'mR7SpCBl4j', 0, 1581047474, 0),
(890, 69, 0, 0, '', '94Y7txYhcP', 0, 1581047474, 0),
(891, 69, 0, 0, '', 'a0NU0Xwinx', 0, 1581047474, 0),
(892, 69, 0, 0, '', 'GDCts9FiTz', 0, 1581047474, 0),
(893, 69, 0, 0, '', 'ntpXuKTKTE', 0, 1581047474, 0),
(894, 69, 0, 0, '', '6v43qhuNH7', 0, 1581047474, 0),
(895, 69, 0, 0, '', '9mIPltbtG6', 0, 1581047474, 0),
(896, 69, 0, 0, '', 'RsW5cyLViQ', 0, 1581047474, 0),
(897, 69, 0, 0, '', 'wzt83P18CF', 0, 1581047474, 0),
(898, 69, 0, 0, '', 'tLwEkFWR4P', 0, 1581047474, 0),
(899, 69, 0, 0, '', 'PsKhGsE51R', 0, 1581047474, 0),
(900, 69, 0, 0, '', 'lsqdX8JWfK', 0, 1581047474, 0),
(901, 69, 0, 0, '', '80ZRiUrEhZ', 0, 1581047474, 0),
(902, 69, 0, 0, '', 'hXNyMEuGcq', 0, 1581047474, 0),
(903, 69, 0, 0, '', 'GBs6bgSN5n', 0, 1581047474, 0),
(904, 69, 0, 0, '', 'ge718IAJWd', 0, 1581047474, 0),
(905, 69, 0, 0, '', 'UFxlcGIF52', 0, 1581047474, 0),
(906, 69, 0, 0, '', 'VRSdmrjEoN', 0, 1581047474, 0),
(907, 69, 0, 0, '', 'x5xOlojTkX', 0, 1581047474, 0),
(908, 69, 0, 0, '', '0fd10a1Y6U', 0, 1581047474, 0),
(909, 69, 0, 0, '', 'nd8sPdlpca', 0, 1581047474, 0),
(910, 69, 0, 0, '', 'neAvbSbDbE', 0, 1581047474, 0),
(911, 69, 0, 0, '', 'FwfwZVNyip', 0, 1581047474, 0),
(912, 69, 0, 0, '', 'D8rmJy7xLN', 0, 1581047474, 0),
(913, 69, 0, 0, '', 'ly4UsBentv', 0, 1581047474, 0),
(914, 69, 0, 0, '', 'ifs5PynLKj', 0, 1581047474, 0),
(915, 69, 0, 0, '', 'YQj04f0S2e', 0, 1581047474, 0),
(916, 69, 0, 0, '', 'MBjpsGTi0d', 0, 1581047474, 0),
(917, 69, 0, 0, '', 'E66VCParuq', 0, 1581047474, 0),
(918, 69, 0, 0, '', '2CPrOVHeDL', 0, 1581047474, 0),
(919, 69, 0, 0, '', 'JhkfjRx1AD', 0, 1581047474, 0),
(920, 69, 0, 0, '', 'BjfjOAKq9c', 0, 1581047474, 0),
(921, 69, 0, 0, '', 'IRiu9FcDhD', 0, 1581047474, 0),
(922, 69, 0, 0, '', 'sqWyKbcJR7', 0, 1581047474, 0),
(923, 69, 0, 0, '', 'FzC6kLc7de', 0, 1581047474, 0),
(924, 69, 0, 0, '', 'QVAxuB0q34', 0, 1581047474, 0),
(925, 69, 0, 0, '', 'JdnzS4S27x', 0, 1581047474, 0),
(926, 69, 0, 0, '', 'LWvULFD5ou', 0, 1581047474, 0),
(927, 69, 0, 0, '', '3DmXI6KfGG', 0, 1581047474, 0),
(928, 69, 0, 0, '', '6zUR2DF2Ex', 0, 1581047474, 0),
(929, 69, 0, 0, '', 'IiRW9uER4T', 0, 1581047474, 0),
(930, 69, 0, 0, '', 'QrfkI8fl4o', 0, 1581047474, 0),
(931, 69, 0, 0, '', 'k7rKUHMQKb', 0, 1581047474, 0),
(932, 69, 0, 0, '', 'hw0XJJb8WC', 0, 1581047474, 0),
(933, 69, 0, 0, '', 'SBpJXRnIch', 0, 1581047474, 0),
(934, 69, 0, 0, '', 'Q9KbCrvpdm', 0, 1581047474, 0),
(935, 69, 0, 0, '', 'F9UCaoiRcf', 0, 1581047474, 0),
(936, 69, 0, 0, '', 'elsj813YQN', 0, 1581047474, 0),
(937, 69, 0, 0, '', 'rNtQS1MFId', 0, 1581047474, 0),
(938, 69, 0, 0, '', 'fL1LXKEc8B', 0, 1581047474, 0),
(939, 69, 0, 0, '', 'f2toIB4BfX', 0, 1581047474, 0),
(940, 69, 0, 0, '', 'rB2vWe6Oq1', 0, 1581047474, 0),
(941, 69, 0, 0, '', '1lR76XMzPu', 0, 1581047474, 0),
(942, 69, 0, 0, '', 'O0N3TgMzNY', 0, 1581047474, 0),
(943, 69, 0, 0, '', 'PF1e0CpNUZ', 0, 1581047474, 0),
(944, 69, 0, 0, '', 'Da27MiOgNw', 0, 1581047474, 0),
(945, 69, 0, 0, '', 'Gbwqp60iX8', 0, 1581047474, 0),
(946, 69, 0, 0, '', 'AqpnZfmqNb', 0, 1581047474, 0),
(947, 69, 0, 0, '', 'DSZhdf0b71', 0, 1581047474, 0),
(948, 69, 0, 0, '', 'evMuUAT7Ac', 0, 1581047474, 0),
(949, 69, 0, 0, '', 'Q5lpnhzXAM', 0, 1581047474, 0),
(950, 69, 0, 0, '', 'sNFq0aY5AR', 0, 1581047474, 0),
(951, 69, 0, 0, '', 't2VPiyZto8', 0, 1581047474, 0),
(952, 69, 0, 0, '', 'bwrYZrAROk', 0, 1581047474, 0),
(953, 69, 0, 0, '', 'PAiDxFxmbp', 0, 1581047474, 0),
(954, 69, 0, 0, '', 'MCyh4OzWSq', 0, 1581047474, 0),
(955, 69, 0, 0, '', 'pZLRRo1iOg', 0, 1581047474, 0),
(956, 69, 0, 0, '', 'mjYAkKdByC', 0, 1581047474, 0),
(957, 69, 0, 0, '', '6I9Ra7TfsY', 0, 1581047474, 0),
(958, 69, 0, 0, '', 'j1rmliF6Au', 0, 1581047474, 0),
(959, 69, 0, 0, '', 'JPaAmPpr0T', 0, 1581047474, 0),
(960, 69, 0, 0, '', '9gX2Kw5sYU', 0, 1581047474, 0),
(961, 69, 0, 0, '', 'x9pxMVLXNn', 0, 1581047474, 0),
(962, 69, 0, 0, '', 'g2s1PvmcA1', 0, 1581047474, 0),
(963, 69, 0, 0, '', '7eo9ZHP7ck', 0, 1581047474, 0),
(964, 69, 0, 0, '', '9csWLimY8K', 0, 1581047474, 0),
(965, 69, 0, 0, '', 'a3elqT7Xn0', 0, 1581047474, 0),
(966, 69, 0, 0, '', 'yAE3AJsS1V', 0, 1581047474, 0),
(967, 69, 0, 0, '', 'VI5u2rOA2y', 0, 1581047474, 0),
(968, 69, 0, 0, '', 'DqCAQ2c6kY', 0, 1581047474, 0),
(969, 69, 0, 0, '', 'ITy67g0ACE', 0, 1581047474, 0),
(970, 69, 0, 0, '', 'Blvk1GQXNh', 0, 1581047474, 0),
(971, 69, 0, 0, '', 'MqOdB8SJPA', 0, 1581047474, 0),
(972, 69, 0, 0, '', 'g4PhD63Bdy', 0, 1581047474, 0),
(973, 69, 0, 0, '', 'ljSGn0Fryq', 0, 1581047474, 0),
(974, 69, 0, 0, '', 'r0WRHbkwiB', 0, 1581047474, 0),
(975, 69, 0, 0, '', '1zQugBNNf8', 0, 1581047474, 0),
(976, 69, 0, 0, '', 'ZoJdOFfdxC', 0, 1581047474, 0),
(977, 69, 0, 0, '', 'mgVnU7sREG', 0, 1581047474, 0),
(978, 69, 0, 0, '', 'cJmQaLhnMH', 0, 1581047474, 0),
(979, 69, 0, 0, '', 'gkQfqLqpuU', 0, 1581047474, 0);
INSERT INTO `donkey_coupon_give` (`coupon_give_id`, `coupon_id`, `user_id`, `order_id`, `order_no`, `exchange_code`, `use_time`, `create_time`, `is_delete`) VALUES
(980, 69, 0, 0, '', 'Ve60pod5TM', 0, 1581047474, 0),
(981, 69, 0, 0, '', 'xRVCT5iqWJ', 0, 1581047474, 0),
(982, 69, 0, 0, '', 'BpqfPOTb2G', 0, 1581047474, 0),
(983, 69, 0, 0, '', '7wKg2EiTjc', 0, 1581047474, 0),
(984, 69, 0, 0, '', '1o9ec8EwQR', 0, 1581047474, 0),
(985, 69, 0, 0, '', '1K5BqUWDnS', 0, 1581047474, 0),
(986, 69, 0, 0, '', 'SE5Lif8b9J', 0, 1581047474, 0),
(987, 69, 0, 0, '', 'miuUpHB30m', 0, 1581047474, 0),
(988, 69, 0, 0, '', 'Fgbctbgtjh', 0, 1581047474, 0),
(989, 69, 0, 0, '', 'yUuX5pofkS', 0, 1581047474, 0),
(990, 69, 0, 0, '', 'TPE97KaoOz', 0, 1581047474, 0),
(991, 69, 0, 0, '', 'WkiEuJRM5Q', 0, 1581047474, 0),
(992, 69, 0, 0, '', 'FwpQsaiDMN', 0, 1581047474, 0),
(993, 69, 0, 0, '', 'bmhiJxT2pf', 0, 1581047474, 0),
(994, 69, 0, 0, '', 'eVSnVi1ojB', 0, 1581047474, 0),
(995, 69, 0, 0, '', '7Z2asgaN74', 0, 1581047474, 0),
(996, 69, 0, 0, '', 'ZpHuxKOWWj', 0, 1581047474, 0),
(997, 69, 0, 0, '', 'CLSjKHZPNe', 0, 1581047474, 0),
(998, 69, 0, 0, '', 'W0VM3xm1En', 0, 1581047474, 0),
(1001, 59, 0, 0, '', 'lgzIC1qSRk', 0, 1581048117, 0),
(1002, 59, 0, 0, '', 'j2Sy7SpxmO', 0, 1581048117, 0),
(1003, 59, 0, 0, '', 'jDB0nHAqQd', 0, 1581048425, 0),
(1004, 59, 0, 0, '', 'O1k4b74cJE', 0, 1581048425, 0),
(1005, 59, 0, 0, '', 'zCtZb0BMQ2', 0, 1581048425, 0),
(1006, 59, 0, 0, '', '6XKLaqAgWi', 0, 1581048425, 0),
(1007, 59, 0, 0, '', 'PswJiPYXzl', 0, 1581048425, 0),
(1008, 59, 0, 0, '', 'DcCvHm6bbF', 0, 1581048425, 0),
(1009, 59, 0, 0, '', '4Ofq3SxPol', 0, 1581048425, 0),
(1010, 59, 0, 0, '', 'ysfIIhbwsj', 0, 1581048425, 0),
(1011, 59, 0, 0, '', 'cVO428H1gj', 0, 1581048425, 0),
(1012, 59, 0, 0, '', 'jLt2lOXPIF', 0, 1581048425, 0),
(1013, 59, 0, 0, '', 'PSgkhpty49', 0, 1581048425, 0),
(1014, 59, 0, 0, '', 'I60KfmQB0H', 0, 1581048425, 0),
(1015, 59, 0, 0, '', 'As1FXSjx5f', 0, 1581048425, 0),
(1016, 59, 0, 0, '', 'AeYOpfHeIJ', 0, 1581048425, 0),
(1017, 59, 0, 0, '', 'OuDG0DUTOm', 0, 1581048425, 0),
(1018, 59, 0, 0, '', 'WTcljbTRX3', 0, 1581048425, 0),
(1019, 59, 0, 0, '', 'XKV4dZN3KL', 0, 1581048425, 0),
(1020, 59, 0, 0, '', 'Vt1l7YdJx1', 0, 1581048425, 0),
(1021, 59, 0, 0, '', 's6JNsOZwGH', 0, 1581048425, 0),
(1022, 59, 0, 0, '', 'EHAhpTP7gw', 0, 1581048425, 0),
(1023, 59, 0, 0, '', '8elBypAqO6', 0, 1581048425, 0),
(1024, 59, 0, 0, '', '2a4IIiD4KS', 0, 1581048425, 0),
(1025, 59, 0, 0, '', '2EqCQx1iXS', 0, 1581048425, 0),
(1026, 59, 0, 0, '', 'rmxupK9ye4', 0, 1581048425, 0),
(1027, 59, 0, 0, '', 'lsLCUXnTJU', 0, 1581048425, 0),
(1028, 59, 0, 0, '', 'rIprh7roQz', 0, 1581048425, 0),
(1029, 59, 0, 0, '', '1tSI9WXfXg', 0, 1581048425, 0),
(1030, 59, 0, 0, '', 'mG3j4CWaLf', 0, 1581048425, 0),
(1031, 59, 0, 0, '', 'VNaMkFFmOu', 0, 1581048425, 0),
(1032, 59, 0, 0, '', 'Zy0s52SWK2', 0, 1581048425, 0),
(1033, 59, 0, 0, '', 'CH6Ijp0RRr', 0, 1581048425, 0),
(1034, 59, 0, 0, '', '3nE9mr9kyS', 0, 1581048425, 0),
(1035, 59, 0, 0, '', 'Jl5EfWXgGQ', 0, 1581048425, 0),
(1036, 59, 0, 0, '', 'HQLHKXRvNT', 0, 1581048425, 0),
(1037, 59, 0, 0, '', 'cQmHi79gAs', 0, 1581048425, 0),
(1038, 59, 0, 0, '', 'Cb7yRVqB4w', 0, 1581048425, 0),
(1039, 59, 0, 0, '', 'KSLMu9kRLw', 0, 1581048425, 0),
(1040, 59, 0, 0, '', 'lUSFc6YHhX', 0, 1581048425, 0),
(1041, 59, 0, 0, '', 'aWbbCbRa5j', 0, 1581048425, 0),
(1042, 59, 0, 0, '', 'IeKyfihUpM', 0, 1581048425, 0),
(1043, 59, 0, 0, '', '7Q72VSFzk5', 0, 1581048425, 0),
(1044, 59, 0, 0, '', 'T6KROiWon9', 0, 1581048425, 0),
(1045, 59, 0, 0, '', 'DrWFQ5ZCXB', 0, 1581048425, 0),
(1046, 59, 0, 0, '', 'RKdK2dLwI4', 0, 1581048425, 0),
(1047, 59, 0, 0, '', 'kSSLDHslbR', 0, 1581048425, 0),
(1048, 59, 0, 0, '', '9JdpADLP9F', 0, 1581048425, 0),
(1049, 59, 0, 0, '', 'LEvguFJ7MJ', 0, 1581048425, 0),
(1050, 59, 0, 0, '', 'zGR0Awwg28', 0, 1581048425, 0),
(1051, 59, 0, 0, '', 'TVyDvKayR8', 0, 1581048425, 0),
(1052, 59, 0, 0, '', 'AS8GgOyEjB', 0, 1581048425, 0),
(1053, 59, 0, 0, '', 'zEwpK0lqlC', 0, 1581048425, 0),
(1054, 59, 0, 0, '', 'U43kFg2eLT', 0, 1581048425, 0),
(1055, 59, 0, 0, '', 'zPeFisfu2c', 0, 1581048425, 0),
(1056, 59, 0, 0, '', 'TJfC6Ez3oB', 0, 1581048425, 0),
(1057, 59, 0, 0, '', 'VAOZmkdy5F', 0, 1581048425, 0),
(1058, 59, 0, 0, '', 'lQWthluszS', 0, 1581048425, 0),
(1059, 59, 0, 0, '', 'wAL0WGbfLg', 0, 1581048425, 0),
(1060, 59, 0, 0, '', 'HX8I9KSdSH', 0, 1581048425, 0),
(1061, 59, 0, 0, '', '3AIyPiM3A6', 0, 1581048425, 0),
(1062, 59, 0, 0, '', 'oMwcj8CP7N', 0, 1581048425, 0),
(1063, 59, 0, 0, '', 'YxRaODy39L', 0, 1581048425, 0),
(1064, 59, 0, 0, '', 'SgShZJauYr', 0, 1581048425, 0),
(1065, 59, 0, 0, '', 'hv1UKx3Vrn', 0, 1581048425, 0),
(1066, 59, 0, 0, '', 'cgTTAqr0Vb', 0, 1581048425, 0),
(1067, 59, 0, 0, '', 'sY6mPRBMXM', 0, 1581048425, 0),
(1068, 59, 0, 0, '', 'KRyTqvAexf', 0, 1581048425, 0),
(1069, 59, 0, 0, '', 'd2zYrOlLZH', 0, 1581048425, 0),
(1070, 59, 0, 0, '', '0Hn4qC381Z', 0, 1581048425, 0),
(1071, 59, 0, 0, '', 'ruIEfYjtZx', 0, 1581048425, 0),
(1072, 59, 0, 0, '', 'aK8wVNQm2x', 0, 1581048425, 0),
(1073, 59, 0, 0, '', 'E5PYOdyCSr', 0, 1581048425, 0),
(1074, 59, 0, 0, '', '8PKTcno9rS', 0, 1581048425, 0),
(1075, 59, 0, 0, '', 'TnfB7s9rFx', 0, 1581048425, 0),
(1076, 59, 0, 0, '', '81OAEEGKEB', 0, 1581048425, 0),
(1077, 59, 0, 0, '', 'mMYggriW5k', 0, 1581048425, 0),
(1078, 59, 0, 0, '', 'HXJie4Xpxy', 0, 1581048425, 0),
(1079, 59, 0, 0, '', 'MyeHf6lfQu', 0, 1581048425, 0),
(1080, 59, 0, 0, '', 'd8KDZIQjqR', 0, 1581048425, 0),
(1081, 59, 0, 0, '', 'yFAXdKV1aB', 0, 1581048425, 0),
(1082, 59, 0, 0, '', 'RDH9R7tv0V', 0, 1581048425, 0),
(1083, 59, 0, 0, '', 'Ya4NkiSeUN', 0, 1581048425, 0),
(1084, 59, 0, 0, '', '1Czt8ijaQJ', 0, 1581048425, 0),
(1085, 59, 0, 0, '', 'Qd9UxuD0g7', 0, 1581048425, 0),
(1086, 59, 0, 0, '', 'Y0XNgj5EXD', 0, 1581048425, 0),
(1087, 59, 0, 0, '', 'xkJPFFSA6R', 0, 1581048425, 0),
(1088, 59, 0, 0, '', 'Dl84pG6mkQ', 0, 1581048425, 0),
(1089, 59, 0, 0, '', 'fCytQCKr8A', 0, 1581048425, 0),
(1090, 59, 0, 0, '', '86DUxTtmvw', 0, 1581048425, 0),
(1091, 59, 0, 0, '', 'jYMWFR0MRT', 0, 1581048425, 0),
(1092, 59, 0, 0, '', '3gHOxqCkhb', 0, 1581048425, 0),
(1093, 59, 0, 0, '', 'HnRDskFTEM', 0, 1581048425, 0),
(1094, 59, 0, 0, '', 'U9t4mrgg53', 0, 1581048425, 0),
(1095, 59, 0, 0, '', '29KEiyXAuI', 0, 1581048425, 0),
(1096, 59, 0, 0, '', 'Mc8z0hoNr6', 0, 1581048425, 0),
(1097, 59, 0, 0, '', 'i2uMquks6X', 0, 1581048425, 0),
(1098, 59, 0, 0, '', '85j1FFIjh8', 0, 1581048425, 0),
(1099, 59, 0, 0, '', 'riPfHmcsaM', 0, 1581048425, 0),
(1100, 59, 0, 0, '', 'cqOUG6lBpo', 0, 1581048425, 0),
(1101, 59, 0, 0, '', 'iJEUUxeUWA', 0, 1581048425, 0),
(1102, 59, 0, 0, '', 'skysz4DQdx', 0, 1581048425, 0),
(1103, 59, 0, 0, '', 'OlKyN07MtN', 0, 1581048425, 0),
(1104, 59, 0, 0, '', 'aJ9LvGXaCn', 0, 1581048425, 0),
(1105, 59, 0, 0, '', 'BhWN36RlMZ', 0, 1581048425, 0),
(1106, 59, 0, 0, '', 'tI6Lw5OxOB', 0, 1581048425, 0),
(1107, 59, 0, 0, '', '0yelqW408h', 0, 1581048425, 0),
(1108, 59, 0, 0, '', 'RChrk3KfCp', 0, 1581048425, 0),
(1109, 59, 0, 0, '', 'ggX1DJQL2W', 0, 1581048425, 0),
(1110, 59, 0, 0, '', 'HQaXZzX2g8', 0, 1581048425, 0),
(1111, 59, 0, 0, '', 'MfSQwmUEyi', 0, 1581048425, 0),
(1112, 59, 0, 0, '', 'AkhW58Saqx', 0, 1581048425, 0),
(1113, 59, 0, 0, '', 'kP6glD52GC', 0, 1581048425, 0),
(1114, 59, 0, 0, '', 'aiOJsXroLq', 0, 1581048425, 0),
(1115, 59, 0, 0, '', 'o6htxaed3F', 0, 1581048425, 0),
(1116, 59, 0, 0, '', 'nboZ2UIV2m', 0, 1581048425, 0),
(1117, 59, 0, 0, '', 'hy0pnbshBz', 0, 1581048425, 0),
(1118, 59, 0, 0, '', 'dsq0q6DI7s', 0, 1581048425, 0),
(1119, 59, 0, 0, '', 'kV0U5qJtPu', 0, 1581048425, 0),
(1120, 59, 0, 0, '', 'pDaJ9xXVD5', 0, 1581048425, 0),
(1121, 59, 0, 0, '', 'VoLWSc4sqy', 0, 1581048425, 0),
(1122, 59, 0, 0, '', '3v8Pa6t613', 0, 1581048425, 0),
(1123, 59, 0, 0, '', 'UOIq9CQQLg', 0, 1581048425, 0),
(1124, 59, 0, 0, '', 'gCm7UDuUWv', 0, 1581048425, 0),
(1125, 59, 0, 0, '', '40fDjcgFLI', 0, 1581048425, 0),
(1126, 59, 0, 0, '', 'LvTHLknUmi', 0, 1581048425, 0),
(1127, 59, 0, 0, '', 'tWjPuTE9KE', 0, 1581048425, 0),
(1128, 59, 0, 0, '', 'lVeEmLpeRe', 0, 1581048425, 0),
(1129, 59, 0, 0, '', 'mifuNASRmI', 0, 1581048425, 0),
(1130, 59, 0, 0, '', 'KtH9TaY7D7', 0, 1581048425, 0),
(1131, 59, 0, 0, '', '3HIiMPlihZ', 0, 1581048425, 0),
(1132, 59, 0, 0, '', 'JI0Yx6FatK', 0, 1581048425, 0),
(1133, 59, 0, 0, '', 'j7mKZJSXHB', 0, 1581048425, 0),
(1134, 59, 0, 0, '', 'd6jhlH79yU', 0, 1581048425, 0),
(1135, 59, 0, 0, '', 'NLfIiiJ9fq', 0, 1581048425, 0),
(1136, 59, 0, 0, '', 'QuPw7a8WUn', 0, 1581048425, 0),
(1137, 59, 0, 0, '', 'jFGMaLs4P3', 0, 1581048425, 0),
(1138, 59, 0, 0, '', 'bIsJaVpMlu', 0, 1581048425, 0),
(1139, 59, 0, 0, '', 'QJia6CRJ8c', 0, 1581048425, 0),
(1140, 59, 0, 0, '', '8TIN7goIsd', 0, 1581048425, 0),
(1141, 59, 0, 0, '', 'nFmb9SIeK9', 0, 1581048425, 0),
(1142, 59, 0, 0, '', '9BoCpnzZSL', 0, 1581048425, 0),
(1143, 59, 0, 0, '', 'kLRnik4yoy', 0, 1581048425, 0),
(1144, 59, 0, 0, '', 'WvB1nuLVqi', 0, 1581048425, 0),
(1145, 59, 0, 0, '', '52WPyJOdlL', 0, 1581048425, 0),
(1146, 59, 0, 0, '', 'psZZyZ870d', 0, 1581048425, 0),
(1147, 59, 0, 0, '', 'U4J2KfK0qJ', 0, 1581048425, 0),
(1148, 59, 0, 0, '', '3xGUIP8q2N', 0, 1581048425, 0),
(1149, 59, 0, 0, '', 'uk0u0D6GKb', 0, 1581048425, 0),
(1150, 59, 0, 0, '', 'uC44wkd4uL', 0, 1581048425, 0),
(1151, 59, 0, 0, '', '5JbWZkInd3', 0, 1581048425, 0),
(1152, 59, 0, 0, '', 'nt8YTV3TLt', 0, 1581048425, 0),
(1153, 59, 0, 0, '', 'iaIQgNCfSN', 0, 1581048425, 0),
(1154, 59, 0, 0, '', 'ThcVAvVG61', 0, 1581048425, 0),
(1155, 59, 0, 0, '', 'O2Dr9rb2NU', 0, 1581048425, 0),
(1156, 59, 0, 0, '', 'WAlSuHCwzi', 0, 1581048425, 0),
(1157, 59, 0, 0, '', 'SlSRctrdlp', 0, 1581048425, 0),
(1158, 59, 0, 0, '', 'XR2YqgIei6', 0, 1581048425, 0),
(1159, 59, 0, 0, '', '2YFbzfWseP', 0, 1581048425, 0),
(1160, 59, 0, 0, '', 'B8lXPLz94F', 0, 1581048425, 0),
(1161, 59, 0, 0, '', 'QPgw4NLhaz', 0, 1581048425, 0),
(1162, 59, 0, 0, '', 'Db0rF1U7Ca', 0, 1581048425, 0),
(1163, 59, 0, 0, '', 'yJNkV9PRSt', 0, 1581048425, 0),
(1164, 59, 0, 0, '', 'cfmKCIV55w', 0, 1581048425, 0),
(1165, 59, 0, 0, '', '4tN2bCBMk1', 0, 1581048425, 0),
(1166, 59, 0, 0, '', 'Wni65lvZcx', 0, 1581048425, 0),
(1167, 59, 0, 0, '', 'ACslzOBJ1B', 0, 1581048425, 0),
(1168, 59, 0, 0, '', 'mLgau2fN14', 0, 1581048425, 0),
(1169, 59, 0, 0, '', '4guTeJVZs7', 0, 1581048425, 0),
(1170, 59, 0, 0, '', 'xPQyNYWYWx', 0, 1581048425, 0),
(1171, 59, 0, 0, '', 'ZUwQTs7wfk', 0, 1581048425, 0),
(1172, 59, 0, 0, '', 'Dq9imxgCrD', 0, 1581048425, 0),
(1173, 59, 0, 0, '', 'Ihsj1m0aMt', 0, 1581048425, 0),
(1174, 59, 0, 0, '', '8yJdLDA3tF', 0, 1581048425, 0),
(1175, 59, 0, 0, '', 'dJcwmSrEzG', 0, 1581048425, 0),
(1176, 59, 0, 0, '', 'q8jrFphtoo', 0, 1581048425, 0),
(1177, 59, 0, 0, '', 'mmo0Mou39O', 0, 1581048425, 0),
(1178, 59, 0, 0, '', 'TyZzDhfjMT', 0, 1581048425, 0),
(1179, 59, 0, 0, '', 'xRXlXFuL49', 0, 1581048425, 0),
(1180, 59, 0, 0, '', 'nZZuWJ2aDG', 0, 1581048425, 0),
(1181, 59, 0, 0, '', 'deBEzTpbiZ', 0, 1581048425, 0),
(1182, 59, 0, 0, '', 'hQdJhdo7TU', 0, 1581048425, 0),
(1183, 59, 0, 0, '', 'GnO2tf8AlG', 0, 1581048425, 0),
(1184, 59, 0, 0, '', '6edtuvN4K5', 0, 1581048425, 0),
(1185, 59, 0, 0, '', 'fNs5CjDzNo', 0, 1581048425, 0),
(1186, 59, 0, 0, '', 'rOrSEjYIQP', 0, 1581048425, 0),
(1187, 59, 0, 0, '', 'edeLRUoKfP', 0, 1581048425, 0),
(1188, 59, 0, 0, '', 'k5onfpEwoW', 0, 1581048425, 0),
(1189, 59, 0, 0, '', '945GlANt30', 0, 1581048425, 0),
(1190, 59, 0, 0, '', 'nqSpOL0HiJ', 0, 1581048425, 0),
(1191, 59, 0, 0, '', 'Pl6f1q7OuO', 0, 1581048425, 0),
(1192, 59, 0, 0, '', 'grLqzEzTex', 0, 1581048425, 0),
(1193, 59, 0, 0, '', 'k0dEwHnrOr', 0, 1581048425, 0),
(1194, 59, 0, 0, '', 'rRT65t0arE', 0, 1581048425, 0),
(1195, 59, 0, 0, '', 'ooc7v4R9Xe', 0, 1581048425, 0),
(1196, 59, 0, 0, '', 'rX9stJCOEn', 0, 1581048425, 0),
(1197, 59, 0, 0, '', 'xXYHW20Q0T', 0, 1581048425, 0),
(1198, 59, 0, 0, '', '3hLhQ6KjBt', 0, 1581048425, 0),
(1199, 59, 0, 0, '', 'X3yFHZZmRP', 0, 1581048425, 0),
(1200, 59, 0, 0, '', 'fTK7YikvML', 0, 1581048425, 0),
(1201, 59, 0, 0, '', 'hHzLSakEV0', 0, 1581048425, 0),
(1202, 59, 0, 0, '', 'kFAflulM9W', 0, 1581048425, 0),
(1203, 59, 0, 0, '', '8SU3G5nWoe', 0, 1581048425, 0),
(1204, 59, 0, 0, '', 'mbi2BuLdXX', 0, 1581048425, 0),
(1205, 59, 0, 0, '', 'HWEVBzvJvi', 0, 1581048425, 0),
(1206, 59, 0, 0, '', 'CEtXPvZib2', 0, 1581048425, 0),
(1207, 59, 0, 0, '', 'N0UqqYqjxb', 0, 1581048425, 0),
(1208, 59, 0, 0, '', 'xgImLC5s4x', 0, 1581048425, 0),
(1209, 59, 0, 0, '', 'tG1fv2lV8U', 0, 1581048425, 0),
(1210, 59, 0, 0, '', 'reSyowuySP', 0, 1581048425, 0),
(1211, 59, 0, 0, '', 'zVhhemt2Mi', 0, 1581048425, 0),
(1212, 59, 0, 0, '', 'RUpv2dCR5j', 0, 1581048425, 0),
(1213, 59, 0, 0, '', 'JNvfb3fkck', 0, 1581048425, 0),
(1214, 59, 0, 0, '', 'bdXlsDvU5z', 0, 1581048425, 0),
(1215, 59, 0, 0, '', 'YPvHtRC85N', 0, 1581048425, 0),
(1216, 59, 0, 0, '', 'J3Bs987tNN', 0, 1581048425, 0),
(1217, 59, 0, 0, '', 'u0urZuzJgx', 0, 1581048425, 0),
(1218, 59, 0, 0, '', 'cFvUcGTwFe', 0, 1581048425, 0),
(1219, 59, 0, 0, '', 'to76vRUiL0', 0, 1581048425, 0),
(1220, 59, 0, 0, '', 'jS44a19wql', 0, 1581048425, 0),
(1221, 59, 0, 0, '', '5FOOvrvlOW', 0, 1581048425, 0),
(1222, 59, 0, 0, '', 'Y8VnmhZJvd', 0, 1581048425, 0),
(1223, 59, 0, 0, '', '32fagsLRrX', 0, 1581048425, 0),
(1224, 59, 0, 0, '', '9PRqXHd9ls', 0, 1581048425, 0),
(1225, 59, 0, 0, '', 'Sm7wC61Lgk', 0, 1581048425, 0),
(1226, 59, 0, 0, '', 'b0LHdwhfnt', 0, 1581048425, 0),
(1227, 59, 0, 0, '', '5dvYNM28Bu', 0, 1581048425, 0),
(1228, 59, 0, 0, '', 'n0MO6VB4Wk', 0, 1581048425, 0),
(1229, 59, 0, 0, '', 'yK9DjpL4It', 0, 1581048425, 0),
(1230, 59, 0, 0, '', 'UpJVHTvvjw', 0, 1581048425, 0),
(1231, 59, 0, 0, '', 'IzGICZtfVF', 0, 1581048425, 0),
(1232, 59, 0, 0, '', 'XLm3jLT6q6', 0, 1581048425, 0),
(1233, 59, 0, 0, '', 'ejKKczrH10', 0, 1581048425, 0),
(1234, 59, 0, 0, '', 'jTapTLrm0l', 0, 1581048425, 0),
(1235, 59, 0, 0, '', '5nIXXp3WzQ', 0, 1581048425, 0),
(1236, 59, 0, 0, '', 'Dy1aOBlvFe', 0, 1581048425, 0),
(1237, 59, 0, 0, '', 'cxrb7DWMGd', 0, 1581048425, 0),
(1238, 59, 0, 0, '', 'T6EpPAukSl', 0, 1581048425, 0),
(1239, 59, 0, 0, '', 'bBbTN2mUQ6', 0, 1581048425, 0),
(1240, 59, 0, 0, '', 'DlVcv42bwm', 0, 1581048425, 0),
(1241, 59, 0, 0, '', '0WYcmU6KcJ', 0, 1581048425, 0),
(1242, 59, 0, 0, '', '9QPjX25DB0', 0, 1581048425, 0),
(1243, 59, 0, 0, '', 'CUgVcysFz5', 0, 1581048425, 0),
(1244, 59, 0, 0, '', '27kpqtbWoE', 0, 1581048425, 0),
(1245, 59, 0, 0, '', 'M4nrOUBX0y', 0, 1581048425, 0),
(1246, 59, 0, 0, '', 'LwSP3i3drC', 0, 1581048425, 0),
(1247, 59, 0, 0, '', 'sl9pDylFeK', 0, 1581048425, 0),
(1248, 59, 0, 0, '', 'WK8V8OFt7n', 0, 1581048425, 0),
(1249, 59, 0, 0, '', 'sQKjIq59eV', 0, 1581048425, 0),
(1250, 59, 0, 0, '', 'rO2AHoPI6l', 0, 1581048425, 0),
(1251, 59, 0, 0, '', 'RNIE3Pt6Rd', 0, 1581048425, 0),
(1252, 59, 0, 0, '', 'ajJB1jG1W4', 0, 1581048425, 0),
(1253, 59, 0, 0, '', 'wHLqA02kKN', 0, 1581048425, 0),
(1254, 59, 0, 0, '', 'nCIJdO2CQG', 0, 1581048425, 0),
(1255, 59, 0, 0, '', 'TEE09d5dXh', 0, 1581048425, 0),
(1256, 59, 0, 0, '', 'Cav3BJMKTT', 0, 1581048425, 0),
(1257, 59, 0, 0, '', '95raYs49f7', 0, 1581048425, 0),
(1258, 59, 0, 0, '', 'HTCMBFAt7t', 0, 1581048425, 0),
(1259, 59, 0, 0, '', '13LDDZJ8S9', 0, 1581048425, 0),
(1260, 59, 0, 0, '', '4a9AuEYmiA', 0, 1581048425, 0),
(1261, 59, 0, 0, '', 'ubkH1Ph9Yn', 0, 1581048425, 0),
(1262, 59, 0, 0, '', 'qGLSZAdp1r', 0, 1581048425, 0),
(1263, 59, 0, 0, '', 'QLbMk0NS8F', 0, 1581048425, 0),
(1264, 59, 0, 0, '', '4bpXzMjI7B', 0, 1581048425, 0),
(1265, 59, 0, 0, '', '2Vcu2c6SbB', 0, 1581048425, 0),
(1266, 59, 0, 0, '', 'e35QdzTV9H', 0, 1581048425, 0),
(1267, 59, 0, 0, '', '5xAcgHldQY', 0, 1581048425, 0),
(1268, 59, 0, 0, '', 'lUxpBrqzCW', 0, 1581048425, 0),
(1269, 59, 0, 0, '', 'rEEVLgA7aJ', 0, 1581048425, 0),
(1270, 59, 0, 0, '', 'rynoKYIk3z', 0, 1581048425, 0),
(1271, 59, 0, 0, '', 't8l5fAx9r5', 0, 1581048425, 0),
(1272, 59, 0, 0, '', 'MyzXMb7d56', 0, 1581048425, 0),
(1273, 59, 0, 0, '', 'rEKa68SreJ', 0, 1581048425, 0),
(1274, 59, 0, 0, '', 'dRBFseOowv', 0, 1581048425, 0),
(1275, 59, 0, 0, '', '0kl8WfZyoR', 0, 1581048425, 0),
(1276, 59, 0, 0, '', 'WfxiwF4ydW', 0, 1581048425, 0),
(1277, 59, 0, 0, '', '5hfsvhVKsI', 0, 1581048425, 0),
(1278, 59, 0, 0, '', 'SuaLgTDjtY', 0, 1581048425, 0),
(1279, 59, 0, 0, '', 'eQHiYp9bWn', 0, 1581048425, 0),
(1280, 59, 0, 0, '', 'cTzvTISvry', 0, 1581048425, 0),
(1281, 59, 0, 0, '', 'NY2SQ0aayR', 0, 1581048425, 0),
(1282, 59, 0, 0, '', 'JfLRBC6jDs', 0, 1581048425, 0),
(1283, 59, 0, 0, '', 'MdThwNGpYj', 0, 1581048425, 0),
(1284, 59, 0, 0, '', 'lbugtqLHj5', 0, 1581048425, 0),
(1285, 59, 0, 0, '', 'lh6jsgTZEh', 0, 1581048425, 0),
(1286, 59, 0, 0, '', 'ifgfE38l2b', 0, 1581048425, 0),
(1287, 59, 0, 0, '', '9ls8klOB0S', 0, 1581048425, 0),
(1288, 59, 0, 0, '', '2VbLkangVz', 0, 1581048425, 0),
(1289, 59, 0, 0, '', 'izMZk3CfqJ', 0, 1581048425, 0),
(1290, 59, 0, 0, '', 'IuEaio9xVe', 0, 1581048425, 0),
(1291, 59, 0, 0, '', 'Z3ySp9JhFV', 0, 1581048425, 0),
(1292, 59, 0, 0, '', 'lzJjPL9Hmh', 0, 1581048425, 0),
(1293, 59, 0, 0, '', 'FLcbBaJxUl', 0, 1581048425, 0),
(1294, 59, 0, 0, '', 'KrDZ6BnkRe', 0, 1581048425, 0),
(1295, 59, 0, 0, '', 'HyYCR91tLV', 0, 1581048425, 0),
(1296, 59, 0, 0, '', '8v6yFXJHhu', 0, 1581048425, 0),
(1297, 59, 0, 0, '', '9TTZdEtHmm', 0, 1581048425, 0),
(1298, 59, 0, 0, '', 'rH9dZqK68C', 0, 1581048425, 0),
(1299, 59, 0, 0, '', 'CgrUNWVXmz', 0, 1581048425, 0),
(1300, 59, 0, 0, '', 'mOAN0o5ZFH', 0, 1581048425, 0),
(1301, 59, 0, 0, '', '1bj8BlHFp1', 0, 1581048425, 0),
(1302, 59, 0, 0, '', 'oYlLpvCGva', 0, 1581048425, 0),
(1303, 59, 0, 0, '', 'yg6m4iLCNL', 0, 1581048425, 0),
(1304, 59, 0, 0, '', '5EN0Smm5AY', 0, 1581048425, 0),
(1305, 59, 0, 0, '', 'qRDLiwk4Ca', 0, 1581048425, 0),
(1306, 59, 0, 0, '', 'jsUguC0vnJ', 0, 1581048425, 0),
(1307, 59, 0, 0, '', 'gBuWhZJUOu', 0, 1581048425, 0),
(1308, 59, 0, 0, '', 'VvmkNz6j79', 0, 1581048425, 0),
(1309, 59, 0, 0, '', 'pX73pDRe6L', 0, 1581048425, 0),
(1310, 59, 0, 0, '', 'dJml7jXA89', 0, 1581048425, 0),
(1311, 59, 0, 0, '', 'n46kBcGhLv', 0, 1581048425, 0),
(1312, 59, 0, 0, '', 'pUzjf4RH8Q', 0, 1581048425, 0),
(1313, 59, 0, 0, '', 'S3yWeUt0NH', 0, 1581048425, 0),
(1314, 59, 0, 0, '', 'mPSzdhB0qo', 0, 1581048425, 0),
(1315, 59, 0, 0, '', 'hf5nXCAv7O', 0, 1581048425, 0),
(1316, 59, 0, 0, '', 'Y97VjWWEvH', 0, 1581048425, 0),
(1317, 59, 0, 0, '', 'erCWzurM6u', 0, 1581048425, 0),
(1318, 59, 0, 0, '', 'FEDDifDGR9', 0, 1581048425, 0),
(1319, 59, 0, 0, '', 'y3I9VxHz68', 0, 1581048425, 0),
(1320, 59, 0, 0, '', 'eiBu0Not9e', 0, 1581048425, 0),
(1321, 59, 0, 0, '', 'Czn7J5qH2s', 0, 1581048425, 0),
(1322, 59, 0, 0, '', 'P5JOWu7dXa', 0, 1581048425, 0),
(1323, 59, 0, 0, '', 'dsb8afAfeQ', 0, 1581048425, 0),
(1324, 59, 0, 0, '', 'OMCcN0tYXB', 0, 1581048425, 0),
(1325, 59, 0, 0, '', '1iz84quyuf', 0, 1581048425, 0),
(1326, 59, 0, 0, '', 'EtthQ8L7u4', 0, 1581048425, 0),
(1327, 59, 0, 0, '', 'etsFCGVxQo', 0, 1581048425, 0),
(1328, 59, 0, 0, '', 'gDvmijWupu', 0, 1581048425, 0),
(1329, 59, 0, 0, '', 'nfIm5RpYkf', 0, 1581048425, 0),
(1330, 59, 0, 0, '', 'Nszc3m6Hgi', 0, 1581048425, 0),
(1331, 59, 0, 0, '', 'Ii7Tldqtil', 0, 1581048425, 0),
(1332, 59, 0, 0, '', 'RslKQvRHIk', 0, 1581048425, 0),
(1333, 59, 0, 0, '', '4GtN0MIaLH', 0, 1581048425, 0),
(1334, 59, 0, 0, '', 'mPsxVz0UQ2', 0, 1581048425, 0),
(1335, 59, 0, 0, '', '1Ea34q4vDa', 0, 1581048425, 0),
(1336, 59, 0, 0, '', 'UZaxZfxX4n', 0, 1581048425, 0),
(1337, 59, 0, 0, '', 'viSxiAti3a', 0, 1581048425, 0),
(1338, 59, 0, 0, '', 'TDtPuizIX3', 0, 1581048425, 0),
(1339, 59, 0, 0, '', '50y7XdDhHo', 0, 1581048425, 0),
(1340, 59, 0, 0, '', 'pJEl1JFnTo', 0, 1581048425, 0),
(1341, 59, 0, 0, '', 'Ivyr5ECPpb', 0, 1581048425, 0),
(1342, 59, 0, 0, '', 'DQQNAtW4oG', 0, 1581048425, 0),
(1343, 59, 0, 0, '', 'hlWxqAUs3H', 0, 1581048425, 0),
(1344, 59, 0, 0, '', 'mJiSmHeIZi', 0, 1581048425, 0),
(1345, 59, 0, 0, '', 'eBY338Onvb', 0, 1581048425, 0),
(1346, 59, 0, 0, '', 'A3LqWRI9je', 0, 1581048425, 0),
(1347, 59, 0, 0, '', 'MHvz5McwfG', 0, 1581048425, 0),
(1348, 59, 0, 0, '', 'XelLHqGqmi', 0, 1581048425, 0),
(1349, 59, 0, 0, '', 'KSGK70wXs8', 0, 1581048425, 0),
(1350, 59, 0, 0, '', 'bNjo3SG1t9', 0, 1581048425, 0),
(1351, 59, 0, 0, '', 'mesmpiE8GC', 0, 1581048425, 0),
(1352, 59, 0, 0, '', '9XlGJRi18q', 0, 1581048425, 0),
(1353, 59, 0, 0, '', '7LzR6qWB7q', 0, 1581048425, 0),
(1354, 59, 0, 0, '', 'RKbiGK6djL', 0, 1581048425, 0),
(1355, 59, 0, 0, '', 'TgDKMlMzdU', 0, 1581048425, 0),
(1356, 59, 0, 0, '', 'OsjwnHnJq5', 0, 1581048425, 0),
(1357, 59, 0, 0, '', 'gJibyM5Iy7', 0, 1581048425, 0),
(1358, 59, 0, 0, '', 'ucli1ZG1IP', 0, 1581048425, 0),
(1359, 59, 0, 0, '', 'VKBdXDj5nX', 0, 1581048425, 0),
(1360, 59, 0, 0, '', 'DWNFsw2Phy', 0, 1581048425, 0),
(1361, 59, 0, 0, '', 'cMv6CD22jt', 0, 1581048425, 0),
(1362, 59, 0, 0, '', '7VUTGwloQf', 0, 1581048425, 0),
(1363, 59, 0, 0, '', 'mLO0JCTEqV', 0, 1581048425, 0),
(1364, 59, 0, 0, '', '4CvisokFBB', 0, 1581048425, 0),
(1365, 59, 0, 0, '', '6gkAXDVyXm', 0, 1581048425, 0),
(1366, 59, 0, 0, '', 'rZgxbvi6r9', 0, 1581048425, 0),
(1367, 59, 0, 0, '', '94nivff2AA', 0, 1581048425, 0),
(1368, 59, 0, 0, '', 'AocFqM2mJg', 0, 1581048425, 0),
(1369, 59, 0, 0, '', 'hYYspqzIcT', 0, 1581048425, 0),
(1370, 59, 0, 0, '', 'WFLqi4buZ1', 0, 1581048425, 0),
(1371, 59, 0, 0, '', 'wEVUXDp6Yp', 0, 1581048425, 0),
(1372, 59, 0, 0, '', 'iinioBpbLg', 0, 1581048425, 0),
(1373, 59, 0, 0, '', 'NrI8qW5nXO', 0, 1581048425, 0),
(1374, 59, 0, 0, '', 'NqESaJJxpP', 0, 1581048425, 0),
(1375, 59, 0, 0, '', 'oXADTvPiYw', 0, 1581048425, 0),
(1376, 59, 0, 0, '', 'sVAP5mtgFt', 0, 1581048425, 0),
(1377, 59, 0, 0, '', 'CR4rYMQw0M', 0, 1581048425, 0),
(1378, 59, 0, 0, '', 'n56ayy9qkE', 0, 1581048425, 0),
(1379, 59, 0, 0, '', 'xxDgpG74nm', 0, 1581048425, 0),
(1380, 59, 0, 0, '', 'FaLhke9QiC', 0, 1581048425, 0),
(1381, 59, 0, 0, '', '7hHUGSjGQF', 0, 1581048425, 0),
(1382, 59, 0, 0, '', 'YOxIZqz1oE', 0, 1581048425, 0),
(1383, 59, 0, 0, '', '7fy5VF0Rbn', 0, 1581048425, 0),
(1384, 59, 0, 0, '', 'QoMcMhf7AU', 0, 1581048425, 0),
(1385, 59, 0, 0, '', '2busb1HoCh', 0, 1581048425, 0),
(1386, 59, 0, 0, '', 'rj3tScT8jQ', 0, 1581048425, 0),
(1387, 59, 0, 0, '', '7HsdgrQdf4', 0, 1581048425, 0),
(1388, 59, 0, 0, '', 'H8XB7qZwQC', 0, 1581048425, 0),
(1389, 59, 0, 0, '', 'jSHDw6YWK0', 0, 1581048425, 0),
(1390, 59, 0, 0, '', 'qEt874ud2I', 0, 1581048425, 0),
(1391, 59, 0, 0, '', 'Eu8CxTKTy0', 0, 1581048425, 0),
(1392, 59, 0, 0, '', 'Pbq1uaO0YT', 0, 1581048425, 0),
(1393, 59, 0, 0, '', '9ud4nFgQfi', 0, 1581048425, 0),
(1394, 59, 0, 0, '', 'KSEsGzGal1', 0, 1581048425, 0),
(1395, 59, 0, 0, '', 'hz7KQrr3QP', 0, 1581048425, 0),
(1396, 59, 0, 0, '', 'EY05V764HJ', 0, 1581048425, 0),
(1397, 59, 0, 0, '', 'UvkPmh7xhA', 0, 1581048425, 0),
(1398, 59, 0, 0, '', 'SUe3BK41jb', 0, 1581048425, 0),
(1399, 59, 0, 0, '', 'j8aQXBskql', 0, 1581048425, 0),
(1400, 59, 0, 0, '', 'OxTeRUTxJz', 0, 1581048425, 0),
(1401, 59, 0, 0, '', 'KR4pgdFH41', 0, 1581048425, 0),
(1402, 59, 0, 0, '', 'UPvQxQGcC9', 0, 1581048425, 0),
(1403, 59, 0, 0, '', 'bMcXosNEiE', 0, 1581048425, 0),
(1404, 59, 0, 0, '', 'subJP4zEhD', 0, 1581048425, 0),
(1405, 59, 0, 0, '', 'JlYMEkWPPY', 0, 1581048425, 0),
(1406, 59, 0, 0, '', 'FwG7V8wUke', 0, 1581048425, 0),
(1407, 59, 0, 0, '', 'M4A9TSC9lk', 0, 1581048425, 0),
(1408, 59, 0, 0, '', 'y5hxiWWJOS', 0, 1581048425, 0),
(1409, 59, 0, 0, '', '2OShUl4sjn', 0, 1581048425, 0),
(1410, 59, 0, 0, '', 'kvDokpAHAq', 0, 1581048425, 0),
(1411, 59, 0, 0, '', '9G9gCWnbkh', 0, 1581048425, 0),
(1412, 59, 0, 0, '', 'vFCncfpE6Y', 0, 1581048425, 0),
(1413, 59, 0, 0, '', 'qSd6g7ImsU', 0, 1581048425, 0),
(1414, 59, 0, 0, '', 'CaEcVGj21P', 0, 1581048425, 0),
(1415, 59, 0, 0, '', 'aVcxDoAhqB', 0, 1581048425, 0),
(1416, 59, 0, 0, '', 'OSrfhLesAp', 0, 1581048425, 0),
(1417, 59, 0, 0, '', 'vXJmXfafTt', 0, 1581048425, 0),
(1418, 59, 0, 0, '', 'YuC5YPqFyy', 0, 1581048425, 0),
(1419, 59, 0, 0, '', '2DkcPaTuPB', 0, 1581048425, 0),
(1420, 59, 0, 0, '', 'p6Ur4MEtQW', 0, 1581048425, 0),
(1421, 59, 0, 0, '', 'C6XzsgGM2h', 0, 1581048425, 0),
(1422, 59, 0, 0, '', 'fCv8rPKe3i', 0, 1581048425, 0),
(1423, 59, 0, 0, '', 'Fl0Dejkvi8', 0, 1581048425, 0),
(1424, 59, 0, 0, '', 'A01KHpdP79', 0, 1581048425, 0),
(1425, 59, 0, 0, '', 'rLpGvdeaSa', 0, 1581048425, 0),
(1426, 59, 0, 0, '', 'vopXDYiTK2', 0, 1581048425, 0),
(1427, 59, 0, 0, '', 'XFTRD8No9q', 0, 1581048425, 0),
(1428, 59, 0, 0, '', 'lsOVfGJvLZ', 0, 1581048425, 0),
(1429, 59, 0, 0, '', 'qujBeidva6', 0, 1581048425, 0),
(1430, 59, 0, 0, '', 'aLP6u1c0sq', 0, 1581048425, 0),
(1431, 59, 0, 0, '', 'KUNbARGdYr', 0, 1581048425, 0),
(1432, 59, 0, 0, '', 'McWiUzurB4', 0, 1581048425, 0),
(1433, 59, 0, 0, '', 'eMEHUjaCV7', 0, 1581048425, 0),
(1434, 59, 0, 0, '', 'LaB7bKlntK', 0, 1581048425, 0),
(1435, 59, 0, 0, '', 'cqX2Astep7', 0, 1581048425, 0),
(1436, 59, 0, 0, '', '7SmDiCLUKw', 0, 1581048425, 0),
(1437, 59, 0, 0, '', '1u23cfncGd', 0, 1581048425, 0),
(1438, 59, 0, 0, '', 'vpLiyjlirY', 0, 1581048425, 0),
(1439, 59, 0, 0, '', 'APPcQgl8qO', 0, 1581048425, 0),
(1440, 59, 0, 0, '', 'igaaMS6Zpt', 0, 1581048425, 0),
(1441, 59, 0, 0, '', 'lpA0cU9kxA', 0, 1581048425, 0),
(1442, 59, 0, 0, '', 'IQ1Wr27HLc', 0, 1581048425, 0),
(1443, 59, 0, 0, '', 'avOaki64Ng', 0, 1581048425, 0),
(1444, 59, 0, 0, '', 'muq425xlkE', 0, 1581048425, 0),
(1445, 59, 0, 0, '', 'MVrbOUuUxp', 0, 1581048425, 0),
(1446, 59, 0, 0, '', '92UHuuAXHt', 0, 1581048425, 0),
(1447, 59, 0, 0, '', 'NkhRmIGhn3', 0, 1581048425, 0),
(1448, 59, 0, 0, '', 'wFvQxHTnvc', 0, 1581048425, 0),
(1449, 59, 0, 0, '', 'jdq261M2qL', 0, 1581048425, 0),
(1450, 59, 0, 0, '', 'jIDySWtKyS', 0, 1581048425, 0),
(1451, 59, 0, 0, '', '54ciAljJHl', 0, 1581048425, 0),
(1452, 59, 0, 0, '', 'VdPRP1xH5x', 0, 1581048425, 0),
(1453, 59, 0, 0, '', 'Bdwq7wKFD3', 0, 1581048425, 0),
(1454, 59, 0, 0, '', '1Ugg9sSjbE', 0, 1581048425, 0),
(1455, 59, 0, 0, '', 'WL4o7G48Cy', 0, 1581048425, 0),
(1456, 59, 0, 0, '', 'MxrCKZVJol', 0, 1581048425, 0),
(1457, 59, 0, 0, '', 'xpFyqZORkt', 0, 1581048425, 0),
(1458, 59, 0, 0, '', 'LA8nQNOoLk', 0, 1581048425, 0),
(1459, 59, 0, 0, '', 'gUuQdQ9YFx', 0, 1581048425, 0),
(1460, 59, 0, 0, '', 'kiUB93PQJ9', 0, 1581048425, 0),
(1461, 59, 0, 0, '', 'InMCvicMjz', 0, 1581048425, 0),
(1462, 59, 0, 0, '', 'zG0ncnLzgB', 0, 1581048425, 0),
(1463, 59, 0, 0, '', 'T0HcSb1pdQ', 0, 1581048425, 0),
(1464, 59, 0, 0, '', '04iAzqVeIV', 0, 1581048425, 0),
(1465, 59, 0, 0, '', 'F7C7PMRNaS', 0, 1581048425, 0),
(1466, 59, 0, 0, '', '7EkZxBa0yb', 0, 1581048425, 0),
(1467, 59, 0, 0, '', 'SCiZW1IkUI', 0, 1581048425, 0),
(1468, 59, 0, 0, '', '17RVwBVwhZ', 0, 1581048425, 0),
(1469, 59, 0, 0, '', 'bOY50xxiZU', 0, 1581048425, 0),
(1470, 59, 0, 0, '', 'SXSPj0ZoxM', 0, 1581048425, 0),
(1471, 59, 0, 0, '', 'aEsBxY4ELc', 0, 1581048425, 0),
(1472, 59, 0, 0, '', 'XtAo31Bi4Y', 0, 1581048425, 0),
(1473, 59, 0, 0, '', 'UvyvxpWB1g', 0, 1581048425, 0),
(1474, 59, 0, 0, '', '7JaXn6FKY1', 0, 1581048425, 0),
(1475, 59, 0, 0, '', 'QmDNTIahnP', 0, 1581048425, 0),
(1476, 59, 0, 0, '', 'kLJXpj7f2g', 0, 1581048425, 0),
(1477, 59, 0, 0, '', '3mJO5G9awE', 0, 1581048425, 0),
(1478, 59, 0, 0, '', 'XErosT1qeM', 0, 1581048425, 0),
(1479, 59, 0, 0, '', 'yFWgqk1hye', 0, 1581048425, 0),
(1480, 59, 0, 0, '', 'FwilfmVMAY', 0, 1581048425, 0),
(1481, 59, 0, 0, '', 'QlHYcHf89v', 0, 1581048425, 0),
(1482, 59, 0, 0, '', 'klCkBJ4cdY', 0, 1581048425, 0),
(1483, 59, 0, 0, '', 'tBpTdMF8LT', 0, 1581048425, 0),
(1484, 59, 0, 0, '', 'sSB3uceRVD', 0, 1581048425, 0),
(1485, 59, 0, 0, '', 'LM400ZCZe9', 0, 1581048425, 0),
(1486, 59, 0, 0, '', 'eEEYMsKyeN', 0, 1581048425, 0),
(1487, 59, 0, 0, '', '08ygIcWprT', 0, 1581048425, 0),
(1488, 59, 0, 0, '', '5KnlGVLJWx', 0, 1581048425, 0),
(1489, 59, 0, 0, '', '7juRq0EX4w', 0, 1581048425, 0),
(1490, 59, 0, 0, '', 'oDo9AtZzhn', 0, 1581048425, 0),
(1491, 59, 0, 0, '', 'ATZKL5lZbk', 0, 1581048425, 0),
(1492, 59, 0, 0, '', 'boPjBHAyo7', 0, 1581048425, 0),
(1493, 59, 0, 0, '', 'iXUMYHysqb', 0, 1581048425, 0),
(1494, 59, 0, 0, '', 'DiOOI8YsIb', 0, 1581048425, 0),
(1495, 59, 0, 0, '', '8unnRtBCaY', 0, 1581048425, 0),
(1496, 59, 0, 0, '', 'tKvJdvjDph', 0, 1581048425, 0),
(1497, 59, 0, 0, '', 'HGwhu1bumP', 0, 1581048425, 0),
(1498, 59, 0, 0, '', 'uGu6yo1saT', 0, 1581048425, 0),
(1499, 59, 0, 0, '', 'ie57kdw0u3', 0, 1581048425, 0),
(1500, 59, 0, 0, '', 'dPHXusN05r', 0, 1581048425, 0),
(1501, 59, 0, 0, '', 'Dtmg99GX3X', 0, 1581048425, 0),
(1502, 59, 0, 0, '', '5H0yyPS6NR', 0, 1581048425, 0),
(1503, 59, 0, 0, '', 'dckv9I65i6', 0, 1581048425, 0),
(1504, 59, 0, 0, '', 'NuDW5adaXY', 0, 1581048425, 0),
(1505, 59, 0, 0, '', 'Bs7nMfNJrP', 0, 1581048425, 0),
(1506, 59, 0, 0, '', 'cHR45o0nIK', 0, 1581048425, 0),
(1507, 59, 0, 0, '', 'a7wcRlSD0m', 0, 1581048425, 0),
(1508, 59, 0, 0, '', 'DUZFWNJp63', 0, 1581048425, 0),
(1509, 59, 0, 0, '', 'zRYiSg7YJZ', 0, 1581048425, 0),
(1510, 59, 0, 0, '', '2qUDLeVrJM', 0, 1581048425, 0),
(1511, 59, 0, 0, '', 'FxSEBYHaue', 0, 1581048425, 0),
(1512, 59, 0, 0, '', 'kVCAKsqIwL', 0, 1581048425, 0),
(1513, 59, 0, 0, '', '5xaqsdUxxK', 0, 1581048425, 0),
(1514, 59, 0, 0, '', 'fCOPcDmoh0', 0, 1581048425, 0),
(1515, 59, 0, 0, '', '7XcrVseu51', 0, 1581048425, 0),
(1516, 59, 0, 0, '', '2IGjblgmsQ', 0, 1581048425, 0),
(1517, 59, 0, 0, '', 'E8UMil6qfk', 0, 1581048425, 0),
(1518, 59, 0, 0, '', 'LEhoLBAhdg', 0, 1581048425, 0),
(1519, 59, 0, 0, '', 't3fV2y0ayU', 0, 1581048425, 0),
(1520, 59, 0, 0, '', 'xCopI3dYvp', 0, 1581048425, 0),
(1521, 59, 0, 0, '', 'vOS6uj120a', 0, 1581048425, 0),
(1522, 59, 0, 0, '', 'gcXjm8zHdm', 0, 1581048425, 0),
(1523, 59, 0, 0, '', 'ZnlbX5LyMV', 0, 1581048425, 0),
(1524, 59, 0, 0, '', 'JDV1JxrqlM', 0, 1581048425, 0),
(1525, 59, 0, 0, '', 'nloDOFK2fh', 0, 1581048425, 0),
(1526, 59, 0, 0, '', '6jFcKEx4aN', 0, 1581048425, 0),
(1527, 59, 0, 0, '', 'L4b6LDujWX', 0, 1581048425, 0),
(1528, 59, 0, 0, '', '04NeFsSIHv', 0, 1581048425, 0),
(1529, 59, 0, 0, '', 'JjQ99YEf3M', 0, 1581048425, 0),
(1530, 59, 0, 0, '', 'JHnceVJhGZ', 0, 1581048425, 0),
(1531, 59, 0, 0, '', 'H3MEb8LW8q', 0, 1581048425, 0),
(1532, 59, 0, 0, '', 'GmC2nToEOP', 0, 1581048425, 0),
(1533, 59, 0, 0, '', 'ocbsN57xbf', 0, 1581048425, 0),
(1534, 59, 0, 0, '', 'ytXVFTsbIT', 0, 1581048425, 0),
(1535, 59, 0, 0, '', 'Jr3OUrs32v', 0, 1581048425, 0),
(1536, 59, 0, 0, '', 'ddMgSSRwNk', 0, 1581048425, 0),
(1537, 59, 0, 0, '', 's5JbmFHc9R', 0, 1581048425, 0),
(1538, 59, 0, 0, '', 'nctwdkiHWi', 0, 1581048425, 0),
(1539, 59, 0, 0, '', 'Lj8k3jV8R4', 0, 1581048425, 0),
(1540, 59, 0, 0, '', 'BHcyrabp7y', 0, 1581048425, 0),
(1541, 59, 0, 0, '', 'XYJkUZL6Yt', 0, 1581048425, 0),
(1542, 59, 0, 0, '', 'SXWNUBVydB', 0, 1581048425, 0),
(1543, 59, 0, 0, '', 'ZhVF65GRL3', 0, 1581048425, 0),
(1544, 59, 0, 0, '', 'BeJ51U2hTG', 0, 1581048425, 0),
(1545, 59, 0, 0, '', 'lKMfyh91I0', 0, 1581048425, 0),
(1546, 59, 0, 0, '', 'UlfJaLTWv0', 0, 1581048425, 0),
(1547, 59, 0, 0, '', 'x1xZKCMPZx', 0, 1581048425, 0),
(1548, 59, 0, 0, '', 'lXMjWBis1I', 0, 1581048425, 0),
(1549, 59, 0, 0, '', 'JHogNMK045', 0, 1581048425, 0),
(1550, 59, 0, 0, '', 'nfZMbpSI3G', 0, 1581048425, 0),
(1551, 59, 0, 0, '', 'C8xHVJxg3K', 0, 1581048425, 0),
(1552, 59, 0, 0, '', 'FZtB2BmaMd', 0, 1581048425, 0),
(1553, 59, 0, 0, '', 'zuPbNt4z9M', 0, 1581048425, 0),
(1554, 59, 0, 0, '', 'nTz1pTgSaE', 0, 1581048425, 0),
(1555, 59, 0, 0, '', 'EjkvTRPTfm', 0, 1581048425, 0),
(1556, 59, 0, 0, '', 'JogJ5Qe7Rg', 0, 1581048425, 0),
(1557, 59, 0, 0, '', 'wtRTI1d0rf', 0, 1581048425, 0),
(1558, 59, 0, 0, '', 'SMLImPgCn2', 0, 1581048425, 0),
(1559, 59, 0, 0, '', 'aFMCsdjfl1', 0, 1581048425, 0),
(1560, 59, 0, 0, '', 'hdgyAAGxo4', 0, 1581048425, 0),
(1561, 59, 0, 0, '', 'F9LEqFQJuc', 0, 1581048425, 0),
(1562, 59, 0, 0, '', 'i6XknJhpY1', 0, 1581048425, 0),
(1563, 59, 0, 0, '', 'D3bzYdZO1I', 0, 1581048425, 0),
(1564, 59, 0, 0, '', 'McysRECVIe', 0, 1581048425, 0),
(1565, 59, 0, 0, '', 'eugRTnfsAw', 0, 1581048425, 0),
(1566, 59, 0, 0, '', '0eKJzPnKpj', 0, 1581048425, 0),
(1567, 59, 0, 0, '', 'NeA1GhwSFJ', 0, 1581048425, 0),
(1568, 59, 0, 0, '', '12w8PkmRUD', 0, 1581048425, 0),
(1569, 59, 0, 0, '', '1gmO3vFR7O', 0, 1581048425, 0),
(1570, 59, 0, 0, '', 'fem7oRnLS5', 0, 1581048425, 0),
(1571, 59, 0, 0, '', '2lp6ubrYSN', 0, 1581048425, 0),
(1572, 59, 0, 0, '', 'kA0EQOHXxC', 0, 1581048425, 0),
(1573, 59, 0, 0, '', 'KbAEXl4HSI', 0, 1581048425, 0),
(1574, 59, 0, 0, '', 'gaVJA1SbqN', 0, 1581048425, 0),
(1575, 59, 0, 0, '', 'LXAzGkbGe0', 0, 1581048425, 0),
(1576, 59, 0, 0, '', 'dd5nzbNz45', 0, 1581048425, 0),
(1577, 59, 0, 0, '', 'Su5V5VZqSR', 0, 1581048425, 0),
(1578, 59, 0, 0, '', 'q3J5g5TxIP', 0, 1581048425, 0),
(1579, 59, 0, 0, '', 'eTKwqmQPkj', 0, 1581048425, 0),
(1580, 59, 0, 0, '', 'e0weYG6DaC', 0, 1581048425, 0),
(1581, 59, 0, 0, '', 'koXNSp8aDS', 0, 1581048425, 0),
(1582, 59, 0, 0, '', 'Bjxrq3nKiV', 0, 1581048425, 0),
(1583, 59, 0, 0, '', 'P2Cx3e1NY9', 0, 1581048425, 0),
(1584, 59, 0, 0, '', 'aE2DMJouCY', 0, 1581048425, 0),
(1585, 59, 0, 0, '', 'GatEf67Oy8', 0, 1581048425, 0),
(1586, 59, 0, 0, '', '9rOMOCUbaN', 0, 1581048425, 0),
(1587, 59, 0, 0, '', 'v9YN2aRx0l', 0, 1581048425, 0),
(1588, 59, 0, 0, '', 'whPiW8B1wY', 0, 1581048425, 0),
(1589, 59, 0, 0, '', 'CueO7wJyQZ', 0, 1581048425, 0),
(1590, 59, 0, 0, '', '7Nl4ks1R8r', 0, 1581048425, 0),
(1591, 59, 0, 0, '', 'iXxJq7ODmH', 0, 1581048425, 0),
(1592, 59, 0, 0, '', 'bMGwnRfiR5', 0, 1581048425, 0),
(1593, 59, 0, 0, '', '9ukIgkVggp', 0, 1581048425, 0),
(1594, 59, 0, 0, '', 'Vxv7Ece2ZX', 0, 1581048425, 0),
(1595, 59, 0, 0, '', 'wcKstwubh2', 0, 1581048425, 0),
(1596, 59, 0, 0, '', 'zBGQ0wZu2c', 0, 1581048425, 0),
(1597, 59, 0, 0, '', 'hFnNGxtTKh', 0, 1581048425, 0),
(1598, 59, 0, 0, '', 'j3UbFwWTa2', 0, 1581048425, 0),
(1599, 59, 0, 0, '', 'Xwr9MM1biI', 0, 1581048425, 0),
(1600, 59, 0, 0, '', 'zSlWTir2Zg', 0, 1581048425, 0),
(1601, 59, 0, 0, '', 'btLkkGVb1r', 0, 1581048425, 0),
(1602, 59, 0, 0, '', 'PyaZdWvZJE', 0, 1581048425, 0),
(1603, 59, 0, 0, '', 'aivBJgqlvm', 0, 1581048425, 0),
(1604, 59, 0, 0, '', 'U5w3JD9q2l', 0, 1581048425, 0),
(1605, 59, 0, 0, '', 'BB0tkqBu3D', 0, 1581048425, 0),
(1606, 59, 0, 0, '', 'R3sfH3QTtZ', 0, 1581048425, 0),
(1607, 59, 0, 0, '', '4Ceu6CpKV9', 0, 1581048425, 0),
(1608, 59, 0, 0, '', 'SAioG1uqin', 0, 1581048425, 0),
(1609, 59, 0, 0, '', '6C1fUZbgfx', 0, 1581048425, 0),
(1610, 59, 0, 0, '', 'Rb4sOmrMOr', 0, 1581048425, 0),
(1611, 59, 0, 0, '', '3WbNU2QCz8', 0, 1581048425, 0),
(1612, 59, 0, 0, '', 'zPpDSMmQCY', 0, 1581048425, 0),
(1613, 59, 0, 0, '', 'XcES9AyiJk', 0, 1581048425, 0),
(1614, 59, 0, 0, '', 'HjI2BBXZWJ', 0, 1581048425, 0),
(1615, 59, 0, 0, '', 'mAU4nF6oey', 0, 1581048425, 0),
(1616, 59, 0, 0, '', '5jaMipePtn', 0, 1581048425, 0),
(1617, 59, 0, 0, '', '3y3HBuKEsx', 0, 1581048425, 0),
(1618, 59, 0, 0, '', 'qmd9vupYKb', 0, 1581048425, 0),
(1619, 59, 0, 0, '', 'GAtAguxswh', 0, 1581048425, 0),
(1620, 59, 0, 0, '', 'QgrfKlT5SR', 0, 1581048425, 0),
(1621, 59, 0, 0, '', 'qXCAbpyMN0', 0, 1581048425, 0),
(1622, 59, 0, 0, '', 'tg24jbncUC', 0, 1581048425, 0),
(1623, 59, 0, 0, '', 'UpI68OMspj', 0, 1581048425, 0),
(1624, 59, 0, 0, '', 'fujwXOccrO', 0, 1581048425, 0),
(1625, 59, 0, 0, '', 'uh1jtjlNWg', 0, 1581048425, 0),
(1626, 59, 0, 0, '', '2cxDLCKa6R', 0, 1581048425, 0),
(1627, 59, 0, 0, '', 'D0VN0nPW9m', 0, 1581048425, 0),
(1628, 59, 0, 0, '', 'lb5s8peOGr', 0, 1581048425, 0),
(1629, 59, 0, 0, '', 'A6rWsXOUrT', 0, 1581048425, 0),
(1630, 59, 0, 0, '', 'Q8dLXeuceQ', 0, 1581048425, 0),
(1631, 59, 0, 0, '', 'i2EVkWiyxo', 0, 1581048425, 0),
(1632, 59, 0, 0, '', 'SxhAE78phD', 0, 1581048425, 0),
(1633, 59, 0, 0, '', 'zmFs2rwsMt', 0, 1581048425, 0),
(1634, 59, 0, 0, '', 'yOMgPUnJlo', 0, 1581048425, 0),
(1635, 59, 0, 0, '', 'R0xkpuC68e', 0, 1581048425, 0),
(1636, 59, 0, 0, '', 'Vheo3X48cP', 0, 1581048425, 0),
(1637, 59, 0, 0, '', 'eYISmWDhfz', 0, 1581048425, 0),
(1638, 59, 0, 0, '', 'J1oYHKvvpC', 0, 1581048425, 0),
(1639, 59, 0, 0, '', '39aUccDu8w', 0, 1581048425, 0),
(1640, 59, 0, 0, '', '6YtyhxQZ0b', 0, 1581048425, 0),
(1641, 59, 0, 0, '', 'ytRysClZEN', 0, 1581048425, 0),
(1642, 59, 0, 0, '', 'W6c9q1MbyC', 0, 1581048425, 0),
(1643, 59, 0, 0, '', 'OjUOmwTDkE', 0, 1581048425, 0),
(1644, 59, 0, 0, '', 'azWKBiSP7f', 0, 1581048425, 0),
(1645, 59, 0, 0, '', 'qHdYsEAIWu', 0, 1581048425, 0),
(1646, 59, 0, 0, '', 'XzpWRr1R77', 0, 1581048425, 0),
(1647, 59, 0, 0, '', '0t5Ot6pfFL', 0, 1581048425, 0),
(1648, 59, 0, 0, '', 'DPbKoNmHvw', 0, 1581048425, 0),
(1649, 59, 0, 0, '', '2s3XMC6CD1', 0, 1581048425, 0),
(1650, 59, 0, 0, '', 'pdWBiAMKlN', 0, 1581048425, 0),
(1651, 59, 0, 0, '', 'LzaSQFQQL7', 0, 1581048425, 0),
(1652, 59, 0, 0, '', 'mfiTShLpVq', 0, 1581048425, 0),
(1653, 59, 0, 0, '', 'zZxvLURaUE', 0, 1581048425, 0),
(1654, 59, 0, 0, '', '3KspJfUWWI', 0, 1581048425, 0),
(1655, 59, 0, 0, '', 'TCpHnNacXV', 0, 1581048425, 0),
(1656, 59, 0, 0, '', 'NdeoNfT4oK', 0, 1581048425, 0),
(1657, 59, 0, 0, '', 'RtDni1c8FU', 0, 1581048425, 0),
(1658, 59, 0, 0, '', 'WSKLdlaTCk', 0, 1581048425, 0),
(1659, 59, 0, 0, '', '47TvQAbyEP', 0, 1581048425, 0),
(1660, 59, 0, 0, '', 'AECXdzWiI5', 0, 1581048425, 0),
(1661, 59, 0, 0, '', '4FzumVHxGA', 0, 1581048425, 0),
(1662, 59, 0, 0, '', 'QvSekSEHC9', 0, 1581048425, 0),
(1663, 59, 0, 0, '', '8EsSvKFq9p', 0, 1581048425, 0),
(1664, 59, 0, 0, '', 'jHd7qk0w9T', 0, 1581048425, 0),
(1665, 59, 0, 0, '', 'X5sm7LStz0', 0, 1581048425, 0),
(1666, 59, 0, 0, '', 'yzDdVlslDO', 0, 1581048425, 0),
(1667, 59, 0, 0, '', 'zPNCzECH5k', 0, 1581048425, 0),
(1668, 59, 0, 0, '', 'n97CpzA3vs', 0, 1581048425, 0),
(1669, 59, 0, 0, '', 'u6O757QplZ', 0, 1581048425, 0),
(1670, 59, 0, 0, '', 'PvmVjgEP5b', 0, 1581048425, 0),
(1671, 59, 0, 0, '', 'py94PgGPze', 0, 1581048425, 0),
(1672, 59, 0, 0, '', 'zNWMY4pBko', 0, 1581048425, 0),
(1673, 59, 0, 0, '', 'sSzARMuu5I', 0, 1581048425, 0),
(1674, 59, 0, 0, '', 'btcyi2Ko6Z', 0, 1581048425, 0),
(1675, 59, 0, 0, '', 'xHBl91B1eZ', 0, 1581048425, 0),
(1676, 59, 0, 0, '', 'Tx5dMlBSNL', 0, 1581048425, 0),
(1677, 59, 0, 0, '', 'FgKCrCPeN0', 0, 1581048425, 0),
(1678, 59, 0, 0, '', 'co9vpPP3v4', 0, 1581048425, 0),
(1679, 59, 0, 0, '', '0hacY7JaUu', 0, 1581048425, 0),
(1680, 59, 0, 0, '', 'LAAMbkjmmC', 0, 1581048425, 0),
(1681, 59, 0, 0, '', 'DFJJFANndW', 0, 1581048425, 0),
(1682, 59, 0, 0, '', 'JuHEFIA0Kz', 0, 1581048425, 0),
(1683, 59, 0, 0, '', 'B7rBl6rKl4', 0, 1581048425, 0),
(1684, 59, 0, 0, '', '2bNYF77llB', 0, 1581048425, 0),
(1685, 59, 0, 0, '', 'rcHSrIL6Lq', 0, 1581048425, 0),
(1686, 59, 0, 0, '', 'A0jCHn0Z7W', 0, 1581048425, 0),
(1687, 59, 0, 0, '', 'eCZ7eRKtOD', 0, 1581048425, 0),
(1688, 59, 0, 0, '', 'ydOEiyaPIV', 0, 1581048425, 0),
(1689, 59, 0, 0, '', 'BLF8ezoJM1', 0, 1581048425, 0),
(1690, 59, 0, 0, '', 'Acuzd5kazy', 0, 1581048425, 0),
(1691, 59, 0, 0, '', 'KceJfocPYB', 0, 1581048425, 0),
(1692, 59, 0, 0, '', 'Xhv0wQhiST', 0, 1581048425, 0),
(1693, 59, 0, 0, '', '1OkIcJ3Wkz', 0, 1581048425, 0),
(1694, 59, 0, 0, '', 'W2o9JbvAoP', 0, 1581048425, 0),
(1695, 59, 0, 0, '', '7frbyuLDCn', 0, 1581048425, 0),
(1696, 59, 0, 0, '', '1d1pZOcyKC', 0, 1581048425, 0),
(1697, 59, 0, 0, '', 'MPqDLgHcgx', 0, 1581048425, 0),
(1698, 59, 0, 0, '', '0zTl69e1Rb', 0, 1581048425, 0),
(1699, 59, 0, 0, '', 'uVtIzSw7cw', 0, 1581048425, 0),
(1700, 59, 0, 0, '', 'edjjG3nF39', 0, 1581048425, 0),
(1701, 59, 0, 0, '', 'wWmARGBozd', 0, 1581048425, 0),
(1702, 59, 0, 0, '', 'FCPPC1F6qC', 0, 1581048425, 0),
(1703, 59, 0, 0, '', 'xHlmkcGRp3', 0, 1581048425, 0),
(1704, 59, 0, 0, '', '8zsbyusntS', 0, 1581048425, 0),
(1705, 59, 0, 0, '', 'X5ttxH3Eb4', 0, 1581048425, 0),
(1706, 59, 0, 0, '', 'AYMv5Y23Si', 0, 1581048425, 0),
(1707, 59, 0, 0, '', 'TNnisGgBor', 0, 1581048425, 0),
(1708, 59, 0, 0, '', '7eGMifJaZj', 0, 1581048425, 0),
(1709, 59, 0, 0, '', 'Kh9w1SOF7x', 0, 1581048425, 0),
(1710, 59, 0, 0, '', 'q7uVQWAcgy', 0, 1581048425, 0),
(1711, 59, 0, 0, '', 'ckdHrsB1M9', 0, 1581048425, 0),
(1712, 59, 0, 0, '', 'kIkXU0CY3Z', 0, 1581048425, 0),
(1713, 59, 0, 0, '', 's667EFHW4K', 0, 1581048425, 0),
(1714, 59, 0, 0, '', '5Q2b4HXAL2', 0, 1581048425, 0),
(1715, 59, 0, 0, '', 'Jy3Hz1mHlP', 0, 1581048425, 0),
(1716, 59, 0, 0, '', 'ReAZdNjBLd', 0, 1581048425, 0),
(1717, 59, 0, 0, '', 'CXvqKaLGmK', 0, 1581048425, 0),
(1718, 59, 0, 0, '', '99mxmiwazs', 0, 1581048425, 0),
(1719, 59, 0, 0, '', 'HjoP6j0hMT', 0, 1581048425, 0),
(1720, 59, 0, 0, '', 'hu4m0dRwXS', 0, 1581048425, 0),
(1721, 59, 0, 0, '', 'nzblwCWKSW', 0, 1581048425, 0),
(1722, 59, 0, 0, '', 'GEVZ1lPF1z', 0, 1581048425, 0),
(1723, 59, 0, 0, '', 'auU4F9q1uU', 0, 1581048425, 0),
(1724, 59, 0, 0, '', 'vNWomLSdvK', 0, 1581048425, 0),
(1725, 59, 0, 0, '', 'rTYQAnNByh', 0, 1581048425, 0),
(1726, 59, 0, 0, '', 'YfOKnPVnFg', 0, 1581048425, 0),
(1727, 59, 0, 0, '', 'Z9VpakG3LE', 0, 1581048425, 0),
(1728, 59, 0, 0, '', 'f2mUufDJcw', 0, 1581048425, 0),
(1729, 59, 0, 0, '', '2FDGO0n64e', 0, 1581048425, 0),
(1730, 59, 0, 0, '', 'ybwzRKPd3p', 0, 1581048425, 0),
(1731, 59, 0, 0, '', 'l5JTYqcIqO', 0, 1581048425, 0),
(1732, 59, 0, 0, '', 'BSkF0O5Dp6', 0, 1581048425, 0),
(1733, 59, 0, 0, '', 'OPHm5AyeOO', 0, 1581048425, 0),
(1734, 59, 0, 0, '', '8aCV4LZLKk', 0, 1581048425, 0),
(1735, 59, 0, 0, '', 'BjjasifEXg', 0, 1581048425, 0),
(1736, 59, 0, 0, '', 'NqymAp34HS', 0, 1581048425, 0),
(1737, 59, 0, 0, '', 'JyvGz6TUWb', 0, 1581048425, 0),
(1738, 59, 0, 0, '', 'fzOm9a09rH', 0, 1581048425, 0),
(1739, 59, 0, 0, '', 'IqQOFfUner', 0, 1581048425, 0),
(1740, 59, 0, 0, '', 'BuQfX3xK0T', 0, 1581048425, 0),
(1741, 59, 0, 0, '', '6vXYaeo3qy', 0, 1581048425, 0),
(1742, 59, 0, 0, '', 'uPxPZLXB3b', 0, 1581048425, 0),
(1743, 59, 0, 0, '', '6aXuGPpFM4', 0, 1581048425, 0),
(1744, 59, 0, 0, '', 'uR8wjiRUFd', 0, 1581048425, 0),
(1745, 59, 0, 0, '', 'mkNfhnIuYn', 0, 1581048425, 0),
(1746, 59, 0, 0, '', '26XYzDIjum', 0, 1581048425, 0),
(1747, 59, 0, 0, '', 'wDJFgmOuQX', 0, 1581048425, 0),
(1748, 59, 0, 0, '', 'h9MooVlgRj', 0, 1581048425, 0),
(1749, 59, 0, 0, '', '5uDi3W72G7', 0, 1581048425, 0),
(1750, 59, 0, 0, '', '8bUzrZh8op', 0, 1581048425, 0),
(1751, 59, 0, 0, '', '21PrkorWNK', 0, 1581048425, 0),
(1752, 59, 0, 0, '', 'wQktlUFCET', 0, 1581048425, 0),
(1753, 59, 0, 0, '', '6iVBZBsgXK', 0, 1581048425, 0),
(1754, 59, 0, 0, '', 'WZoVW1laxu', 0, 1581048425, 0),
(1755, 59, 0, 0, '', 'ggOv29F02G', 0, 1581048425, 0),
(1756, 59, 0, 0, '', 'OvbqMBmQa7', 0, 1581048425, 0),
(1757, 59, 0, 0, '', 'ODvUZY52gn', 0, 1581048425, 0),
(1758, 59, 0, 0, '', 'Mjy9qPpSOo', 0, 1581048425, 0),
(1759, 59, 0, 0, '', 'FyvLdGMMQK', 0, 1581048425, 0),
(1760, 59, 0, 0, '', 'iWRJk0w1l8', 0, 1581048425, 0),
(1761, 59, 0, 0, '', 'QxCDkCVYHL', 0, 1581048425, 0),
(1762, 59, 0, 0, '', 'UqRc378zWI', 0, 1581048425, 0),
(1763, 59, 0, 0, '', '0KdhtqSkWW', 0, 1581048425, 0),
(1764, 59, 0, 0, '', 'LtEZzBnflM', 0, 1581048425, 0),
(1765, 59, 0, 0, '', 'RPcXKS1TZF', 0, 1581048425, 0),
(1766, 59, 0, 0, '', 'fmQdOyZEPY', 0, 1581048425, 0),
(1767, 59, 0, 0, '', 'WabBzkgpXA', 0, 1581048425, 0),
(1768, 59, 0, 0, '', 'nyHHyx7p65', 0, 1581048425, 0),
(1769, 59, 0, 0, '', '9IDH6ZnMf2', 0, 1581048425, 0),
(1770, 59, 0, 0, '', 'keKfO86PBe', 0, 1581048425, 0),
(1771, 59, 0, 0, '', 'aaPK1ZmkPr', 0, 1581048425, 0),
(1772, 59, 0, 0, '', '69ZeViFlOf', 0, 1581048425, 0),
(1773, 59, 0, 0, '', 'cWX2GSFAqO', 0, 1581048425, 0),
(1774, 59, 0, 0, '', 'blE2inZwnN', 0, 1581048425, 0),
(1775, 59, 0, 0, '', 'FEbUPE7Hyi', 0, 1581048425, 0),
(1776, 59, 0, 0, '', '6UrEL3T4UG', 0, 1581048425, 0),
(1777, 59, 0, 0, '', 'RW0C1oiIwo', 0, 1581048425, 0),
(1778, 59, 0, 0, '', 'FjrBA51FmH', 0, 1581048425, 0),
(1779, 59, 0, 0, '', 'aWVzqnDtCT', 0, 1581048425, 0),
(1780, 59, 0, 0, '', 'cNxrZmNVog', 0, 1581048425, 0),
(1781, 59, 0, 0, '', 'e77zzEif2M', 0, 1581048425, 0),
(1782, 59, 0, 0, '', '0UJCh7ItTy', 0, 1581048425, 0),
(1783, 59, 0, 0, '', 'AszDnKx8Ma', 0, 1581048425, 0),
(1784, 59, 0, 0, '', 'v6ZmbZjQ6Y', 0, 1581048425, 0),
(1785, 59, 0, 0, '', 'Zq6anKcJFh', 0, 1581048425, 0),
(1786, 59, 0, 0, '', 'zOIg5y1KJ9', 0, 1581048425, 0),
(1787, 59, 0, 0, '', 'p9AyOj9Oqt', 0, 1581048425, 0),
(1788, 59, 0, 0, '', 'Nzg7e2S2ZX', 0, 1581048425, 0),
(1789, 59, 0, 0, '', 'COThe64NjM', 0, 1581048425, 0),
(1790, 59, 0, 0, '', 'HXpiHMwxVx', 0, 1581048425, 0),
(1791, 59, 0, 0, '', 'AHteK45Vsg', 0, 1581048425, 0),
(1792, 59, 0, 0, '', 'S1eJlYIaLl', 0, 1581048425, 0),
(1793, 59, 0, 0, '', '8E9SiKSztf', 0, 1581048425, 0),
(1794, 59, 0, 0, '', 'tpfyUVrDyf', 0, 1581048425, 0),
(1795, 59, 0, 0, '', 'D3gL9pbtq6', 0, 1581048425, 0),
(1796, 59, 0, 0, '', 'e5H0FuQbhj', 0, 1581048425, 0),
(1797, 59, 0, 0, '', 'JjEgIEhyJW', 0, 1581048425, 0),
(1798, 59, 0, 0, '', '0S18sany4q', 0, 1581048425, 0),
(1799, 59, 0, 0, '', 'ypEdJmCesf', 0, 1581048425, 0),
(1800, 59, 0, 0, '', 'BQWA7llAHf', 0, 1581048425, 0),
(1801, 59, 0, 0, '', 'uVCST3Fvzm', 0, 1581048425, 0),
(1802, 59, 0, 0, '', 'YE5OXSosPI', 0, 1581048425, 0),
(1803, 59, 0, 0, '', 'qv7UzEWgvB', 0, 1581048425, 0),
(1804, 59, 0, 0, '', 'keLiBrEOC3', 0, 1581048425, 0),
(1805, 59, 0, 0, '', 'Kni49tt246', 0, 1581048425, 0),
(1806, 59, 0, 0, '', '690oYJFUBc', 0, 1581048425, 0),
(1807, 59, 0, 0, '', 'QTyjEdZuhs', 0, 1581048425, 0),
(1808, 59, 0, 0, '', 'XfaMhAP9nm', 0, 1581048425, 0),
(1809, 59, 0, 0, '', 'MtRf5K12j9', 0, 1581048425, 0),
(1810, 59, 0, 0, '', '9uoMSmreW3', 0, 1581048425, 0),
(1811, 59, 0, 0, '', 'ZWHf8oajBv', 0, 1581048425, 0),
(1812, 59, 0, 0, '', '7GIhkpqHPy', 0, 1581048425, 0),
(1813, 59, 0, 0, '', 'RsW1TG7eTW', 0, 1581048425, 0),
(1814, 59, 0, 0, '', 'AdurpTMIpq', 0, 1581048425, 0),
(1815, 59, 0, 0, '', 'kR58ZbbDRm', 0, 1581048425, 0),
(1816, 59, 0, 0, '', 'LWHeYExN0t', 0, 1581048425, 0),
(1817, 59, 0, 0, '', '7shEBTPb93', 0, 1581048425, 0),
(1818, 59, 0, 0, '', 'l38HHULinS', 0, 1581048425, 0),
(1819, 59, 0, 0, '', 'LefDtiOUCo', 0, 1581048425, 0),
(1820, 59, 0, 0, '', 'HUHEy8JQPA', 0, 1581048425, 0),
(1821, 59, 0, 0, '', '0dOlsIKkB7', 0, 1581048425, 0),
(1822, 59, 0, 0, '', '4zd0hlc6c2', 0, 1581048425, 0),
(1823, 59, 0, 0, '', 'A68umvFDwv', 0, 1581048425, 0),
(1824, 59, 0, 0, '', 'pAbGmtXWyp', 0, 1581048425, 0),
(1825, 59, 0, 0, '', 'fbG0tLwJiB', 0, 1581048425, 0),
(1826, 59, 0, 0, '', 'EgvmKFVE27', 0, 1581048425, 0),
(1827, 59, 0, 0, '', 'lGDGOoeUDR', 0, 1581048425, 0),
(1828, 59, 0, 0, '', '6gBbErjM76', 0, 1581048425, 0),
(1829, 59, 0, 0, '', 'lQcQDsKXDA', 0, 1581048425, 0),
(1830, 59, 0, 0, '', 'ZN4gCcN11f', 0, 1581048425, 0),
(1831, 59, 0, 0, '', 'Ffl3vCGkJv', 0, 1581048425, 0),
(1832, 59, 0, 0, '', 'qZIQCjcXVH', 0, 1581048425, 0),
(1833, 59, 0, 0, '', 'Y8PCG68C0G', 0, 1581048425, 0),
(1834, 59, 0, 0, '', '38AF8mSjZg', 0, 1581048425, 0),
(1835, 59, 0, 0, '', 'qM0hAot8E3', 0, 1581048425, 0),
(1836, 59, 0, 0, '', 'ATaASlUBQI', 0, 1581048425, 0),
(1837, 59, 0, 0, '', 'EFy4ZvWccr', 0, 1581048425, 0),
(1838, 59, 0, 0, '', 'FatiXqHjaC', 0, 1581048425, 0),
(1839, 59, 0, 0, '', 'mdPvFHQ2RH', 0, 1581048425, 0),
(1840, 59, 0, 0, '', 'YMAiCIPRch', 0, 1581048425, 0),
(1841, 59, 0, 0, '', 'NSox1UJRzB', 0, 1581048425, 0),
(1842, 59, 0, 0, '', 'NsEyXtknhh', 0, 1581048425, 0),
(1843, 59, 0, 0, '', 'CyIyZCQA0y', 0, 1581048425, 0),
(1844, 59, 0, 0, '', 'c4FTSWpKMn', 0, 1581048425, 0),
(1845, 59, 0, 0, '', 'kLu0ZGInm7', 0, 1581048425, 0),
(1846, 59, 0, 0, '', 'YXtuIyu7Xl', 0, 1581048425, 0),
(1847, 59, 0, 0, '', 'I824CexWUs', 0, 1581048425, 0),
(1848, 59, 0, 0, '', 'w2jVphjCLR', 0, 1581048425, 0),
(1849, 59, 0, 0, '', '5XDlflyjSv', 0, 1581048425, 0),
(1850, 59, 0, 0, '', 'MXjgBPwXE3', 0, 1581048425, 0),
(1851, 59, 0, 0, '', 'UhfyUhCdGC', 0, 1581048425, 0),
(1852, 59, 0, 0, '', 'WxGP368FPc', 0, 1581048425, 0),
(1853, 59, 0, 0, '', 'gyrt0rwkVn', 0, 1581048425, 0),
(1854, 59, 0, 0, '', 'ljHKVdanF6', 0, 1581048425, 0),
(1855, 59, 0, 0, '', 'vpRSEkTngg', 0, 1581048425, 0),
(1856, 59, 0, 0, '', '47IMyXjL86', 0, 1581048425, 0),
(1857, 59, 0, 0, '', 'k6cNHT1T01', 0, 1581048425, 0),
(1858, 59, 0, 0, '', 'Fjz8GEXwPM', 0, 1581048425, 0),
(1859, 59, 0, 0, '', 'VMokl75mfG', 0, 1581048425, 0),
(1860, 59, 0, 0, '', 'blrtF8ybdh', 0, 1581048425, 0),
(1861, 59, 0, 0, '', 'BlLfb4JL3H', 0, 1581048425, 0),
(1862, 59, 0, 0, '', '2oVosjuuZN', 0, 1581048425, 0),
(1863, 59, 0, 0, '', '6KMBV5jsgP', 0, 1581048425, 0),
(1864, 59, 0, 0, '', 'ZG02JdlmVJ', 0, 1581048425, 0),
(1865, 59, 0, 0, '', 'z3FOTjBtcu', 0, 1581048425, 0),
(1866, 59, 0, 0, '', 'wS7ElLTarq', 0, 1581048425, 0),
(1867, 59, 0, 0, '', 'Z076aMSuP2', 0, 1581048425, 0),
(1868, 59, 0, 0, '', 'zuywTHDDqz', 0, 1581048425, 0),
(1869, 59, 0, 0, '', 'fD1W1gcykE', 0, 1581048425, 0),
(1870, 59, 0, 0, '', 'OtidbSvsEI', 0, 1581048425, 0),
(1871, 59, 0, 0, '', 'j5mnwvPQ14', 0, 1581048425, 0),
(1872, 59, 0, 0, '', 'mRVwb2zw7b', 0, 1581048425, 0),
(1873, 59, 0, 0, '', 'VnNbk9860j', 0, 1581048425, 0),
(1874, 59, 0, 0, '', 'uW49WRn39c', 0, 1581048425, 0),
(1875, 59, 0, 0, '', 'Tt5Jho2xsC', 0, 1581048425, 0),
(1876, 59, 0, 0, '', 'HwW0iQ8Kdl', 0, 1581048425, 0),
(1877, 59, 0, 0, '', '0ME0fre8h3', 0, 1581048425, 0),
(1878, 59, 0, 0, '', 'ioBIIzoOEj', 0, 1581048425, 0),
(1879, 59, 0, 0, '', 'd7GkLeXXgN', 0, 1581048425, 0),
(1880, 59, 0, 0, '', 'oJu9yQSNBR', 0, 1581048425, 0),
(1881, 59, 0, 0, '', 'yDlb9aVBk2', 0, 1581048425, 0),
(1882, 59, 0, 0, '', 'gxWjIpOD3J', 0, 1581048425, 0),
(1883, 59, 0, 0, '', 'AoSJqRzTvk', 0, 1581048425, 0),
(1884, 59, 0, 0, '', 'cT7ZgtEEzw', 0, 1581048425, 0),
(1885, 59, 0, 0, '', 'LrDilMu4Xn', 0, 1581048425, 0),
(1886, 59, 0, 0, '', '0cUI1mqXGU', 0, 1581048425, 0),
(1887, 59, 0, 0, '', 'tRgf4ikpAE', 0, 1581048425, 0),
(1888, 59, 0, 0, '', 'dx0ouMSCaI', 0, 1581048425, 0),
(1889, 59, 0, 0, '', 'CQcmZiHx9D', 0, 1581048425, 0),
(1890, 59, 0, 0, '', 'oYFDeXqQd6', 0, 1581048425, 0),
(1891, 59, 0, 0, '', 'g4kQ13RhU9', 0, 1581048425, 0),
(1892, 59, 0, 0, '', 'Tah3bGCmV7', 0, 1581048425, 0),
(1893, 59, 0, 0, '', 'fr1B77s8O2', 0, 1581048425, 0),
(1894, 59, 0, 0, '', 'GMbeOyMGpq', 0, 1581048425, 0),
(1895, 59, 0, 0, '', 'U33Qo2vYGd', 0, 1581048425, 0),
(1896, 59, 0, 0, '', 'X0yIFmVVdY', 0, 1581048425, 0),
(1897, 59, 0, 0, '', 'FbKVXRN8Kt', 0, 1581048425, 0),
(1898, 59, 0, 0, '', 'sdyVVKGo42', 0, 1581048425, 0),
(1899, 59, 0, 0, '', 'a43IcDW4s7', 0, 1581048425, 0),
(1900, 59, 0, 0, '', 'WlkTKSnZYI', 0, 1581048425, 0),
(1901, 59, 0, 0, '', 'OL4gC4vdMQ', 0, 1581048425, 0),
(1902, 59, 0, 0, '', 'mkr5eI0TdI', 0, 1581048425, 0),
(1903, 59, 0, 0, '', 'i1qtMGVLOP', 0, 1581048425, 0),
(1904, 59, 0, 0, '', 'gLv6KSoDZz', 0, 1581048425, 0),
(1905, 59, 0, 0, '', 'UavxiBDFcx', 0, 1581048425, 0),
(1906, 59, 0, 0, '', 'veqoWLdqj9', 0, 1581048425, 0),
(1907, 59, 0, 0, '', 'ykEcQYWbLf', 0, 1581048425, 0),
(1908, 59, 0, 0, '', 'IEyrM5shTU', 0, 1581048425, 0),
(1909, 59, 0, 0, '', 'gmjMwDi2Ql', 0, 1581048425, 0),
(1910, 59, 0, 0, '', 'vpGFPJ26OF', 0, 1581048425, 0),
(1911, 59, 0, 0, '', 'RcKfbvxHjc', 0, 1581048425, 0),
(1912, 59, 0, 0, '', 'msomDdhuR8', 0, 1581048425, 0),
(1913, 59, 0, 0, '', '0ZwOX66LDk', 0, 1581048425, 0),
(1914, 59, 0, 0, '', 'xEwoRdkXoS', 0, 1581048425, 0),
(1915, 59, 0, 0, '', 'l3aMsrvqur', 0, 1581048425, 0),
(1916, 59, 0, 0, '', '47zXTw7CNW', 0, 1581048425, 0),
(1917, 59, 0, 0, '', 'vhFc9h1F2J', 0, 1581048425, 0),
(1918, 59, 0, 0, '', '7Pk0eLbOrQ', 0, 1581048425, 0),
(1919, 59, 0, 0, '', 'HBbi5x0xqp', 0, 1581048425, 0),
(1920, 59, 0, 0, '', 'h8O0rdUrOK', 0, 1581048425, 0),
(1921, 59, 0, 0, '', 'SVTtCmyZUY', 0, 1581048425, 0),
(1922, 59, 0, 0, '', 'YZiE7A3RaE', 0, 1581048425, 0),
(1923, 59, 0, 0, '', '8qjZpe3sgL', 0, 1581048425, 0),
(1924, 59, 0, 0, '', 'R35kWLDz7b', 0, 1581048425, 0),
(1925, 59, 0, 0, '', 'I2GOPNC9F7', 0, 1581048425, 0),
(1926, 59, 0, 0, '', 'obbk7yDBgk', 0, 1581048425, 0),
(1927, 59, 0, 0, '', 'hzQV6bSe0N', 0, 1581048425, 0),
(1928, 59, 0, 0, '', 'h6fhM9ggVn', 0, 1581048425, 0),
(1929, 59, 0, 0, '', 'TSE3gfHXvn', 0, 1581048425, 0),
(1930, 59, 0, 0, '', 'zWR5eHKrdP', 0, 1581048425, 0),
(1931, 59, 0, 0, '', 'DlzWlO3ihO', 0, 1581048425, 0),
(1932, 59, 0, 0, '', '3AOLUAzuHJ', 0, 1581048425, 0),
(1933, 59, 0, 0, '', 'od1gJswCTz', 0, 1581048425, 0),
(1934, 59, 0, 0, '', 'LaKgT5IV14', 0, 1581048425, 0),
(1935, 59, 0, 0, '', 'tcELgc0cc7', 0, 1581048425, 0),
(1936, 59, 0, 0, '', 'EDiXzFf9X0', 0, 1581048425, 0),
(1937, 59, 0, 0, '', 'HwESopi2jT', 0, 1581048425, 0),
(1938, 59, 0, 0, '', 'Nt6eSjpCbi', 0, 1581048425, 0),
(1939, 59, 0, 0, '', 'aVutR9j4Qf', 0, 1581048425, 0);
INSERT INTO `donkey_coupon_give` (`coupon_give_id`, `coupon_id`, `user_id`, `order_id`, `order_no`, `exchange_code`, `use_time`, `create_time`, `is_delete`) VALUES
(1940, 59, 0, 0, '', 'cGzJRATJl2', 0, 1581048425, 0),
(1941, 59, 0, 0, '', 'QAtKfQetdv', 0, 1581048425, 0),
(1942, 59, 0, 0, '', 'x0xhJEdXqk', 0, 1581048425, 0),
(1943, 59, 0, 0, '', 'dx2T02dAud', 0, 1581048425, 0),
(1944, 59, 0, 0, '', 'yFrJ3ZtNH9', 0, 1581048425, 0),
(1945, 59, 0, 0, '', 'rbIS4vmdhG', 0, 1581048425, 0),
(1946, 59, 0, 0, '', 'Jl2hd9l0YR', 0, 1581048425, 0),
(1947, 59, 0, 0, '', '6gC3asDkGQ', 0, 1581048425, 0),
(1948, 59, 0, 0, '', 'VScPTO1aSX', 0, 1581048425, 0),
(1949, 59, 0, 0, '', 'GO9vIsoZpa', 0, 1581048425, 0),
(1950, 59, 0, 0, '', 'yV3Jsj14eg', 0, 1581048425, 0),
(1951, 59, 0, 0, '', 'ITEJrNU4bH', 0, 1581048425, 0),
(1952, 59, 0, 0, '', 'DoNhknEozL', 0, 1581048425, 0),
(1953, 59, 0, 0, '', 'TD5z48Zhdq', 0, 1581048425, 0),
(1954, 59, 0, 0, '', 'GAbUkHjfpT', 0, 1581048425, 0),
(1955, 59, 0, 0, '', 'jX2WK8RGno', 0, 1581048425, 0),
(1956, 59, 0, 0, '', 'fSZPmx60n4', 0, 1581048425, 0),
(1957, 59, 0, 0, '', '9bk21Dypto', 0, 1581048425, 0),
(1958, 59, 0, 0, '', 'IPmCGSMjIS', 0, 1581048425, 0),
(1959, 59, 0, 0, '', 'P8z4lPfHnG', 0, 1581048425, 0),
(1960, 59, 0, 0, '', 'z4kSpmTWaM', 0, 1581048425, 0),
(1961, 59, 0, 0, '', 'Xqzbro6n8u', 0, 1581048425, 0),
(1962, 59, 0, 0, '', 'Ro7Zks19qt', 0, 1581048425, 0),
(1963, 59, 0, 0, '', 'zzOh5vXmXf', 0, 1581048425, 0),
(1964, 59, 0, 0, '', 'QUkRimKOOa', 0, 1581048425, 0),
(1965, 59, 0, 0, '', 'WEwvv88YUw', 0, 1581048425, 0),
(1966, 59, 0, 0, '', '1DinSRQ1Wn', 0, 1581048425, 0),
(1967, 59, 0, 0, '', 'nFkQontau1', 0, 1581048425, 0),
(1968, 59, 0, 0, '', 'ftTOFUL23U', 0, 1581048425, 0),
(1969, 59, 0, 0, '', 'wSZUEmec1a', 0, 1581048425, 0),
(1970, 59, 0, 0, '', 'fRn5rhHkdy', 0, 1581048425, 0),
(1971, 59, 0, 0, '', 'rrJrI26Q44', 0, 1581048425, 0),
(1972, 59, 0, 0, '', 'jfXtEOlhCM', 0, 1581048425, 0),
(1973, 59, 0, 0, '', 'jl93qUWZJ8', 0, 1581048425, 0),
(1974, 59, 0, 0, '', 'EoUdyv44rt', 0, 1581048425, 0),
(1975, 59, 0, 0, '', '9f1StmXY9R', 0, 1581048425, 0),
(1976, 59, 0, 0, '', 'Ps4unh2vp2', 0, 1581048425, 0),
(1977, 59, 0, 0, '', 'n6pxFq61ft', 0, 1581048425, 0),
(1978, 59, 0, 0, '', '4VwrumhSP4', 0, 1581048425, 0),
(1979, 59, 0, 0, '', 'OS3ACg8e8z', 0, 1581048425, 0),
(1980, 59, 0, 0, '', 'vUl2yLqhY1', 0, 1581048425, 0),
(1981, 59, 0, 0, '', '76beX6DvDD', 0, 1581048425, 0),
(1982, 59, 0, 0, '', 'oibrC8f684', 0, 1581048425, 0),
(1983, 59, 0, 0, '', 'wMmGxeSZD0', 0, 1581048425, 0),
(1984, 59, 0, 0, '', 'fqL6jy6wMH', 0, 1581048425, 0),
(1985, 59, 0, 0, '', '7moLAzjb4p', 0, 1581048425, 0),
(1986, 59, 0, 0, '', 'OGYiezULYH', 0, 1581048425, 0),
(1987, 59, 0, 0, '', 'Z8rcJf1rmb', 0, 1581048425, 0),
(1988, 59, 0, 0, '', 'uinwDmwA01', 0, 1581048425, 0),
(1989, 59, 0, 0, '', 'dI5ujIy5Ul', 0, 1581048425, 0),
(1990, 59, 0, 0, '', 'orfAkYxnF6', 0, 1581048425, 0),
(1991, 59, 0, 0, '', 'CxDsV6h1Ll', 0, 1581048425, 0),
(1992, 59, 0, 0, '', 'U4pboy9N61', 0, 1581048425, 0),
(1993, 59, 0, 0, '', 'Fjsg3LCjda', 0, 1581048425, 0),
(1994, 59, 0, 0, '', 'NEtQmmn2R8', 0, 1581048425, 0),
(1995, 59, 0, 0, '', '7Bgbl29kha', 0, 1581048425, 0),
(1996, 59, 0, 0, '', 'dMPrKWOmoR', 0, 1581048425, 0),
(1997, 59, 0, 0, '', '7q77mmGSbK', 0, 1581048425, 0),
(1998, 59, 0, 0, '', 'Gsqyuy1mJe', 0, 1581048425, 0),
(1999, 59, 0, 0, '', '0N05AwWKo9', 0, 1581048425, 0),
(2001, 59, 0, 0, '', 'vlg2GmY7o3', 0, 1581048425, 0),
(2003, 70, 72, 0, '', 'D0xe0WTK1W', 0, 1581314911, 0),
(2004, 70, 72, 0, '', 'jU3M14CVB6', 0, 1581316057, 0),
(2005, 70, 72, 0, '', 'OXARp1H0xQ', 0, 1581316067, 0),
(2006, 70, 72, 0, '', 'I3Oom1PhWt', 0, 1581316106, 0),
(2007, 70, 1, 0, '', 'C18rcjXOGE', 0, 1581316350, 0),
(2008, 70, 18, 0, '', 'W22CegGvFE', 0, 1581316350, 0),
(2009, 70, 29, 0, '', 'kk9yO7SGr4', 0, 1581316350, 0),
(2010, 70, 40, 0, '', 'XKpODM4DXy', 0, 1581316350, 0),
(2011, 70, 51, 0, '', 'JOodGonjkB', 0, 1581316350, 0),
(2012, 70, 1, 0, '', 'UFOiiryk3d', 0, 1581316380, 0),
(2013, 70, 18, 0, '', 'HTWsliXSwi', 0, 1581316380, 0),
(2014, 70, 29, 0, '', 'wEUNIwKhqN', 0, 1581316380, 0),
(2015, 70, 40, 0, '', '8CMM8sdsR2', 0, 1581316380, 0),
(2016, 70, 51, 0, '', 'fO1ZK4JLK9', 0, 1581316380, 0),
(2017, 70, 72, 0, '', 'AGQ81MfVx2', 0, 1581316380, 0),
(2018, 70, 1, 0, '', 'Rn8pW2LO14', 0, 1581316826, 0),
(2019, 70, 9, 0, '', 'wtTeiNN7aE', 0, 1581316826, 0),
(2020, 70, 10, 0, '', 'KMzl8GqzD4', 0, 1581316826, 0),
(2021, 70, 11, 0, '', 'uWQCCQcPlk', 0, 1581316826, 0),
(2022, 70, 12, 0, '', 'Lh6WHv1z4a', 0, 1581316826, 0),
(2023, 70, 16, 0, '', 'TUjBlc5GTL', 0, 1581316826, 0),
(2024, 70, 18, 0, '', '3FKZYPkW1a', 0, 1581316826, 0),
(2025, 70, 21, 0, '', 'G6T83po2hR', 0, 1581316826, 0),
(2026, 70, 22, 0, '', '63gttlRWic', 0, 1581316826, 0),
(2027, 70, 23, 0, '', '98ZRKn5Npt', 0, 1581316826, 0),
(2028, 70, 24, 0, '', 'goT3RB99w4', 0, 1581316826, 0),
(2029, 70, 25, 0, '', 'IEwn45BwlI', 0, 1581316826, 0),
(2030, 70, 26, 0, '', 'R2GPfmQf2o', 0, 1581316826, 0),
(2031, 70, 27, 0, '', 'qE0LXIyYVd', 0, 1581316826, 0),
(2032, 70, 29, 0, '', 'gbC9y6UmWk', 0, 1581316826, 0),
(2033, 70, 32, 0, '', 'VOaHbxfBal', 0, 1581316826, 0),
(2034, 70, 33, 0, '', 'levpqu0TzD', 0, 1581316826, 0),
(2035, 70, 34, 0, '', 'ysbcvHDwKG', 0, 1581316826, 0),
(2036, 70, 35, 0, '', 'alj4NsNp77', 0, 1581316826, 0),
(2037, 70, 36, 0, '', 'KDZ68sTomY', 0, 1581316826, 0),
(2038, 70, 37, 0, '', '0Jo0l2zWU0', 0, 1581316826, 0),
(2039, 70, 38, 0, '', 'dsITaVAAgc', 0, 1581316826, 0),
(2040, 70, 40, 0, '', '4SoTITTL7a', 0, 1581316826, 0),
(2041, 70, 43, 0, '', 'JcwVHnfJAt', 0, 1581316826, 0),
(2042, 70, 44, 0, '', 'x1BRZGGVd4', 0, 1581316826, 0),
(2043, 70, 45, 0, '', 'sY4TRZlxfi', 0, 1581316826, 0),
(2044, 70, 46, 0, '', 'vRKP9bcFy0', 0, 1581316826, 0),
(2045, 70, 47, 0, '', '2A4mwbuRF1', 0, 1581316826, 0),
(2046, 70, 48, 0, '', 'IBy4qfDAtm', 0, 1581316826, 0),
(2047, 70, 49, 0, '', 'pCmrma9B7K', 0, 1581316826, 0),
(2048, 70, 51, 0, '', '7aTH4tADox', 0, 1581316826, 0),
(2049, 70, 54, 0, '', '1FqkjZOYok', 0, 1581316826, 0),
(2050, 70, 55, 0, '', 'XA0BIqtjbh', 0, 1581316826, 0),
(2051, 70, 56, 0, '', 'p81RJftOdH', 0, 1581316826, 0),
(2052, 70, 57, 0, '', 'bAsLxkUWDE', 0, 1581316826, 0),
(2053, 70, 58, 0, '', 'fSC8rni2so', 0, 1581316826, 0),
(2054, 70, 59, 0, '', 'dq7ifLAguk', 0, 1581316826, 0),
(2055, 70, 60, 0, '', 'ZBsNJTLu0c', 0, 1581316826, 0),
(2056, 70, 67, 0, '', '0zpkjFAeJO', 0, 1581316826, 0),
(2057, 70, 68, 0, '', 'wqSIQeVyWd', 0, 1581316826, 0),
(2058, 70, 69, 0, '', '1TkoF4Wb4W', 0, 1581316826, 0),
(2059, 70, 70, 0, '', 's3Bj6tb64e', 0, 1581316826, 0),
(2060, 70, 71, 0, '', 'GhYsFR7xJL', 0, 1581316826, 0),
(2061, 70, 72, 0, '', 'xICSx77j9e', 0, 1581316826, 0),
(2062, 70, 9, 0, '', 'kbpXh9hzvJ', 0, 1581316991, 0),
(2063, 70, 10, 0, '', 'JWyBStnwNU', 0, 1581316991, 0),
(2064, 70, 11, 0, '', 'pS8PyGVP9k', 0, 1581316991, 0),
(2065, 70, 12, 0, '', 'dzuNeuNuT3', 0, 1581316991, 0),
(2066, 70, 16, 0, '', 'BAi2mIdzLm', 0, 1581316991, 0),
(2067, 70, 21, 0, '', 'tNy0WPhCff', 0, 1581316991, 0),
(2068, 70, 22, 0, '', 'j1JMHuvOxG', 0, 1581316991, 0),
(2069, 70, 23, 0, '', 'fHFvnEEyZc', 0, 1581316991, 0),
(2070, 70, 24, 0, '', 'W8Iuzavkql', 0, 1581316991, 0),
(2071, 70, 25, 0, '', 'O1wbZMbVIy', 0, 1581316991, 0),
(2072, 70, 26, 0, '', 'vrJmXVKUFZ', 0, 1581316991, 0),
(2073, 70, 27, 0, '', 'ppsJqj4140', 0, 1581316991, 0),
(2074, 70, 32, 0, '', '3KC5w0NWNN', 0, 1581316991, 0),
(2075, 70, 33, 0, '', 'gMEtJN0Qgr', 0, 1581316991, 0),
(2076, 70, 34, 0, '', 'ylbmQ0rY8J', 0, 1581316991, 0),
(2077, 70, 35, 0, '', 'R1ueVFAodB', 0, 1581316991, 0),
(2078, 70, 36, 0, '', 'DAFyRzr1td', 0, 1581316991, 0),
(2079, 70, 37, 0, '', 'oIlBSTc7nC', 0, 1581316991, 0),
(2080, 70, 38, 0, '', 'BIo2Yd6kxl', 0, 1581316991, 0),
(2081, 70, 43, 0, '', 'T7cuKZNtka', 0, 1581316991, 0),
(2082, 70, 44, 0, '', 'MgiKe9GBR8', 0, 1581316991, 0),
(2083, 70, 45, 0, '', 'BRZRp1gAFL', 0, 1581316991, 0),
(2084, 70, 46, 0, '', 'RSJofIrXje', 0, 1581316991, 0),
(2085, 70, 47, 0, '', 'eDEmP44WZw', 0, 1581316991, 0),
(2086, 70, 48, 0, '', 'HB6TZV0wzG', 0, 1581316991, 0),
(2087, 70, 49, 0, '', 'sn55q5CHVS', 0, 1581316991, 0),
(2088, 70, 54, 0, '', 'q50Lh1zQGt', 0, 1581316991, 0),
(2089, 70, 55, 0, '', 'yWMNbO3O7R', 0, 1581316991, 0),
(2090, 70, 56, 0, '', '4sxQsbER0n', 0, 1581316991, 0),
(2091, 70, 57, 0, '', '339IJT5aTq', 0, 1581316991, 0),
(2094, 70, 60, 0, '', '2dLGLXsOmy', 1581316991, 1581316991, 0),
(2101, 70, 1, 0, 'PO_I1049550470892680001', 'pvIq1cGgoc', 1581413682, 1581413682, 1),
(2103, 70, 1, 0, 'PO_I1049550470892680001', 'A5XSVXZFb8', 1581414172, 1581414172, 0),
(2104, 70, 1, 0, '', 'D56eNosz5q', 0, 1581784240, 0),
(2105, 70, 72, 0, '', 'U7AnGEUSUH', 0, 1586086460, 0),
(2106, 70, 72, 0, '', 'mqLhTOnxdC', 0, 1586086493, 0);

DROP TABLE IF EXISTS `donkey_delivery`;
CREATE TABLE `donkey_delivery` (
  `delivery_id` smallint(5) UNSIGNED NOT NULL,
  `delivery_item_id` smallint(5) UNSIGNED NOT NULL DEFAULT '0' COMMENT '对应delivery_item表',
  `alias` varchar(32) COLLATE utf8mb4_unicode_ci NOT NULL DEFAULT '' COMMENT '别名',
  `content` varchar(150) COLLATE utf8mb4_unicode_ci NOT NULL DEFAULT '' COMMENT '描述',
  `first_weight` decimal(10,2) NOT NULL COMMENT '首重',
  `first_weight_price` decimal(10,2) NOT NULL COMMENT '首重运费',
  `second_weight` decimal(10,2) NOT NULL COMMENT '续重',
  `second_weight_price` decimal(10,2) NOT NULL COMMENT '续重运费',
  `first_item` tinyint(3) UNSIGNED NOT NULL COMMENT '首件',
  `first_item_price` decimal(10,2) NOT NULL COMMENT '首件运费',
  `second_item` tinyint(3) UNSIGNED NOT NULL COMMENT '续件',
  `second_item_price` decimal(10,2) NOT NULL COMMENT '续件运费',
  `first_volume` decimal(10,2) NOT NULL COMMENT '首体积量',
  `first_volume_price` decimal(10,2) NOT NULL COMMENT '首体积运费',
  `second_volume` decimal(10,2) NOT NULL COMMENT '续体积量',
  `second_volume_price` decimal(10,2) NOT NULL COMMENT '续体积运费',
  `sort` tinyint(3) UNSIGNED NOT NULL DEFAULT '50' COMMENT '排序',
  `status` tinyint(1) NOT NULL DEFAULT '1' COMMENT '0=禁用 1=启用'
) ENGINE=InnoDB DEFAULT CHARSET=utf8mb4 COLLATE=utf8mb4_unicode_ci COMMENT='配送方式';

INSERT INTO `donkey_delivery` (`delivery_id`, `delivery_item_id`, `alias`, `content`, `first_weight`, `first_weight_price`, `second_weight`, `second_weight_price`, `first_item`, `first_item_price`, `second_item`, `second_item_price`, `first_volume`, `first_volume_price`, `second_volume`, `second_volume_price`, `sort`, `status`) VALUES
(1, 1, '快递配送', '江浙沪包邮,其他区域按合同价计算', '1.00', '8.00', '1.00', '1.00', 0, '0.00', 0, '0.00', '0.00', '0.00', '0.00', '0.00', 0, 1),
(20, 8, '物流配送', '江浙沪包邮,其他区域按合同价计算', '1.00', '2.00', '3.00', '4.00', 5, '6.00', 7, '8.00', '9.00', '10.00', '11.11', '12.12', 1, 1),
(21, 510, '买家自提', '', '0.00', '0.00', '0.00', '0.00', 0, '0.00', 0, '0.00', '0.00', '0.00', '0.00', '0.00', 2, 1),
(22, 511, '同城配送', '', '0.00', '0.00', '0.00', '0.00', 0, '0.00', 0, '0.00', '0.00', '0.00', '0.00', '0.00', 3, 1);

DROP TABLE IF EXISTS `donkey_delivery_area`;
CREATE TABLE `donkey_delivery_area` (
  `delivery_area_id` smallint(5) UNSIGNED NOT NULL,
  `delivery_id` smallint(5) UNSIGNED NOT NULL COMMENT '对应delivery表',
  `name` varchar(50) COLLATE utf8mb4_unicode_ci NOT NULL COMMENT '区域名称',
  `region` text COLLATE utf8mb4_unicode_ci NOT NULL COMMENT '所辖区域',
  `first_weight_price` decimal(10,2) NOT NULL COMMENT '首重运费',
  `second_weight_price` decimal(10,2) NOT NULL COMMENT '续重运费',
  `first_item_price` decimal(10,2) NOT NULL COMMENT '首件运费',
  `second_item_price` decimal(10,2) NOT NULL COMMENT '续件运费',
  `first_volume_price` decimal(10,2) NOT NULL COMMENT '首体积运费',
  `second_volume_price` decimal(10,2) NOT NULL COMMENT '续体积运费'
) ENGINE=InnoDB DEFAULT CHARSET=utf8mb4 COLLATE=utf8mb4_unicode_ci COMMENT='配送区域';

INSERT INTO `donkey_delivery_area` (`delivery_area_id`, `delivery_id`, `name`, `region`, `first_weight_price`, `second_weight_price`, `first_item_price`, `second_item_price`, `first_volume_price`, `second_volume_price`) VALUES
(1, 1, '江浙沪', '[{\"name\":\"浙江\",\"region_id\":12},{\"name\":\"北京\",\"region_id\":2},{\"name\":\"上海\",\"region_id\":10},{\"name\":\"天津\",\"region_id\":3},{\"name\":\"重庆\",\"region_id\":23},{\"name\":\"河北\",\"region_id\":4},{\"name\":\"山西\",\"region_id\":5},{\"name\":\"河南\",\"region_id\":17}]', '11.00', '6.00', '5.00', '3.50', '0.00', '6.66'),
(11, 2, '区域名', '[{\"name\":\"辽宁省\",\"region_id\":7},{\"name\":\"辽源市\",\"region_id\":90}]', '12.00', '7.00', '0.00', '0.00', '0.00', '0.00'),
(15, 2, '北上广', '[{\"name\":\"浙江省\",\"region_id\":12},{\"name\":\"宁波市\",\"region_id\":124}]', '13.00', '8.00', '0.00', '0.00', '0.00', '0.00'),
(26, 1, '北上广', '[{\"name\":\"香港\",\"region_id\":34},{\"name\":\"澳门\",\"region_id\":35},{\"name\":\"台湾\",\"region_id\":33}]', '0.00', '0.00', '0.00', '0.00', '0.00', '0.00');

DROP TABLE IF EXISTS `donkey_delivery_dist`;
CREATE TABLE `donkey_delivery_dist` (
  `delivery_dist_id` int(11) UNSIGNED NOT NULL,
  `user_id` int(11) UNSIGNED NOT NULL COMMENT '对应user表',
  `order_code` varchar(50) COLLATE utf8mb4_unicode_ci NOT NULL COMMENT '流水号',
  `delivery_item_id` smallint(5) UNSIGNED NOT NULL COMMENT '对应delivery_item表',
  `delivery_code` varchar(30) COLLATE utf8mb4_unicode_ci NOT NULL COMMENT '快递编码',
  `logistic_code` varchar(50) COLLATE utf8mb4_unicode_ci NOT NULL COMMENT '快递单号',
  `trace` text COLLATE utf8mb4_unicode_ci NOT NULL COMMENT '轨迹',
  `state` tinyint(3) NOT NULL DEFAULT '0' COMMENT '0=无轨迹 1=已揽收 2=在途中 201=到达派件城市 3=签收 4=问题件',
  `is_sub` tinyint(1) NOT NULL COMMENT '是否订阅 0=否 1=是',
  `create_time` int(11) NOT NULL DEFAULT '0' COMMENT '创建日期',
  `update_time` int(11) NOT NULL DEFAULT '0' COMMENT '更新日期'
) ENGINE=InnoDB DEFAULT CHARSET=utf8mb4 COLLATE=utf8mb4_unicode_ci COMMENT='配送轨迹';

INSERT INTO `donkey_delivery_dist` (`delivery_dist_id`, `user_id`, `order_code`, `delivery_item_id`, `delivery_code`, `logistic_code`, `trace`, `state`, `is_sub`, `create_time`, `update_time`) VALUES
(1, 1, '11475031669090094', 7, 'EMS', '1129493657532', '[{\"accept_time\":\"2017-04-27 19:32:15\",\"accept_station\":\"温州市瑞安分公司场桥经营部已收件（揽投员姓名：冯康北,联系电话:13587572587），温州市\",\"remark\":\"\"},{\"accept_time\":\"2017-04-27 22:23:00\",\"accept_station\":\"离开温州市 发往台州市，温州市\",\"remark\":\"\"},{\"accept_time\":\"2017-04-28 01:09:00\",\"accept_station\":\"到达台州市处理中心（经转），台州市\",\"remark\":\"\"},{\"accept_time\":\"2017-04-28 02:58:00\",\"accept_station\":\"离开台州市 发往宁波市（经转），台州市\",\"remark\":\"\"},{\"accept_time\":\"2017-04-28 05:20:00\",\"accept_station\":\"到达  宁波邮区中心局邮件处理中心 处理中心，宁波市\",\"remark\":\"\"},{\"accept_time\":\"2017-04-28 06:30:08\",\"accept_station\":\"离开宁波市 发往江北速递分公司洪塘经营部，宁波市\",\"remark\":\"\"},{\"accept_time\":\"2017-04-28 07:36:38\",\"accept_station\":\"江北速递分公司洪塘经营部安排投递，预计13:00:00前投递（投递员姓名：顾豪杰;联系电话：13600629547），宁波市\",\"remark\":\"\"},{\"accept_time\":\"2017-04-28 08:54:00\",\"accept_station\":\"已离开宁波邮区中心局邮件处理中心，发往宁波市邮政局速递公司，宁波市\",\"remark\":\"\"},{\"accept_time\":\"2017-04-28 11:05:50\",\"accept_station\":\"投递并签收，签收人：他人收 丰巢，宁波市\",\"remark\":\"\"}]', 3, 0, 1493349047, 1493457934),
(2, 0, '11475031670090094', 4, 'YD', '3934010097802', '[{\"accept_time\":\"2017-04-27 18:59:16\",\"accept_station\":\"到达：贵州贵阳沙冲路公司 已收件\"},{\"accept_time\":\"2017-04-27 21:07:15\",\"accept_station\":\"到达：贵州贵阳分拨中心\"},{\"accept_time\":\"2017-04-27 21:11:45\",\"accept_station\":\"到达：贵州贵阳分拨中心 发往：浙江义乌分拨中心\"},{\"accept_time\":\"2017-04-29 00:53:32\",\"accept_station\":\"到达：浙江义乌分拨中心 上级站点：贵州贵阳分拨中心\"},{\"accept_time\":\"2017-04-29 00:55:36\",\"accept_station\":\"到达：浙江义乌分拨中心 发往：浙江宁波分拨中心\"},{\"accept_time\":\"2017-04-29 05:33:55\",\"accept_station\":\"到达：浙江宁波分拨中心 上级站点：浙江义乌分拨中心\"},{\"accept_time\":\"2017-04-29 05:38:31\",\"accept_station\":\"到达：浙江宁波分拨中心 发往：浙江宁波江北区洪塘公司\"},{\"accept_time\":\"2017-04-29 14:20:24\",\"accept_station\":\"到达：浙江宁波江北区洪塘公司 指定：邓康(15888033919) 派送\"},{\"accept_time\":\"2017-04-29 15:38:40\",\"accept_station\":\"到达：云柜智能快递柜 上级站点：浙江宁波江北区洪塘公司 发往：\"},{\"accept_time\":\"2017-04-29 18:58:14\",\"accept_station\":\"已签收，感谢使用韵达，期待再次为您服务\"}]', 3, 0, 1493349141, 1493523769),
(5, 1, '15833929218090094', 5, 'STO', '402518834456', '[{\"accept_time\":\"2017-05-07 17:46:45\",\"accept_station\":\"【收件】【陕西西安曲江】的【曲江1 手机(15332460295)】已收件,扫描员是【曲江1】\"},{\"accept_time\":\"2017-05-07 17:52:56\",\"accept_station\":\"【发件】快件在【陕西西安曲江】由【曲江】扫描发往【陕西西安航空部】\"},{\"accept_time\":\"2017-05-07 20:15:20\",\"accept_station\":\"【到件】快件到达【陕西西安航空部】,上一站是【陕西西安曲江】,扫描员是【二号称】\"},{\"accept_time\":\"2017-05-07 20:43:26\",\"accept_station\":\"【装袋】快件在【陕西西安航空部】进行装包发往扫描，发往【浙江杭州中转部】\"},{\"accept_time\":\"2017-05-08 23:15:03\",\"accept_station\":\"【发件】快件在【浙江杭州中转部】由【周林会】扫描发往【浙江宁波中转部】\"},{\"accept_time\":\"2017-05-09 04:24:55\",\"accept_station\":\"【发件】快件在【浙江宁波中转部】由【周玲惠】扫描发往【浙江宁波江北公司】\"},{\"accept_time\":\"2017-05-09 04:24:55\",\"accept_station\":\"【装车】【浙江宁波中转部】正在进行【装车】扫描\"},{\"accept_time\":\"2017-05-09 06:43:38\",\"accept_station\":\"【到件】快件到达【浙江宁波江北公司】,上一站是【】,扫描员是【操作部】\"},{\"accept_time\":\"2017-05-09 08:30:01\",\"accept_station\":\"【派件】【浙江宁波江北公司】的【万达营业厅 手机(18158566887)】正在派件,扫描员是【万达点部】\"},{\"accept_time\":\"2017-05-09 10:35:20\",\"accept_station\":\"【派件入柜】快件派送至快递柜【广厦怡庭南区18幢架空层丰巢快递柜】，派件员是【万达点部(18158566887)】\"},{\"accept_time\":\"2017-05-09 12:13:12\",\"accept_station\":\"【签收】已签收,签收人是:【收件箱】\"}]', 3, 0, 1494207583, 1494310165),
(7, 1, '15987151287190094', 2, 'ZTO', '436634129389', '[{\"accept_time\":\"2017-05-03 16:05:10\",\"accept_station\":\"[长沙市] [长沙市场部]的宋娟已收件 电话:13874910870\"},{\"accept_time\":\"2017-05-03 22:26:29\",\"accept_station\":\"[长沙市] 快件到达 [长沙中转部]\"},{\"accept_time\":\"2017-05-04 01:38:26\",\"accept_station\":\"[长沙市] 快件离开 [长沙中转部]已发往[宁波]\"},{\"accept_time\":\"2017-05-04 19:19:41\",\"accept_station\":\"[台州市] 快件到达 [台州中转部]\"},{\"accept_time\":\"2017-05-04 19:49:29\",\"accept_station\":\"[台州市] 快件离开 [台州中转部]已发往[宁波中转部]\"},{\"accept_time\":\"2017-05-05 03:31:00\",\"accept_station\":\"[宁波市] 快件到达 [宁波中转部]\"},{\"accept_time\":\"2017-05-05 04:05:56\",\"accept_station\":\"[宁波市] 快件离开 [宁波中转部]已发往[宁波]\"},{\"accept_time\":\"2017-05-05 07:36:44\",\"accept_station\":\"[宁波市] 快件离开 [宁波洪塘]已发往[宁波洪塘庄桥二部]\"},{\"accept_time\":\"2017-05-05 12:36:10\",\"accept_station\":\"[宁波市] 快件已到达[宁波洪塘庄桥二部],业务员罗小虎正在第1次派件 电话:13780009434 请保持电话畅通、耐心等待\"},{\"accept_time\":\"2017-05-05 13:57:23\",\"accept_station\":\"[宁波市] [宁波洪塘庄桥二部]的派件已签收 感谢使用中通快递,期待再次为您服务!\"},{\"accept_time\":\"2017-05-05 19:02:06\",\"accept_station\":\"[宁波市] [宁波洪塘庄桥二部]的罗小虎已收件 电话:13780009434\"}]', 4, 0, 1494235871, 1494237047),
(10, 1, '16548008188090094', 3, 'YTO', '885022354514081453', '[{\"accept_time\":\"2017-05-09 17:44:44\",\"accept_station\":\"【山东省德州市武城县公司】 已收件\"},{\"accept_time\":\"2017-05-09 18:04:44\",\"accept_station\":\"【山东省德州市武城县公司】 已打包\"},{\"accept_time\":\"2017-05-09 18:04:57\",\"accept_station\":\"【山东省德州市武城县公司】 已发出 下一站 【济南转运中心】\"},{\"accept_time\":\"2017-05-09 21:07:46\",\"accept_station\":\"【济南转运中心】 已收入\"},{\"accept_time\":\"2017-05-09 21:10:24\",\"accept_station\":\"【济南转运中心】 已发出 下一站 【宁波转运中心】\"},{\"accept_time\":\"2017-05-11 01:59:19\",\"accept_station\":\"【宁波转运中心】 已收入\"},{\"accept_time\":\"2017-05-11 05:00:23\",\"accept_station\":\"【宁波转运中心】 已发出 下一站 【浙江省宁波市邱隘公司】\"},{\"accept_time\":\"2017-05-11 08:42:28\",\"accept_station\":\"【浙江省宁波市邱隘公司】 已发出 下一站 【宁波转运中心】\"},{\"accept_time\":\"2017-05-11 11:37:03\",\"accept_station\":\"【宁波转运中心】 已收入\"},{\"accept_time\":\"2017-05-11 11:40:27\",\"accept_station\":\"【宁波转运中心】 已发出 下一站 【浙江省宁波市洪塘公司】\"},{\"accept_time\":\"2017-05-11 12:40:14\",\"accept_station\":\"【浙江省宁波市洪塘公司】 已发出 下一站 【浙江省宁波市洪塘B区公司】\"},{\"accept_time\":\"2017-05-11 14:43:55\",\"accept_station\":\"【浙江省宁波市洪塘B区公司】 派件人: 杨增 派件中 派件员电话18613600876\"},{\"accept_time\":\"2017-05-11 17:21:24\",\"accept_station\":\"快件已被广厦怡庭南区【自提柜】代收，请及时取件。有问题请联系派件员15058458548\"},{\"accept_time\":\"2017-05-11 20:12:58\",\"accept_station\":\"客户 签收人: 本人签收 已签收 感谢使用圆通速递，期待再次为您服务\"}]', 3, 0, 1494426296, 1494541528),
(17, 1, '50307219016090094', 2, 'ZTO', '450644928478', '[{\"accept_time\":\"2017-08-23 22:04:55\",\"accept_station\":\"[东莞市] [东莞石碣]的RK数码已收件 电话:暂无\"},{\"accept_time\":\"2017-08-23 22:30:55\",\"accept_station\":\"[东莞市] 快件离开 [东莞石碣]已发往[宁波]\"},{\"accept_time\":\"2017-08-24 01:19:54\",\"accept_station\":\"[东莞市] 快件到达 [东莞中心]\"},{\"accept_time\":\"2017-08-24 01:23:29\",\"accept_station\":\"[东莞市] 快件离开 [东莞中心]已发往[宁波中转部]\"},{\"accept_time\":\"2017-08-25 03:21:46\",\"accept_station\":\"[宁波市] 快件到达 [宁波中转部]\"},{\"accept_time\":\"2017-08-25 03:41:32\",\"accept_station\":\"[宁波市] 快件离开 [宁波中转部]已发往[宁波]\"},{\"accept_time\":\"2017-08-25 06:13:05\",\"accept_station\":\"[宁波市] 快件到达 [宁波洪塘]\"},{\"accept_time\":\"2017-08-25 06:33:56\",\"accept_station\":\"[宁波市] 快件离开 [宁波洪塘]已发往[宁波洪塘庄桥二部]\"},{\"accept_time\":\"2017-08-25 10:17:49\",\"accept_station\":\"[宁波市] 快件已到达[宁波洪塘庄桥二部],业务员罗小虎正在第1次派件 电话:13780009434 请保持电话畅通、耐心等待\"},{\"accept_time\":\"2017-08-25 13:24:46\",\"accept_station\":\"[宁波市] [宁波洪塘庄桥二部]的派件已签收 感谢使用中通快递,期待再次为您服务!\"}]', 3, 0, 1503537304, 1503649491),
(18, 1, 'PO_H9057663247141790001', 1, 'SF', '111222333444555', '[]', 0, 1, 1505233258, 1505233258),
(19, 1, '11475031669090094', 7, 'EMS', '1129493657532', '[{\"accept_time\":\"2017-04-27 19:32:15\",\"accept_station\":\"温州市瑞安分公司场桥经营部已收件（揽投员姓名：冯康北,联系电话:13587572587），温州市\",\"remark\":\"\"},{\"accept_time\":\"2017-04-27 22:23:00\",\"accept_station\":\"离开温州市 发往台州市，温州市\",\"remark\":\"\"},{\"accept_time\":\"2017-04-28 01:09:00\",\"accept_station\":\"到达台州市处理中心（经转），台州市\",\"remark\":\"\"},{\"accept_time\":\"2017-04-28 02:58:00\",\"accept_station\":\"离开台州市 发往宁波市（经转），台州市\",\"remark\":\"\"},{\"accept_time\":\"2017-04-28 05:20:00\",\"accept_station\":\"到达  宁波邮区中心局邮件处理中心 处理中心，宁波市\",\"remark\":\"\"},{\"accept_time\":\"2017-04-28 06:30:08\",\"accept_station\":\"离开宁波市 发往江北速递分公司洪塘经营部，宁波市\",\"remark\":\"\"},{\"accept_time\":\"2017-04-28 07:36:38\",\"accept_station\":\"江北速递分公司洪塘经营部安排投递，预计13:00:00前投递（投递员姓名：顾豪杰;联系电话：13600629547），宁波市\",\"remark\":\"\"},{\"accept_time\":\"2017-04-28 08:54:00\",\"accept_station\":\"已离开宁波邮区中心局邮件处理中心，发往宁波市邮政局速递公司，宁波市\",\"remark\":\"\"},{\"accept_time\":\"2017-04-28 11:05:50\",\"accept_station\":\"投递并签收，签收人：他人收 丰巢，宁波市\",\"remark\":\"\"}]', 3, 0, 1493349047, 1493457934),
(20, 0, '11475031670090094', 4, 'YD', '3934010097802', '[{\"accept_time\":\"2017-04-27 18:59:16\",\"accept_station\":\"到达：贵州贵阳沙冲路公司 已收件\"},{\"accept_time\":\"2017-04-27 21:07:15\",\"accept_station\":\"到达：贵州贵阳分拨中心\"},{\"accept_time\":\"2017-04-27 21:11:45\",\"accept_station\":\"到达：贵州贵阳分拨中心 发往：浙江义乌分拨中心\"},{\"accept_time\":\"2017-04-29 00:53:32\",\"accept_station\":\"到达：浙江义乌分拨中心 上级站点：贵州贵阳分拨中心\"},{\"accept_time\":\"2017-04-29 00:55:36\",\"accept_station\":\"到达：浙江义乌分拨中心 发往：浙江宁波分拨中心\"},{\"accept_time\":\"2017-04-29 05:33:55\",\"accept_station\":\"到达：浙江宁波分拨中心 上级站点：浙江义乌分拨中心\"},{\"accept_time\":\"2017-04-29 05:38:31\",\"accept_station\":\"到达：浙江宁波分拨中心 发往：浙江宁波江北区洪塘公司\"},{\"accept_time\":\"2017-04-29 14:20:24\",\"accept_station\":\"到达：浙江宁波江北区洪塘公司 指定：邓康(15888033919) 派送\"},{\"accept_time\":\"2017-04-29 15:38:40\",\"accept_station\":\"到达：云柜智能快递柜 上级站点：浙江宁波江北区洪塘公司 发往：\"},{\"accept_time\":\"2017-04-29 18:58:14\",\"accept_station\":\"已签收，感谢使用韵达，期待再次为您服务\"}]', 3, 0, 1493349141, 1493523769),
(21, 1, '15833929218090094', 5, 'STO', '402518834456', '[{\"accept_time\":\"2017-05-07 17:46:45\",\"accept_station\":\"【收件】【陕西西安曲江】的【曲江1 手机(15332460295)】已收件,扫描员是【曲江1】\"},{\"accept_time\":\"2017-05-07 17:52:56\",\"accept_station\":\"【发件】快件在【陕西西安曲江】由【曲江】扫描发往【陕西西安航空部】\"},{\"accept_time\":\"2017-05-07 20:15:20\",\"accept_station\":\"【到件】快件到达【陕西西安航空部】,上一站是【陕西西安曲江】,扫描员是【二号称】\"},{\"accept_time\":\"2017-05-07 20:43:26\",\"accept_station\":\"【装袋】快件在【陕西西安航空部】进行装包发往扫描，发往【浙江杭州中转部】\"},{\"accept_time\":\"2017-05-08 23:15:03\",\"accept_station\":\"【发件】快件在【浙江杭州中转部】由【周林会】扫描发往【浙江宁波中转部】\"},{\"accept_time\":\"2017-05-09 04:24:55\",\"accept_station\":\"【发件】快件在【浙江宁波中转部】由【周玲惠】扫描发往【浙江宁波江北公司】\"},{\"accept_time\":\"2017-05-09 04:24:55\",\"accept_station\":\"【装车】【浙江宁波中转部】正在进行【装车】扫描\"},{\"accept_time\":\"2017-05-09 06:43:38\",\"accept_station\":\"【到件】快件到达【浙江宁波江北公司】,上一站是【】,扫描员是【操作部】\"},{\"accept_time\":\"2017-05-09 08:30:01\",\"accept_station\":\"【派件】【浙江宁波江北公司】的【万达营业厅 手机(18158566887)】正在派件,扫描员是【万达点部】\"},{\"accept_time\":\"2017-05-09 10:35:20\",\"accept_station\":\"【派件入柜】快件派送至快递柜【广厦怡庭南区18幢架空层丰巢快递柜】，派件员是【万达点部(18158566887)】\"},{\"accept_time\":\"2017-05-09 12:13:12\",\"accept_station\":\"【签收】已签收,签收人是:【收件箱】\"}]', 3, 0, 1494207583, 1494310165),
(22, 1, '15987151287190094', 2, 'ZTO', '436634129389', '[{\"accept_time\":\"2017-05-03 16:05:10\",\"accept_station\":\"[长沙市] [长沙市场部]的宋娟已收件 电话:13874910870\"},{\"accept_time\":\"2017-05-03 22:26:29\",\"accept_station\":\"[长沙市] 快件到达 [长沙中转部]\"},{\"accept_time\":\"2017-05-04 01:38:26\",\"accept_station\":\"[长沙市] 快件离开 [长沙中转部]已发往[宁波]\"},{\"accept_time\":\"2017-05-04 19:19:41\",\"accept_station\":\"[台州市] 快件到达 [台州中转部]\"},{\"accept_time\":\"2017-05-04 19:49:29\",\"accept_station\":\"[台州市] 快件离开 [台州中转部]已发往[宁波中转部]\"},{\"accept_time\":\"2017-05-05 03:31:00\",\"accept_station\":\"[宁波市] 快件到达 [宁波中转部]\"},{\"accept_time\":\"2017-05-05 04:05:56\",\"accept_station\":\"[宁波市] 快件离开 [宁波中转部]已发往[宁波]\"},{\"accept_time\":\"2017-05-05 07:36:44\",\"accept_station\":\"[宁波市] 快件离开 [宁波洪塘]已发往[宁波洪塘庄桥二部]\"},{\"accept_time\":\"2017-05-05 12:36:10\",\"accept_station\":\"[宁波市] 快件已到达[宁波洪塘庄桥二部],业务员罗小虎正在第1次派件 电话:13780009434 请保持电话畅通、耐心等待\"},{\"accept_time\":\"2017-05-05 13:57:23\",\"accept_station\":\"[宁波市] [宁波洪塘庄桥二部]的派件已签收 感谢使用中通快递,期待再次为您服务!\"},{\"accept_time\":\"2017-05-05 19:02:06\",\"accept_station\":\"[宁波市] [宁波洪塘庄桥二部]的罗小虎已收件 电话:13780009434\"}]', 4, 0, 1494235871, 1494237047),
(23, 1, '16548008188090094', 3, 'YTO', '885022354514081453', '[{\"accept_time\":\"2017-05-09 17:44:44\",\"accept_station\":\"【山东省德州市武城县公司】 已收件\"},{\"accept_time\":\"2017-05-09 18:04:44\",\"accept_station\":\"【山东省德州市武城县公司】 已打包\"},{\"accept_time\":\"2017-05-09 18:04:57\",\"accept_station\":\"【山东省德州市武城县公司】 已发出 下一站 【济南转运中心】\"},{\"accept_time\":\"2017-05-09 21:07:46\",\"accept_station\":\"【济南转运中心】 已收入\"},{\"accept_time\":\"2017-05-09 21:10:24\",\"accept_station\":\"【济南转运中心】 已发出 下一站 【宁波转运中心】\"},{\"accept_time\":\"2017-05-11 01:59:19\",\"accept_station\":\"【宁波转运中心】 已收入\"},{\"accept_time\":\"2017-05-11 05:00:23\",\"accept_station\":\"【宁波转运中心】 已发出 下一站 【浙江省宁波市邱隘公司】\"},{\"accept_time\":\"2017-05-11 08:42:28\",\"accept_station\":\"【浙江省宁波市邱隘公司】 已发出 下一站 【宁波转运中心】\"},{\"accept_time\":\"2017-05-11 11:37:03\",\"accept_station\":\"【宁波转运中心】 已收入\"},{\"accept_time\":\"2017-05-11 11:40:27\",\"accept_station\":\"【宁波转运中心】 已发出 下一站 【浙江省宁波市洪塘公司】\"},{\"accept_time\":\"2017-05-11 12:40:14\",\"accept_station\":\"【浙江省宁波市洪塘公司】 已发出 下一站 【浙江省宁波市洪塘B区公司】\"},{\"accept_time\":\"2017-05-11 14:43:55\",\"accept_station\":\"【浙江省宁波市洪塘B区公司】 派件人: 杨增 派件中 派件员电话18613600876\"},{\"accept_time\":\"2017-05-11 17:21:24\",\"accept_station\":\"快件已被广厦怡庭南区【自提柜】代收，请及时取件。有问题请联系派件员15058458548\"},{\"accept_time\":\"2017-05-11 20:12:58\",\"accept_station\":\"客户 签收人: 本人签收 已签收 感谢使用圆通速递，期待再次为您服务\"}]', 3, 0, 1494426296, 1494541528),
(24, 1, '50307219016090094', 2, 'ZTO', '450644928478', '[{\"accept_time\":\"2017-08-23 22:04:55\",\"accept_station\":\"[东莞市] [东莞石碣]的RK数码已收件 电话:暂无\"},{\"accept_time\":\"2017-08-23 22:30:55\",\"accept_station\":\"[东莞市] 快件离开 [东莞石碣]已发往[宁波]\"},{\"accept_time\":\"2017-08-24 01:19:54\",\"accept_station\":\"[东莞市] 快件到达 [东莞中心]\"},{\"accept_time\":\"2017-08-24 01:23:29\",\"accept_station\":\"[东莞市] 快件离开 [东莞中心]已发往[宁波中转部]\"},{\"accept_time\":\"2017-08-25 03:21:46\",\"accept_station\":\"[宁波市] 快件到达 [宁波中转部]\"},{\"accept_time\":\"2017-08-25 03:41:32\",\"accept_station\":\"[宁波市] 快件离开 [宁波中转部]已发往[宁波]\"},{\"accept_time\":\"2017-08-25 06:13:05\",\"accept_station\":\"[宁波市] 快件到达 [宁波洪塘]\"},{\"accept_time\":\"2017-08-25 06:33:56\",\"accept_station\":\"[宁波市] 快件离开 [宁波洪塘]已发往[宁波洪塘庄桥二部]\"},{\"accept_time\":\"2017-08-25 10:17:49\",\"accept_station\":\"[宁波市] 快件已到达[宁波洪塘庄桥二部],业务员罗小虎正在第1次派件 电话:13780009434 请保持电话畅通、耐心等待\"},{\"accept_time\":\"2017-08-25 13:24:46\",\"accept_station\":\"[宁波市] [宁波洪塘庄桥二部]的派件已签收 感谢使用中通快递,期待再次为您服务!\"}]', 3, 0, 1503537304, 1503649491),
(25, 1, 'PO_H9057663247141790001', 1, 'SF', '111222333444555', '[]', 0, 1, 1505233258, 1505233258),
(26, 1, '11475031669090094', 7, 'EMS', '1129493657532', '[{\"accept_time\":\"2017-04-27 19:32:15\",\"accept_station\":\"温州市瑞安分公司场桥经营部已收件（揽投员姓名：冯康北,联系电话:13587572587），温州市\",\"remark\":\"\"},{\"accept_time\":\"2017-04-27 22:23:00\",\"accept_station\":\"离开温州市 发往台州市，温州市\",\"remark\":\"\"},{\"accept_time\":\"2017-04-28 01:09:00\",\"accept_station\":\"到达台州市处理中心（经转），台州市\",\"remark\":\"\"},{\"accept_time\":\"2017-04-28 02:58:00\",\"accept_station\":\"离开台州市 发往宁波市（经转），台州市\",\"remark\":\"\"},{\"accept_time\":\"2017-04-28 05:20:00\",\"accept_station\":\"到达  宁波邮区中心局邮件处理中心 处理中心，宁波市\",\"remark\":\"\"},{\"accept_time\":\"2017-04-28 06:30:08\",\"accept_station\":\"离开宁波市 发往江北速递分公司洪塘经营部，宁波市\",\"remark\":\"\"},{\"accept_time\":\"2017-04-28 07:36:38\",\"accept_station\":\"江北速递分公司洪塘经营部安排投递，预计13:00:00前投递（投递员姓名：顾豪杰;联系电话：13600629547），宁波市\",\"remark\":\"\"},{\"accept_time\":\"2017-04-28 08:54:00\",\"accept_station\":\"已离开宁波邮区中心局邮件处理中心，发往宁波市邮政局速递公司，宁波市\",\"remark\":\"\"},{\"accept_time\":\"2017-04-28 11:05:50\",\"accept_station\":\"投递并签收，签收人：他人收 丰巢，宁波市\",\"remark\":\"\"}]', 3, 0, 1493349047, 1493457934),
(27, 0, '11475031670090094', 4, 'YD', '3934010097802', '[{\"accept_time\":\"2017-04-27 18:59:16\",\"accept_station\":\"到达：贵州贵阳沙冲路公司 已收件\"},{\"accept_time\":\"2017-04-27 21:07:15\",\"accept_station\":\"到达：贵州贵阳分拨中心\"},{\"accept_time\":\"2017-04-27 21:11:45\",\"accept_station\":\"到达：贵州贵阳分拨中心 发往：浙江义乌分拨中心\"},{\"accept_time\":\"2017-04-29 00:53:32\",\"accept_station\":\"到达：浙江义乌分拨中心 上级站点：贵州贵阳分拨中心\"},{\"accept_time\":\"2017-04-29 00:55:36\",\"accept_station\":\"到达：浙江义乌分拨中心 发往：浙江宁波分拨中心\"},{\"accept_time\":\"2017-04-29 05:33:55\",\"accept_station\":\"到达：浙江宁波分拨中心 上级站点：浙江义乌分拨中心\"},{\"accept_time\":\"2017-04-29 05:38:31\",\"accept_station\":\"到达：浙江宁波分拨中心 发往：浙江宁波江北区洪塘公司\"},{\"accept_time\":\"2017-04-29 14:20:24\",\"accept_station\":\"到达：浙江宁波江北区洪塘公司 指定：邓康(15888033919) 派送\"},{\"accept_time\":\"2017-04-29 15:38:40\",\"accept_station\":\"到达：云柜智能快递柜 上级站点：浙江宁波江北区洪塘公司 发往：\"},{\"accept_time\":\"2017-04-29 18:58:14\",\"accept_station\":\"已签收，感谢使用韵达，期待再次为您服务\"}]', 3, 0, 1493349141, 1493523769),
(28, 1, '15833929218090094', 5, 'STO', '402518834456', '[{\"accept_time\":\"2017-05-07 17:46:45\",\"accept_station\":\"【收件】【陕西西安曲江】的【曲江1 手机(15332460295)】已收件,扫描员是【曲江1】\"},{\"accept_time\":\"2017-05-07 17:52:56\",\"accept_station\":\"【发件】快件在【陕西西安曲江】由【曲江】扫描发往【陕西西安航空部】\"},{\"accept_time\":\"2017-05-07 20:15:20\",\"accept_station\":\"【到件】快件到达【陕西西安航空部】,上一站是【陕西西安曲江】,扫描员是【二号称】\"},{\"accept_time\":\"2017-05-07 20:43:26\",\"accept_station\":\"【装袋】快件在【陕西西安航空部】进行装包发往扫描，发往【浙江杭州中转部】\"},{\"accept_time\":\"2017-05-08 23:15:03\",\"accept_station\":\"【发件】快件在【浙江杭州中转部】由【周林会】扫描发往【浙江宁波中转部】\"},{\"accept_time\":\"2017-05-09 04:24:55\",\"accept_station\":\"【发件】快件在【浙江宁波中转部】由【周玲惠】扫描发往【浙江宁波江北公司】\"},{\"accept_time\":\"2017-05-09 04:24:55\",\"accept_station\":\"【装车】【浙江宁波中转部】正在进行【装车】扫描\"},{\"accept_time\":\"2017-05-09 06:43:38\",\"accept_station\":\"【到件】快件到达【浙江宁波江北公司】,上一站是【】,扫描员是【操作部】\"},{\"accept_time\":\"2017-05-09 08:30:01\",\"accept_station\":\"【派件】【浙江宁波江北公司】的【万达营业厅 手机(18158566887)】正在派件,扫描员是【万达点部】\"},{\"accept_time\":\"2017-05-09 10:35:20\",\"accept_station\":\"【派件入柜】快件派送至快递柜【广厦怡庭南区18幢架空层丰巢快递柜】，派件员是【万达点部(18158566887)】\"},{\"accept_time\":\"2017-05-09 12:13:12\",\"accept_station\":\"【签收】已签收,签收人是:【收件箱】\"}]', 3, 0, 1494207583, 1494310165),
(29, 1, '15987151287190094', 2, 'ZTO', '436634129389', '[{\"accept_time\":\"2017-05-03 16:05:10\",\"accept_station\":\"[长沙市] [长沙市场部]的宋娟已收件 电话:13874910870\"},{\"accept_time\":\"2017-05-03 22:26:29\",\"accept_station\":\"[长沙市] 快件到达 [长沙中转部]\"},{\"accept_time\":\"2017-05-04 01:38:26\",\"accept_station\":\"[长沙市] 快件离开 [长沙中转部]已发往[宁波]\"},{\"accept_time\":\"2017-05-04 19:19:41\",\"accept_station\":\"[台州市] 快件到达 [台州中转部]\"},{\"accept_time\":\"2017-05-04 19:49:29\",\"accept_station\":\"[台州市] 快件离开 [台州中转部]已发往[宁波中转部]\"},{\"accept_time\":\"2017-05-05 03:31:00\",\"accept_station\":\"[宁波市] 快件到达 [宁波中转部]\"},{\"accept_time\":\"2017-05-05 04:05:56\",\"accept_station\":\"[宁波市] 快件离开 [宁波中转部]已发往[宁波]\"},{\"accept_time\":\"2017-05-05 07:36:44\",\"accept_station\":\"[宁波市] 快件离开 [宁波洪塘]已发往[宁波洪塘庄桥二部]\"},{\"accept_time\":\"2017-05-05 12:36:10\",\"accept_station\":\"[宁波市] 快件已到达[宁波洪塘庄桥二部],业务员罗小虎正在第1次派件 电话:13780009434 请保持电话畅通、耐心等待\"},{\"accept_time\":\"2017-05-05 13:57:23\",\"accept_station\":\"[宁波市] [宁波洪塘庄桥二部]的派件已签收 感谢使用中通快递,期待再次为您服务!\"},{\"accept_time\":\"2017-05-05 19:02:06\",\"accept_station\":\"[宁波市] [宁波洪塘庄桥二部]的罗小虎已收件 电话:13780009434\"}]', 4, 0, 1494235871, 1494237047),
(30, 1, '16548008188090094', 3, 'YTO', '885022354514081453', '[{\"accept_time\":\"2017-05-09 17:44:44\",\"accept_station\":\"【山东省德州市武城县公司】 已收件\"},{\"accept_time\":\"2017-05-09 18:04:44\",\"accept_station\":\"【山东省德州市武城县公司】 已打包\"},{\"accept_time\":\"2017-05-09 18:04:57\",\"accept_station\":\"【山东省德州市武城县公司】 已发出 下一站 【济南转运中心】\"},{\"accept_time\":\"2017-05-09 21:07:46\",\"accept_station\":\"【济南转运中心】 已收入\"},{\"accept_time\":\"2017-05-09 21:10:24\",\"accept_station\":\"【济南转运中心】 已发出 下一站 【宁波转运中心】\"},{\"accept_time\":\"2017-05-11 01:59:19\",\"accept_station\":\"【宁波转运中心】 已收入\"},{\"accept_time\":\"2017-05-11 05:00:23\",\"accept_station\":\"【宁波转运中心】 已发出 下一站 【浙江省宁波市邱隘公司】\"},{\"accept_time\":\"2017-05-11 08:42:28\",\"accept_station\":\"【浙江省宁波市邱隘公司】 已发出 下一站 【宁波转运中心】\"},{\"accept_time\":\"2017-05-11 11:37:03\",\"accept_station\":\"【宁波转运中心】 已收入\"},{\"accept_time\":\"2017-05-11 11:40:27\",\"accept_station\":\"【宁波转运中心】 已发出 下一站 【浙江省宁波市洪塘公司】\"},{\"accept_time\":\"2017-05-11 12:40:14\",\"accept_station\":\"【浙江省宁波市洪塘公司】 已发出 下一站 【浙江省宁波市洪塘B区公司】\"},{\"accept_time\":\"2017-05-11 14:43:55\",\"accept_station\":\"【浙江省宁波市洪塘B区公司】 派件人: 杨增 派件中 派件员电话18613600876\"},{\"accept_time\":\"2017-05-11 17:21:24\",\"accept_station\":\"快件已被广厦怡庭南区【自提柜】代收，请及时取件。有问题请联系派件员15058458548\"},{\"accept_time\":\"2017-05-11 20:12:58\",\"accept_station\":\"客户 签收人: 本人签收 已签收 感谢使用圆通速递，期待再次为您服务\"}]', 3, 0, 1494426296, 1494541528),
(31, 1, '50307219016090094', 2, 'ZTO', '450644928478', '[{\"accept_time\":\"2017-08-23 22:04:55\",\"accept_station\":\"[东莞市] [东莞石碣]的RK数码已收件 电话:暂无\"},{\"accept_time\":\"2017-08-23 22:30:55\",\"accept_station\":\"[东莞市] 快件离开 [东莞石碣]已发往[宁波]\"},{\"accept_time\":\"2017-08-24 01:19:54\",\"accept_station\":\"[东莞市] 快件到达 [东莞中心]\"},{\"accept_time\":\"2017-08-24 01:23:29\",\"accept_station\":\"[东莞市] 快件离开 [东莞中心]已发往[宁波中转部]\"},{\"accept_time\":\"2017-08-25 03:21:46\",\"accept_station\":\"[宁波市] 快件到达 [宁波中转部]\"},{\"accept_time\":\"2017-08-25 03:41:32\",\"accept_station\":\"[宁波市] 快件离开 [宁波中转部]已发往[宁波]\"},{\"accept_time\":\"2017-08-25 06:13:05\",\"accept_station\":\"[宁波市] 快件到达 [宁波洪塘]\"},{\"accept_time\":\"2017-08-25 06:33:56\",\"accept_station\":\"[宁波市] 快件离开 [宁波洪塘]已发往[宁波洪塘庄桥二部]\"},{\"accept_time\":\"2017-08-25 10:17:49\",\"accept_station\":\"[宁波市] 快件已到达[宁波洪塘庄桥二部],业务员罗小虎正在第1次派件 电话:13780009434 请保持电话畅通、耐心等待\"},{\"accept_time\":\"2017-08-25 13:24:46\",\"accept_station\":\"[宁波市] [宁波洪塘庄桥二部]的派件已签收 感谢使用中通快递,期待再次为您服务!\"}]', 3, 0, 1503537304, 1503649491),
(32, 1, 'PO_H9057663247141790001', 1, 'SF', '111222333444555', '[]', 0, 1, 1505233258, 1505233258),
(33, 1, '11475031669090094', 7, 'EMS', '1129493657532', '[{\"accept_time\":\"2017-04-27 19:32:15\",\"accept_station\":\"温州市瑞安分公司场桥经营部已收件（揽投员姓名：冯康北,联系电话:13587572587），温州市\",\"remark\":\"\"},{\"accept_time\":\"2017-04-27 22:23:00\",\"accept_station\":\"离开温州市 发往台州市，温州市\",\"remark\":\"\"},{\"accept_time\":\"2017-04-28 01:09:00\",\"accept_station\":\"到达台州市处理中心（经转），台州市\",\"remark\":\"\"},{\"accept_time\":\"2017-04-28 02:58:00\",\"accept_station\":\"离开台州市 发往宁波市（经转），台州市\",\"remark\":\"\"},{\"accept_time\":\"2017-04-28 05:20:00\",\"accept_station\":\"到达  宁波邮区中心局邮件处理中心 处理中心，宁波市\",\"remark\":\"\"},{\"accept_time\":\"2017-04-28 06:30:08\",\"accept_station\":\"离开宁波市 发往江北速递分公司洪塘经营部，宁波市\",\"remark\":\"\"},{\"accept_time\":\"2017-04-28 07:36:38\",\"accept_station\":\"江北速递分公司洪塘经营部安排投递，预计13:00:00前投递（投递员姓名：顾豪杰;联系电话：13600629547），宁波市\",\"remark\":\"\"},{\"accept_time\":\"2017-04-28 08:54:00\",\"accept_station\":\"已离开宁波邮区中心局邮件处理中心，发往宁波市邮政局速递公司，宁波市\",\"remark\":\"\"},{\"accept_time\":\"2017-04-28 11:05:50\",\"accept_station\":\"投递并签收，签收人：他人收 丰巢，宁波市\",\"remark\":\"\"}]', 3, 0, 1493349047, 1493457934),
(34, 0, '11475031670090094', 4, 'YD', '3934010097802', '[{\"accept_time\":\"2017-04-27 18:59:16\",\"accept_station\":\"到达：贵州贵阳沙冲路公司 已收件\"},{\"accept_time\":\"2017-04-27 21:07:15\",\"accept_station\":\"到达：贵州贵阳分拨中心\"},{\"accept_time\":\"2017-04-27 21:11:45\",\"accept_station\":\"到达：贵州贵阳分拨中心 发往：浙江义乌分拨中心\"},{\"accept_time\":\"2017-04-29 00:53:32\",\"accept_station\":\"到达：浙江义乌分拨中心 上级站点：贵州贵阳分拨中心\"},{\"accept_time\":\"2017-04-29 00:55:36\",\"accept_station\":\"到达：浙江义乌分拨中心 发往：浙江宁波分拨中心\"},{\"accept_time\":\"2017-04-29 05:33:55\",\"accept_station\":\"到达：浙江宁波分拨中心 上级站点：浙江义乌分拨中心\"},{\"accept_time\":\"2017-04-29 05:38:31\",\"accept_station\":\"到达：浙江宁波分拨中心 发往：浙江宁波江北区洪塘公司\"},{\"accept_time\":\"2017-04-29 14:20:24\",\"accept_station\":\"到达：浙江宁波江北区洪塘公司 指定：邓康(15888033919) 派送\"},{\"accept_time\":\"2017-04-29 15:38:40\",\"accept_station\":\"到达：云柜智能快递柜 上级站点：浙江宁波江北区洪塘公司 发往：\"},{\"accept_time\":\"2017-04-29 18:58:14\",\"accept_station\":\"已签收，感谢使用韵达，期待再次为您服务\"}]', 3, 0, 1493349141, 1493523769),
(35, 1, '15833929218090094', 5, 'STO', '402518834456', '[{\"accept_time\":\"2017-05-07 17:46:45\",\"accept_station\":\"【收件】【陕西西安曲江】的【曲江1 手机(15332460295)】已收件,扫描员是【曲江1】\"},{\"accept_time\":\"2017-05-07 17:52:56\",\"accept_station\":\"【发件】快件在【陕西西安曲江】由【曲江】扫描发往【陕西西安航空部】\"},{\"accept_time\":\"2017-05-07 20:15:20\",\"accept_station\":\"【到件】快件到达【陕西西安航空部】,上一站是【陕西西安曲江】,扫描员是【二号称】\"},{\"accept_time\":\"2017-05-07 20:43:26\",\"accept_station\":\"【装袋】快件在【陕西西安航空部】进行装包发往扫描，发往【浙江杭州中转部】\"},{\"accept_time\":\"2017-05-08 23:15:03\",\"accept_station\":\"【发件】快件在【浙江杭州中转部】由【周林会】扫描发往【浙江宁波中转部】\"},{\"accept_time\":\"2017-05-09 04:24:55\",\"accept_station\":\"【发件】快件在【浙江宁波中转部】由【周玲惠】扫描发往【浙江宁波江北公司】\"},{\"accept_time\":\"2017-05-09 04:24:55\",\"accept_station\":\"【装车】【浙江宁波中转部】正在进行【装车】扫描\"},{\"accept_time\":\"2017-05-09 06:43:38\",\"accept_station\":\"【到件】快件到达【浙江宁波江北公司】,上一站是【】,扫描员是【操作部】\"},{\"accept_time\":\"2017-05-09 08:30:01\",\"accept_station\":\"【派件】【浙江宁波江北公司】的【万达营业厅 手机(18158566887)】正在派件,扫描员是【万达点部】\"},{\"accept_time\":\"2017-05-09 10:35:20\",\"accept_station\":\"【派件入柜】快件派送至快递柜【广厦怡庭南区18幢架空层丰巢快递柜】，派件员是【万达点部(18158566887)】\"},{\"accept_time\":\"2017-05-09 12:13:12\",\"accept_station\":\"【签收】已签收,签收人是:【收件箱】\"}]', 3, 0, 1494207583, 1494310165),
(36, 1, '15987151287190094', 2, 'ZTO', '436634129389', '[{\"accept_time\":\"2017-05-03 16:05:10\",\"accept_station\":\"[长沙市] [长沙市场部]的宋娟已收件 电话:13874910870\"},{\"accept_time\":\"2017-05-03 22:26:29\",\"accept_station\":\"[长沙市] 快件到达 [长沙中转部]\"},{\"accept_time\":\"2017-05-04 01:38:26\",\"accept_station\":\"[长沙市] 快件离开 [长沙中转部]已发往[宁波]\"},{\"accept_time\":\"2017-05-04 19:19:41\",\"accept_station\":\"[台州市] 快件到达 [台州中转部]\"},{\"accept_time\":\"2017-05-04 19:49:29\",\"accept_station\":\"[台州市] 快件离开 [台州中转部]已发往[宁波中转部]\"},{\"accept_time\":\"2017-05-05 03:31:00\",\"accept_station\":\"[宁波市] 快件到达 [宁波中转部]\"},{\"accept_time\":\"2017-05-05 04:05:56\",\"accept_station\":\"[宁波市] 快件离开 [宁波中转部]已发往[宁波]\"},{\"accept_time\":\"2017-05-05 07:36:44\",\"accept_station\":\"[宁波市] 快件离开 [宁波洪塘]已发往[宁波洪塘庄桥二部]\"},{\"accept_time\":\"2017-05-05 12:36:10\",\"accept_station\":\"[宁波市] 快件已到达[宁波洪塘庄桥二部],业务员罗小虎正在第1次派件 电话:13780009434 请保持电话畅通、耐心等待\"},{\"accept_time\":\"2017-05-05 13:57:23\",\"accept_station\":\"[宁波市] [宁波洪塘庄桥二部]的派件已签收 感谢使用中通快递,期待再次为您服务!\"},{\"accept_time\":\"2017-05-05 19:02:06\",\"accept_station\":\"[宁波市] [宁波洪塘庄桥二部]的罗小虎已收件 电话:13780009434\"}]', 4, 0, 1494235871, 1494237047),
(37, 1, '16548008188090094', 3, 'YTO', '885022354514081453', '[{\"accept_time\":\"2017-05-09 17:44:44\",\"accept_station\":\"【山东省德州市武城县公司】 已收件\"},{\"accept_time\":\"2017-05-09 18:04:44\",\"accept_station\":\"【山东省德州市武城县公司】 已打包\"},{\"accept_time\":\"2017-05-09 18:04:57\",\"accept_station\":\"【山东省德州市武城县公司】 已发出 下一站 【济南转运中心】\"},{\"accept_time\":\"2017-05-09 21:07:46\",\"accept_station\":\"【济南转运中心】 已收入\"},{\"accept_time\":\"2017-05-09 21:10:24\",\"accept_station\":\"【济南转运中心】 已发出 下一站 【宁波转运中心】\"},{\"accept_time\":\"2017-05-11 01:59:19\",\"accept_station\":\"【宁波转运中心】 已收入\"},{\"accept_time\":\"2017-05-11 05:00:23\",\"accept_station\":\"【宁波转运中心】 已发出 下一站 【浙江省宁波市邱隘公司】\"},{\"accept_time\":\"2017-05-11 08:42:28\",\"accept_station\":\"【浙江省宁波市邱隘公司】 已发出 下一站 【宁波转运中心】\"},{\"accept_time\":\"2017-05-11 11:37:03\",\"accept_station\":\"【宁波转运中心】 已收入\"},{\"accept_time\":\"2017-05-11 11:40:27\",\"accept_station\":\"【宁波转运中心】 已发出 下一站 【浙江省宁波市洪塘公司】\"},{\"accept_time\":\"2017-05-11 12:40:14\",\"accept_station\":\"【浙江省宁波市洪塘公司】 已发出 下一站 【浙江省宁波市洪塘B区公司】\"},{\"accept_time\":\"2017-05-11 14:43:55\",\"accept_station\":\"【浙江省宁波市洪塘B区公司】 派件人: 杨增 派件中 派件员电话18613600876\"},{\"accept_time\":\"2017-05-11 17:21:24\",\"accept_station\":\"快件已被广厦怡庭南区【自提柜】代收，请及时取件。有问题请联系派件员15058458548\"},{\"accept_time\":\"2017-05-11 20:12:58\",\"accept_station\":\"客户 签收人: 本人签收 已签收 感谢使用圆通速递，期待再次为您服务\"}]', 3, 0, 1494426296, 1494541528),
(38, 1, '50307219016090094', 2, 'ZTO', '450644928478', '[{\"accept_time\":\"2017-08-23 22:04:55\",\"accept_station\":\"[东莞市] [东莞石碣]的RK数码已收件 电话:暂无\"},{\"accept_time\":\"2017-08-23 22:30:55\",\"accept_station\":\"[东莞市] 快件离开 [东莞石碣]已发往[宁波]\"},{\"accept_time\":\"2017-08-24 01:19:54\",\"accept_station\":\"[东莞市] 快件到达 [东莞中心]\"},{\"accept_time\":\"2017-08-24 01:23:29\",\"accept_station\":\"[东莞市] 快件离开 [东莞中心]已发往[宁波中转部]\"},{\"accept_time\":\"2017-08-25 03:21:46\",\"accept_station\":\"[宁波市] 快件到达 [宁波中转部]\"},{\"accept_time\":\"2017-08-25 03:41:32\",\"accept_station\":\"[宁波市] 快件离开 [宁波中转部]已发往[宁波]\"},{\"accept_time\":\"2017-08-25 06:13:05\",\"accept_station\":\"[宁波市] 快件到达 [宁波洪塘]\"},{\"accept_time\":\"2017-08-25 06:33:56\",\"accept_station\":\"[宁波市] 快件离开 [宁波洪塘]已发往[宁波洪塘庄桥二部]\"},{\"accept_time\":\"2017-08-25 10:17:49\",\"accept_station\":\"[宁波市] 快件已到达[宁波洪塘庄桥二部],业务员罗小虎正在第1次派件 电话:13780009434 请保持电话畅通、耐心等待\"},{\"accept_time\":\"2017-08-25 13:24:46\",\"accept_station\":\"[宁波市] [宁波洪塘庄桥二部]的派件已签收 感谢使用中通快递,期待再次为您服务!\"}]', 3, 0, 1503537304, 1503649491),
(39, 1, 'PO_H9057663247141790001', 1, 'SF', '111222333444555', '[]', 0, 1, 1505233258, 1505233258),
(40, 1, '11475031669090094', 7, 'EMS', '1129493657532', '[{\"accept_time\":\"2017-04-27 19:32:15\",\"accept_station\":\"温州市瑞安分公司场桥经营部已收件（揽投员姓名：冯康北,联系电话:13587572587），温州市\",\"remark\":\"\"},{\"accept_time\":\"2017-04-27 22:23:00\",\"accept_station\":\"离开温州市 发往台州市，温州市\",\"remark\":\"\"},{\"accept_time\":\"2017-04-28 01:09:00\",\"accept_station\":\"到达台州市处理中心（经转），台州市\",\"remark\":\"\"},{\"accept_time\":\"2017-04-28 02:58:00\",\"accept_station\":\"离开台州市 发往宁波市（经转），台州市\",\"remark\":\"\"},{\"accept_time\":\"2017-04-28 05:20:00\",\"accept_station\":\"到达  宁波邮区中心局邮件处理中心 处理中心，宁波市\",\"remark\":\"\"},{\"accept_time\":\"2017-04-28 06:30:08\",\"accept_station\":\"离开宁波市 发往江北速递分公司洪塘经营部，宁波市\",\"remark\":\"\"},{\"accept_time\":\"2017-04-28 07:36:38\",\"accept_station\":\"江北速递分公司洪塘经营部安排投递，预计13:00:00前投递（投递员姓名：顾豪杰;联系电话：13600629547），宁波市\",\"remark\":\"\"},{\"accept_time\":\"2017-04-28 08:54:00\",\"accept_station\":\"已离开宁波邮区中心局邮件处理中心，发往宁波市邮政局速递公司，宁波市\",\"remark\":\"\"},{\"accept_time\":\"2017-04-28 11:05:50\",\"accept_station\":\"投递并签收，签收人：他人收 丰巢，宁波市\",\"remark\":\"\"}]', 3, 0, 1493349047, 1493457934),
(41, 0, '11475031670090094', 4, 'YD', '3934010097802', '[{\"accept_time\":\"2017-04-27 18:59:16\",\"accept_station\":\"到达：贵州贵阳沙冲路公司 已收件\"},{\"accept_time\":\"2017-04-27 21:07:15\",\"accept_station\":\"到达：贵州贵阳分拨中心\"},{\"accept_time\":\"2017-04-27 21:11:45\",\"accept_station\":\"到达：贵州贵阳分拨中心 发往：浙江义乌分拨中心\"},{\"accept_time\":\"2017-04-29 00:53:32\",\"accept_station\":\"到达：浙江义乌分拨中心 上级站点：贵州贵阳分拨中心\"},{\"accept_time\":\"2017-04-29 00:55:36\",\"accept_station\":\"到达：浙江义乌分拨中心 发往：浙江宁波分拨中心\"},{\"accept_time\":\"2017-04-29 05:33:55\",\"accept_station\":\"到达：浙江宁波分拨中心 上级站点：浙江义乌分拨中心\"},{\"accept_time\":\"2017-04-29 05:38:31\",\"accept_station\":\"到达：浙江宁波分拨中心 发往：浙江宁波江北区洪塘公司\"},{\"accept_time\":\"2017-04-29 14:20:24\",\"accept_station\":\"到达：浙江宁波江北区洪塘公司 指定：邓康(15888033919) 派送\"},{\"accept_time\":\"2017-04-29 15:38:40\",\"accept_station\":\"到达：云柜智能快递柜 上级站点：浙江宁波江北区洪塘公司 发往：\"},{\"accept_time\":\"2017-04-29 18:58:14\",\"accept_station\":\"已签收，感谢使用韵达，期待再次为您服务\"}]', 3, 0, 1493349141, 1493523769),
(42, 1, '15833929218090094', 5, 'STO', '402518834456', '[{\"accept_time\":\"2017-05-07 17:46:45\",\"accept_station\":\"【收件】【陕西西安曲江】的【曲江1 手机(15332460295)】已收件,扫描员是【曲江1】\"},{\"accept_time\":\"2017-05-07 17:52:56\",\"accept_station\":\"【发件】快件在【陕西西安曲江】由【曲江】扫描发往【陕西西安航空部】\"},{\"accept_time\":\"2017-05-07 20:15:20\",\"accept_station\":\"【到件】快件到达【陕西西安航空部】,上一站是【陕西西安曲江】,扫描员是【二号称】\"},{\"accept_time\":\"2017-05-07 20:43:26\",\"accept_station\":\"【装袋】快件在【陕西西安航空部】进行装包发往扫描，发往【浙江杭州中转部】\"},{\"accept_time\":\"2017-05-08 23:15:03\",\"accept_station\":\"【发件】快件在【浙江杭州中转部】由【周林会】扫描发往【浙江宁波中转部】\"},{\"accept_time\":\"2017-05-09 04:24:55\",\"accept_station\":\"【发件】快件在【浙江宁波中转部】由【周玲惠】扫描发往【浙江宁波江北公司】\"},{\"accept_time\":\"2017-05-09 04:24:55\",\"accept_station\":\"【装车】【浙江宁波中转部】正在进行【装车】扫描\"},{\"accept_time\":\"2017-05-09 06:43:38\",\"accept_station\":\"【到件】快件到达【浙江宁波江北公司】,上一站是【】,扫描员是【操作部】\"},{\"accept_time\":\"2017-05-09 08:30:01\",\"accept_station\":\"【派件】【浙江宁波江北公司】的【万达营业厅 手机(18158566887)】正在派件,扫描员是【万达点部】\"},{\"accept_time\":\"2017-05-09 10:35:20\",\"accept_station\":\"【派件入柜】快件派送至快递柜【广厦怡庭南区18幢架空层丰巢快递柜】，派件员是【万达点部(18158566887)】\"},{\"accept_time\":\"2017-05-09 12:13:12\",\"accept_station\":\"【签收】已签收,签收人是:【收件箱】\"}]', 3, 0, 1494207583, 1494310165),
(43, 1, '15987151287190094', 2, 'ZTO', '436634129389', '[{\"accept_time\":\"2017-05-03 16:05:10\",\"accept_station\":\"[长沙市] [长沙市场部]的宋娟已收件 电话:13874910870\"},{\"accept_time\":\"2017-05-03 22:26:29\",\"accept_station\":\"[长沙市] 快件到达 [长沙中转部]\"},{\"accept_time\":\"2017-05-04 01:38:26\",\"accept_station\":\"[长沙市] 快件离开 [长沙中转部]已发往[宁波]\"},{\"accept_time\":\"2017-05-04 19:19:41\",\"accept_station\":\"[台州市] 快件到达 [台州中转部]\"},{\"accept_time\":\"2017-05-04 19:49:29\",\"accept_station\":\"[台州市] 快件离开 [台州中转部]已发往[宁波中转部]\"},{\"accept_time\":\"2017-05-05 03:31:00\",\"accept_station\":\"[宁波市] 快件到达 [宁波中转部]\"},{\"accept_time\":\"2017-05-05 04:05:56\",\"accept_station\":\"[宁波市] 快件离开 [宁波中转部]已发往[宁波]\"},{\"accept_time\":\"2017-05-05 07:36:44\",\"accept_station\":\"[宁波市] 快件离开 [宁波洪塘]已发往[宁波洪塘庄桥二部]\"},{\"accept_time\":\"2017-05-05 12:36:10\",\"accept_station\":\"[宁波市] 快件已到达[宁波洪塘庄桥二部],业务员罗小虎正在第1次派件 电话:13780009434 请保持电话畅通、耐心等待\"},{\"accept_time\":\"2017-05-05 13:57:23\",\"accept_station\":\"[宁波市] [宁波洪塘庄桥二部]的派件已签收 感谢使用中通快递,期待再次为您服务!\"},{\"accept_time\":\"2017-05-05 19:02:06\",\"accept_station\":\"[宁波市] [宁波洪塘庄桥二部]的罗小虎已收件 电话:13780009434\"}]', 4, 0, 1494235871, 1494237047),
(44, 1, '16548008188090094', 3, 'YTO', '885022354514081453', '[{\"accept_time\":\"2017-05-09 17:44:44\",\"accept_station\":\"【山东省德州市武城县公司】 已收件\"},{\"accept_time\":\"2017-05-09 18:04:44\",\"accept_station\":\"【山东省德州市武城县公司】 已打包\"},{\"accept_time\":\"2017-05-09 18:04:57\",\"accept_station\":\"【山东省德州市武城县公司】 已发出 下一站 【济南转运中心】\"},{\"accept_time\":\"2017-05-09 21:07:46\",\"accept_station\":\"【济南转运中心】 已收入\"},{\"accept_time\":\"2017-05-09 21:10:24\",\"accept_station\":\"【济南转运中心】 已发出 下一站 【宁波转运中心】\"},{\"accept_time\":\"2017-05-11 01:59:19\",\"accept_station\":\"【宁波转运中心】 已收入\"},{\"accept_time\":\"2017-05-11 05:00:23\",\"accept_station\":\"【宁波转运中心】 已发出 下一站 【浙江省宁波市邱隘公司】\"},{\"accept_time\":\"2017-05-11 08:42:28\",\"accept_station\":\"【浙江省宁波市邱隘公司】 已发出 下一站 【宁波转运中心】\"},{\"accept_time\":\"2017-05-11 11:37:03\",\"accept_station\":\"【宁波转运中心】 已收入\"},{\"accept_time\":\"2017-05-11 11:40:27\",\"accept_station\":\"【宁波转运中心】 已发出 下一站 【浙江省宁波市洪塘公司】\"},{\"accept_time\":\"2017-05-11 12:40:14\",\"accept_station\":\"【浙江省宁波市洪塘公司】 已发出 下一站 【浙江省宁波市洪塘B区公司】\"},{\"accept_time\":\"2017-05-11 14:43:55\",\"accept_station\":\"【浙江省宁波市洪塘B区公司】 派件人: 杨增 派件中 派件员电话18613600876\"},{\"accept_time\":\"2017-05-11 17:21:24\",\"accept_station\":\"快件已被广厦怡庭南区【自提柜】代收，请及时取件。有问题请联系派件员15058458548\"},{\"accept_time\":\"2017-05-11 20:12:58\",\"accept_station\":\"客户 签收人: 本人签收 已签收 感谢使用圆通速递，期待再次为您服务\"}]', 3, 0, 1494426296, 1494541528),
(45, 1, '50307219016090094', 2, 'ZTO', '450644928478', '[{\"accept_time\":\"2017-08-23 22:04:55\",\"accept_station\":\"[东莞市] [东莞石碣]的RK数码已收件 电话:暂无\"},{\"accept_time\":\"2017-08-23 22:30:55\",\"accept_station\":\"[东莞市] 快件离开 [东莞石碣]已发往[宁波]\"},{\"accept_time\":\"2017-08-24 01:19:54\",\"accept_station\":\"[东莞市] 快件到达 [东莞中心]\"},{\"accept_time\":\"2017-08-24 01:23:29\",\"accept_station\":\"[东莞市] 快件离开 [东莞中心]已发往[宁波中转部]\"},{\"accept_time\":\"2017-08-25 03:21:46\",\"accept_station\":\"[宁波市] 快件到达 [宁波中转部]\"},{\"accept_time\":\"2017-08-25 03:41:32\",\"accept_station\":\"[宁波市] 快件离开 [宁波中转部]已发往[宁波]\"},{\"accept_time\":\"2017-08-25 06:13:05\",\"accept_station\":\"[宁波市] 快件到达 [宁波洪塘]\"},{\"accept_time\":\"2017-08-25 06:33:56\",\"accept_station\":\"[宁波市] 快件离开 [宁波洪塘]已发往[宁波洪塘庄桥二部]\"},{\"accept_time\":\"2017-08-25 10:17:49\",\"accept_station\":\"[宁波市] 快件已到达[宁波洪塘庄桥二部],业务员罗小虎正在第1次派件 电话:13780009434 请保持电话畅通、耐心等待\"},{\"accept_time\":\"2017-08-25 13:24:46\",\"accept_station\":\"[宁波市] [宁波洪塘庄桥二部]的派件已签收 感谢使用中通快递,期待再次为您服务!\"}]', 3, 0, 1503537304, 1503649491),
(46, 1, 'PO_H9057663247141790001', 1, 'SF', '111222333444555', '[]', 0, 1, 1505233258, 1505233258),
(47, 1, '11475031669090094', 7, 'EMS', '1129493657532', '[{\"accept_time\":\"2017-04-27 19:32:15\",\"accept_station\":\"温州市瑞安分公司场桥经营部已收件（揽投员姓名：冯康北,联系电话:13587572587），温州市\",\"remark\":\"\"},{\"accept_time\":\"2017-04-27 22:23:00\",\"accept_station\":\"离开温州市 发往台州市，温州市\",\"remark\":\"\"},{\"accept_time\":\"2017-04-28 01:09:00\",\"accept_station\":\"到达台州市处理中心（经转），台州市\",\"remark\":\"\"},{\"accept_time\":\"2017-04-28 02:58:00\",\"accept_station\":\"离开台州市 发往宁波市（经转），台州市\",\"remark\":\"\"},{\"accept_time\":\"2017-04-28 05:20:00\",\"accept_station\":\"到达  宁波邮区中心局邮件处理中心 处理中心，宁波市\",\"remark\":\"\"},{\"accept_time\":\"2017-04-28 06:30:08\",\"accept_station\":\"离开宁波市 发往江北速递分公司洪塘经营部，宁波市\",\"remark\":\"\"},{\"accept_time\":\"2017-04-28 07:36:38\",\"accept_station\":\"江北速递分公司洪塘经营部安排投递，预计13:00:00前投递（投递员姓名：顾豪杰;联系电话：13600629547），宁波市\",\"remark\":\"\"},{\"accept_time\":\"2017-04-28 08:54:00\",\"accept_station\":\"已离开宁波邮区中心局邮件处理中心，发往宁波市邮政局速递公司，宁波市\",\"remark\":\"\"},{\"accept_time\":\"2017-04-28 11:05:50\",\"accept_station\":\"投递并签收，签收人：他人收 丰巢，宁波市\",\"remark\":\"\"}]', 3, 0, 1493349047, 1493457934),
(48, 0, '11475031670090094', 4, 'YD', '3934010097802', '[{\"accept_time\":\"2017-04-27 18:59:16\",\"accept_station\":\"到达：贵州贵阳沙冲路公司 已收件\"},{\"accept_time\":\"2017-04-27 21:07:15\",\"accept_station\":\"到达：贵州贵阳分拨中心\"},{\"accept_time\":\"2017-04-27 21:11:45\",\"accept_station\":\"到达：贵州贵阳分拨中心 发往：浙江义乌分拨中心\"},{\"accept_time\":\"2017-04-29 00:53:32\",\"accept_station\":\"到达：浙江义乌分拨中心 上级站点：贵州贵阳分拨中心\"},{\"accept_time\":\"2017-04-29 00:55:36\",\"accept_station\":\"到达：浙江义乌分拨中心 发往：浙江宁波分拨中心\"},{\"accept_time\":\"2017-04-29 05:33:55\",\"accept_station\":\"到达：浙江宁波分拨中心 上级站点：浙江义乌分拨中心\"},{\"accept_time\":\"2017-04-29 05:38:31\",\"accept_station\":\"到达：浙江宁波分拨中心 发往：浙江宁波江北区洪塘公司\"},{\"accept_time\":\"2017-04-29 14:20:24\",\"accept_station\":\"到达：浙江宁波江北区洪塘公司 指定：邓康(15888033919) 派送\"},{\"accept_time\":\"2017-04-29 15:38:40\",\"accept_station\":\"到达：云柜智能快递柜 上级站点：浙江宁波江北区洪塘公司 发往：\"},{\"accept_time\":\"2017-04-29 18:58:14\",\"accept_station\":\"已签收，感谢使用韵达，期待再次为您服务\"}]', 3, 0, 1493349141, 1493523769),
(49, 1, '15833929218090094', 5, 'STO', '402518834456', '[{\"accept_time\":\"2017-05-07 17:46:45\",\"accept_station\":\"【收件】【陕西西安曲江】的【曲江1 手机(15332460295)】已收件,扫描员是【曲江1】\"},{\"accept_time\":\"2017-05-07 17:52:56\",\"accept_station\":\"【发件】快件在【陕西西安曲江】由【曲江】扫描发往【陕西西安航空部】\"},{\"accept_time\":\"2017-05-07 20:15:20\",\"accept_station\":\"【到件】快件到达【陕西西安航空部】,上一站是【陕西西安曲江】,扫描员是【二号称】\"},{\"accept_time\":\"2017-05-07 20:43:26\",\"accept_station\":\"【装袋】快件在【陕西西安航空部】进行装包发往扫描，发往【浙江杭州中转部】\"},{\"accept_time\":\"2017-05-08 23:15:03\",\"accept_station\":\"【发件】快件在【浙江杭州中转部】由【周林会】扫描发往【浙江宁波中转部】\"},{\"accept_time\":\"2017-05-09 04:24:55\",\"accept_station\":\"【发件】快件在【浙江宁波中转部】由【周玲惠】扫描发往【浙江宁波江北公司】\"},{\"accept_time\":\"2017-05-09 04:24:55\",\"accept_station\":\"【装车】【浙江宁波中转部】正在进行【装车】扫描\"},{\"accept_time\":\"2017-05-09 06:43:38\",\"accept_station\":\"【到件】快件到达【浙江宁波江北公司】,上一站是【】,扫描员是【操作部】\"},{\"accept_time\":\"2017-05-09 08:30:01\",\"accept_station\":\"【派件】【浙江宁波江北公司】的【万达营业厅 手机(18158566887)】正在派件,扫描员是【万达点部】\"},{\"accept_time\":\"2017-05-09 10:35:20\",\"accept_station\":\"【派件入柜】快件派送至快递柜【广厦怡庭南区18幢架空层丰巢快递柜】，派件员是【万达点部(18158566887)】\"},{\"accept_time\":\"2017-05-09 12:13:12\",\"accept_station\":\"【签收】已签收,签收人是:【收件箱】\"}]', 3, 0, 1494207583, 1494310165),
(50, 1, '15987151287190094', 2, 'ZTO', '436634129389', '[{\"accept_time\":\"2017-05-03 16:05:10\",\"accept_station\":\"[长沙市] [长沙市场部]的宋娟已收件 电话:13874910870\"},{\"accept_time\":\"2017-05-03 22:26:29\",\"accept_station\":\"[长沙市] 快件到达 [长沙中转部]\"},{\"accept_time\":\"2017-05-04 01:38:26\",\"accept_station\":\"[长沙市] 快件离开 [长沙中转部]已发往[宁波]\"},{\"accept_time\":\"2017-05-04 19:19:41\",\"accept_station\":\"[台州市] 快件到达 [台州中转部]\"},{\"accept_time\":\"2017-05-04 19:49:29\",\"accept_station\":\"[台州市] 快件离开 [台州中转部]已发往[宁波中转部]\"},{\"accept_time\":\"2017-05-05 03:31:00\",\"accept_station\":\"[宁波市] 快件到达 [宁波中转部]\"},{\"accept_time\":\"2017-05-05 04:05:56\",\"accept_station\":\"[宁波市] 快件离开 [宁波中转部]已发往[宁波]\"},{\"accept_time\":\"2017-05-05 07:36:44\",\"accept_station\":\"[宁波市] 快件离开 [宁波洪塘]已发往[宁波洪塘庄桥二部]\"},{\"accept_time\":\"2017-05-05 12:36:10\",\"accept_station\":\"[宁波市] 快件已到达[宁波洪塘庄桥二部],业务员罗小虎正在第1次派件 电话:13780009434 请保持电话畅通、耐心等待\"},{\"accept_time\":\"2017-05-05 13:57:23\",\"accept_station\":\"[宁波市] [宁波洪塘庄桥二部]的派件已签收 感谢使用中通快递,期待再次为您服务!\"},{\"accept_time\":\"2017-05-05 19:02:06\",\"accept_station\":\"[宁波市] [宁波洪塘庄桥二部]的罗小虎已收件 电话:13780009434\"}]', 4, 0, 1494235871, 1494237047),
(51, 1, '16548008188090094', 3, 'YTO', '885022354514081453', '[{\"accept_time\":\"2017-05-09 17:44:44\",\"accept_station\":\"【山东省德州市武城县公司】 已收件\"},{\"accept_time\":\"2017-05-09 18:04:44\",\"accept_station\":\"【山东省德州市武城县公司】 已打包\"},{\"accept_time\":\"2017-05-09 18:04:57\",\"accept_station\":\"【山东省德州市武城县公司】 已发出 下一站 【济南转运中心】\"},{\"accept_time\":\"2017-05-09 21:07:46\",\"accept_station\":\"【济南转运中心】 已收入\"},{\"accept_time\":\"2017-05-09 21:10:24\",\"accept_station\":\"【济南转运中心】 已发出 下一站 【宁波转运中心】\"},{\"accept_time\":\"2017-05-11 01:59:19\",\"accept_station\":\"【宁波转运中心】 已收入\"},{\"accept_time\":\"2017-05-11 05:00:23\",\"accept_station\":\"【宁波转运中心】 已发出 下一站 【浙江省宁波市邱隘公司】\"},{\"accept_time\":\"2017-05-11 08:42:28\",\"accept_station\":\"【浙江省宁波市邱隘公司】 已发出 下一站 【宁波转运中心】\"},{\"accept_time\":\"2017-05-11 11:37:03\",\"accept_station\":\"【宁波转运中心】 已收入\"},{\"accept_time\":\"2017-05-11 11:40:27\",\"accept_station\":\"【宁波转运中心】 已发出 下一站 【浙江省宁波市洪塘公司】\"},{\"accept_time\":\"2017-05-11 12:40:14\",\"accept_station\":\"【浙江省宁波市洪塘公司】 已发出 下一站 【浙江省宁波市洪塘B区公司】\"},{\"accept_time\":\"2017-05-11 14:43:55\",\"accept_station\":\"【浙江省宁波市洪塘B区公司】 派件人: 杨增 派件中 派件员电话18613600876\"},{\"accept_time\":\"2017-05-11 17:21:24\",\"accept_station\":\"快件已被广厦怡庭南区【自提柜】代收，请及时取件。有问题请联系派件员15058458548\"},{\"accept_time\":\"2017-05-11 20:12:58\",\"accept_station\":\"客户 签收人: 本人签收 已签收 感谢使用圆通速递，期待再次为您服务\"}]', 3, 0, 1494426296, 1494541528),
(52, 1, '50307219016090094', 2, 'ZTO', '450644928478', '[{\"accept_time\":\"2017-08-23 22:04:55\",\"accept_station\":\"[东莞市] [东莞石碣]的RK数码已收件 电话:暂无\"},{\"accept_time\":\"2017-08-23 22:30:55\",\"accept_station\":\"[东莞市] 快件离开 [东莞石碣]已发往[宁波]\"},{\"accept_time\":\"2017-08-24 01:19:54\",\"accept_station\":\"[东莞市] 快件到达 [东莞中心]\"},{\"accept_time\":\"2017-08-24 01:23:29\",\"accept_station\":\"[东莞市] 快件离开 [东莞中心]已发往[宁波中转部]\"},{\"accept_time\":\"2017-08-25 03:21:46\",\"accept_station\":\"[宁波市] 快件到达 [宁波中转部]\"},{\"accept_time\":\"2017-08-25 03:41:32\",\"accept_station\":\"[宁波市] 快件离开 [宁波中转部]已发往[宁波]\"},{\"accept_time\":\"2017-08-25 06:13:05\",\"accept_station\":\"[宁波市] 快件到达 [宁波洪塘]\"},{\"accept_time\":\"2017-08-25 06:33:56\",\"accept_station\":\"[宁波市] 快件离开 [宁波洪塘]已发往[宁波洪塘庄桥二部]\"},{\"accept_time\":\"2017-08-25 10:17:49\",\"accept_station\":\"[宁波市] 快件已到达[宁波洪塘庄桥二部],业务员罗小虎正在第1次派件 电话:13780009434 请保持电话畅通、耐心等待\"},{\"accept_time\":\"2017-08-25 13:24:46\",\"accept_station\":\"[宁波市] [宁波洪塘庄桥二部]的派件已签收 感谢使用中通快递,期待再次为您服务!\"}]', 3, 0, 1503537304, 1503649491),
(53, 1, 'PO_H9057663247141790001', 1, 'SF', '111222333444555', '[]', 0, 1, 1505233258, 1505233258),
(54, 1, '11475031669090094', 7, 'EMS', '1129493657532', '[{\"accept_time\":\"2017-04-27 19:32:15\",\"accept_station\":\"温州市瑞安分公司场桥经营部已收件（揽投员姓名：冯康北,联系电话:13587572587），温州市\",\"remark\":\"\"},{\"accept_time\":\"2017-04-27 22:23:00\",\"accept_station\":\"离开温州市 发往台州市，温州市\",\"remark\":\"\"},{\"accept_time\":\"2017-04-28 01:09:00\",\"accept_station\":\"到达台州市处理中心（经转），台州市\",\"remark\":\"\"},{\"accept_time\":\"2017-04-28 02:58:00\",\"accept_station\":\"离开台州市 发往宁波市（经转），台州市\",\"remark\":\"\"},{\"accept_time\":\"2017-04-28 05:20:00\",\"accept_station\":\"到达  宁波邮区中心局邮件处理中心 处理中心，宁波市\",\"remark\":\"\"},{\"accept_time\":\"2017-04-28 06:30:08\",\"accept_station\":\"离开宁波市 发往江北速递分公司洪塘经营部，宁波市\",\"remark\":\"\"},{\"accept_time\":\"2017-04-28 07:36:38\",\"accept_station\":\"江北速递分公司洪塘经营部安排投递，预计13:00:00前投递（投递员姓名：顾豪杰;联系电话：13600629547），宁波市\",\"remark\":\"\"},{\"accept_time\":\"2017-04-28 08:54:00\",\"accept_station\":\"已离开宁波邮区中心局邮件处理中心，发往宁波市邮政局速递公司，宁波市\",\"remark\":\"\"},{\"accept_time\":\"2017-04-28 11:05:50\",\"accept_station\":\"投递并签收，签收人：他人收 丰巢，宁波市\",\"remark\":\"\"}]', 3, 0, 1493349047, 1493457934),
(55, 0, '11475031670090094', 4, 'YD', '3934010097802', '[{\"accept_time\":\"2017-04-27 18:59:16\",\"accept_station\":\"到达：贵州贵阳沙冲路公司 已收件\"},{\"accept_time\":\"2017-04-27 21:07:15\",\"accept_station\":\"到达：贵州贵阳分拨中心\"},{\"accept_time\":\"2017-04-27 21:11:45\",\"accept_station\":\"到达：贵州贵阳分拨中心 发往：浙江义乌分拨中心\"},{\"accept_time\":\"2017-04-29 00:53:32\",\"accept_station\":\"到达：浙江义乌分拨中心 上级站点：贵州贵阳分拨中心\"},{\"accept_time\":\"2017-04-29 00:55:36\",\"accept_station\":\"到达：浙江义乌分拨中心 发往：浙江宁波分拨中心\"},{\"accept_time\":\"2017-04-29 05:33:55\",\"accept_station\":\"到达：浙江宁波分拨中心 上级站点：浙江义乌分拨中心\"},{\"accept_time\":\"2017-04-29 05:38:31\",\"accept_station\":\"到达：浙江宁波分拨中心 发往：浙江宁波江北区洪塘公司\"},{\"accept_time\":\"2017-04-29 14:20:24\",\"accept_station\":\"到达：浙江宁波江北区洪塘公司 指定：邓康(15888033919) 派送\"},{\"accept_time\":\"2017-04-29 15:38:40\",\"accept_station\":\"到达：云柜智能快递柜 上级站点：浙江宁波江北区洪塘公司 发往：\"},{\"accept_time\":\"2017-04-29 18:58:14\",\"accept_station\":\"已签收，感谢使用韵达，期待再次为您服务\"}]', 3, 0, 1493349141, 1493523769),
(56, 1, '15833929218090094', 5, 'STO', '402518834456', '[{\"accept_time\":\"2017-05-07 17:46:45\",\"accept_station\":\"【收件】【陕西西安曲江】的【曲江1 手机(15332460295)】已收件,扫描员是【曲江1】\"},{\"accept_time\":\"2017-05-07 17:52:56\",\"accept_station\":\"【发件】快件在【陕西西安曲江】由【曲江】扫描发往【陕西西安航空部】\"},{\"accept_time\":\"2017-05-07 20:15:20\",\"accept_station\":\"【到件】快件到达【陕西西安航空部】,上一站是【陕西西安曲江】,扫描员是【二号称】\"},{\"accept_time\":\"2017-05-07 20:43:26\",\"accept_station\":\"【装袋】快件在【陕西西安航空部】进行装包发往扫描，发往【浙江杭州中转部】\"},{\"accept_time\":\"2017-05-08 23:15:03\",\"accept_station\":\"【发件】快件在【浙江杭州中转部】由【周林会】扫描发往【浙江宁波中转部】\"},{\"accept_time\":\"2017-05-09 04:24:55\",\"accept_station\":\"【发件】快件在【浙江宁波中转部】由【周玲惠】扫描发往【浙江宁波江北公司】\"},{\"accept_time\":\"2017-05-09 04:24:55\",\"accept_station\":\"【装车】【浙江宁波中转部】正在进行【装车】扫描\"},{\"accept_time\":\"2017-05-09 06:43:38\",\"accept_station\":\"【到件】快件到达【浙江宁波江北公司】,上一站是【】,扫描员是【操作部】\"},{\"accept_time\":\"2017-05-09 08:30:01\",\"accept_station\":\"【派件】【浙江宁波江北公司】的【万达营业厅 手机(18158566887)】正在派件,扫描员是【万达点部】\"},{\"accept_time\":\"2017-05-09 10:35:20\",\"accept_station\":\"【派件入柜】快件派送至快递柜【广厦怡庭南区18幢架空层丰巢快递柜】，派件员是【万达点部(18158566887)】\"},{\"accept_time\":\"2017-05-09 12:13:12\",\"accept_station\":\"【签收】已签收,签收人是:【收件箱】\"}]', 3, 0, 1494207583, 1494310165),
(57, 1, '15987151287190094', 2, 'ZTO', '436634129389', '[{\"accept_time\":\"2017-05-03 16:05:10\",\"accept_station\":\"[长沙市] [长沙市场部]的宋娟已收件 电话:13874910870\"},{\"accept_time\":\"2017-05-03 22:26:29\",\"accept_station\":\"[长沙市] 快件到达 [长沙中转部]\"},{\"accept_time\":\"2017-05-04 01:38:26\",\"accept_station\":\"[长沙市] 快件离开 [长沙中转部]已发往[宁波]\"},{\"accept_time\":\"2017-05-04 19:19:41\",\"accept_station\":\"[台州市] 快件到达 [台州中转部]\"},{\"accept_time\":\"2017-05-04 19:49:29\",\"accept_station\":\"[台州市] 快件离开 [台州中转部]已发往[宁波中转部]\"},{\"accept_time\":\"2017-05-05 03:31:00\",\"accept_station\":\"[宁波市] 快件到达 [宁波中转部]\"},{\"accept_time\":\"2017-05-05 04:05:56\",\"accept_station\":\"[宁波市] 快件离开 [宁波中转部]已发往[宁波]\"},{\"accept_time\":\"2017-05-05 07:36:44\",\"accept_station\":\"[宁波市] 快件离开 [宁波洪塘]已发往[宁波洪塘庄桥二部]\"},{\"accept_time\":\"2017-05-05 12:36:10\",\"accept_station\":\"[宁波市] 快件已到达[宁波洪塘庄桥二部],业务员罗小虎正在第1次派件 电话:13780009434 请保持电话畅通、耐心等待\"},{\"accept_time\":\"2017-05-05 13:57:23\",\"accept_station\":\"[宁波市] [宁波洪塘庄桥二部]的派件已签收 感谢使用中通快递,期待再次为您服务!\"},{\"accept_time\":\"2017-05-05 19:02:06\",\"accept_station\":\"[宁波市] [宁波洪塘庄桥二部]的罗小虎已收件 电话:13780009434\"}]', 4, 0, 1494235871, 1494237047),
(58, 1, '16548008188090094', 3, 'YTO', '885022354514081453', '[{\"accept_time\":\"2017-05-09 17:44:44\",\"accept_station\":\"【山东省德州市武城县公司】 已收件\"},{\"accept_time\":\"2017-05-09 18:04:44\",\"accept_station\":\"【山东省德州市武城县公司】 已打包\"},{\"accept_time\":\"2017-05-09 18:04:57\",\"accept_station\":\"【山东省德州市武城县公司】 已发出 下一站 【济南转运中心】\"},{\"accept_time\":\"2017-05-09 21:07:46\",\"accept_station\":\"【济南转运中心】 已收入\"},{\"accept_time\":\"2017-05-09 21:10:24\",\"accept_station\":\"【济南转运中心】 已发出 下一站 【宁波转运中心】\"},{\"accept_time\":\"2017-05-11 01:59:19\",\"accept_station\":\"【宁波转运中心】 已收入\"},{\"accept_time\":\"2017-05-11 05:00:23\",\"accept_station\":\"【宁波转运中心】 已发出 下一站 【浙江省宁波市邱隘公司】\"},{\"accept_time\":\"2017-05-11 08:42:28\",\"accept_station\":\"【浙江省宁波市邱隘公司】 已发出 下一站 【宁波转运中心】\"},{\"accept_time\":\"2017-05-11 11:37:03\",\"accept_station\":\"【宁波转运中心】 已收入\"},{\"accept_time\":\"2017-05-11 11:40:27\",\"accept_station\":\"【宁波转运中心】 已发出 下一站 【浙江省宁波市洪塘公司】\"},{\"accept_time\":\"2017-05-11 12:40:14\",\"accept_station\":\"【浙江省宁波市洪塘公司】 已发出 下一站 【浙江省宁波市洪塘B区公司】\"},{\"accept_time\":\"2017-05-11 14:43:55\",\"accept_station\":\"【浙江省宁波市洪塘B区公司】 派件人: 杨增 派件中 派件员电话18613600876\"},{\"accept_time\":\"2017-05-11 17:21:24\",\"accept_station\":\"快件已被广厦怡庭南区【自提柜】代收，请及时取件。有问题请联系派件员15058458548\"},{\"accept_time\":\"2017-05-11 20:12:58\",\"accept_station\":\"客户 签收人: 本人签收 已签收 感谢使用圆通速递，期待再次为您服务\"}]', 3, 0, 1494426296, 1494541528),
(59, 1, '50307219016090094', 2, 'ZTO', '450644928478', '[{\"accept_time\":\"2017-08-23 22:04:55\",\"accept_station\":\"[东莞市] [东莞石碣]的RK数码已收件 电话:暂无\"},{\"accept_time\":\"2017-08-23 22:30:55\",\"accept_station\":\"[东莞市] 快件离开 [东莞石碣]已发往[宁波]\"},{\"accept_time\":\"2017-08-24 01:19:54\",\"accept_station\":\"[东莞市] 快件到达 [东莞中心]\"},{\"accept_time\":\"2017-08-24 01:23:29\",\"accept_station\":\"[东莞市] 快件离开 [东莞中心]已发往[宁波中转部]\"},{\"accept_time\":\"2017-08-25 03:21:46\",\"accept_station\":\"[宁波市] 快件到达 [宁波中转部]\"},{\"accept_time\":\"2017-08-25 03:41:32\",\"accept_station\":\"[宁波市] 快件离开 [宁波中转部]已发往[宁波]\"},{\"accept_time\":\"2017-08-25 06:13:05\",\"accept_station\":\"[宁波市] 快件到达 [宁波洪塘]\"},{\"accept_time\":\"2017-08-25 06:33:56\",\"accept_station\":\"[宁波市] 快件离开 [宁波洪塘]已发往[宁波洪塘庄桥二部]\"},{\"accept_time\":\"2017-08-25 10:17:49\",\"accept_station\":\"[宁波市] 快件已到达[宁波洪塘庄桥二部],业务员罗小虎正在第1次派件 电话:13780009434 请保持电话畅通、耐心等待\"},{\"accept_time\":\"2017-08-25 13:24:46\",\"accept_station\":\"[宁波市] [宁波洪塘庄桥二部]的派件已签收 感谢使用中通快递,期待再次为您服务!\"}]', 3, 0, 1503537304, 1503649491),
(60, 1, 'PO_H9057663247141790001', 1, 'SF', '111222333444555', '[]', 0, 1, 1505233258, 1505233258);
INSERT INTO `donkey_delivery_dist` (`delivery_dist_id`, `user_id`, `order_code`, `delivery_item_id`, `delivery_code`, `logistic_code`, `trace`, `state`, `is_sub`, `create_time`, `update_time`) VALUES
(61, 1, '11475031669090094', 7, 'EMS', '1129493657532', '[{\"accept_time\":\"2017-04-27 19:32:15\",\"accept_station\":\"温州市瑞安分公司场桥经营部已收件（揽投员姓名：冯康北,联系电话:13587572587），温州市\",\"remark\":\"\"},{\"accept_time\":\"2017-04-27 22:23:00\",\"accept_station\":\"离开温州市 发往台州市，温州市\",\"remark\":\"\"},{\"accept_time\":\"2017-04-28 01:09:00\",\"accept_station\":\"到达台州市处理中心（经转），台州市\",\"remark\":\"\"},{\"accept_time\":\"2017-04-28 02:58:00\",\"accept_station\":\"离开台州市 发往宁波市（经转），台州市\",\"remark\":\"\"},{\"accept_time\":\"2017-04-28 05:20:00\",\"accept_station\":\"到达  宁波邮区中心局邮件处理中心 处理中心，宁波市\",\"remark\":\"\"},{\"accept_time\":\"2017-04-28 06:30:08\",\"accept_station\":\"离开宁波市 发往江北速递分公司洪塘经营部，宁波市\",\"remark\":\"\"},{\"accept_time\":\"2017-04-28 07:36:38\",\"accept_station\":\"江北速递分公司洪塘经营部安排投递，预计13:00:00前投递（投递员姓名：顾豪杰;联系电话：13600629547），宁波市\",\"remark\":\"\"},{\"accept_time\":\"2017-04-28 08:54:00\",\"accept_station\":\"已离开宁波邮区中心局邮件处理中心，发往宁波市邮政局速递公司，宁波市\",\"remark\":\"\"},{\"accept_time\":\"2017-04-28 11:05:50\",\"accept_station\":\"投递并签收，签收人：他人收 丰巢，宁波市\",\"remark\":\"\"}]', 3, 0, 1493349047, 1493457934),
(62, 0, '11475031670090094', 4, 'YD', '3934010097802', '[{\"accept_time\":\"2017-04-27 18:59:16\",\"accept_station\":\"到达：贵州贵阳沙冲路公司 已收件\"},{\"accept_time\":\"2017-04-27 21:07:15\",\"accept_station\":\"到达：贵州贵阳分拨中心\"},{\"accept_time\":\"2017-04-27 21:11:45\",\"accept_station\":\"到达：贵州贵阳分拨中心 发往：浙江义乌分拨中心\"},{\"accept_time\":\"2017-04-29 00:53:32\",\"accept_station\":\"到达：浙江义乌分拨中心 上级站点：贵州贵阳分拨中心\"},{\"accept_time\":\"2017-04-29 00:55:36\",\"accept_station\":\"到达：浙江义乌分拨中心 发往：浙江宁波分拨中心\"},{\"accept_time\":\"2017-04-29 05:33:55\",\"accept_station\":\"到达：浙江宁波分拨中心 上级站点：浙江义乌分拨中心\"},{\"accept_time\":\"2017-04-29 05:38:31\",\"accept_station\":\"到达：浙江宁波分拨中心 发往：浙江宁波江北区洪塘公司\"},{\"accept_time\":\"2017-04-29 14:20:24\",\"accept_station\":\"到达：浙江宁波江北区洪塘公司 指定：邓康(15888033919) 派送\"},{\"accept_time\":\"2017-04-29 15:38:40\",\"accept_station\":\"到达：云柜智能快递柜 上级站点：浙江宁波江北区洪塘公司 发往：\"},{\"accept_time\":\"2017-04-29 18:58:14\",\"accept_station\":\"已签收，感谢使用韵达，期待再次为您服务\"}]', 3, 0, 1493349141, 1493523769),
(63, 1, '15833929218090094', 5, 'STO', '402518834456', '[{\"accept_time\":\"2017-05-07 17:46:45\",\"accept_station\":\"【收件】【陕西西安曲江】的【曲江1 手机(15332460295)】已收件,扫描员是【曲江1】\"},{\"accept_time\":\"2017-05-07 17:52:56\",\"accept_station\":\"【发件】快件在【陕西西安曲江】由【曲江】扫描发往【陕西西安航空部】\"},{\"accept_time\":\"2017-05-07 20:15:20\",\"accept_station\":\"【到件】快件到达【陕西西安航空部】,上一站是【陕西西安曲江】,扫描员是【二号称】\"},{\"accept_time\":\"2017-05-07 20:43:26\",\"accept_station\":\"【装袋】快件在【陕西西安航空部】进行装包发往扫描，发往【浙江杭州中转部】\"},{\"accept_time\":\"2017-05-08 23:15:03\",\"accept_station\":\"【发件】快件在【浙江杭州中转部】由【周林会】扫描发往【浙江宁波中转部】\"},{\"accept_time\":\"2017-05-09 04:24:55\",\"accept_station\":\"【发件】快件在【浙江宁波中转部】由【周玲惠】扫描发往【浙江宁波江北公司】\"},{\"accept_time\":\"2017-05-09 04:24:55\",\"accept_station\":\"【装车】【浙江宁波中转部】正在进行【装车】扫描\"},{\"accept_time\":\"2017-05-09 06:43:38\",\"accept_station\":\"【到件】快件到达【浙江宁波江北公司】,上一站是【】,扫描员是【操作部】\"},{\"accept_time\":\"2017-05-09 08:30:01\",\"accept_station\":\"【派件】【浙江宁波江北公司】的【万达营业厅 手机(18158566887)】正在派件,扫描员是【万达点部】\"},{\"accept_time\":\"2017-05-09 10:35:20\",\"accept_station\":\"【派件入柜】快件派送至快递柜【广厦怡庭南区18幢架空层丰巢快递柜】，派件员是【万达点部(18158566887)】\"},{\"accept_time\":\"2017-05-09 12:13:12\",\"accept_station\":\"【签收】已签收,签收人是:【收件箱】\"}]', 3, 0, 1494207583, 1494310165),
(64, 1, '15987151287190094', 2, 'ZTO', '436634129389', '[{\"accept_time\":\"2017-05-03 16:05:10\",\"accept_station\":\"[长沙市] [长沙市场部]的宋娟已收件 电话:13874910870\"},{\"accept_time\":\"2017-05-03 22:26:29\",\"accept_station\":\"[长沙市] 快件到达 [长沙中转部]\"},{\"accept_time\":\"2017-05-04 01:38:26\",\"accept_station\":\"[长沙市] 快件离开 [长沙中转部]已发往[宁波]\"},{\"accept_time\":\"2017-05-04 19:19:41\",\"accept_station\":\"[台州市] 快件到达 [台州中转部]\"},{\"accept_time\":\"2017-05-04 19:49:29\",\"accept_station\":\"[台州市] 快件离开 [台州中转部]已发往[宁波中转部]\"},{\"accept_time\":\"2017-05-05 03:31:00\",\"accept_station\":\"[宁波市] 快件到达 [宁波中转部]\"},{\"accept_time\":\"2017-05-05 04:05:56\",\"accept_station\":\"[宁波市] 快件离开 [宁波中转部]已发往[宁波]\"},{\"accept_time\":\"2017-05-05 07:36:44\",\"accept_station\":\"[宁波市] 快件离开 [宁波洪塘]已发往[宁波洪塘庄桥二部]\"},{\"accept_time\":\"2017-05-05 12:36:10\",\"accept_station\":\"[宁波市] 快件已到达[宁波洪塘庄桥二部],业务员罗小虎正在第1次派件 电话:13780009434 请保持电话畅通、耐心等待\"},{\"accept_time\":\"2017-05-05 13:57:23\",\"accept_station\":\"[宁波市] [宁波洪塘庄桥二部]的派件已签收 感谢使用中通快递,期待再次为您服务!\"},{\"accept_time\":\"2017-05-05 19:02:06\",\"accept_station\":\"[宁波市] [宁波洪塘庄桥二部]的罗小虎已收件 电话:13780009434\"}]', 4, 0, 1494235871, 1494237047),
(65, 1, '16548008188090094', 3, 'YTO', '885022354514081453', '[{\"accept_time\":\"2017-05-09 17:44:44\",\"accept_station\":\"【山东省德州市武城县公司】 已收件\"},{\"accept_time\":\"2017-05-09 18:04:44\",\"accept_station\":\"【山东省德州市武城县公司】 已打包\"},{\"accept_time\":\"2017-05-09 18:04:57\",\"accept_station\":\"【山东省德州市武城县公司】 已发出 下一站 【济南转运中心】\"},{\"accept_time\":\"2017-05-09 21:07:46\",\"accept_station\":\"【济南转运中心】 已收入\"},{\"accept_time\":\"2017-05-09 21:10:24\",\"accept_station\":\"【济南转运中心】 已发出 下一站 【宁波转运中心】\"},{\"accept_time\":\"2017-05-11 01:59:19\",\"accept_station\":\"【宁波转运中心】 已收入\"},{\"accept_time\":\"2017-05-11 05:00:23\",\"accept_station\":\"【宁波转运中心】 已发出 下一站 【浙江省宁波市邱隘公司】\"},{\"accept_time\":\"2017-05-11 08:42:28\",\"accept_station\":\"【浙江省宁波市邱隘公司】 已发出 下一站 【宁波转运中心】\"},{\"accept_time\":\"2017-05-11 11:37:03\",\"accept_station\":\"【宁波转运中心】 已收入\"},{\"accept_time\":\"2017-05-11 11:40:27\",\"accept_station\":\"【宁波转运中心】 已发出 下一站 【浙江省宁波市洪塘公司】\"},{\"accept_time\":\"2017-05-11 12:40:14\",\"accept_station\":\"【浙江省宁波市洪塘公司】 已发出 下一站 【浙江省宁波市洪塘B区公司】\"},{\"accept_time\":\"2017-05-11 14:43:55\",\"accept_station\":\"【浙江省宁波市洪塘B区公司】 派件人: 杨增 派件中 派件员电话18613600876\"},{\"accept_time\":\"2017-05-11 17:21:24\",\"accept_station\":\"快件已被广厦怡庭南区【自提柜】代收，请及时取件。有问题请联系派件员15058458548\"},{\"accept_time\":\"2017-05-11 20:12:58\",\"accept_station\":\"客户 签收人: 本人签收 已签收 感谢使用圆通速递，期待再次为您服务\"}]', 3, 0, 1494426296, 1494541528),
(66, 1, '50307219016090094', 2, 'ZTO', '450644928478', '[{\"accept_time\":\"2017-08-23 22:04:55\",\"accept_station\":\"[东莞市] [东莞石碣]的RK数码已收件 电话:暂无\"},{\"accept_time\":\"2017-08-23 22:30:55\",\"accept_station\":\"[东莞市] 快件离开 [东莞石碣]已发往[宁波]\"},{\"accept_time\":\"2017-08-24 01:19:54\",\"accept_station\":\"[东莞市] 快件到达 [东莞中心]\"},{\"accept_time\":\"2017-08-24 01:23:29\",\"accept_station\":\"[东莞市] 快件离开 [东莞中心]已发往[宁波中转部]\"},{\"accept_time\":\"2017-08-25 03:21:46\",\"accept_station\":\"[宁波市] 快件到达 [宁波中转部]\"},{\"accept_time\":\"2017-08-25 03:41:32\",\"accept_station\":\"[宁波市] 快件离开 [宁波中转部]已发往[宁波]\"},{\"accept_time\":\"2017-08-25 06:13:05\",\"accept_station\":\"[宁波市] 快件到达 [宁波洪塘]\"},{\"accept_time\":\"2017-08-25 06:33:56\",\"accept_station\":\"[宁波市] 快件离开 [宁波洪塘]已发往[宁波洪塘庄桥二部]\"},{\"accept_time\":\"2017-08-25 10:17:49\",\"accept_station\":\"[宁波市] 快件已到达[宁波洪塘庄桥二部],业务员罗小虎正在第1次派件 电话:13780009434 请保持电话畅通、耐心等待\"},{\"accept_time\":\"2017-08-25 13:24:46\",\"accept_station\":\"[宁波市] [宁波洪塘庄桥二部]的派件已签收 感谢使用中通快递,期待再次为您服务!\"}]', 3, 0, 1503537304, 1503649491),
(67, 1, 'PO_H9057663247141790001', 1, 'SF', '111222333444555', '[]', 0, 1, 1505233258, 1505233258),
(68, 1, '11475031669090094', 7, 'EMS', '1129493657532', '[{\"accept_time\":\"2017-04-27 19:32:15\",\"accept_station\":\"温州市瑞安分公司场桥经营部已收件（揽投员姓名：冯康北,联系电话:13587572587），温州市\",\"remark\":\"\"},{\"accept_time\":\"2017-04-27 22:23:00\",\"accept_station\":\"离开温州市 发往台州市，温州市\",\"remark\":\"\"},{\"accept_time\":\"2017-04-28 01:09:00\",\"accept_station\":\"到达台州市处理中心（经转），台州市\",\"remark\":\"\"},{\"accept_time\":\"2017-04-28 02:58:00\",\"accept_station\":\"离开台州市 发往宁波市（经转），台州市\",\"remark\":\"\"},{\"accept_time\":\"2017-04-28 05:20:00\",\"accept_station\":\"到达  宁波邮区中心局邮件处理中心 处理中心，宁波市\",\"remark\":\"\"},{\"accept_time\":\"2017-04-28 06:30:08\",\"accept_station\":\"离开宁波市 发往江北速递分公司洪塘经营部，宁波市\",\"remark\":\"\"},{\"accept_time\":\"2017-04-28 07:36:38\",\"accept_station\":\"江北速递分公司洪塘经营部安排投递，预计13:00:00前投递（投递员姓名：顾豪杰;联系电话：13600629547），宁波市\",\"remark\":\"\"},{\"accept_time\":\"2017-04-28 08:54:00\",\"accept_station\":\"已离开宁波邮区中心局邮件处理中心，发往宁波市邮政局速递公司，宁波市\",\"remark\":\"\"},{\"accept_time\":\"2017-04-28 11:05:50\",\"accept_station\":\"投递并签收，签收人：他人收 丰巢，宁波市\",\"remark\":\"\"}]', 3, 0, 1493349047, 1493457934),
(69, 0, '11475031670090094', 4, 'YD', '3934010097802', '[{\"accept_time\":\"2017-04-27 18:59:16\",\"accept_station\":\"到达：贵州贵阳沙冲路公司 已收件\"},{\"accept_time\":\"2017-04-27 21:07:15\",\"accept_station\":\"到达：贵州贵阳分拨中心\"},{\"accept_time\":\"2017-04-27 21:11:45\",\"accept_station\":\"到达：贵州贵阳分拨中心 发往：浙江义乌分拨中心\"},{\"accept_time\":\"2017-04-29 00:53:32\",\"accept_station\":\"到达：浙江义乌分拨中心 上级站点：贵州贵阳分拨中心\"},{\"accept_time\":\"2017-04-29 00:55:36\",\"accept_station\":\"到达：浙江义乌分拨中心 发往：浙江宁波分拨中心\"},{\"accept_time\":\"2017-04-29 05:33:55\",\"accept_station\":\"到达：浙江宁波分拨中心 上级站点：浙江义乌分拨中心\"},{\"accept_time\":\"2017-04-29 05:38:31\",\"accept_station\":\"到达：浙江宁波分拨中心 发往：浙江宁波江北区洪塘公司\"},{\"accept_time\":\"2017-04-29 14:20:24\",\"accept_station\":\"到达：浙江宁波江北区洪塘公司 指定：邓康(15888033919) 派送\"},{\"accept_time\":\"2017-04-29 15:38:40\",\"accept_station\":\"到达：云柜智能快递柜 上级站点：浙江宁波江北区洪塘公司 发往：\"},{\"accept_time\":\"2017-04-29 18:58:14\",\"accept_station\":\"已签收，感谢使用韵达，期待再次为您服务\"}]', 3, 0, 1493349141, 1493523769),
(70, 1, '15833929218090094', 5, 'STO', '402518834456', '[{\"accept_time\":\"2017-05-07 17:46:45\",\"accept_station\":\"【收件】【陕西西安曲江】的【曲江1 手机(15332460295)】已收件,扫描员是【曲江1】\"},{\"accept_time\":\"2017-05-07 17:52:56\",\"accept_station\":\"【发件】快件在【陕西西安曲江】由【曲江】扫描发往【陕西西安航空部】\"},{\"accept_time\":\"2017-05-07 20:15:20\",\"accept_station\":\"【到件】快件到达【陕西西安航空部】,上一站是【陕西西安曲江】,扫描员是【二号称】\"},{\"accept_time\":\"2017-05-07 20:43:26\",\"accept_station\":\"【装袋】快件在【陕西西安航空部】进行装包发往扫描，发往【浙江杭州中转部】\"},{\"accept_time\":\"2017-05-08 23:15:03\",\"accept_station\":\"【发件】快件在【浙江杭州中转部】由【周林会】扫描发往【浙江宁波中转部】\"},{\"accept_time\":\"2017-05-09 04:24:55\",\"accept_station\":\"【发件】快件在【浙江宁波中转部】由【周玲惠】扫描发往【浙江宁波江北公司】\"},{\"accept_time\":\"2017-05-09 04:24:55\",\"accept_station\":\"【装车】【浙江宁波中转部】正在进行【装车】扫描\"},{\"accept_time\":\"2017-05-09 06:43:38\",\"accept_station\":\"【到件】快件到达【浙江宁波江北公司】,上一站是【】,扫描员是【操作部】\"},{\"accept_time\":\"2017-05-09 08:30:01\",\"accept_station\":\"【派件】【浙江宁波江北公司】的【万达营业厅 手机(18158566887)】正在派件,扫描员是【万达点部】\"},{\"accept_time\":\"2017-05-09 10:35:20\",\"accept_station\":\"【派件入柜】快件派送至快递柜【广厦怡庭南区18幢架空层丰巢快递柜】，派件员是【万达点部(18158566887)】\"},{\"accept_time\":\"2017-05-09 12:13:12\",\"accept_station\":\"【签收】已签收,签收人是:【收件箱】\"}]', 3, 0, 1494207583, 1494310165),
(71, 1, '15987151287190094', 2, 'ZTO', '436634129389', '[{\"accept_time\":\"2017-05-03 16:05:10\",\"accept_station\":\"[长沙市] [长沙市场部]的宋娟已收件 电话:13874910870\"},{\"accept_time\":\"2017-05-03 22:26:29\",\"accept_station\":\"[长沙市] 快件到达 [长沙中转部]\"},{\"accept_time\":\"2017-05-04 01:38:26\",\"accept_station\":\"[长沙市] 快件离开 [长沙中转部]已发往[宁波]\"},{\"accept_time\":\"2017-05-04 19:19:41\",\"accept_station\":\"[台州市] 快件到达 [台州中转部]\"},{\"accept_time\":\"2017-05-04 19:49:29\",\"accept_station\":\"[台州市] 快件离开 [台州中转部]已发往[宁波中转部]\"},{\"accept_time\":\"2017-05-05 03:31:00\",\"accept_station\":\"[宁波市] 快件到达 [宁波中转部]\"},{\"accept_time\":\"2017-05-05 04:05:56\",\"accept_station\":\"[宁波市] 快件离开 [宁波中转部]已发往[宁波]\"},{\"accept_time\":\"2017-05-05 07:36:44\",\"accept_station\":\"[宁波市] 快件离开 [宁波洪塘]已发往[宁波洪塘庄桥二部]\"},{\"accept_time\":\"2017-05-05 12:36:10\",\"accept_station\":\"[宁波市] 快件已到达[宁波洪塘庄桥二部],业务员罗小虎正在第1次派件 电话:13780009434 请保持电话畅通、耐心等待\"},{\"accept_time\":\"2017-05-05 13:57:23\",\"accept_station\":\"[宁波市] [宁波洪塘庄桥二部]的派件已签收 感谢使用中通快递,期待再次为您服务!\"},{\"accept_time\":\"2017-05-05 19:02:06\",\"accept_station\":\"[宁波市] [宁波洪塘庄桥二部]的罗小虎已收件 电话:13780009434\"}]', 4, 0, 1494235871, 1494237047),
(72, 1, '16548008188090094', 3, 'YTO', '885022354514081453', '[{\"accept_time\":\"2017-05-09 17:44:44\",\"accept_station\":\"【山东省德州市武城县公司】 已收件\"},{\"accept_time\":\"2017-05-09 18:04:44\",\"accept_station\":\"【山东省德州市武城县公司】 已打包\"},{\"accept_time\":\"2017-05-09 18:04:57\",\"accept_station\":\"【山东省德州市武城县公司】 已发出 下一站 【济南转运中心】\"},{\"accept_time\":\"2017-05-09 21:07:46\",\"accept_station\":\"【济南转运中心】 已收入\"},{\"accept_time\":\"2017-05-09 21:10:24\",\"accept_station\":\"【济南转运中心】 已发出 下一站 【宁波转运中心】\"},{\"accept_time\":\"2017-05-11 01:59:19\",\"accept_station\":\"【宁波转运中心】 已收入\"},{\"accept_time\":\"2017-05-11 05:00:23\",\"accept_station\":\"【宁波转运中心】 已发出 下一站 【浙江省宁波市邱隘公司】\"},{\"accept_time\":\"2017-05-11 08:42:28\",\"accept_station\":\"【浙江省宁波市邱隘公司】 已发出 下一站 【宁波转运中心】\"},{\"accept_time\":\"2017-05-11 11:37:03\",\"accept_station\":\"【宁波转运中心】 已收入\"},{\"accept_time\":\"2017-05-11 11:40:27\",\"accept_station\":\"【宁波转运中心】 已发出 下一站 【浙江省宁波市洪塘公司】\"},{\"accept_time\":\"2017-05-11 12:40:14\",\"accept_station\":\"【浙江省宁波市洪塘公司】 已发出 下一站 【浙江省宁波市洪塘B区公司】\"},{\"accept_time\":\"2017-05-11 14:43:55\",\"accept_station\":\"【浙江省宁波市洪塘B区公司】 派件人: 杨增 派件中 派件员电话18613600876\"},{\"accept_time\":\"2017-05-11 17:21:24\",\"accept_station\":\"快件已被广厦怡庭南区【自提柜】代收，请及时取件。有问题请联系派件员15058458548\"},{\"accept_time\":\"2017-05-11 20:12:58\",\"accept_station\":\"客户 签收人: 本人签收 已签收 感谢使用圆通速递，期待再次为您服务\"}]', 3, 0, 1494426296, 1494541528),
(73, 1, '50307219016090094', 2, 'ZTO', '450644928478', '[{\"accept_time\":\"2017-08-23 22:04:55\",\"accept_station\":\"[东莞市] [东莞石碣]的RK数码已收件 电话:暂无\"},{\"accept_time\":\"2017-08-23 22:30:55\",\"accept_station\":\"[东莞市] 快件离开 [东莞石碣]已发往[宁波]\"},{\"accept_time\":\"2017-08-24 01:19:54\",\"accept_station\":\"[东莞市] 快件到达 [东莞中心]\"},{\"accept_time\":\"2017-08-24 01:23:29\",\"accept_station\":\"[东莞市] 快件离开 [东莞中心]已发往[宁波中转部]\"},{\"accept_time\":\"2017-08-25 03:21:46\",\"accept_station\":\"[宁波市] 快件到达 [宁波中转部]\"},{\"accept_time\":\"2017-08-25 03:41:32\",\"accept_station\":\"[宁波市] 快件离开 [宁波中转部]已发往[宁波]\"},{\"accept_time\":\"2017-08-25 06:13:05\",\"accept_station\":\"[宁波市] 快件到达 [宁波洪塘]\"},{\"accept_time\":\"2017-08-25 06:33:56\",\"accept_station\":\"[宁波市] 快件离开 [宁波洪塘]已发往[宁波洪塘庄桥二部]\"},{\"accept_time\":\"2017-08-25 10:17:49\",\"accept_station\":\"[宁波市] 快件已到达[宁波洪塘庄桥二部],业务员罗小虎正在第1次派件 电话:13780009434 请保持电话畅通、耐心等待\"},{\"accept_time\":\"2017-08-25 13:24:46\",\"accept_station\":\"[宁波市] [宁波洪塘庄桥二部]的派件已签收 感谢使用中通快递,期待再次为您服务!\"}]', 3, 0, 1503537304, 1503649491),
(74, 1, 'PO_H9057663247141790001', 1, 'SF', '111222333444555', '[]', 0, 1, 1505233258, 1505233258),
(75, 1, '11475031669090094', 7, 'EMS', '1129493657532', '[{\"accept_time\":\"2017-04-27 19:32:15\",\"accept_station\":\"温州市瑞安分公司场桥经营部已收件（揽投员姓名：冯康北,联系电话:13587572587），温州市\",\"remark\":\"\"},{\"accept_time\":\"2017-04-27 22:23:00\",\"accept_station\":\"离开温州市 发往台州市，温州市\",\"remark\":\"\"},{\"accept_time\":\"2017-04-28 01:09:00\",\"accept_station\":\"到达台州市处理中心（经转），台州市\",\"remark\":\"\"},{\"accept_time\":\"2017-04-28 02:58:00\",\"accept_station\":\"离开台州市 发往宁波市（经转），台州市\",\"remark\":\"\"},{\"accept_time\":\"2017-04-28 05:20:00\",\"accept_station\":\"到达  宁波邮区中心局邮件处理中心 处理中心，宁波市\",\"remark\":\"\"},{\"accept_time\":\"2017-04-28 06:30:08\",\"accept_station\":\"离开宁波市 发往江北速递分公司洪塘经营部，宁波市\",\"remark\":\"\"},{\"accept_time\":\"2017-04-28 07:36:38\",\"accept_station\":\"江北速递分公司洪塘经营部安排投递，预计13:00:00前投递（投递员姓名：顾豪杰;联系电话：13600629547），宁波市\",\"remark\":\"\"},{\"accept_time\":\"2017-04-28 08:54:00\",\"accept_station\":\"已离开宁波邮区中心局邮件处理中心，发往宁波市邮政局速递公司，宁波市\",\"remark\":\"\"},{\"accept_time\":\"2017-04-28 11:05:50\",\"accept_station\":\"投递并签收，签收人：他人收 丰巢，宁波市\",\"remark\":\"\"}]', 3, 0, 1493349047, 1493457934),
(76, 0, '11475031670090094', 4, 'YD', '3934010097802', '[{\"accept_time\":\"2017-04-27 18:59:16\",\"accept_station\":\"到达：贵州贵阳沙冲路公司 已收件\"},{\"accept_time\":\"2017-04-27 21:07:15\",\"accept_station\":\"到达：贵州贵阳分拨中心\"},{\"accept_time\":\"2017-04-27 21:11:45\",\"accept_station\":\"到达：贵州贵阳分拨中心 发往：浙江义乌分拨中心\"},{\"accept_time\":\"2017-04-29 00:53:32\",\"accept_station\":\"到达：浙江义乌分拨中心 上级站点：贵州贵阳分拨中心\"},{\"accept_time\":\"2017-04-29 00:55:36\",\"accept_station\":\"到达：浙江义乌分拨中心 发往：浙江宁波分拨中心\"},{\"accept_time\":\"2017-04-29 05:33:55\",\"accept_station\":\"到达：浙江宁波分拨中心 上级站点：浙江义乌分拨中心\"},{\"accept_time\":\"2017-04-29 05:38:31\",\"accept_station\":\"到达：浙江宁波分拨中心 发往：浙江宁波江北区洪塘公司\"},{\"accept_time\":\"2017-04-29 14:20:24\",\"accept_station\":\"到达：浙江宁波江北区洪塘公司 指定：邓康(15888033919) 派送\"},{\"accept_time\":\"2017-04-29 15:38:40\",\"accept_station\":\"到达：云柜智能快递柜 上级站点：浙江宁波江北区洪塘公司 发往：\"},{\"accept_time\":\"2017-04-29 18:58:14\",\"accept_station\":\"已签收，感谢使用韵达，期待再次为您服务\"}]', 3, 0, 1493349141, 1493523769),
(77, 1, '15833929218090094', 5, 'STO', '402518834456', '[{\"accept_time\":\"2017-05-07 17:46:45\",\"accept_station\":\"【收件】【陕西西安曲江】的【曲江1 手机(15332460295)】已收件,扫描员是【曲江1】\"},{\"accept_time\":\"2017-05-07 17:52:56\",\"accept_station\":\"【发件】快件在【陕西西安曲江】由【曲江】扫描发往【陕西西安航空部】\"},{\"accept_time\":\"2017-05-07 20:15:20\",\"accept_station\":\"【到件】快件到达【陕西西安航空部】,上一站是【陕西西安曲江】,扫描员是【二号称】\"},{\"accept_time\":\"2017-05-07 20:43:26\",\"accept_station\":\"【装袋】快件在【陕西西安航空部】进行装包发往扫描，发往【浙江杭州中转部】\"},{\"accept_time\":\"2017-05-08 23:15:03\",\"accept_station\":\"【发件】快件在【浙江杭州中转部】由【周林会】扫描发往【浙江宁波中转部】\"},{\"accept_time\":\"2017-05-09 04:24:55\",\"accept_station\":\"【发件】快件在【浙江宁波中转部】由【周玲惠】扫描发往【浙江宁波江北公司】\"},{\"accept_time\":\"2017-05-09 04:24:55\",\"accept_station\":\"【装车】【浙江宁波中转部】正在进行【装车】扫描\"},{\"accept_time\":\"2017-05-09 06:43:38\",\"accept_station\":\"【到件】快件到达【浙江宁波江北公司】,上一站是【】,扫描员是【操作部】\"},{\"accept_time\":\"2017-05-09 08:30:01\",\"accept_station\":\"【派件】【浙江宁波江北公司】的【万达营业厅 手机(18158566887)】正在派件,扫描员是【万达点部】\"},{\"accept_time\":\"2017-05-09 10:35:20\",\"accept_station\":\"【派件入柜】快件派送至快递柜【广厦怡庭南区18幢架空层丰巢快递柜】，派件员是【万达点部(18158566887)】\"},{\"accept_time\":\"2017-05-09 12:13:12\",\"accept_station\":\"【签收】已签收,签收人是:【收件箱】\"}]', 3, 0, 1494207583, 1494310165),
(78, 1, '15987151287190094', 2, 'ZTO', '436634129389', '[{\"accept_time\":\"2017-05-03 16:05:10\",\"accept_station\":\"[长沙市] [长沙市场部]的宋娟已收件 电话:13874910870\"},{\"accept_time\":\"2017-05-03 22:26:29\",\"accept_station\":\"[长沙市] 快件到达 [长沙中转部]\"},{\"accept_time\":\"2017-05-04 01:38:26\",\"accept_station\":\"[长沙市] 快件离开 [长沙中转部]已发往[宁波]\"},{\"accept_time\":\"2017-05-04 19:19:41\",\"accept_station\":\"[台州市] 快件到达 [台州中转部]\"},{\"accept_time\":\"2017-05-04 19:49:29\",\"accept_station\":\"[台州市] 快件离开 [台州中转部]已发往[宁波中转部]\"},{\"accept_time\":\"2017-05-05 03:31:00\",\"accept_station\":\"[宁波市] 快件到达 [宁波中转部]\"},{\"accept_time\":\"2017-05-05 04:05:56\",\"accept_station\":\"[宁波市] 快件离开 [宁波中转部]已发往[宁波]\"},{\"accept_time\":\"2017-05-05 07:36:44\",\"accept_station\":\"[宁波市] 快件离开 [宁波洪塘]已发往[宁波洪塘庄桥二部]\"},{\"accept_time\":\"2017-05-05 12:36:10\",\"accept_station\":\"[宁波市] 快件已到达[宁波洪塘庄桥二部],业务员罗小虎正在第1次派件 电话:13780009434 请保持电话畅通、耐心等待\"},{\"accept_time\":\"2017-05-05 13:57:23\",\"accept_station\":\"[宁波市] [宁波洪塘庄桥二部]的派件已签收 感谢使用中通快递,期待再次为您服务!\"},{\"accept_time\":\"2017-05-05 19:02:06\",\"accept_station\":\"[宁波市] [宁波洪塘庄桥二部]的罗小虎已收件 电话:13780009434\"}]', 4, 0, 1494235871, 1494237047),
(79, 1, '16548008188090094', 3, 'YTO', '885022354514081453', '[{\"accept_time\":\"2017-05-09 17:44:44\",\"accept_station\":\"【山东省德州市武城县公司】 已收件\"},{\"accept_time\":\"2017-05-09 18:04:44\",\"accept_station\":\"【山东省德州市武城县公司】 已打包\"},{\"accept_time\":\"2017-05-09 18:04:57\",\"accept_station\":\"【山东省德州市武城县公司】 已发出 下一站 【济南转运中心】\"},{\"accept_time\":\"2017-05-09 21:07:46\",\"accept_station\":\"【济南转运中心】 已收入\"},{\"accept_time\":\"2017-05-09 21:10:24\",\"accept_station\":\"【济南转运中心】 已发出 下一站 【宁波转运中心】\"},{\"accept_time\":\"2017-05-11 01:59:19\",\"accept_station\":\"【宁波转运中心】 已收入\"},{\"accept_time\":\"2017-05-11 05:00:23\",\"accept_station\":\"【宁波转运中心】 已发出 下一站 【浙江省宁波市邱隘公司】\"},{\"accept_time\":\"2017-05-11 08:42:28\",\"accept_station\":\"【浙江省宁波市邱隘公司】 已发出 下一站 【宁波转运中心】\"},{\"accept_time\":\"2017-05-11 11:37:03\",\"accept_station\":\"【宁波转运中心】 已收入\"},{\"accept_time\":\"2017-05-11 11:40:27\",\"accept_station\":\"【宁波转运中心】 已发出 下一站 【浙江省宁波市洪塘公司】\"},{\"accept_time\":\"2017-05-11 12:40:14\",\"accept_station\":\"【浙江省宁波市洪塘公司】 已发出 下一站 【浙江省宁波市洪塘B区公司】\"},{\"accept_time\":\"2017-05-11 14:43:55\",\"accept_station\":\"【浙江省宁波市洪塘B区公司】 派件人: 杨增 派件中 派件员电话18613600876\"},{\"accept_time\":\"2017-05-11 17:21:24\",\"accept_station\":\"快件已被广厦怡庭南区【自提柜】代收，请及时取件。有问题请联系派件员15058458548\"},{\"accept_time\":\"2017-05-11 20:12:58\",\"accept_station\":\"客户 签收人: 本人签收 已签收 感谢使用圆通速递，期待再次为您服务\"}]', 3, 0, 1494426296, 1494541528),
(80, 1, '50307219016090094', 2, 'ZTO', '450644928478', '[{\"accept_time\":\"2017-08-23 22:04:55\",\"accept_station\":\"[东莞市] [东莞石碣]的RK数码已收件 电话:暂无\"},{\"accept_time\":\"2017-08-23 22:30:55\",\"accept_station\":\"[东莞市] 快件离开 [东莞石碣]已发往[宁波]\"},{\"accept_time\":\"2017-08-24 01:19:54\",\"accept_station\":\"[东莞市] 快件到达 [东莞中心]\"},{\"accept_time\":\"2017-08-24 01:23:29\",\"accept_station\":\"[东莞市] 快件离开 [东莞中心]已发往[宁波中转部]\"},{\"accept_time\":\"2017-08-25 03:21:46\",\"accept_station\":\"[宁波市] 快件到达 [宁波中转部]\"},{\"accept_time\":\"2017-08-25 03:41:32\",\"accept_station\":\"[宁波市] 快件离开 [宁波中转部]已发往[宁波]\"},{\"accept_time\":\"2017-08-25 06:13:05\",\"accept_station\":\"[宁波市] 快件到达 [宁波洪塘]\"},{\"accept_time\":\"2017-08-25 06:33:56\",\"accept_station\":\"[宁波市] 快件离开 [宁波洪塘]已发往[宁波洪塘庄桥二部]\"},{\"accept_time\":\"2017-08-25 10:17:49\",\"accept_station\":\"[宁波市] 快件已到达[宁波洪塘庄桥二部],业务员罗小虎正在第1次派件 电话:13780009434 请保持电话畅通、耐心等待\"},{\"accept_time\":\"2017-08-25 13:24:46\",\"accept_station\":\"[宁波市] [宁波洪塘庄桥二部]的派件已签收 感谢使用中通快递,期待再次为您服务!\"}]', 3, 0, 1503537304, 1503649491),
(81, 1, 'PO_H9057663247141790001', 1, 'SF', '111222333444555', '[]', 0, 1, 1505233258, 1505233258),
(82, 1, '11475031669090094', 7, 'EMS', '1129493657532', '[{\"accept_time\":\"2017-04-27 19:32:15\",\"accept_station\":\"温州市瑞安分公司场桥经营部已收件（揽投员姓名：冯康北,联系电话:13587572587），温州市\",\"remark\":\"\"},{\"accept_time\":\"2017-04-27 22:23:00\",\"accept_station\":\"离开温州市 发往台州市，温州市\",\"remark\":\"\"},{\"accept_time\":\"2017-04-28 01:09:00\",\"accept_station\":\"到达台州市处理中心（经转），台州市\",\"remark\":\"\"},{\"accept_time\":\"2017-04-28 02:58:00\",\"accept_station\":\"离开台州市 发往宁波市（经转），台州市\",\"remark\":\"\"},{\"accept_time\":\"2017-04-28 05:20:00\",\"accept_station\":\"到达  宁波邮区中心局邮件处理中心 处理中心，宁波市\",\"remark\":\"\"},{\"accept_time\":\"2017-04-28 06:30:08\",\"accept_station\":\"离开宁波市 发往江北速递分公司洪塘经营部，宁波市\",\"remark\":\"\"},{\"accept_time\":\"2017-04-28 07:36:38\",\"accept_station\":\"江北速递分公司洪塘经营部安排投递，预计13:00:00前投递（投递员姓名：顾豪杰;联系电话：13600629547），宁波市\",\"remark\":\"\"},{\"accept_time\":\"2017-04-28 08:54:00\",\"accept_station\":\"已离开宁波邮区中心局邮件处理中心，发往宁波市邮政局速递公司，宁波市\",\"remark\":\"\"},{\"accept_time\":\"2017-04-28 11:05:50\",\"accept_station\":\"投递并签收，签收人：他人收 丰巢，宁波市\",\"remark\":\"\"}]', 3, 0, 1493349047, 1493457934),
(83, 0, '11475031670090094', 4, 'YD', '3934010097802', '[{\"accept_time\":\"2017-04-27 18:59:16\",\"accept_station\":\"到达：贵州贵阳沙冲路公司 已收件\"},{\"accept_time\":\"2017-04-27 21:07:15\",\"accept_station\":\"到达：贵州贵阳分拨中心\"},{\"accept_time\":\"2017-04-27 21:11:45\",\"accept_station\":\"到达：贵州贵阳分拨中心 发往：浙江义乌分拨中心\"},{\"accept_time\":\"2017-04-29 00:53:32\",\"accept_station\":\"到达：浙江义乌分拨中心 上级站点：贵州贵阳分拨中心\"},{\"accept_time\":\"2017-04-29 00:55:36\",\"accept_station\":\"到达：浙江义乌分拨中心 发往：浙江宁波分拨中心\"},{\"accept_time\":\"2017-04-29 05:33:55\",\"accept_station\":\"到达：浙江宁波分拨中心 上级站点：浙江义乌分拨中心\"},{\"accept_time\":\"2017-04-29 05:38:31\",\"accept_station\":\"到达：浙江宁波分拨中心 发往：浙江宁波江北区洪塘公司\"},{\"accept_time\":\"2017-04-29 14:20:24\",\"accept_station\":\"到达：浙江宁波江北区洪塘公司 指定：邓康(15888033919) 派送\"},{\"accept_time\":\"2017-04-29 15:38:40\",\"accept_station\":\"到达：云柜智能快递柜 上级站点：浙江宁波江北区洪塘公司 发往：\"},{\"accept_time\":\"2017-04-29 18:58:14\",\"accept_station\":\"已签收，感谢使用韵达，期待再次为您服务\"}]', 3, 0, 1493349141, 1493523769),
(84, 1, '15833929218090094', 5, 'STO', '402518834456', '[{\"accept_time\":\"2017-05-07 17:46:45\",\"accept_station\":\"【收件】【陕西西安曲江】的【曲江1 手机(15332460295)】已收件,扫描员是【曲江1】\"},{\"accept_time\":\"2017-05-07 17:52:56\",\"accept_station\":\"【发件】快件在【陕西西安曲江】由【曲江】扫描发往【陕西西安航空部】\"},{\"accept_time\":\"2017-05-07 20:15:20\",\"accept_station\":\"【到件】快件到达【陕西西安航空部】,上一站是【陕西西安曲江】,扫描员是【二号称】\"},{\"accept_time\":\"2017-05-07 20:43:26\",\"accept_station\":\"【装袋】快件在【陕西西安航空部】进行装包发往扫描，发往【浙江杭州中转部】\"},{\"accept_time\":\"2017-05-08 23:15:03\",\"accept_station\":\"【发件】快件在【浙江杭州中转部】由【周林会】扫描发往【浙江宁波中转部】\"},{\"accept_time\":\"2017-05-09 04:24:55\",\"accept_station\":\"【发件】快件在【浙江宁波中转部】由【周玲惠】扫描发往【浙江宁波江北公司】\"},{\"accept_time\":\"2017-05-09 04:24:55\",\"accept_station\":\"【装车】【浙江宁波中转部】正在进行【装车】扫描\"},{\"accept_time\":\"2017-05-09 06:43:38\",\"accept_station\":\"【到件】快件到达【浙江宁波江北公司】,上一站是【】,扫描员是【操作部】\"},{\"accept_time\":\"2017-05-09 08:30:01\",\"accept_station\":\"【派件】【浙江宁波江北公司】的【万达营业厅 手机(18158566887)】正在派件,扫描员是【万达点部】\"},{\"accept_time\":\"2017-05-09 10:35:20\",\"accept_station\":\"【派件入柜】快件派送至快递柜【广厦怡庭南区18幢架空层丰巢快递柜】，派件员是【万达点部(18158566887)】\"},{\"accept_time\":\"2017-05-09 12:13:12\",\"accept_station\":\"【签收】已签收,签收人是:【收件箱】\"}]', 3, 0, 1494207583, 1494310165),
(85, 1, '15987151287190094', 2, 'ZTO', '436634129389', '[{\"accept_time\":\"2017-05-03 16:05:10\",\"accept_station\":\"[长沙市] [长沙市场部]的宋娟已收件 电话:13874910870\"},{\"accept_time\":\"2017-05-03 22:26:29\",\"accept_station\":\"[长沙市] 快件到达 [长沙中转部]\"},{\"accept_time\":\"2017-05-04 01:38:26\",\"accept_station\":\"[长沙市] 快件离开 [长沙中转部]已发往[宁波]\"},{\"accept_time\":\"2017-05-04 19:19:41\",\"accept_station\":\"[台州市] 快件到达 [台州中转部]\"},{\"accept_time\":\"2017-05-04 19:49:29\",\"accept_station\":\"[台州市] 快件离开 [台州中转部]已发往[宁波中转部]\"},{\"accept_time\":\"2017-05-05 03:31:00\",\"accept_station\":\"[宁波市] 快件到达 [宁波中转部]\"},{\"accept_time\":\"2017-05-05 04:05:56\",\"accept_station\":\"[宁波市] 快件离开 [宁波中转部]已发往[宁波]\"},{\"accept_time\":\"2017-05-05 07:36:44\",\"accept_station\":\"[宁波市] 快件离开 [宁波洪塘]已发往[宁波洪塘庄桥二部]\"},{\"accept_time\":\"2017-05-05 12:36:10\",\"accept_station\":\"[宁波市] 快件已到达[宁波洪塘庄桥二部],业务员罗小虎正在第1次派件 电话:13780009434 请保持电话畅通、耐心等待\"},{\"accept_time\":\"2017-05-05 13:57:23\",\"accept_station\":\"[宁波市] [宁波洪塘庄桥二部]的派件已签收 感谢使用中通快递,期待再次为您服务!\"},{\"accept_time\":\"2017-05-05 19:02:06\",\"accept_station\":\"[宁波市] [宁波洪塘庄桥二部]的罗小虎已收件 电话:13780009434\"}]', 4, 0, 1494235871, 1494237047),
(86, 1, '16548008188090094', 3, 'YTO', '885022354514081453', '[{\"accept_time\":\"2017-05-09 17:44:44\",\"accept_station\":\"【山东省德州市武城县公司】 已收件\"},{\"accept_time\":\"2017-05-09 18:04:44\",\"accept_station\":\"【山东省德州市武城县公司】 已打包\"},{\"accept_time\":\"2017-05-09 18:04:57\",\"accept_station\":\"【山东省德州市武城县公司】 已发出 下一站 【济南转运中心】\"},{\"accept_time\":\"2017-05-09 21:07:46\",\"accept_station\":\"【济南转运中心】 已收入\"},{\"accept_time\":\"2017-05-09 21:10:24\",\"accept_station\":\"【济南转运中心】 已发出 下一站 【宁波转运中心】\"},{\"accept_time\":\"2017-05-11 01:59:19\",\"accept_station\":\"【宁波转运中心】 已收入\"},{\"accept_time\":\"2017-05-11 05:00:23\",\"accept_station\":\"【宁波转运中心】 已发出 下一站 【浙江省宁波市邱隘公司】\"},{\"accept_time\":\"2017-05-11 08:42:28\",\"accept_station\":\"【浙江省宁波市邱隘公司】 已发出 下一站 【宁波转运中心】\"},{\"accept_time\":\"2017-05-11 11:37:03\",\"accept_station\":\"【宁波转运中心】 已收入\"},{\"accept_time\":\"2017-05-11 11:40:27\",\"accept_station\":\"【宁波转运中心】 已发出 下一站 【浙江省宁波市洪塘公司】\"},{\"accept_time\":\"2017-05-11 12:40:14\",\"accept_station\":\"【浙江省宁波市洪塘公司】 已发出 下一站 【浙江省宁波市洪塘B区公司】\"},{\"accept_time\":\"2017-05-11 14:43:55\",\"accept_station\":\"【浙江省宁波市洪塘B区公司】 派件人: 杨增 派件中 派件员电话18613600876\"},{\"accept_time\":\"2017-05-11 17:21:24\",\"accept_station\":\"快件已被广厦怡庭南区【自提柜】代收，请及时取件。有问题请联系派件员15058458548\"},{\"accept_time\":\"2017-05-11 20:12:58\",\"accept_station\":\"客户 签收人: 本人签收 已签收 感谢使用圆通速递，期待再次为您服务\"}]', 3, 0, 1494426296, 1494541528),
(87, 1, '50307219016090094', 2, 'ZTO', '450644928478', '[{\"accept_time\":\"2017-08-23 22:04:55\",\"accept_station\":\"[东莞市] [东莞石碣]的RK数码已收件 电话:暂无\"},{\"accept_time\":\"2017-08-23 22:30:55\",\"accept_station\":\"[东莞市] 快件离开 [东莞石碣]已发往[宁波]\"},{\"accept_time\":\"2017-08-24 01:19:54\",\"accept_station\":\"[东莞市] 快件到达 [东莞中心]\"},{\"accept_time\":\"2017-08-24 01:23:29\",\"accept_station\":\"[东莞市] 快件离开 [东莞中心]已发往[宁波中转部]\"},{\"accept_time\":\"2017-08-25 03:21:46\",\"accept_station\":\"[宁波市] 快件到达 [宁波中转部]\"},{\"accept_time\":\"2017-08-25 03:41:32\",\"accept_station\":\"[宁波市] 快件离开 [宁波中转部]已发往[宁波]\"},{\"accept_time\":\"2017-08-25 06:13:05\",\"accept_station\":\"[宁波市] 快件到达 [宁波洪塘]\"},{\"accept_time\":\"2017-08-25 06:33:56\",\"accept_station\":\"[宁波市] 快件离开 [宁波洪塘]已发往[宁波洪塘庄桥二部]\"},{\"accept_time\":\"2017-08-25 10:17:49\",\"accept_station\":\"[宁波市] 快件已到达[宁波洪塘庄桥二部],业务员罗小虎正在第1次派件 电话:13780009434 请保持电话畅通、耐心等待\"},{\"accept_time\":\"2017-08-25 13:24:46\",\"accept_station\":\"[宁波市] [宁波洪塘庄桥二部]的派件已签收 感谢使用中通快递,期待再次为您服务!\"}]', 3, 0, 1503537304, 1503649491),
(88, 1, 'PO_H9057663247141790001', 1, 'SF', '111222333444555', '[]', 0, 1, 1505233258, 1505233258),
(89, 1, '11475031669090094', 7, 'EMS', '1129493657532', '[{\"accept_time\":\"2017-04-27 19:32:15\",\"accept_station\":\"温州市瑞安分公司场桥经营部已收件（揽投员姓名：冯康北,联系电话:13587572587），温州市\",\"remark\":\"\"},{\"accept_time\":\"2017-04-27 22:23:00\",\"accept_station\":\"离开温州市 发往台州市，温州市\",\"remark\":\"\"},{\"accept_time\":\"2017-04-28 01:09:00\",\"accept_station\":\"到达台州市处理中心（经转），台州市\",\"remark\":\"\"},{\"accept_time\":\"2017-04-28 02:58:00\",\"accept_station\":\"离开台州市 发往宁波市（经转），台州市\",\"remark\":\"\"},{\"accept_time\":\"2017-04-28 05:20:00\",\"accept_station\":\"到达  宁波邮区中心局邮件处理中心 处理中心，宁波市\",\"remark\":\"\"},{\"accept_time\":\"2017-04-28 06:30:08\",\"accept_station\":\"离开宁波市 发往江北速递分公司洪塘经营部，宁波市\",\"remark\":\"\"},{\"accept_time\":\"2017-04-28 07:36:38\",\"accept_station\":\"江北速递分公司洪塘经营部安排投递，预计13:00:00前投递（投递员姓名：顾豪杰;联系电话：13600629547），宁波市\",\"remark\":\"\"},{\"accept_time\":\"2017-04-28 08:54:00\",\"accept_station\":\"已离开宁波邮区中心局邮件处理中心，发往宁波市邮政局速递公司，宁波市\",\"remark\":\"\"},{\"accept_time\":\"2017-04-28 11:05:50\",\"accept_station\":\"投递并签收，签收人：他人收 丰巢，宁波市\",\"remark\":\"\"}]', 3, 0, 1493349047, 1493457934),
(90, 0, '11475031670090094', 4, 'YD', '3934010097802', '[{\"accept_time\":\"2017-04-27 18:59:16\",\"accept_station\":\"到达：贵州贵阳沙冲路公司 已收件\"},{\"accept_time\":\"2017-04-27 21:07:15\",\"accept_station\":\"到达：贵州贵阳分拨中心\"},{\"accept_time\":\"2017-04-27 21:11:45\",\"accept_station\":\"到达：贵州贵阳分拨中心 发往：浙江义乌分拨中心\"},{\"accept_time\":\"2017-04-29 00:53:32\",\"accept_station\":\"到达：浙江义乌分拨中心 上级站点：贵州贵阳分拨中心\"},{\"accept_time\":\"2017-04-29 00:55:36\",\"accept_station\":\"到达：浙江义乌分拨中心 发往：浙江宁波分拨中心\"},{\"accept_time\":\"2017-04-29 05:33:55\",\"accept_station\":\"到达：浙江宁波分拨中心 上级站点：浙江义乌分拨中心\"},{\"accept_time\":\"2017-04-29 05:38:31\",\"accept_station\":\"到达：浙江宁波分拨中心 发往：浙江宁波江北区洪塘公司\"},{\"accept_time\":\"2017-04-29 14:20:24\",\"accept_station\":\"到达：浙江宁波江北区洪塘公司 指定：邓康(15888033919) 派送\"},{\"accept_time\":\"2017-04-29 15:38:40\",\"accept_station\":\"到达：云柜智能快递柜 上级站点：浙江宁波江北区洪塘公司 发往：\"},{\"accept_time\":\"2017-04-29 18:58:14\",\"accept_station\":\"已签收，感谢使用韵达，期待再次为您服务\"}]', 3, 0, 1493349141, 1493523769),
(91, 1, '15833929218090094', 5, 'STO', '402518834456', '[{\"accept_time\":\"2017-05-07 17:46:45\",\"accept_station\":\"【收件】【陕西西安曲江】的【曲江1 手机(15332460295)】已收件,扫描员是【曲江1】\"},{\"accept_time\":\"2017-05-07 17:52:56\",\"accept_station\":\"【发件】快件在【陕西西安曲江】由【曲江】扫描发往【陕西西安航空部】\"},{\"accept_time\":\"2017-05-07 20:15:20\",\"accept_station\":\"【到件】快件到达【陕西西安航空部】,上一站是【陕西西安曲江】,扫描员是【二号称】\"},{\"accept_time\":\"2017-05-07 20:43:26\",\"accept_station\":\"【装袋】快件在【陕西西安航空部】进行装包发往扫描，发往【浙江杭州中转部】\"},{\"accept_time\":\"2017-05-08 23:15:03\",\"accept_station\":\"【发件】快件在【浙江杭州中转部】由【周林会】扫描发往【浙江宁波中转部】\"},{\"accept_time\":\"2017-05-09 04:24:55\",\"accept_station\":\"【发件】快件在【浙江宁波中转部】由【周玲惠】扫描发往【浙江宁波江北公司】\"},{\"accept_time\":\"2017-05-09 04:24:55\",\"accept_station\":\"【装车】【浙江宁波中转部】正在进行【装车】扫描\"},{\"accept_time\":\"2017-05-09 06:43:38\",\"accept_station\":\"【到件】快件到达【浙江宁波江北公司】,上一站是【】,扫描员是【操作部】\"},{\"accept_time\":\"2017-05-09 08:30:01\",\"accept_station\":\"【派件】【浙江宁波江北公司】的【万达营业厅 手机(18158566887)】正在派件,扫描员是【万达点部】\"},{\"accept_time\":\"2017-05-09 10:35:20\",\"accept_station\":\"【派件入柜】快件派送至快递柜【广厦怡庭南区18幢架空层丰巢快递柜】，派件员是【万达点部(18158566887)】\"},{\"accept_time\":\"2017-05-09 12:13:12\",\"accept_station\":\"【签收】已签收,签收人是:【收件箱】\"}]', 3, 0, 1494207583, 1494310165),
(92, 1, '15987151287190094', 2, 'ZTO', '436634129389', '[{\"accept_time\":\"2017-05-03 16:05:10\",\"accept_station\":\"[长沙市] [长沙市场部]的宋娟已收件 电话:13874910870\"},{\"accept_time\":\"2017-05-03 22:26:29\",\"accept_station\":\"[长沙市] 快件到达 [长沙中转部]\"},{\"accept_time\":\"2017-05-04 01:38:26\",\"accept_station\":\"[长沙市] 快件离开 [长沙中转部]已发往[宁波]\"},{\"accept_time\":\"2017-05-04 19:19:41\",\"accept_station\":\"[台州市] 快件到达 [台州中转部]\"},{\"accept_time\":\"2017-05-04 19:49:29\",\"accept_station\":\"[台州市] 快件离开 [台州中转部]已发往[宁波中转部]\"},{\"accept_time\":\"2017-05-05 03:31:00\",\"accept_station\":\"[宁波市] 快件到达 [宁波中转部]\"},{\"accept_time\":\"2017-05-05 04:05:56\",\"accept_station\":\"[宁波市] 快件离开 [宁波中转部]已发往[宁波]\"},{\"accept_time\":\"2017-05-05 07:36:44\",\"accept_station\":\"[宁波市] 快件离开 [宁波洪塘]已发往[宁波洪塘庄桥二部]\"},{\"accept_time\":\"2017-05-05 12:36:10\",\"accept_station\":\"[宁波市] 快件已到达[宁波洪塘庄桥二部],业务员罗小虎正在第1次派件 电话:13780009434 请保持电话畅通、耐心等待\"},{\"accept_time\":\"2017-05-05 13:57:23\",\"accept_station\":\"[宁波市] [宁波洪塘庄桥二部]的派件已签收 感谢使用中通快递,期待再次为您服务!\"},{\"accept_time\":\"2017-05-05 19:02:06\",\"accept_station\":\"[宁波市] [宁波洪塘庄桥二部]的罗小虎已收件 电话:13780009434\"}]', 4, 0, 1494235871, 1494237047),
(93, 1, '16548008188090094', 3, 'YTO', '885022354514081453', '[{\"accept_time\":\"2017-05-09 17:44:44\",\"accept_station\":\"【山东省德州市武城县公司】 已收件\"},{\"accept_time\":\"2017-05-09 18:04:44\",\"accept_station\":\"【山东省德州市武城县公司】 已打包\"},{\"accept_time\":\"2017-05-09 18:04:57\",\"accept_station\":\"【山东省德州市武城县公司】 已发出 下一站 【济南转运中心】\"},{\"accept_time\":\"2017-05-09 21:07:46\",\"accept_station\":\"【济南转运中心】 已收入\"},{\"accept_time\":\"2017-05-09 21:10:24\",\"accept_station\":\"【济南转运中心】 已发出 下一站 【宁波转运中心】\"},{\"accept_time\":\"2017-05-11 01:59:19\",\"accept_station\":\"【宁波转运中心】 已收入\"},{\"accept_time\":\"2017-05-11 05:00:23\",\"accept_station\":\"【宁波转运中心】 已发出 下一站 【浙江省宁波市邱隘公司】\"},{\"accept_time\":\"2017-05-11 08:42:28\",\"accept_station\":\"【浙江省宁波市邱隘公司】 已发出 下一站 【宁波转运中心】\"},{\"accept_time\":\"2017-05-11 11:37:03\",\"accept_station\":\"【宁波转运中心】 已收入\"},{\"accept_time\":\"2017-05-11 11:40:27\",\"accept_station\":\"【宁波转运中心】 已发出 下一站 【浙江省宁波市洪塘公司】\"},{\"accept_time\":\"2017-05-11 12:40:14\",\"accept_station\":\"【浙江省宁波市洪塘公司】 已发出 下一站 【浙江省宁波市洪塘B区公司】\"},{\"accept_time\":\"2017-05-11 14:43:55\",\"accept_station\":\"【浙江省宁波市洪塘B区公司】 派件人: 杨增 派件中 派件员电话18613600876\"},{\"accept_time\":\"2017-05-11 17:21:24\",\"accept_station\":\"快件已被广厦怡庭南区【自提柜】代收，请及时取件。有问题请联系派件员15058458548\"},{\"accept_time\":\"2017-05-11 20:12:58\",\"accept_station\":\"客户 签收人: 本人签收 已签收 感谢使用圆通速递，期待再次为您服务\"}]', 3, 0, 1494426296, 1494541528),
(94, 1, '50307219016090094', 2, 'ZTO', '450644928478', '[{\"accept_time\":\"2017-08-23 22:04:55\",\"accept_station\":\"[东莞市] [东莞石碣]的RK数码已收件 电话:暂无\"},{\"accept_time\":\"2017-08-23 22:30:55\",\"accept_station\":\"[东莞市] 快件离开 [东莞石碣]已发往[宁波]\"},{\"accept_time\":\"2017-08-24 01:19:54\",\"accept_station\":\"[东莞市] 快件到达 [东莞中心]\"},{\"accept_time\":\"2017-08-24 01:23:29\",\"accept_station\":\"[东莞市] 快件离开 [东莞中心]已发往[宁波中转部]\"},{\"accept_time\":\"2017-08-25 03:21:46\",\"accept_station\":\"[宁波市] 快件到达 [宁波中转部]\"},{\"accept_time\":\"2017-08-25 03:41:32\",\"accept_station\":\"[宁波市] 快件离开 [宁波中转部]已发往[宁波]\"},{\"accept_time\":\"2017-08-25 06:13:05\",\"accept_station\":\"[宁波市] 快件到达 [宁波洪塘]\"},{\"accept_time\":\"2017-08-25 06:33:56\",\"accept_station\":\"[宁波市] 快件离开 [宁波洪塘]已发往[宁波洪塘庄桥二部]\"},{\"accept_time\":\"2017-08-25 10:17:49\",\"accept_station\":\"[宁波市] 快件已到达[宁波洪塘庄桥二部],业务员罗小虎正在第1次派件 电话:13780009434 请保持电话畅通、耐心等待\"},{\"accept_time\":\"2017-08-25 13:24:46\",\"accept_station\":\"[宁波市] [宁波洪塘庄桥二部]的派件已签收 感谢使用中通快递,期待再次为您服务!\"}]', 3, 0, 1503537304, 1503649491),
(95, 1, 'PO_H9057663247141790001', 1, 'SF', '111222333444555', '[]', 0, 1, 1505233258, 1505233258),
(96, 1, '11475031669090094', 7, 'EMS', '1129493657532', '[{\"accept_time\":\"2017-04-27 19:32:15\",\"accept_station\":\"温州市瑞安分公司场桥经营部已收件（揽投员姓名：冯康北,联系电话:13587572587），温州市\",\"remark\":\"\"},{\"accept_time\":\"2017-04-27 22:23:00\",\"accept_station\":\"离开温州市 发往台州市，温州市\",\"remark\":\"\"},{\"accept_time\":\"2017-04-28 01:09:00\",\"accept_station\":\"到达台州市处理中心（经转），台州市\",\"remark\":\"\"},{\"accept_time\":\"2017-04-28 02:58:00\",\"accept_station\":\"离开台州市 发往宁波市（经转），台州市\",\"remark\":\"\"},{\"accept_time\":\"2017-04-28 05:20:00\",\"accept_station\":\"到达  宁波邮区中心局邮件处理中心 处理中心，宁波市\",\"remark\":\"\"},{\"accept_time\":\"2017-04-28 06:30:08\",\"accept_station\":\"离开宁波市 发往江北速递分公司洪塘经营部，宁波市\",\"remark\":\"\"},{\"accept_time\":\"2017-04-28 07:36:38\",\"accept_station\":\"江北速递分公司洪塘经营部安排投递，预计13:00:00前投递（投递员姓名：顾豪杰;联系电话：13600629547），宁波市\",\"remark\":\"\"},{\"accept_time\":\"2017-04-28 08:54:00\",\"accept_station\":\"已离开宁波邮区中心局邮件处理中心，发往宁波市邮政局速递公司，宁波市\",\"remark\":\"\"},{\"accept_time\":\"2017-04-28 11:05:50\",\"accept_station\":\"投递并签收，签收人：他人收 丰巢，宁波市\",\"remark\":\"\"}]', 3, 0, 1493349047, 1493457934),
(97, 0, '11475031670090094', 4, 'YD', '3934010097802', '[{\"accept_time\":\"2017-04-27 18:59:16\",\"accept_station\":\"到达：贵州贵阳沙冲路公司 已收件\"},{\"accept_time\":\"2017-04-27 21:07:15\",\"accept_station\":\"到达：贵州贵阳分拨中心\"},{\"accept_time\":\"2017-04-27 21:11:45\",\"accept_station\":\"到达：贵州贵阳分拨中心 发往：浙江义乌分拨中心\"},{\"accept_time\":\"2017-04-29 00:53:32\",\"accept_station\":\"到达：浙江义乌分拨中心 上级站点：贵州贵阳分拨中心\"},{\"accept_time\":\"2017-04-29 00:55:36\",\"accept_station\":\"到达：浙江义乌分拨中心 发往：浙江宁波分拨中心\"},{\"accept_time\":\"2017-04-29 05:33:55\",\"accept_station\":\"到达：浙江宁波分拨中心 上级站点：浙江义乌分拨中心\"},{\"accept_time\":\"2017-04-29 05:38:31\",\"accept_station\":\"到达：浙江宁波分拨中心 发往：浙江宁波江北区洪塘公司\"},{\"accept_time\":\"2017-04-29 14:20:24\",\"accept_station\":\"到达：浙江宁波江北区洪塘公司 指定：邓康(15888033919) 派送\"},{\"accept_time\":\"2017-04-29 15:38:40\",\"accept_station\":\"到达：云柜智能快递柜 上级站点：浙江宁波江北区洪塘公司 发往：\"},{\"accept_time\":\"2017-04-29 18:58:14\",\"accept_station\":\"已签收，感谢使用韵达，期待再次为您服务\"}]', 3, 0, 1493349141, 1493523769),
(98, 1, '15833929218090094', 5, 'STO', '402518834456', '[{\"accept_time\":\"2017-05-07 17:46:45\",\"accept_station\":\"【收件】【陕西西安曲江】的【曲江1 手机(15332460295)】已收件,扫描员是【曲江1】\"},{\"accept_time\":\"2017-05-07 17:52:56\",\"accept_station\":\"【发件】快件在【陕西西安曲江】由【曲江】扫描发往【陕西西安航空部】\"},{\"accept_time\":\"2017-05-07 20:15:20\",\"accept_station\":\"【到件】快件到达【陕西西安航空部】,上一站是【陕西西安曲江】,扫描员是【二号称】\"},{\"accept_time\":\"2017-05-07 20:43:26\",\"accept_station\":\"【装袋】快件在【陕西西安航空部】进行装包发往扫描，发往【浙江杭州中转部】\"},{\"accept_time\":\"2017-05-08 23:15:03\",\"accept_station\":\"【发件】快件在【浙江杭州中转部】由【周林会】扫描发往【浙江宁波中转部】\"},{\"accept_time\":\"2017-05-09 04:24:55\",\"accept_station\":\"【发件】快件在【浙江宁波中转部】由【周玲惠】扫描发往【浙江宁波江北公司】\"},{\"accept_time\":\"2017-05-09 04:24:55\",\"accept_station\":\"【装车】【浙江宁波中转部】正在进行【装车】扫描\"},{\"accept_time\":\"2017-05-09 06:43:38\",\"accept_station\":\"【到件】快件到达【浙江宁波江北公司】,上一站是【】,扫描员是【操作部】\"},{\"accept_time\":\"2017-05-09 08:30:01\",\"accept_station\":\"【派件】【浙江宁波江北公司】的【万达营业厅 手机(18158566887)】正在派件,扫描员是【万达点部】\"},{\"accept_time\":\"2017-05-09 10:35:20\",\"accept_station\":\"【派件入柜】快件派送至快递柜【广厦怡庭南区18幢架空层丰巢快递柜】，派件员是【万达点部(18158566887)】\"},{\"accept_time\":\"2017-05-09 12:13:12\",\"accept_station\":\"【签收】已签收,签收人是:【收件箱】\"}]', 3, 0, 1494207583, 1494310165),
(99, 1, '15987151287190094', 2, 'ZTO', '436634129389', '[{\"accept_time\":\"2017-05-03 16:05:10\",\"accept_station\":\"[长沙市] [长沙市场部]的宋娟已收件 电话:13874910870\"},{\"accept_time\":\"2017-05-03 22:26:29\",\"accept_station\":\"[长沙市] 快件到达 [长沙中转部]\"},{\"accept_time\":\"2017-05-04 01:38:26\",\"accept_station\":\"[长沙市] 快件离开 [长沙中转部]已发往[宁波]\"},{\"accept_time\":\"2017-05-04 19:19:41\",\"accept_station\":\"[台州市] 快件到达 [台州中转部]\"},{\"accept_time\":\"2017-05-04 19:49:29\",\"accept_station\":\"[台州市] 快件离开 [台州中转部]已发往[宁波中转部]\"},{\"accept_time\":\"2017-05-05 03:31:00\",\"accept_station\":\"[宁波市] 快件到达 [宁波中转部]\"},{\"accept_time\":\"2017-05-05 04:05:56\",\"accept_station\":\"[宁波市] 快件离开 [宁波中转部]已发往[宁波]\"},{\"accept_time\":\"2017-05-05 07:36:44\",\"accept_station\":\"[宁波市] 快件离开 [宁波洪塘]已发往[宁波洪塘庄桥二部]\"},{\"accept_time\":\"2017-05-05 12:36:10\",\"accept_station\":\"[宁波市] 快件已到达[宁波洪塘庄桥二部],业务员罗小虎正在第1次派件 电话:13780009434 请保持电话畅通、耐心等待\"},{\"accept_time\":\"2017-05-05 13:57:23\",\"accept_station\":\"[宁波市] [宁波洪塘庄桥二部]的派件已签收 感谢使用中通快递,期待再次为您服务!\"},{\"accept_time\":\"2017-05-05 19:02:06\",\"accept_station\":\"[宁波市] [宁波洪塘庄桥二部]的罗小虎已收件 电话:13780009434\"}]', 4, 0, 1494235871, 1494237047),
(100, 1, '16548008188090094', 3, 'YTO', '885022354514081453', '[{\"accept_time\":\"2017-05-09 17:44:44\",\"accept_station\":\"【山东省德州市武城县公司】 已收件\"},{\"accept_time\":\"2017-05-09 18:04:44\",\"accept_station\":\"【山东省德州市武城县公司】 已打包\"},{\"accept_time\":\"2017-05-09 18:04:57\",\"accept_station\":\"【山东省德州市武城县公司】 已发出 下一站 【济南转运中心】\"},{\"accept_time\":\"2017-05-09 21:07:46\",\"accept_station\":\"【济南转运中心】 已收入\"},{\"accept_time\":\"2017-05-09 21:10:24\",\"accept_station\":\"【济南转运中心】 已发出 下一站 【宁波转运中心】\"},{\"accept_time\":\"2017-05-11 01:59:19\",\"accept_station\":\"【宁波转运中心】 已收入\"},{\"accept_time\":\"2017-05-11 05:00:23\",\"accept_station\":\"【宁波转运中心】 已发出 下一站 【浙江省宁波市邱隘公司】\"},{\"accept_time\":\"2017-05-11 08:42:28\",\"accept_station\":\"【浙江省宁波市邱隘公司】 已发出 下一站 【宁波转运中心】\"},{\"accept_time\":\"2017-05-11 11:37:03\",\"accept_station\":\"【宁波转运中心】 已收入\"},{\"accept_time\":\"2017-05-11 11:40:27\",\"accept_station\":\"【宁波转运中心】 已发出 下一站 【浙江省宁波市洪塘公司】\"},{\"accept_time\":\"2017-05-11 12:40:14\",\"accept_station\":\"【浙江省宁波市洪塘公司】 已发出 下一站 【浙江省宁波市洪塘B区公司】\"},{\"accept_time\":\"2017-05-11 14:43:55\",\"accept_station\":\"【浙江省宁波市洪塘B区公司】 派件人: 杨增 派件中 派件员电话18613600876\"},{\"accept_time\":\"2017-05-11 17:21:24\",\"accept_station\":\"快件已被广厦怡庭南区【自提柜】代收，请及时取件。有问题请联系派件员15058458548\"},{\"accept_time\":\"2017-05-11 20:12:58\",\"accept_station\":\"客户 签收人: 本人签收 已签收 感谢使用圆通速递，期待再次为您服务\"}]', 3, 0, 1494426296, 1494541528),
(101, 1, '50307219016090094', 2, 'ZTO', '450644928478', '[{\"accept_time\":\"2017-08-23 22:04:55\",\"accept_station\":\"[东莞市] [东莞石碣]的RK数码已收件 电话:暂无\"},{\"accept_time\":\"2017-08-23 22:30:55\",\"accept_station\":\"[东莞市] 快件离开 [东莞石碣]已发往[宁波]\"},{\"accept_time\":\"2017-08-24 01:19:54\",\"accept_station\":\"[东莞市] 快件到达 [东莞中心]\"},{\"accept_time\":\"2017-08-24 01:23:29\",\"accept_station\":\"[东莞市] 快件离开 [东莞中心]已发往[宁波中转部]\"},{\"accept_time\":\"2017-08-25 03:21:46\",\"accept_station\":\"[宁波市] 快件到达 [宁波中转部]\"},{\"accept_time\":\"2017-08-25 03:41:32\",\"accept_station\":\"[宁波市] 快件离开 [宁波中转部]已发往[宁波]\"},{\"accept_time\":\"2017-08-25 06:13:05\",\"accept_station\":\"[宁波市] 快件到达 [宁波洪塘]\"},{\"accept_time\":\"2017-08-25 06:33:56\",\"accept_station\":\"[宁波市] 快件离开 [宁波洪塘]已发往[宁波洪塘庄桥二部]\"},{\"accept_time\":\"2017-08-25 10:17:49\",\"accept_station\":\"[宁波市] 快件已到达[宁波洪塘庄桥二部],业务员罗小虎正在第1次派件 电话:13780009434 请保持电话畅通、耐心等待\"},{\"accept_time\":\"2017-08-25 13:24:46\",\"accept_station\":\"[宁波市] [宁波洪塘庄桥二部]的派件已签收 感谢使用中通快递,期待再次为您服务!\"}]', 3, 0, 1503537304, 1503649491),
(102, 1, 'PO_H9057663247141790001', 1, 'SF', '111222333444555', '[]', 0, 1, 1505233258, 1505233258),
(103, 1, '11475031669090094', 7, 'EMS', '1129493657532', '[{\"accept_time\":\"2017-04-27 19:32:15\",\"accept_station\":\"温州市瑞安分公司场桥经营部已收件（揽投员姓名：冯康北,联系电话:13587572587），温州市\",\"remark\":\"\"},{\"accept_time\":\"2017-04-27 22:23:00\",\"accept_station\":\"离开温州市 发往台州市，温州市\",\"remark\":\"\"},{\"accept_time\":\"2017-04-28 01:09:00\",\"accept_station\":\"到达台州市处理中心（经转），台州市\",\"remark\":\"\"},{\"accept_time\":\"2017-04-28 02:58:00\",\"accept_station\":\"离开台州市 发往宁波市（经转），台州市\",\"remark\":\"\"},{\"accept_time\":\"2017-04-28 05:20:00\",\"accept_station\":\"到达  宁波邮区中心局邮件处理中心 处理中心，宁波市\",\"remark\":\"\"},{\"accept_time\":\"2017-04-28 06:30:08\",\"accept_station\":\"离开宁波市 发往江北速递分公司洪塘经营部，宁波市\",\"remark\":\"\"},{\"accept_time\":\"2017-04-28 07:36:38\",\"accept_station\":\"江北速递分公司洪塘经营部安排投递，预计13:00:00前投递（投递员姓名：顾豪杰;联系电话：13600629547），宁波市\",\"remark\":\"\"},{\"accept_time\":\"2017-04-28 08:54:00\",\"accept_station\":\"已离开宁波邮区中心局邮件处理中心，发往宁波市邮政局速递公司，宁波市\",\"remark\":\"\"},{\"accept_time\":\"2017-04-28 11:05:50\",\"accept_station\":\"投递并签收，签收人：他人收 丰巢，宁波市\",\"remark\":\"\"}]', 3, 0, 1493349047, 1493457934),
(104, 0, '11475031670090094', 4, 'YD', '3934010097802', '[{\"accept_time\":\"2017-04-27 18:59:16\",\"accept_station\":\"到达：贵州贵阳沙冲路公司 已收件\"},{\"accept_time\":\"2017-04-27 21:07:15\",\"accept_station\":\"到达：贵州贵阳分拨中心\"},{\"accept_time\":\"2017-04-27 21:11:45\",\"accept_station\":\"到达：贵州贵阳分拨中心 发往：浙江义乌分拨中心\"},{\"accept_time\":\"2017-04-29 00:53:32\",\"accept_station\":\"到达：浙江义乌分拨中心 上级站点：贵州贵阳分拨中心\"},{\"accept_time\":\"2017-04-29 00:55:36\",\"accept_station\":\"到达：浙江义乌分拨中心 发往：浙江宁波分拨中心\"},{\"accept_time\":\"2017-04-29 05:33:55\",\"accept_station\":\"到达：浙江宁波分拨中心 上级站点：浙江义乌分拨中心\"},{\"accept_time\":\"2017-04-29 05:38:31\",\"accept_station\":\"到达：浙江宁波分拨中心 发往：浙江宁波江北区洪塘公司\"},{\"accept_time\":\"2017-04-29 14:20:24\",\"accept_station\":\"到达：浙江宁波江北区洪塘公司 指定：邓康(15888033919) 派送\"},{\"accept_time\":\"2017-04-29 15:38:40\",\"accept_station\":\"到达：云柜智能快递柜 上级站点：浙江宁波江北区洪塘公司 发往：\"},{\"accept_time\":\"2017-04-29 18:58:14\",\"accept_station\":\"已签收，感谢使用韵达，期待再次为您服务\"}]', 3, 0, 1493349141, 1493523769),
(105, 1, '15833929218090094', 5, 'STO', '402518834456', '[{\"accept_time\":\"2017-05-07 17:46:45\",\"accept_station\":\"【收件】【陕西西安曲江】的【曲江1 手机(15332460295)】已收件,扫描员是【曲江1】\"},{\"accept_time\":\"2017-05-07 17:52:56\",\"accept_station\":\"【发件】快件在【陕西西安曲江】由【曲江】扫描发往【陕西西安航空部】\"},{\"accept_time\":\"2017-05-07 20:15:20\",\"accept_station\":\"【到件】快件到达【陕西西安航空部】,上一站是【陕西西安曲江】,扫描员是【二号称】\"},{\"accept_time\":\"2017-05-07 20:43:26\",\"accept_station\":\"【装袋】快件在【陕西西安航空部】进行装包发往扫描，发往【浙江杭州中转部】\"},{\"accept_time\":\"2017-05-08 23:15:03\",\"accept_station\":\"【发件】快件在【浙江杭州中转部】由【周林会】扫描发往【浙江宁波中转部】\"},{\"accept_time\":\"2017-05-09 04:24:55\",\"accept_station\":\"【发件】快件在【浙江宁波中转部】由【周玲惠】扫描发往【浙江宁波江北公司】\"},{\"accept_time\":\"2017-05-09 04:24:55\",\"accept_station\":\"【装车】【浙江宁波中转部】正在进行【装车】扫描\"},{\"accept_time\":\"2017-05-09 06:43:38\",\"accept_station\":\"【到件】快件到达【浙江宁波江北公司】,上一站是【】,扫描员是【操作部】\"},{\"accept_time\":\"2017-05-09 08:30:01\",\"accept_station\":\"【派件】【浙江宁波江北公司】的【万达营业厅 手机(18158566887)】正在派件,扫描员是【万达点部】\"},{\"accept_time\":\"2017-05-09 10:35:20\",\"accept_station\":\"【派件入柜】快件派送至快递柜【广厦怡庭南区18幢架空层丰巢快递柜】，派件员是【万达点部(18158566887)】\"},{\"accept_time\":\"2017-05-09 12:13:12\",\"accept_station\":\"【签收】已签收,签收人是:【收件箱】\"}]', 3, 0, 1494207583, 1494310165),
(106, 1, '15987151287190094', 2, 'ZTO', '436634129389', '[{\"accept_time\":\"2017-05-03 16:05:10\",\"accept_station\":\"[长沙市] [长沙市场部]的宋娟已收件 电话:13874910870\"},{\"accept_time\":\"2017-05-03 22:26:29\",\"accept_station\":\"[长沙市] 快件到达 [长沙中转部]\"},{\"accept_time\":\"2017-05-04 01:38:26\",\"accept_station\":\"[长沙市] 快件离开 [长沙中转部]已发往[宁波]\"},{\"accept_time\":\"2017-05-04 19:19:41\",\"accept_station\":\"[台州市] 快件到达 [台州中转部]\"},{\"accept_time\":\"2017-05-04 19:49:29\",\"accept_station\":\"[台州市] 快件离开 [台州中转部]已发往[宁波中转部]\"},{\"accept_time\":\"2017-05-05 03:31:00\",\"accept_station\":\"[宁波市] 快件到达 [宁波中转部]\"},{\"accept_time\":\"2017-05-05 04:05:56\",\"accept_station\":\"[宁波市] 快件离开 [宁波中转部]已发往[宁波]\"},{\"accept_time\":\"2017-05-05 07:36:44\",\"accept_station\":\"[宁波市] 快件离开 [宁波洪塘]已发往[宁波洪塘庄桥二部]\"},{\"accept_time\":\"2017-05-05 12:36:10\",\"accept_station\":\"[宁波市] 快件已到达[宁波洪塘庄桥二部],业务员罗小虎正在第1次派件 电话:13780009434 请保持电话畅通、耐心等待\"},{\"accept_time\":\"2017-05-05 13:57:23\",\"accept_station\":\"[宁波市] [宁波洪塘庄桥二部]的派件已签收 感谢使用中通快递,期待再次为您服务!\"},{\"accept_time\":\"2017-05-05 19:02:06\",\"accept_station\":\"[宁波市] [宁波洪塘庄桥二部]的罗小虎已收件 电话:13780009434\"}]', 4, 0, 1494235871, 1494237047),
(107, 1, '16548008188090094', 3, 'YTO', '885022354514081453', '[{\"accept_time\":\"2017-05-09 17:44:44\",\"accept_station\":\"【山东省德州市武城县公司】 已收件\"},{\"accept_time\":\"2017-05-09 18:04:44\",\"accept_station\":\"【山东省德州市武城县公司】 已打包\"},{\"accept_time\":\"2017-05-09 18:04:57\",\"accept_station\":\"【山东省德州市武城县公司】 已发出 下一站 【济南转运中心】\"},{\"accept_time\":\"2017-05-09 21:07:46\",\"accept_station\":\"【济南转运中心】 已收入\"},{\"accept_time\":\"2017-05-09 21:10:24\",\"accept_station\":\"【济南转运中心】 已发出 下一站 【宁波转运中心】\"},{\"accept_time\":\"2017-05-11 01:59:19\",\"accept_station\":\"【宁波转运中心】 已收入\"},{\"accept_time\":\"2017-05-11 05:00:23\",\"accept_station\":\"【宁波转运中心】 已发出 下一站 【浙江省宁波市邱隘公司】\"},{\"accept_time\":\"2017-05-11 08:42:28\",\"accept_station\":\"【浙江省宁波市邱隘公司】 已发出 下一站 【宁波转运中心】\"},{\"accept_time\":\"2017-05-11 11:37:03\",\"accept_station\":\"【宁波转运中心】 已收入\"},{\"accept_time\":\"2017-05-11 11:40:27\",\"accept_station\":\"【宁波转运中心】 已发出 下一站 【浙江省宁波市洪塘公司】\"},{\"accept_time\":\"2017-05-11 12:40:14\",\"accept_station\":\"【浙江省宁波市洪塘公司】 已发出 下一站 【浙江省宁波市洪塘B区公司】\"},{\"accept_time\":\"2017-05-11 14:43:55\",\"accept_station\":\"【浙江省宁波市洪塘B区公司】 派件人: 杨增 派件中 派件员电话18613600876\"},{\"accept_time\":\"2017-05-11 17:21:24\",\"accept_station\":\"快件已被广厦怡庭南区【自提柜】代收，请及时取件。有问题请联系派件员15058458548\"},{\"accept_time\":\"2017-05-11 20:12:58\",\"accept_station\":\"客户 签收人: 本人签收 已签收 感谢使用圆通速递，期待再次为您服务\"}]', 3, 0, 1494426296, 1494541528),
(108, 1, '50307219016090094', 2, 'ZTO', '450644928478', '[{\"accept_time\":\"2017-08-23 22:04:55\",\"accept_station\":\"[东莞市] [东莞石碣]的RK数码已收件 电话:暂无\"},{\"accept_time\":\"2017-08-23 22:30:55\",\"accept_station\":\"[东莞市] 快件离开 [东莞石碣]已发往[宁波]\"},{\"accept_time\":\"2017-08-24 01:19:54\",\"accept_station\":\"[东莞市] 快件到达 [东莞中心]\"},{\"accept_time\":\"2017-08-24 01:23:29\",\"accept_station\":\"[东莞市] 快件离开 [东莞中心]已发往[宁波中转部]\"},{\"accept_time\":\"2017-08-25 03:21:46\",\"accept_station\":\"[宁波市] 快件到达 [宁波中转部]\"},{\"accept_time\":\"2017-08-25 03:41:32\",\"accept_station\":\"[宁波市] 快件离开 [宁波中转部]已发往[宁波]\"},{\"accept_time\":\"2017-08-25 06:13:05\",\"accept_station\":\"[宁波市] 快件到达 [宁波洪塘]\"},{\"accept_time\":\"2017-08-25 06:33:56\",\"accept_station\":\"[宁波市] 快件离开 [宁波洪塘]已发往[宁波洪塘庄桥二部]\"},{\"accept_time\":\"2017-08-25 10:17:49\",\"accept_station\":\"[宁波市] 快件已到达[宁波洪塘庄桥二部],业务员罗小虎正在第1次派件 电话:13780009434 请保持电话畅通、耐心等待\"},{\"accept_time\":\"2017-08-25 13:24:46\",\"accept_station\":\"[宁波市] [宁波洪塘庄桥二部]的派件已签收 感谢使用中通快递,期待再次为您服务!\"}]', 3, 0, 1503537304, 1503649491),
(109, 1, 'PO_H9057663247141790001', 1, 'SF', '111222333444555', '[]', 0, 1, 1505233258, 1505233258);
INSERT INTO `donkey_delivery_dist` (`delivery_dist_id`, `user_id`, `order_code`, `delivery_item_id`, `delivery_code`, `logistic_code`, `trace`, `state`, `is_sub`, `create_time`, `update_time`) VALUES
(110, 1, '11475031669090094', 7, 'EMS', '1129493657532', '[{\"accept_time\":\"2017-04-27 19:32:15\",\"accept_station\":\"温州市瑞安分公司场桥经营部已收件（揽投员姓名：冯康北,联系电话:13587572587），温州市\",\"remark\":\"\"},{\"accept_time\":\"2017-04-27 22:23:00\",\"accept_station\":\"离开温州市 发往台州市，温州市\",\"remark\":\"\"},{\"accept_time\":\"2017-04-28 01:09:00\",\"accept_station\":\"到达台州市处理中心（经转），台州市\",\"remark\":\"\"},{\"accept_time\":\"2017-04-28 02:58:00\",\"accept_station\":\"离开台州市 发往宁波市（经转），台州市\",\"remark\":\"\"},{\"accept_time\":\"2017-04-28 05:20:00\",\"accept_station\":\"到达  宁波邮区中心局邮件处理中心 处理中心，宁波市\",\"remark\":\"\"},{\"accept_time\":\"2017-04-28 06:30:08\",\"accept_station\":\"离开宁波市 发往江北速递分公司洪塘经营部，宁波市\",\"remark\":\"\"},{\"accept_time\":\"2017-04-28 07:36:38\",\"accept_station\":\"江北速递分公司洪塘经营部安排投递，预计13:00:00前投递（投递员姓名：顾豪杰;联系电话：13600629547），宁波市\",\"remark\":\"\"},{\"accept_time\":\"2017-04-28 08:54:00\",\"accept_station\":\"已离开宁波邮区中心局邮件处理中心，发往宁波市邮政局速递公司，宁波市\",\"remark\":\"\"},{\"accept_time\":\"2017-04-28 11:05:50\",\"accept_station\":\"投递并签收，签收人：他人收 丰巢，宁波市\",\"remark\":\"\"}]', 3, 0, 1493349047, 1493457934),
(111, 0, '11475031670090094', 4, 'YD', '3934010097802', '[{\"accept_time\":\"2017-04-27 18:59:16\",\"accept_station\":\"到达：贵州贵阳沙冲路公司 已收件\"},{\"accept_time\":\"2017-04-27 21:07:15\",\"accept_station\":\"到达：贵州贵阳分拨中心\"},{\"accept_time\":\"2017-04-27 21:11:45\",\"accept_station\":\"到达：贵州贵阳分拨中心 发往：浙江义乌分拨中心\"},{\"accept_time\":\"2017-04-29 00:53:32\",\"accept_station\":\"到达：浙江义乌分拨中心 上级站点：贵州贵阳分拨中心\"},{\"accept_time\":\"2017-04-29 00:55:36\",\"accept_station\":\"到达：浙江义乌分拨中心 发往：浙江宁波分拨中心\"},{\"accept_time\":\"2017-04-29 05:33:55\",\"accept_station\":\"到达：浙江宁波分拨中心 上级站点：浙江义乌分拨中心\"},{\"accept_time\":\"2017-04-29 05:38:31\",\"accept_station\":\"到达：浙江宁波分拨中心 发往：浙江宁波江北区洪塘公司\"},{\"accept_time\":\"2017-04-29 14:20:24\",\"accept_station\":\"到达：浙江宁波江北区洪塘公司 指定：邓康(15888033919) 派送\"},{\"accept_time\":\"2017-04-29 15:38:40\",\"accept_station\":\"到达：云柜智能快递柜 上级站点：浙江宁波江北区洪塘公司 发往：\"},{\"accept_time\":\"2017-04-29 18:58:14\",\"accept_station\":\"已签收，感谢使用韵达，期待再次为您服务\"}]', 3, 0, 1493349141, 1493523769),
(112, 1, '15833929218090094', 5, 'STO', '402518834456', '[{\"accept_time\":\"2017-05-07 17:46:45\",\"accept_station\":\"【收件】【陕西西安曲江】的【曲江1 手机(15332460295)】已收件,扫描员是【曲江1】\"},{\"accept_time\":\"2017-05-07 17:52:56\",\"accept_station\":\"【发件】快件在【陕西西安曲江】由【曲江】扫描发往【陕西西安航空部】\"},{\"accept_time\":\"2017-05-07 20:15:20\",\"accept_station\":\"【到件】快件到达【陕西西安航空部】,上一站是【陕西西安曲江】,扫描员是【二号称】\"},{\"accept_time\":\"2017-05-07 20:43:26\",\"accept_station\":\"【装袋】快件在【陕西西安航空部】进行装包发往扫描，发往【浙江杭州中转部】\"},{\"accept_time\":\"2017-05-08 23:15:03\",\"accept_station\":\"【发件】快件在【浙江杭州中转部】由【周林会】扫描发往【浙江宁波中转部】\"},{\"accept_time\":\"2017-05-09 04:24:55\",\"accept_station\":\"【发件】快件在【浙江宁波中转部】由【周玲惠】扫描发往【浙江宁波江北公司】\"},{\"accept_time\":\"2017-05-09 04:24:55\",\"accept_station\":\"【装车】【浙江宁波中转部】正在进行【装车】扫描\"},{\"accept_time\":\"2017-05-09 06:43:38\",\"accept_station\":\"【到件】快件到达【浙江宁波江北公司】,上一站是【】,扫描员是【操作部】\"},{\"accept_time\":\"2017-05-09 08:30:01\",\"accept_station\":\"【派件】【浙江宁波江北公司】的【万达营业厅 手机(18158566887)】正在派件,扫描员是【万达点部】\"},{\"accept_time\":\"2017-05-09 10:35:20\",\"accept_station\":\"【派件入柜】快件派送至快递柜【广厦怡庭南区18幢架空层丰巢快递柜】，派件员是【万达点部(18158566887)】\"},{\"accept_time\":\"2017-05-09 12:13:12\",\"accept_station\":\"【签收】已签收,签收人是:【收件箱】\"}]', 3, 0, 1494207583, 1494310165),
(113, 1, '15987151287190094', 2, 'ZTO', '436634129389', '[{\"accept_time\":\"2017-05-03 16:05:10\",\"accept_station\":\"[长沙市] [长沙市场部]的宋娟已收件 电话:13874910870\"},{\"accept_time\":\"2017-05-03 22:26:29\",\"accept_station\":\"[长沙市] 快件到达 [长沙中转部]\"},{\"accept_time\":\"2017-05-04 01:38:26\",\"accept_station\":\"[长沙市] 快件离开 [长沙中转部]已发往[宁波]\"},{\"accept_time\":\"2017-05-04 19:19:41\",\"accept_station\":\"[台州市] 快件到达 [台州中转部]\"},{\"accept_time\":\"2017-05-04 19:49:29\",\"accept_station\":\"[台州市] 快件离开 [台州中转部]已发往[宁波中转部]\"},{\"accept_time\":\"2017-05-05 03:31:00\",\"accept_station\":\"[宁波市] 快件到达 [宁波中转部]\"},{\"accept_time\":\"2017-05-05 04:05:56\",\"accept_station\":\"[宁波市] 快件离开 [宁波中转部]已发往[宁波]\"},{\"accept_time\":\"2017-05-05 07:36:44\",\"accept_station\":\"[宁波市] 快件离开 [宁波洪塘]已发往[宁波洪塘庄桥二部]\"},{\"accept_time\":\"2017-05-05 12:36:10\",\"accept_station\":\"[宁波市] 快件已到达[宁波洪塘庄桥二部],业务员罗小虎正在第1次派件 电话:13780009434 请保持电话畅通、耐心等待\"},{\"accept_time\":\"2017-05-05 13:57:23\",\"accept_station\":\"[宁波市] [宁波洪塘庄桥二部]的派件已签收 感谢使用中通快递,期待再次为您服务!\"},{\"accept_time\":\"2017-05-05 19:02:06\",\"accept_station\":\"[宁波市] [宁波洪塘庄桥二部]的罗小虎已收件 电话:13780009434\"}]', 4, 0, 1494235871, 1494237047),
(114, 1, '16548008188090094', 3, 'YTO', '885022354514081453', '[{\"accept_time\":\"2017-05-09 17:44:44\",\"accept_station\":\"【山东省德州市武城县公司】 已收件\"},{\"accept_time\":\"2017-05-09 18:04:44\",\"accept_station\":\"【山东省德州市武城县公司】 已打包\"},{\"accept_time\":\"2017-05-09 18:04:57\",\"accept_station\":\"【山东省德州市武城县公司】 已发出 下一站 【济南转运中心】\"},{\"accept_time\":\"2017-05-09 21:07:46\",\"accept_station\":\"【济南转运中心】 已收入\"},{\"accept_time\":\"2017-05-09 21:10:24\",\"accept_station\":\"【济南转运中心】 已发出 下一站 【宁波转运中心】\"},{\"accept_time\":\"2017-05-11 01:59:19\",\"accept_station\":\"【宁波转运中心】 已收入\"},{\"accept_time\":\"2017-05-11 05:00:23\",\"accept_station\":\"【宁波转运中心】 已发出 下一站 【浙江省宁波市邱隘公司】\"},{\"accept_time\":\"2017-05-11 08:42:28\",\"accept_station\":\"【浙江省宁波市邱隘公司】 已发出 下一站 【宁波转运中心】\"},{\"accept_time\":\"2017-05-11 11:37:03\",\"accept_station\":\"【宁波转运中心】 已收入\"},{\"accept_time\":\"2017-05-11 11:40:27\",\"accept_station\":\"【宁波转运中心】 已发出 下一站 【浙江省宁波市洪塘公司】\"},{\"accept_time\":\"2017-05-11 12:40:14\",\"accept_station\":\"【浙江省宁波市洪塘公司】 已发出 下一站 【浙江省宁波市洪塘B区公司】\"},{\"accept_time\":\"2017-05-11 14:43:55\",\"accept_station\":\"【浙江省宁波市洪塘B区公司】 派件人: 杨增 派件中 派件员电话18613600876\"},{\"accept_time\":\"2017-05-11 17:21:24\",\"accept_station\":\"快件已被广厦怡庭南区【自提柜】代收，请及时取件。有问题请联系派件员15058458548\"},{\"accept_time\":\"2017-05-11 20:12:58\",\"accept_station\":\"客户 签收人: 本人签收 已签收 感谢使用圆通速递，期待再次为您服务\"}]', 3, 0, 1494426296, 1494541528),
(115, 1, '50307219016090094', 2, 'ZTO', '450644928478', '[{\"accept_time\":\"2017-08-23 22:04:55\",\"accept_station\":\"[东莞市] [东莞石碣]的RK数码已收件 电话:暂无\"},{\"accept_time\":\"2017-08-23 22:30:55\",\"accept_station\":\"[东莞市] 快件离开 [东莞石碣]已发往[宁波]\"},{\"accept_time\":\"2017-08-24 01:19:54\",\"accept_station\":\"[东莞市] 快件到达 [东莞中心]\"},{\"accept_time\":\"2017-08-24 01:23:29\",\"accept_station\":\"[东莞市] 快件离开 [东莞中心]已发往[宁波中转部]\"},{\"accept_time\":\"2017-08-25 03:21:46\",\"accept_station\":\"[宁波市] 快件到达 [宁波中转部]\"},{\"accept_time\":\"2017-08-25 03:41:32\",\"accept_station\":\"[宁波市] 快件离开 [宁波中转部]已发往[宁波]\"},{\"accept_time\":\"2017-08-25 06:13:05\",\"accept_station\":\"[宁波市] 快件到达 [宁波洪塘]\"},{\"accept_time\":\"2017-08-25 06:33:56\",\"accept_station\":\"[宁波市] 快件离开 [宁波洪塘]已发往[宁波洪塘庄桥二部]\"},{\"accept_time\":\"2017-08-25 10:17:49\",\"accept_station\":\"[宁波市] 快件已到达[宁波洪塘庄桥二部],业务员罗小虎正在第1次派件 电话:13780009434 请保持电话畅通、耐心等待\"},{\"accept_time\":\"2017-08-25 13:24:46\",\"accept_station\":\"[宁波市] [宁波洪塘庄桥二部]的派件已签收 感谢使用中通快递,期待再次为您服务!\"}]', 3, 0, 1503537304, 1503649491),
(116, 1, 'PO_H9057663247141790001', 1, 'SF', '111222333444555', '[]', 0, 1, 1505233258, 1505233258),
(117, 1, '11475031669090094', 7, 'EMS', '1129493657532', '[{\"accept_time\":\"2017-04-27 19:32:15\",\"accept_station\":\"温州市瑞安分公司场桥经营部已收件（揽投员姓名：冯康北,联系电话:13587572587），温州市\",\"remark\":\"\"},{\"accept_time\":\"2017-04-27 22:23:00\",\"accept_station\":\"离开温州市 发往台州市，温州市\",\"remark\":\"\"},{\"accept_time\":\"2017-04-28 01:09:00\",\"accept_station\":\"到达台州市处理中心（经转），台州市\",\"remark\":\"\"},{\"accept_time\":\"2017-04-28 02:58:00\",\"accept_station\":\"离开台州市 发往宁波市（经转），台州市\",\"remark\":\"\"},{\"accept_time\":\"2017-04-28 05:20:00\",\"accept_station\":\"到达  宁波邮区中心局邮件处理中心 处理中心，宁波市\",\"remark\":\"\"},{\"accept_time\":\"2017-04-28 06:30:08\",\"accept_station\":\"离开宁波市 发往江北速递分公司洪塘经营部，宁波市\",\"remark\":\"\"},{\"accept_time\":\"2017-04-28 07:36:38\",\"accept_station\":\"江北速递分公司洪塘经营部安排投递，预计13:00:00前投递（投递员姓名：顾豪杰;联系电话：13600629547），宁波市\",\"remark\":\"\"},{\"accept_time\":\"2017-04-28 08:54:00\",\"accept_station\":\"已离开宁波邮区中心局邮件处理中心，发往宁波市邮政局速递公司，宁波市\",\"remark\":\"\"},{\"accept_time\":\"2017-04-28 11:05:50\",\"accept_station\":\"投递并签收，签收人：他人收 丰巢，宁波市\",\"remark\":\"\"}]', 3, 0, 1493349047, 1493457934),
(118, 0, '11475031670090094', 4, 'YD', '3934010097802', '[{\"accept_time\":\"2017-04-27 18:59:16\",\"accept_station\":\"到达：贵州贵阳沙冲路公司 已收件\"},{\"accept_time\":\"2017-04-27 21:07:15\",\"accept_station\":\"到达：贵州贵阳分拨中心\"},{\"accept_time\":\"2017-04-27 21:11:45\",\"accept_station\":\"到达：贵州贵阳分拨中心 发往：浙江义乌分拨中心\"},{\"accept_time\":\"2017-04-29 00:53:32\",\"accept_station\":\"到达：浙江义乌分拨中心 上级站点：贵州贵阳分拨中心\"},{\"accept_time\":\"2017-04-29 00:55:36\",\"accept_station\":\"到达：浙江义乌分拨中心 发往：浙江宁波分拨中心\"},{\"accept_time\":\"2017-04-29 05:33:55\",\"accept_station\":\"到达：浙江宁波分拨中心 上级站点：浙江义乌分拨中心\"},{\"accept_time\":\"2017-04-29 05:38:31\",\"accept_station\":\"到达：浙江宁波分拨中心 发往：浙江宁波江北区洪塘公司\"},{\"accept_time\":\"2017-04-29 14:20:24\",\"accept_station\":\"到达：浙江宁波江北区洪塘公司 指定：邓康(15888033919) 派送\"},{\"accept_time\":\"2017-04-29 15:38:40\",\"accept_station\":\"到达：云柜智能快递柜 上级站点：浙江宁波江北区洪塘公司 发往：\"},{\"accept_time\":\"2017-04-29 18:58:14\",\"accept_station\":\"已签收，感谢使用韵达，期待再次为您服务\"}]', 3, 0, 1493349141, 1493523769),
(119, 1, '15833929218090094', 5, 'STO', '402518834456', '[{\"accept_time\":\"2017-05-07 17:46:45\",\"accept_station\":\"【收件】【陕西西安曲江】的【曲江1 手机(15332460295)】已收件,扫描员是【曲江1】\"},{\"accept_time\":\"2017-05-07 17:52:56\",\"accept_station\":\"【发件】快件在【陕西西安曲江】由【曲江】扫描发往【陕西西安航空部】\"},{\"accept_time\":\"2017-05-07 20:15:20\",\"accept_station\":\"【到件】快件到达【陕西西安航空部】,上一站是【陕西西安曲江】,扫描员是【二号称】\"},{\"accept_time\":\"2017-05-07 20:43:26\",\"accept_station\":\"【装袋】快件在【陕西西安航空部】进行装包发往扫描，发往【浙江杭州中转部】\"},{\"accept_time\":\"2017-05-08 23:15:03\",\"accept_station\":\"【发件】快件在【浙江杭州中转部】由【周林会】扫描发往【浙江宁波中转部】\"},{\"accept_time\":\"2017-05-09 04:24:55\",\"accept_station\":\"【发件】快件在【浙江宁波中转部】由【周玲惠】扫描发往【浙江宁波江北公司】\"},{\"accept_time\":\"2017-05-09 04:24:55\",\"accept_station\":\"【装车】【浙江宁波中转部】正在进行【装车】扫描\"},{\"accept_time\":\"2017-05-09 06:43:38\",\"accept_station\":\"【到件】快件到达【浙江宁波江北公司】,上一站是【】,扫描员是【操作部】\"},{\"accept_time\":\"2017-05-09 08:30:01\",\"accept_station\":\"【派件】【浙江宁波江北公司】的【万达营业厅 手机(18158566887)】正在派件,扫描员是【万达点部】\"},{\"accept_time\":\"2017-05-09 10:35:20\",\"accept_station\":\"【派件入柜】快件派送至快递柜【广厦怡庭南区18幢架空层丰巢快递柜】，派件员是【万达点部(18158566887)】\"},{\"accept_time\":\"2017-05-09 12:13:12\",\"accept_station\":\"【签收】已签收,签收人是:【收件箱】\"}]', 3, 0, 1494207583, 1494310165),
(120, 1, '15987151287190094', 2, 'ZTO', '436634129389', '[{\"accept_time\":\"2017-05-03 16:05:10\",\"accept_station\":\"[长沙市] [长沙市场部]的宋娟已收件 电话:13874910870\"},{\"accept_time\":\"2017-05-03 22:26:29\",\"accept_station\":\"[长沙市] 快件到达 [长沙中转部]\"},{\"accept_time\":\"2017-05-04 01:38:26\",\"accept_station\":\"[长沙市] 快件离开 [长沙中转部]已发往[宁波]\"},{\"accept_time\":\"2017-05-04 19:19:41\",\"accept_station\":\"[台州市] 快件到达 [台州中转部]\"},{\"accept_time\":\"2017-05-04 19:49:29\",\"accept_station\":\"[台州市] 快件离开 [台州中转部]已发往[宁波中转部]\"},{\"accept_time\":\"2017-05-05 03:31:00\",\"accept_station\":\"[宁波市] 快件到达 [宁波中转部]\"},{\"accept_time\":\"2017-05-05 04:05:56\",\"accept_station\":\"[宁波市] 快件离开 [宁波中转部]已发往[宁波]\"},{\"accept_time\":\"2017-05-05 07:36:44\",\"accept_station\":\"[宁波市] 快件离开 [宁波洪塘]已发往[宁波洪塘庄桥二部]\"},{\"accept_time\":\"2017-05-05 12:36:10\",\"accept_station\":\"[宁波市] 快件已到达[宁波洪塘庄桥二部],业务员罗小虎正在第1次派件 电话:13780009434 请保持电话畅通、耐心等待\"},{\"accept_time\":\"2017-05-05 13:57:23\",\"accept_station\":\"[宁波市] [宁波洪塘庄桥二部]的派件已签收 感谢使用中通快递,期待再次为您服务!\"},{\"accept_time\":\"2017-05-05 19:02:06\",\"accept_station\":\"[宁波市] [宁波洪塘庄桥二部]的罗小虎已收件 电话:13780009434\"}]', 4, 0, 1494235871, 1494237047),
(121, 1, '16548008188090094', 3, 'YTO', '885022354514081453', '[{\"accept_time\":\"2017-05-09 17:44:44\",\"accept_station\":\"【山东省德州市武城县公司】 已收件\"},{\"accept_time\":\"2017-05-09 18:04:44\",\"accept_station\":\"【山东省德州市武城县公司】 已打包\"},{\"accept_time\":\"2017-05-09 18:04:57\",\"accept_station\":\"【山东省德州市武城县公司】 已发出 下一站 【济南转运中心】\"},{\"accept_time\":\"2017-05-09 21:07:46\",\"accept_station\":\"【济南转运中心】 已收入\"},{\"accept_time\":\"2017-05-09 21:10:24\",\"accept_station\":\"【济南转运中心】 已发出 下一站 【宁波转运中心】\"},{\"accept_time\":\"2017-05-11 01:59:19\",\"accept_station\":\"【宁波转运中心】 已收入\"},{\"accept_time\":\"2017-05-11 05:00:23\",\"accept_station\":\"【宁波转运中心】 已发出 下一站 【浙江省宁波市邱隘公司】\"},{\"accept_time\":\"2017-05-11 08:42:28\",\"accept_station\":\"【浙江省宁波市邱隘公司】 已发出 下一站 【宁波转运中心】\"},{\"accept_time\":\"2017-05-11 11:37:03\",\"accept_station\":\"【宁波转运中心】 已收入\"},{\"accept_time\":\"2017-05-11 11:40:27\",\"accept_station\":\"【宁波转运中心】 已发出 下一站 【浙江省宁波市洪塘公司】\"},{\"accept_time\":\"2017-05-11 12:40:14\",\"accept_station\":\"【浙江省宁波市洪塘公司】 已发出 下一站 【浙江省宁波市洪塘B区公司】\"},{\"accept_time\":\"2017-05-11 14:43:55\",\"accept_station\":\"【浙江省宁波市洪塘B区公司】 派件人: 杨增 派件中 派件员电话18613600876\"},{\"accept_time\":\"2017-05-11 17:21:24\",\"accept_station\":\"快件已被广厦怡庭南区【自提柜】代收，请及时取件。有问题请联系派件员15058458548\"},{\"accept_time\":\"2017-05-11 20:12:58\",\"accept_station\":\"客户 签收人: 本人签收 已签收 感谢使用圆通速递，期待再次为您服务\"}]', 3, 0, 1494426296, 1494541528),
(122, 1, '50307219016090094', 2, 'ZTO', '450644928478', '[{\"accept_time\":\"2017-08-23 22:04:55\",\"accept_station\":\"[东莞市] [东莞石碣]的RK数码已收件 电话:暂无\"},{\"accept_time\":\"2017-08-23 22:30:55\",\"accept_station\":\"[东莞市] 快件离开 [东莞石碣]已发往[宁波]\"},{\"accept_time\":\"2017-08-24 01:19:54\",\"accept_station\":\"[东莞市] 快件到达 [东莞中心]\"},{\"accept_time\":\"2017-08-24 01:23:29\",\"accept_station\":\"[东莞市] 快件离开 [东莞中心]已发往[宁波中转部]\"},{\"accept_time\":\"2017-08-25 03:21:46\",\"accept_station\":\"[宁波市] 快件到达 [宁波中转部]\"},{\"accept_time\":\"2017-08-25 03:41:32\",\"accept_station\":\"[宁波市] 快件离开 [宁波中转部]已发往[宁波]\"},{\"accept_time\":\"2017-08-25 06:13:05\",\"accept_station\":\"[宁波市] 快件到达 [宁波洪塘]\"},{\"accept_time\":\"2017-08-25 06:33:56\",\"accept_station\":\"[宁波市] 快件离开 [宁波洪塘]已发往[宁波洪塘庄桥二部]\"},{\"accept_time\":\"2017-08-25 10:17:49\",\"accept_station\":\"[宁波市] 快件已到达[宁波洪塘庄桥二部],业务员罗小虎正在第1次派件 电话:13780009434 请保持电话畅通、耐心等待\"},{\"accept_time\":\"2017-08-25 13:24:46\",\"accept_station\":\"[宁波市] [宁波洪塘庄桥二部]的派件已签收 感谢使用中通快递,期待再次为您服务!\"}]', 3, 0, 1503537304, 1503649491),
(123, 1, 'PO_H9057663247141790001', 1, 'SF', '111222333444555', '[]', 0, 1, 1505233258, 1505233258),
(124, 1, '11475031669090094', 7, 'EMS', '1129493657532', '[{\"accept_time\":\"2017-04-27 19:32:15\",\"accept_station\":\"温州市瑞安分公司场桥经营部已收件（揽投员姓名：冯康北,联系电话:13587572587），温州市\",\"remark\":\"\"},{\"accept_time\":\"2017-04-27 22:23:00\",\"accept_station\":\"离开温州市 发往台州市，温州市\",\"remark\":\"\"},{\"accept_time\":\"2017-04-28 01:09:00\",\"accept_station\":\"到达台州市处理中心（经转），台州市\",\"remark\":\"\"},{\"accept_time\":\"2017-04-28 02:58:00\",\"accept_station\":\"离开台州市 发往宁波市（经转），台州市\",\"remark\":\"\"},{\"accept_time\":\"2017-04-28 05:20:00\",\"accept_station\":\"到达  宁波邮区中心局邮件处理中心 处理中心，宁波市\",\"remark\":\"\"},{\"accept_time\":\"2017-04-28 06:30:08\",\"accept_station\":\"离开宁波市 发往江北速递分公司洪塘经营部，宁波市\",\"remark\":\"\"},{\"accept_time\":\"2017-04-28 07:36:38\",\"accept_station\":\"江北速递分公司洪塘经营部安排投递，预计13:00:00前投递（投递员姓名：顾豪杰;联系电话：13600629547），宁波市\",\"remark\":\"\"},{\"accept_time\":\"2017-04-28 08:54:00\",\"accept_station\":\"已离开宁波邮区中心局邮件处理中心，发往宁波市邮政局速递公司，宁波市\",\"remark\":\"\"},{\"accept_time\":\"2017-04-28 11:05:50\",\"accept_station\":\"投递并签收，签收人：他人收 丰巢，宁波市\",\"remark\":\"\"}]', 3, 0, 1493349047, 1493457934),
(125, 0, '11475031670090094', 4, 'YD', '3934010097802', '[{\"accept_time\":\"2017-04-27 18:59:16\",\"accept_station\":\"到达：贵州贵阳沙冲路公司 已收件\"},{\"accept_time\":\"2017-04-27 21:07:15\",\"accept_station\":\"到达：贵州贵阳分拨中心\"},{\"accept_time\":\"2017-04-27 21:11:45\",\"accept_station\":\"到达：贵州贵阳分拨中心 发往：浙江义乌分拨中心\"},{\"accept_time\":\"2017-04-29 00:53:32\",\"accept_station\":\"到达：浙江义乌分拨中心 上级站点：贵州贵阳分拨中心\"},{\"accept_time\":\"2017-04-29 00:55:36\",\"accept_station\":\"到达：浙江义乌分拨中心 发往：浙江宁波分拨中心\"},{\"accept_time\":\"2017-04-29 05:33:55\",\"accept_station\":\"到达：浙江宁波分拨中心 上级站点：浙江义乌分拨中心\"},{\"accept_time\":\"2017-04-29 05:38:31\",\"accept_station\":\"到达：浙江宁波分拨中心 发往：浙江宁波江北区洪塘公司\"},{\"accept_time\":\"2017-04-29 14:20:24\",\"accept_station\":\"到达：浙江宁波江北区洪塘公司 指定：邓康(15888033919) 派送\"},{\"accept_time\":\"2017-04-29 15:38:40\",\"accept_station\":\"到达：云柜智能快递柜 上级站点：浙江宁波江北区洪塘公司 发往：\"},{\"accept_time\":\"2017-04-29 18:58:14\",\"accept_station\":\"已签收，感谢使用韵达，期待再次为您服务\"}]', 3, 0, 1493349141, 1493523769),
(126, 1, '15833929218090094', 5, 'STO', '402518834456', '[{\"accept_time\":\"2017-05-07 17:46:45\",\"accept_station\":\"【收件】【陕西西安曲江】的【曲江1 手机(15332460295)】已收件,扫描员是【曲江1】\"},{\"accept_time\":\"2017-05-07 17:52:56\",\"accept_station\":\"【发件】快件在【陕西西安曲江】由【曲江】扫描发往【陕西西安航空部】\"},{\"accept_time\":\"2017-05-07 20:15:20\",\"accept_station\":\"【到件】快件到达【陕西西安航空部】,上一站是【陕西西安曲江】,扫描员是【二号称】\"},{\"accept_time\":\"2017-05-07 20:43:26\",\"accept_station\":\"【装袋】快件在【陕西西安航空部】进行装包发往扫描，发往【浙江杭州中转部】\"},{\"accept_time\":\"2017-05-08 23:15:03\",\"accept_station\":\"【发件】快件在【浙江杭州中转部】由【周林会】扫描发往【浙江宁波中转部】\"},{\"accept_time\":\"2017-05-09 04:24:55\",\"accept_station\":\"【发件】快件在【浙江宁波中转部】由【周玲惠】扫描发往【浙江宁波江北公司】\"},{\"accept_time\":\"2017-05-09 04:24:55\",\"accept_station\":\"【装车】【浙江宁波中转部】正在进行【装车】扫描\"},{\"accept_time\":\"2017-05-09 06:43:38\",\"accept_station\":\"【到件】快件到达【浙江宁波江北公司】,上一站是【】,扫描员是【操作部】\"},{\"accept_time\":\"2017-05-09 08:30:01\",\"accept_station\":\"【派件】【浙江宁波江北公司】的【万达营业厅 手机(18158566887)】正在派件,扫描员是【万达点部】\"},{\"accept_time\":\"2017-05-09 10:35:20\",\"accept_station\":\"【派件入柜】快件派送至快递柜【广厦怡庭南区18幢架空层丰巢快递柜】，派件员是【万达点部(18158566887)】\"},{\"accept_time\":\"2017-05-09 12:13:12\",\"accept_station\":\"【签收】已签收,签收人是:【收件箱】\"}]', 3, 0, 1494207583, 1494310165),
(127, 1, '15987151287190094', 2, 'ZTO', '436634129389', '[{\"accept_time\":\"2017-05-03 16:05:10\",\"accept_station\":\"[长沙市] [长沙市场部]的宋娟已收件 电话:13874910870\"},{\"accept_time\":\"2017-05-03 22:26:29\",\"accept_station\":\"[长沙市] 快件到达 [长沙中转部]\"},{\"accept_time\":\"2017-05-04 01:38:26\",\"accept_station\":\"[长沙市] 快件离开 [长沙中转部]已发往[宁波]\"},{\"accept_time\":\"2017-05-04 19:19:41\",\"accept_station\":\"[台州市] 快件到达 [台州中转部]\"},{\"accept_time\":\"2017-05-04 19:49:29\",\"accept_station\":\"[台州市] 快件离开 [台州中转部]已发往[宁波中转部]\"},{\"accept_time\":\"2017-05-05 03:31:00\",\"accept_station\":\"[宁波市] 快件到达 [宁波中转部]\"},{\"accept_time\":\"2017-05-05 04:05:56\",\"accept_station\":\"[宁波市] 快件离开 [宁波中转部]已发往[宁波]\"},{\"accept_time\":\"2017-05-05 07:36:44\",\"accept_station\":\"[宁波市] 快件离开 [宁波洪塘]已发往[宁波洪塘庄桥二部]\"},{\"accept_time\":\"2017-05-05 12:36:10\",\"accept_station\":\"[宁波市] 快件已到达[宁波洪塘庄桥二部],业务员罗小虎正在第1次派件 电话:13780009434 请保持电话畅通、耐心等待\"},{\"accept_time\":\"2017-05-05 13:57:23\",\"accept_station\":\"[宁波市] [宁波洪塘庄桥二部]的派件已签收 感谢使用中通快递,期待再次为您服务!\"},{\"accept_time\":\"2017-05-05 19:02:06\",\"accept_station\":\"[宁波市] [宁波洪塘庄桥二部]的罗小虎已收件 电话:13780009434\"}]', 4, 0, 1494235871, 1494237047),
(128, 1, '16548008188090094', 3, 'YTO', '885022354514081453', '[{\"accept_time\":\"2017-05-09 17:44:44\",\"accept_station\":\"【山东省德州市武城县公司】 已收件\"},{\"accept_time\":\"2017-05-09 18:04:44\",\"accept_station\":\"【山东省德州市武城县公司】 已打包\"},{\"accept_time\":\"2017-05-09 18:04:57\",\"accept_station\":\"【山东省德州市武城县公司】 已发出 下一站 【济南转运中心】\"},{\"accept_time\":\"2017-05-09 21:07:46\",\"accept_station\":\"【济南转运中心】 已收入\"},{\"accept_time\":\"2017-05-09 21:10:24\",\"accept_station\":\"【济南转运中心】 已发出 下一站 【宁波转运中心】\"},{\"accept_time\":\"2017-05-11 01:59:19\",\"accept_station\":\"【宁波转运中心】 已收入\"},{\"accept_time\":\"2017-05-11 05:00:23\",\"accept_station\":\"【宁波转运中心】 已发出 下一站 【浙江省宁波市邱隘公司】\"},{\"accept_time\":\"2017-05-11 08:42:28\",\"accept_station\":\"【浙江省宁波市邱隘公司】 已发出 下一站 【宁波转运中心】\"},{\"accept_time\":\"2017-05-11 11:37:03\",\"accept_station\":\"【宁波转运中心】 已收入\"},{\"accept_time\":\"2017-05-11 11:40:27\",\"accept_station\":\"【宁波转运中心】 已发出 下一站 【浙江省宁波市洪塘公司】\"},{\"accept_time\":\"2017-05-11 12:40:14\",\"accept_station\":\"【浙江省宁波市洪塘公司】 已发出 下一站 【浙江省宁波市洪塘B区公司】\"},{\"accept_time\":\"2017-05-11 14:43:55\",\"accept_station\":\"【浙江省宁波市洪塘B区公司】 派件人: 杨增 派件中 派件员电话18613600876\"},{\"accept_time\":\"2017-05-11 17:21:24\",\"accept_station\":\"快件已被广厦怡庭南区【自提柜】代收，请及时取件。有问题请联系派件员15058458548\"},{\"accept_time\":\"2017-05-11 20:12:58\",\"accept_station\":\"客户 签收人: 本人签收 已签收 感谢使用圆通速递，期待再次为您服务\"}]', 3, 0, 1494426296, 1494541528),
(129, 1, '50307219016090094', 2, 'ZTO', '450644928478', '[{\"accept_time\":\"2017-08-23 22:04:55\",\"accept_station\":\"[东莞市] [东莞石碣]的RK数码已收件 电话:暂无\"},{\"accept_time\":\"2017-08-23 22:30:55\",\"accept_station\":\"[东莞市] 快件离开 [东莞石碣]已发往[宁波]\"},{\"accept_time\":\"2017-08-24 01:19:54\",\"accept_station\":\"[东莞市] 快件到达 [东莞中心]\"},{\"accept_time\":\"2017-08-24 01:23:29\",\"accept_station\":\"[东莞市] 快件离开 [东莞中心]已发往[宁波中转部]\"},{\"accept_time\":\"2017-08-25 03:21:46\",\"accept_station\":\"[宁波市] 快件到达 [宁波中转部]\"},{\"accept_time\":\"2017-08-25 03:41:32\",\"accept_station\":\"[宁波市] 快件离开 [宁波中转部]已发往[宁波]\"},{\"accept_time\":\"2017-08-25 06:13:05\",\"accept_station\":\"[宁波市] 快件到达 [宁波洪塘]\"},{\"accept_time\":\"2017-08-25 06:33:56\",\"accept_station\":\"[宁波市] 快件离开 [宁波洪塘]已发往[宁波洪塘庄桥二部]\"},{\"accept_time\":\"2017-08-25 10:17:49\",\"accept_station\":\"[宁波市] 快件已到达[宁波洪塘庄桥二部],业务员罗小虎正在第1次派件 电话:13780009434 请保持电话畅通、耐心等待\"},{\"accept_time\":\"2017-08-25 13:24:46\",\"accept_station\":\"[宁波市] [宁波洪塘庄桥二部]的派件已签收 感谢使用中通快递,期待再次为您服务!\"}]', 3, 0, 1503537304, 1503649491),
(130, 1, 'PO_H9057663247141790001', 1, 'SF', '111222333444555', '[]', 0, 1, 1505233258, 1505233258),
(131, 1, '11475031669090094', 7, 'EMS', '1129493657532', '[{\"accept_time\":\"2017-04-27 19:32:15\",\"accept_station\":\"温州市瑞安分公司场桥经营部已收件（揽投员姓名：冯康北,联系电话:13587572587），温州市\",\"remark\":\"\"},{\"accept_time\":\"2017-04-27 22:23:00\",\"accept_station\":\"离开温州市 发往台州市，温州市\",\"remark\":\"\"},{\"accept_time\":\"2017-04-28 01:09:00\",\"accept_station\":\"到达台州市处理中心（经转），台州市\",\"remark\":\"\"},{\"accept_time\":\"2017-04-28 02:58:00\",\"accept_station\":\"离开台州市 发往宁波市（经转），台州市\",\"remark\":\"\"},{\"accept_time\":\"2017-04-28 05:20:00\",\"accept_station\":\"到达  宁波邮区中心局邮件处理中心 处理中心，宁波市\",\"remark\":\"\"},{\"accept_time\":\"2017-04-28 06:30:08\",\"accept_station\":\"离开宁波市 发往江北速递分公司洪塘经营部，宁波市\",\"remark\":\"\"},{\"accept_time\":\"2017-04-28 07:36:38\",\"accept_station\":\"江北速递分公司洪塘经营部安排投递，预计13:00:00前投递（投递员姓名：顾豪杰;联系电话：13600629547），宁波市\",\"remark\":\"\"},{\"accept_time\":\"2017-04-28 08:54:00\",\"accept_station\":\"已离开宁波邮区中心局邮件处理中心，发往宁波市邮政局速递公司，宁波市\",\"remark\":\"\"},{\"accept_time\":\"2017-04-28 11:05:50\",\"accept_station\":\"投递并签收，签收人：他人收 丰巢，宁波市\",\"remark\":\"\"}]', 3, 0, 1493349047, 1493457934),
(132, 0, '11475031670090094', 4, 'YD', '3934010097802', '[{\"accept_time\":\"2017-04-27 18:59:16\",\"accept_station\":\"到达：贵州贵阳沙冲路公司 已收件\"},{\"accept_time\":\"2017-04-27 21:07:15\",\"accept_station\":\"到达：贵州贵阳分拨中心\"},{\"accept_time\":\"2017-04-27 21:11:45\",\"accept_station\":\"到达：贵州贵阳分拨中心 发往：浙江义乌分拨中心\"},{\"accept_time\":\"2017-04-29 00:53:32\",\"accept_station\":\"到达：浙江义乌分拨中心 上级站点：贵州贵阳分拨中心\"},{\"accept_time\":\"2017-04-29 00:55:36\",\"accept_station\":\"到达：浙江义乌分拨中心 发往：浙江宁波分拨中心\"},{\"accept_time\":\"2017-04-29 05:33:55\",\"accept_station\":\"到达：浙江宁波分拨中心 上级站点：浙江义乌分拨中心\"},{\"accept_time\":\"2017-04-29 05:38:31\",\"accept_station\":\"到达：浙江宁波分拨中心 发往：浙江宁波江北区洪塘公司\"},{\"accept_time\":\"2017-04-29 14:20:24\",\"accept_station\":\"到达：浙江宁波江北区洪塘公司 指定：邓康(15888033919) 派送\"},{\"accept_time\":\"2017-04-29 15:38:40\",\"accept_station\":\"到达：云柜智能快递柜 上级站点：浙江宁波江北区洪塘公司 发往：\"},{\"accept_time\":\"2017-04-29 18:58:14\",\"accept_station\":\"已签收，感谢使用韵达，期待再次为您服务\"}]', 3, 0, 1493349141, 1493523769),
(133, 1, '15833929218090094', 5, 'STO', '402518834456', '[{\"accept_time\":\"2017-05-07 17:46:45\",\"accept_station\":\"【收件】【陕西西安曲江】的【曲江1 手机(15332460295)】已收件,扫描员是【曲江1】\"},{\"accept_time\":\"2017-05-07 17:52:56\",\"accept_station\":\"【发件】快件在【陕西西安曲江】由【曲江】扫描发往【陕西西安航空部】\"},{\"accept_time\":\"2017-05-07 20:15:20\",\"accept_station\":\"【到件】快件到达【陕西西安航空部】,上一站是【陕西西安曲江】,扫描员是【二号称】\"},{\"accept_time\":\"2017-05-07 20:43:26\",\"accept_station\":\"【装袋】快件在【陕西西安航空部】进行装包发往扫描，发往【浙江杭州中转部】\"},{\"accept_time\":\"2017-05-08 23:15:03\",\"accept_station\":\"【发件】快件在【浙江杭州中转部】由【周林会】扫描发往【浙江宁波中转部】\"},{\"accept_time\":\"2017-05-09 04:24:55\",\"accept_station\":\"【发件】快件在【浙江宁波中转部】由【周玲惠】扫描发往【浙江宁波江北公司】\"},{\"accept_time\":\"2017-05-09 04:24:55\",\"accept_station\":\"【装车】【浙江宁波中转部】正在进行【装车】扫描\"},{\"accept_time\":\"2017-05-09 06:43:38\",\"accept_station\":\"【到件】快件到达【浙江宁波江北公司】,上一站是【】,扫描员是【操作部】\"},{\"accept_time\":\"2017-05-09 08:30:01\",\"accept_station\":\"【派件】【浙江宁波江北公司】的【万达营业厅 手机(18158566887)】正在派件,扫描员是【万达点部】\"},{\"accept_time\":\"2017-05-09 10:35:20\",\"accept_station\":\"【派件入柜】快件派送至快递柜【广厦怡庭南区18幢架空层丰巢快递柜】，派件员是【万达点部(18158566887)】\"},{\"accept_time\":\"2017-05-09 12:13:12\",\"accept_station\":\"【签收】已签收,签收人是:【收件箱】\"}]', 3, 0, 1494207583, 1494310165),
(134, 1, '15987151287190094', 2, 'ZTO', '436634129389', '[{\"accept_time\":\"2017-05-03 16:05:10\",\"accept_station\":\"[长沙市] [长沙市场部]的宋娟已收件 电话:13874910870\"},{\"accept_time\":\"2017-05-03 22:26:29\",\"accept_station\":\"[长沙市] 快件到达 [长沙中转部]\"},{\"accept_time\":\"2017-05-04 01:38:26\",\"accept_station\":\"[长沙市] 快件离开 [长沙中转部]已发往[宁波]\"},{\"accept_time\":\"2017-05-04 19:19:41\",\"accept_station\":\"[台州市] 快件到达 [台州中转部]\"},{\"accept_time\":\"2017-05-04 19:49:29\",\"accept_station\":\"[台州市] 快件离开 [台州中转部]已发往[宁波中转部]\"},{\"accept_time\":\"2017-05-05 03:31:00\",\"accept_station\":\"[宁波市] 快件到达 [宁波中转部]\"},{\"accept_time\":\"2017-05-05 04:05:56\",\"accept_station\":\"[宁波市] 快件离开 [宁波中转部]已发往[宁波]\"},{\"accept_time\":\"2017-05-05 07:36:44\",\"accept_station\":\"[宁波市] 快件离开 [宁波洪塘]已发往[宁波洪塘庄桥二部]\"},{\"accept_time\":\"2017-05-05 12:36:10\",\"accept_station\":\"[宁波市] 快件已到达[宁波洪塘庄桥二部],业务员罗小虎正在第1次派件 电话:13780009434 请保持电话畅通、耐心等待\"},{\"accept_time\":\"2017-05-05 13:57:23\",\"accept_station\":\"[宁波市] [宁波洪塘庄桥二部]的派件已签收 感谢使用中通快递,期待再次为您服务!\"},{\"accept_time\":\"2017-05-05 19:02:06\",\"accept_station\":\"[宁波市] [宁波洪塘庄桥二部]的罗小虎已收件 电话:13780009434\"}]', 4, 0, 1494235871, 1494237047),
(135, 1, '16548008188090094', 3, 'YTO', '885022354514081453', '[{\"accept_time\":\"2017-05-09 17:44:44\",\"accept_station\":\"【山东省德州市武城县公司】 已收件\"},{\"accept_time\":\"2017-05-09 18:04:44\",\"accept_station\":\"【山东省德州市武城县公司】 已打包\"},{\"accept_time\":\"2017-05-09 18:04:57\",\"accept_station\":\"【山东省德州市武城县公司】 已发出 下一站 【济南转运中心】\"},{\"accept_time\":\"2017-05-09 21:07:46\",\"accept_station\":\"【济南转运中心】 已收入\"},{\"accept_time\":\"2017-05-09 21:10:24\",\"accept_station\":\"【济南转运中心】 已发出 下一站 【宁波转运中心】\"},{\"accept_time\":\"2017-05-11 01:59:19\",\"accept_station\":\"【宁波转运中心】 已收入\"},{\"accept_time\":\"2017-05-11 05:00:23\",\"accept_station\":\"【宁波转运中心】 已发出 下一站 【浙江省宁波市邱隘公司】\"},{\"accept_time\":\"2017-05-11 08:42:28\",\"accept_station\":\"【浙江省宁波市邱隘公司】 已发出 下一站 【宁波转运中心】\"},{\"accept_time\":\"2017-05-11 11:37:03\",\"accept_station\":\"【宁波转运中心】 已收入\"},{\"accept_time\":\"2017-05-11 11:40:27\",\"accept_station\":\"【宁波转运中心】 已发出 下一站 【浙江省宁波市洪塘公司】\"},{\"accept_time\":\"2017-05-11 12:40:14\",\"accept_station\":\"【浙江省宁波市洪塘公司】 已发出 下一站 【浙江省宁波市洪塘B区公司】\"},{\"accept_time\":\"2017-05-11 14:43:55\",\"accept_station\":\"【浙江省宁波市洪塘B区公司】 派件人: 杨增 派件中 派件员电话18613600876\"},{\"accept_time\":\"2017-05-11 17:21:24\",\"accept_station\":\"快件已被广厦怡庭南区【自提柜】代收，请及时取件。有问题请联系派件员15058458548\"},{\"accept_time\":\"2017-05-11 20:12:58\",\"accept_station\":\"客户 签收人: 本人签收 已签收 感谢使用圆通速递，期待再次为您服务\"}]', 3, 0, 1494426296, 1494541528),
(136, 1, '50307219016090094', 2, 'ZTO', '450644928478', '[{\"accept_time\":\"2017-08-23 22:04:55\",\"accept_station\":\"[东莞市] [东莞石碣]的RK数码已收件 电话:暂无\"},{\"accept_time\":\"2017-08-23 22:30:55\",\"accept_station\":\"[东莞市] 快件离开 [东莞石碣]已发往[宁波]\"},{\"accept_time\":\"2017-08-24 01:19:54\",\"accept_station\":\"[东莞市] 快件到达 [东莞中心]\"},{\"accept_time\":\"2017-08-24 01:23:29\",\"accept_station\":\"[东莞市] 快件离开 [东莞中心]已发往[宁波中转部]\"},{\"accept_time\":\"2017-08-25 03:21:46\",\"accept_station\":\"[宁波市] 快件到达 [宁波中转部]\"},{\"accept_time\":\"2017-08-25 03:41:32\",\"accept_station\":\"[宁波市] 快件离开 [宁波中转部]已发往[宁波]\"},{\"accept_time\":\"2017-08-25 06:13:05\",\"accept_station\":\"[宁波市] 快件到达 [宁波洪塘]\"},{\"accept_time\":\"2017-08-25 06:33:56\",\"accept_station\":\"[宁波市] 快件离开 [宁波洪塘]已发往[宁波洪塘庄桥二部]\"},{\"accept_time\":\"2017-08-25 10:17:49\",\"accept_station\":\"[宁波市] 快件已到达[宁波洪塘庄桥二部],业务员罗小虎正在第1次派件 电话:13780009434 请保持电话畅通、耐心等待\"},{\"accept_time\":\"2017-08-25 13:24:46\",\"accept_station\":\"[宁波市] [宁波洪塘庄桥二部]的派件已签收 感谢使用中通快递,期待再次为您服务!\"}]', 3, 0, 1503537304, 1503649491),
(137, 1, 'PO_H9057663247141790001', 1, 'SF', '111222333444555', '[]', 0, 1, 1505233258, 1505233258),
(138, 1, '11475031669090094', 7, 'EMS', '1129493657532', '[{\"accept_time\":\"2017-04-27 19:32:15\",\"accept_station\":\"温州市瑞安分公司场桥经营部已收件（揽投员姓名：冯康北,联系电话:13587572587），温州市\",\"remark\":\"\"},{\"accept_time\":\"2017-04-27 22:23:00\",\"accept_station\":\"离开温州市 发往台州市，温州市\",\"remark\":\"\"},{\"accept_time\":\"2017-04-28 01:09:00\",\"accept_station\":\"到达台州市处理中心（经转），台州市\",\"remark\":\"\"},{\"accept_time\":\"2017-04-28 02:58:00\",\"accept_station\":\"离开台州市 发往宁波市（经转），台州市\",\"remark\":\"\"},{\"accept_time\":\"2017-04-28 05:20:00\",\"accept_station\":\"到达  宁波邮区中心局邮件处理中心 处理中心，宁波市\",\"remark\":\"\"},{\"accept_time\":\"2017-04-28 06:30:08\",\"accept_station\":\"离开宁波市 发往江北速递分公司洪塘经营部，宁波市\",\"remark\":\"\"},{\"accept_time\":\"2017-04-28 07:36:38\",\"accept_station\":\"江北速递分公司洪塘经营部安排投递，预计13:00:00前投递（投递员姓名：顾豪杰;联系电话：13600629547），宁波市\",\"remark\":\"\"},{\"accept_time\":\"2017-04-28 08:54:00\",\"accept_station\":\"已离开宁波邮区中心局邮件处理中心，发往宁波市邮政局速递公司，宁波市\",\"remark\":\"\"},{\"accept_time\":\"2017-04-28 11:05:50\",\"accept_station\":\"投递并签收，签收人：他人收 丰巢，宁波市\",\"remark\":\"\"}]', 3, 0, 1493349047, 1493457934),
(139, 0, '11475031670090094', 4, 'YD', '3934010097802', '[{\"accept_time\":\"2017-04-27 18:59:16\",\"accept_station\":\"到达：贵州贵阳沙冲路公司 已收件\"},{\"accept_time\":\"2017-04-27 21:07:15\",\"accept_station\":\"到达：贵州贵阳分拨中心\"},{\"accept_time\":\"2017-04-27 21:11:45\",\"accept_station\":\"到达：贵州贵阳分拨中心 发往：浙江义乌分拨中心\"},{\"accept_time\":\"2017-04-29 00:53:32\",\"accept_station\":\"到达：浙江义乌分拨中心 上级站点：贵州贵阳分拨中心\"},{\"accept_time\":\"2017-04-29 00:55:36\",\"accept_station\":\"到达：浙江义乌分拨中心 发往：浙江宁波分拨中心\"},{\"accept_time\":\"2017-04-29 05:33:55\",\"accept_station\":\"到达：浙江宁波分拨中心 上级站点：浙江义乌分拨中心\"},{\"accept_time\":\"2017-04-29 05:38:31\",\"accept_station\":\"到达：浙江宁波分拨中心 发往：浙江宁波江北区洪塘公司\"},{\"accept_time\":\"2017-04-29 14:20:24\",\"accept_station\":\"到达：浙江宁波江北区洪塘公司 指定：邓康(15888033919) 派送\"},{\"accept_time\":\"2017-04-29 15:38:40\",\"accept_station\":\"到达：云柜智能快递柜 上级站点：浙江宁波江北区洪塘公司 发往：\"},{\"accept_time\":\"2017-04-29 18:58:14\",\"accept_station\":\"已签收，感谢使用韵达，期待再次为您服务\"}]', 3, 0, 1493349141, 1493523769),
(140, 1, '15833929218090094', 5, 'STO', '402518834456', '[{\"accept_time\":\"2017-05-07 17:46:45\",\"accept_station\":\"【收件】【陕西西安曲江】的【曲江1 手机(15332460295)】已收件,扫描员是【曲江1】\"},{\"accept_time\":\"2017-05-07 17:52:56\",\"accept_station\":\"【发件】快件在【陕西西安曲江】由【曲江】扫描发往【陕西西安航空部】\"},{\"accept_time\":\"2017-05-07 20:15:20\",\"accept_station\":\"【到件】快件到达【陕西西安航空部】,上一站是【陕西西安曲江】,扫描员是【二号称】\"},{\"accept_time\":\"2017-05-07 20:43:26\",\"accept_station\":\"【装袋】快件在【陕西西安航空部】进行装包发往扫描，发往【浙江杭州中转部】\"},{\"accept_time\":\"2017-05-08 23:15:03\",\"accept_station\":\"【发件】快件在【浙江杭州中转部】由【周林会】扫描发往【浙江宁波中转部】\"},{\"accept_time\":\"2017-05-09 04:24:55\",\"accept_station\":\"【发件】快件在【浙江宁波中转部】由【周玲惠】扫描发往【浙江宁波江北公司】\"},{\"accept_time\":\"2017-05-09 04:24:55\",\"accept_station\":\"【装车】【浙江宁波中转部】正在进行【装车】扫描\"},{\"accept_time\":\"2017-05-09 06:43:38\",\"accept_station\":\"【到件】快件到达【浙江宁波江北公司】,上一站是【】,扫描员是【操作部】\"},{\"accept_time\":\"2017-05-09 08:30:01\",\"accept_station\":\"【派件】【浙江宁波江北公司】的【万达营业厅 手机(18158566887)】正在派件,扫描员是【万达点部】\"},{\"accept_time\":\"2017-05-09 10:35:20\",\"accept_station\":\"【派件入柜】快件派送至快递柜【广厦怡庭南区18幢架空层丰巢快递柜】，派件员是【万达点部(18158566887)】\"},{\"accept_time\":\"2017-05-09 12:13:12\",\"accept_station\":\"【签收】已签收,签收人是:【收件箱】\"}]', 3, 0, 1494207583, 1494310165),
(141, 1, '15987151287190094', 2, 'ZTO', '436634129389', '[{\"accept_time\":\"2017-05-03 16:05:10\",\"accept_station\":\"[长沙市] [长沙市场部]的宋娟已收件 电话:13874910870\"},{\"accept_time\":\"2017-05-03 22:26:29\",\"accept_station\":\"[长沙市] 快件到达 [长沙中转部]\"},{\"accept_time\":\"2017-05-04 01:38:26\",\"accept_station\":\"[长沙市] 快件离开 [长沙中转部]已发往[宁波]\"},{\"accept_time\":\"2017-05-04 19:19:41\",\"accept_station\":\"[台州市] 快件到达 [台州中转部]\"},{\"accept_time\":\"2017-05-04 19:49:29\",\"accept_station\":\"[台州市] 快件离开 [台州中转部]已发往[宁波中转部]\"},{\"accept_time\":\"2017-05-05 03:31:00\",\"accept_station\":\"[宁波市] 快件到达 [宁波中转部]\"},{\"accept_time\":\"2017-05-05 04:05:56\",\"accept_station\":\"[宁波市] 快件离开 [宁波中转部]已发往[宁波]\"},{\"accept_time\":\"2017-05-05 07:36:44\",\"accept_station\":\"[宁波市] 快件离开 [宁波洪塘]已发往[宁波洪塘庄桥二部]\"},{\"accept_time\":\"2017-05-05 12:36:10\",\"accept_station\":\"[宁波市] 快件已到达[宁波洪塘庄桥二部],业务员罗小虎正在第1次派件 电话:13780009434 请保持电话畅通、耐心等待\"},{\"accept_time\":\"2017-05-05 13:57:23\",\"accept_station\":\"[宁波市] [宁波洪塘庄桥二部]的派件已签收 感谢使用中通快递,期待再次为您服务!\"},{\"accept_time\":\"2017-05-05 19:02:06\",\"accept_station\":\"[宁波市] [宁波洪塘庄桥二部]的罗小虎已收件 电话:13780009434\"}]', 4, 0, 1494235871, 1494237047),
(142, 1, '16548008188090094', 3, 'YTO', '885022354514081453', '[{\"accept_time\":\"2017-05-09 17:44:44\",\"accept_station\":\"【山东省德州市武城县公司】 已收件\"},{\"accept_time\":\"2017-05-09 18:04:44\",\"accept_station\":\"【山东省德州市武城县公司】 已打包\"},{\"accept_time\":\"2017-05-09 18:04:57\",\"accept_station\":\"【山东省德州市武城县公司】 已发出 下一站 【济南转运中心】\"},{\"accept_time\":\"2017-05-09 21:07:46\",\"accept_station\":\"【济南转运中心】 已收入\"},{\"accept_time\":\"2017-05-09 21:10:24\",\"accept_station\":\"【济南转运中心】 已发出 下一站 【宁波转运中心】\"},{\"accept_time\":\"2017-05-11 01:59:19\",\"accept_station\":\"【宁波转运中心】 已收入\"},{\"accept_time\":\"2017-05-11 05:00:23\",\"accept_station\":\"【宁波转运中心】 已发出 下一站 【浙江省宁波市邱隘公司】\"},{\"accept_time\":\"2017-05-11 08:42:28\",\"accept_station\":\"【浙江省宁波市邱隘公司】 已发出 下一站 【宁波转运中心】\"},{\"accept_time\":\"2017-05-11 11:37:03\",\"accept_station\":\"【宁波转运中心】 已收入\"},{\"accept_time\":\"2017-05-11 11:40:27\",\"accept_station\":\"【宁波转运中心】 已发出 下一站 【浙江省宁波市洪塘公司】\"},{\"accept_time\":\"2017-05-11 12:40:14\",\"accept_station\":\"【浙江省宁波市洪塘公司】 已发出 下一站 【浙江省宁波市洪塘B区公司】\"},{\"accept_time\":\"2017-05-11 14:43:55\",\"accept_station\":\"【浙江省宁波市洪塘B区公司】 派件人: 杨增 派件中 派件员电话18613600876\"},{\"accept_time\":\"2017-05-11 17:21:24\",\"accept_station\":\"快件已被广厦怡庭南区【自提柜】代收，请及时取件。有问题请联系派件员15058458548\"},{\"accept_time\":\"2017-05-11 20:12:58\",\"accept_station\":\"客户 签收人: 本人签收 已签收 感谢使用圆通速递，期待再次为您服务\"}]', 3, 0, 1494426296, 1494541528),
(143, 1, '50307219016090094', 2, 'ZTO', '450644928478', '[{\"accept_time\":\"2017-08-23 22:04:55\",\"accept_station\":\"[东莞市] [东莞石碣]的RK数码已收件 电话:暂无\"},{\"accept_time\":\"2017-08-23 22:30:55\",\"accept_station\":\"[东莞市] 快件离开 [东莞石碣]已发往[宁波]\"},{\"accept_time\":\"2017-08-24 01:19:54\",\"accept_station\":\"[东莞市] 快件到达 [东莞中心]\"},{\"accept_time\":\"2017-08-24 01:23:29\",\"accept_station\":\"[东莞市] 快件离开 [东莞中心]已发往[宁波中转部]\"},{\"accept_time\":\"2017-08-25 03:21:46\",\"accept_station\":\"[宁波市] 快件到达 [宁波中转部]\"},{\"accept_time\":\"2017-08-25 03:41:32\",\"accept_station\":\"[宁波市] 快件离开 [宁波中转部]已发往[宁波]\"},{\"accept_time\":\"2017-08-25 06:13:05\",\"accept_station\":\"[宁波市] 快件到达 [宁波洪塘]\"},{\"accept_time\":\"2017-08-25 06:33:56\",\"accept_station\":\"[宁波市] 快件离开 [宁波洪塘]已发往[宁波洪塘庄桥二部]\"},{\"accept_time\":\"2017-08-25 10:17:49\",\"accept_station\":\"[宁波市] 快件已到达[宁波洪塘庄桥二部],业务员罗小虎正在第1次派件 电话:13780009434 请保持电话畅通、耐心等待\"},{\"accept_time\":\"2017-08-25 13:24:46\",\"accept_station\":\"[宁波市] [宁波洪塘庄桥二部]的派件已签收 感谢使用中通快递,期待再次为您服务!\"}]', 3, 0, 1503537304, 1503649491),
(144, 1, 'PO_H9057663247141790001', 1, 'SF', '111222333444555', '[]', 0, 1, 1505233258, 1505233258),
(145, 1, '11475031669090094', 7, 'EMS', '1129493657532', '[{\"accept_time\":\"2017-04-27 19:32:15\",\"accept_station\":\"温州市瑞安分公司场桥经营部已收件（揽投员姓名：冯康北,联系电话:13587572587），温州市\",\"remark\":\"\"},{\"accept_time\":\"2017-04-27 22:23:00\",\"accept_station\":\"离开温州市 发往台州市，温州市\",\"remark\":\"\"},{\"accept_time\":\"2017-04-28 01:09:00\",\"accept_station\":\"到达台州市处理中心（经转），台州市\",\"remark\":\"\"},{\"accept_time\":\"2017-04-28 02:58:00\",\"accept_station\":\"离开台州市 发往宁波市（经转），台州市\",\"remark\":\"\"},{\"accept_time\":\"2017-04-28 05:20:00\",\"accept_station\":\"到达  宁波邮区中心局邮件处理中心 处理中心，宁波市\",\"remark\":\"\"},{\"accept_time\":\"2017-04-28 06:30:08\",\"accept_station\":\"离开宁波市 发往江北速递分公司洪塘经营部，宁波市\",\"remark\":\"\"},{\"accept_time\":\"2017-04-28 07:36:38\",\"accept_station\":\"江北速递分公司洪塘经营部安排投递，预计13:00:00前投递（投递员姓名：顾豪杰;联系电话：13600629547），宁波市\",\"remark\":\"\"},{\"accept_time\":\"2017-04-28 08:54:00\",\"accept_station\":\"已离开宁波邮区中心局邮件处理中心，发往宁波市邮政局速递公司，宁波市\",\"remark\":\"\"},{\"accept_time\":\"2017-04-28 11:05:50\",\"accept_station\":\"投递并签收，签收人：他人收 丰巢，宁波市\",\"remark\":\"\"}]', 3, 0, 1493349047, 1493457934),
(146, 0, '11475031670090094', 4, 'YD', '3934010097802', '[{\"accept_time\":\"2017-04-27 18:59:16\",\"accept_station\":\"到达：贵州贵阳沙冲路公司 已收件\"},{\"accept_time\":\"2017-04-27 21:07:15\",\"accept_station\":\"到达：贵州贵阳分拨中心\"},{\"accept_time\":\"2017-04-27 21:11:45\",\"accept_station\":\"到达：贵州贵阳分拨中心 发往：浙江义乌分拨中心\"},{\"accept_time\":\"2017-04-29 00:53:32\",\"accept_station\":\"到达：浙江义乌分拨中心 上级站点：贵州贵阳分拨中心\"},{\"accept_time\":\"2017-04-29 00:55:36\",\"accept_station\":\"到达：浙江义乌分拨中心 发往：浙江宁波分拨中心\"},{\"accept_time\":\"2017-04-29 05:33:55\",\"accept_station\":\"到达：浙江宁波分拨中心 上级站点：浙江义乌分拨中心\"},{\"accept_time\":\"2017-04-29 05:38:31\",\"accept_station\":\"到达：浙江宁波分拨中心 发往：浙江宁波江北区洪塘公司\"},{\"accept_time\":\"2017-04-29 14:20:24\",\"accept_station\":\"到达：浙江宁波江北区洪塘公司 指定：邓康(15888033919) 派送\"},{\"accept_time\":\"2017-04-29 15:38:40\",\"accept_station\":\"到达：云柜智能快递柜 上级站点：浙江宁波江北区洪塘公司 发往：\"},{\"accept_time\":\"2017-04-29 18:58:14\",\"accept_station\":\"已签收，感谢使用韵达，期待再次为您服务\"}]', 3, 0, 1493349141, 1493523769),
(147, 1, '15833929218090094', 5, 'STO', '402518834456', '[{\"accept_time\":\"2017-05-07 17:46:45\",\"accept_station\":\"【收件】【陕西西安曲江】的【曲江1 手机(15332460295)】已收件,扫描员是【曲江1】\"},{\"accept_time\":\"2017-05-07 17:52:56\",\"accept_station\":\"【发件】快件在【陕西西安曲江】由【曲江】扫描发往【陕西西安航空部】\"},{\"accept_time\":\"2017-05-07 20:15:20\",\"accept_station\":\"【到件】快件到达【陕西西安航空部】,上一站是【陕西西安曲江】,扫描员是【二号称】\"},{\"accept_time\":\"2017-05-07 20:43:26\",\"accept_station\":\"【装袋】快件在【陕西西安航空部】进行装包发往扫描，发往【浙江杭州中转部】\"},{\"accept_time\":\"2017-05-08 23:15:03\",\"accept_station\":\"【发件】快件在【浙江杭州中转部】由【周林会】扫描发往【浙江宁波中转部】\"},{\"accept_time\":\"2017-05-09 04:24:55\",\"accept_station\":\"【发件】快件在【浙江宁波中转部】由【周玲惠】扫描发往【浙江宁波江北公司】\"},{\"accept_time\":\"2017-05-09 04:24:55\",\"accept_station\":\"【装车】【浙江宁波中转部】正在进行【装车】扫描\"},{\"accept_time\":\"2017-05-09 06:43:38\",\"accept_station\":\"【到件】快件到达【浙江宁波江北公司】,上一站是【】,扫描员是【操作部】\"},{\"accept_time\":\"2017-05-09 08:30:01\",\"accept_station\":\"【派件】【浙江宁波江北公司】的【万达营业厅 手机(18158566887)】正在派件,扫描员是【万达点部】\"},{\"accept_time\":\"2017-05-09 10:35:20\",\"accept_station\":\"【派件入柜】快件派送至快递柜【广厦怡庭南区18幢架空层丰巢快递柜】，派件员是【万达点部(18158566887)】\"},{\"accept_time\":\"2017-05-09 12:13:12\",\"accept_station\":\"【签收】已签收,签收人是:【收件箱】\"}]', 3, 0, 1494207583, 1494310165),
(148, 1, '15987151287190094', 2, 'ZTO', '436634129389', '[{\"accept_time\":\"2017-05-03 16:05:10\",\"accept_station\":\"[长沙市] [长沙市场部]的宋娟已收件 电话:13874910870\"},{\"accept_time\":\"2017-05-03 22:26:29\",\"accept_station\":\"[长沙市] 快件到达 [长沙中转部]\"},{\"accept_time\":\"2017-05-04 01:38:26\",\"accept_station\":\"[长沙市] 快件离开 [长沙中转部]已发往[宁波]\"},{\"accept_time\":\"2017-05-04 19:19:41\",\"accept_station\":\"[台州市] 快件到达 [台州中转部]\"},{\"accept_time\":\"2017-05-04 19:49:29\",\"accept_station\":\"[台州市] 快件离开 [台州中转部]已发往[宁波中转部]\"},{\"accept_time\":\"2017-05-05 03:31:00\",\"accept_station\":\"[宁波市] 快件到达 [宁波中转部]\"},{\"accept_time\":\"2017-05-05 04:05:56\",\"accept_station\":\"[宁波市] 快件离开 [宁波中转部]已发往[宁波]\"},{\"accept_time\":\"2017-05-05 07:36:44\",\"accept_station\":\"[宁波市] 快件离开 [宁波洪塘]已发往[宁波洪塘庄桥二部]\"},{\"accept_time\":\"2017-05-05 12:36:10\",\"accept_station\":\"[宁波市] 快件已到达[宁波洪塘庄桥二部],业务员罗小虎正在第1次派件 电话:13780009434 请保持电话畅通、耐心等待\"},{\"accept_time\":\"2017-05-05 13:57:23\",\"accept_station\":\"[宁波市] [宁波洪塘庄桥二部]的派件已签收 感谢使用中通快递,期待再次为您服务!\"},{\"accept_time\":\"2017-05-05 19:02:06\",\"accept_station\":\"[宁波市] [宁波洪塘庄桥二部]的罗小虎已收件 电话:13780009434\"}]', 4, 0, 1494235871, 1494237047),
(149, 1, '16548008188090094', 3, 'YTO', '885022354514081453', '[{\"accept_time\":\"2017-05-09 17:44:44\",\"accept_station\":\"【山东省德州市武城县公司】 已收件\"},{\"accept_time\":\"2017-05-09 18:04:44\",\"accept_station\":\"【山东省德州市武城县公司】 已打包\"},{\"accept_time\":\"2017-05-09 18:04:57\",\"accept_station\":\"【山东省德州市武城县公司】 已发出 下一站 【济南转运中心】\"},{\"accept_time\":\"2017-05-09 21:07:46\",\"accept_station\":\"【济南转运中心】 已收入\"},{\"accept_time\":\"2017-05-09 21:10:24\",\"accept_station\":\"【济南转运中心】 已发出 下一站 【宁波转运中心】\"},{\"accept_time\":\"2017-05-11 01:59:19\",\"accept_station\":\"【宁波转运中心】 已收入\"},{\"accept_time\":\"2017-05-11 05:00:23\",\"accept_station\":\"【宁波转运中心】 已发出 下一站 【浙江省宁波市邱隘公司】\"},{\"accept_time\":\"2017-05-11 08:42:28\",\"accept_station\":\"【浙江省宁波市邱隘公司】 已发出 下一站 【宁波转运中心】\"},{\"accept_time\":\"2017-05-11 11:37:03\",\"accept_station\":\"【宁波转运中心】 已收入\"},{\"accept_time\":\"2017-05-11 11:40:27\",\"accept_station\":\"【宁波转运中心】 已发出 下一站 【浙江省宁波市洪塘公司】\"},{\"accept_time\":\"2017-05-11 12:40:14\",\"accept_station\":\"【浙江省宁波市洪塘公司】 已发出 下一站 【浙江省宁波市洪塘B区公司】\"},{\"accept_time\":\"2017-05-11 14:43:55\",\"accept_station\":\"【浙江省宁波市洪塘B区公司】 派件人: 杨增 派件中 派件员电话18613600876\"},{\"accept_time\":\"2017-05-11 17:21:24\",\"accept_station\":\"快件已被广厦怡庭南区【自提柜】代收，请及时取件。有问题请联系派件员15058458548\"},{\"accept_time\":\"2017-05-11 20:12:58\",\"accept_station\":\"客户 签收人: 本人签收 已签收 感谢使用圆通速递，期待再次为您服务\"}]', 3, 0, 1494426296, 1494541528),
(150, 1, '50307219016090094', 2, 'ZTO', '450644928478', '[{\"accept_time\":\"2017-08-23 22:04:55\",\"accept_station\":\"[东莞市] [东莞石碣]的RK数码已收件 电话:暂无\"},{\"accept_time\":\"2017-08-23 22:30:55\",\"accept_station\":\"[东莞市] 快件离开 [东莞石碣]已发往[宁波]\"},{\"accept_time\":\"2017-08-24 01:19:54\",\"accept_station\":\"[东莞市] 快件到达 [东莞中心]\"},{\"accept_time\":\"2017-08-24 01:23:29\",\"accept_station\":\"[东莞市] 快件离开 [东莞中心]已发往[宁波中转部]\"},{\"accept_time\":\"2017-08-25 03:21:46\",\"accept_station\":\"[宁波市] 快件到达 [宁波中转部]\"},{\"accept_time\":\"2017-08-25 03:41:32\",\"accept_station\":\"[宁波市] 快件离开 [宁波中转部]已发往[宁波]\"},{\"accept_time\":\"2017-08-25 06:13:05\",\"accept_station\":\"[宁波市] 快件到达 [宁波洪塘]\"},{\"accept_time\":\"2017-08-25 06:33:56\",\"accept_station\":\"[宁波市] 快件离开 [宁波洪塘]已发往[宁波洪塘庄桥二部]\"},{\"accept_time\":\"2017-08-25 10:17:49\",\"accept_station\":\"[宁波市] 快件已到达[宁波洪塘庄桥二部],业务员罗小虎正在第1次派件 电话:13780009434 请保持电话畅通、耐心等待\"},{\"accept_time\":\"2017-08-25 13:24:46\",\"accept_station\":\"[宁波市] [宁波洪塘庄桥二部]的派件已签收 感谢使用中通快递,期待再次为您服务!\"}]', 3, 0, 1503537304, 1503649491),
(151, 1, 'PO_H9057663247141790001', 1, 'SF', '111222333444555', '[]', 0, 1, 1505233258, 1505233258),
(152, 1, '11475031669090094', 7, 'EMS', '1129493657532', '[{\"accept_time\":\"2017-04-27 19:32:15\",\"accept_station\":\"温州市瑞安分公司场桥经营部已收件（揽投员姓名：冯康北,联系电话:13587572587），温州市\",\"remark\":\"\"},{\"accept_time\":\"2017-04-27 22:23:00\",\"accept_station\":\"离开温州市 发往台州市，温州市\",\"remark\":\"\"},{\"accept_time\":\"2017-04-28 01:09:00\",\"accept_station\":\"到达台州市处理中心（经转），台州市\",\"remark\":\"\"},{\"accept_time\":\"2017-04-28 02:58:00\",\"accept_station\":\"离开台州市 发往宁波市（经转），台州市\",\"remark\":\"\"},{\"accept_time\":\"2017-04-28 05:20:00\",\"accept_station\":\"到达  宁波邮区中心局邮件处理中心 处理中心，宁波市\",\"remark\":\"\"},{\"accept_time\":\"2017-04-28 06:30:08\",\"accept_station\":\"离开宁波市 发往江北速递分公司洪塘经营部，宁波市\",\"remark\":\"\"},{\"accept_time\":\"2017-04-28 07:36:38\",\"accept_station\":\"江北速递分公司洪塘经营部安排投递，预计13:00:00前投递（投递员姓名：顾豪杰;联系电话：13600629547），宁波市\",\"remark\":\"\"},{\"accept_time\":\"2017-04-28 08:54:00\",\"accept_station\":\"已离开宁波邮区中心局邮件处理中心，发往宁波市邮政局速递公司，宁波市\",\"remark\":\"\"},{\"accept_time\":\"2017-04-28 11:05:50\",\"accept_station\":\"投递并签收，签收人：他人收 丰巢，宁波市\",\"remark\":\"\"}]', 3, 0, 1493349047, 1493457934),
(153, 0, '11475031670090094', 4, 'YD', '3934010097802', '[{\"accept_time\":\"2017-04-27 18:59:16\",\"accept_station\":\"到达：贵州贵阳沙冲路公司 已收件\"},{\"accept_time\":\"2017-04-27 21:07:15\",\"accept_station\":\"到达：贵州贵阳分拨中心\"},{\"accept_time\":\"2017-04-27 21:11:45\",\"accept_station\":\"到达：贵州贵阳分拨中心 发往：浙江义乌分拨中心\"},{\"accept_time\":\"2017-04-29 00:53:32\",\"accept_station\":\"到达：浙江义乌分拨中心 上级站点：贵州贵阳分拨中心\"},{\"accept_time\":\"2017-04-29 00:55:36\",\"accept_station\":\"到达：浙江义乌分拨中心 发往：浙江宁波分拨中心\"},{\"accept_time\":\"2017-04-29 05:33:55\",\"accept_station\":\"到达：浙江宁波分拨中心 上级站点：浙江义乌分拨中心\"},{\"accept_time\":\"2017-04-29 05:38:31\",\"accept_station\":\"到达：浙江宁波分拨中心 发往：浙江宁波江北区洪塘公司\"},{\"accept_time\":\"2017-04-29 14:20:24\",\"accept_station\":\"到达：浙江宁波江北区洪塘公司 指定：邓康(15888033919) 派送\"},{\"accept_time\":\"2017-04-29 15:38:40\",\"accept_station\":\"到达：云柜智能快递柜 上级站点：浙江宁波江北区洪塘公司 发往：\"},{\"accept_time\":\"2017-04-29 18:58:14\",\"accept_station\":\"已签收，感谢使用韵达，期待再次为您服务\"}]', 3, 0, 1493349141, 1493523769),
(154, 1, '15833929218090094', 5, 'STO', '402518834456', '[{\"accept_time\":\"2017-05-07 17:46:45\",\"accept_station\":\"【收件】【陕西西安曲江】的【曲江1 手机(15332460295)】已收件,扫描员是【曲江1】\"},{\"accept_time\":\"2017-05-07 17:52:56\",\"accept_station\":\"【发件】快件在【陕西西安曲江】由【曲江】扫描发往【陕西西安航空部】\"},{\"accept_time\":\"2017-05-07 20:15:20\",\"accept_station\":\"【到件】快件到达【陕西西安航空部】,上一站是【陕西西安曲江】,扫描员是【二号称】\"},{\"accept_time\":\"2017-05-07 20:43:26\",\"accept_station\":\"【装袋】快件在【陕西西安航空部】进行装包发往扫描，发往【浙江杭州中转部】\"},{\"accept_time\":\"2017-05-08 23:15:03\",\"accept_station\":\"【发件】快件在【浙江杭州中转部】由【周林会】扫描发往【浙江宁波中转部】\"},{\"accept_time\":\"2017-05-09 04:24:55\",\"accept_station\":\"【发件】快件在【浙江宁波中转部】由【周玲惠】扫描发往【浙江宁波江北公司】\"},{\"accept_time\":\"2017-05-09 04:24:55\",\"accept_station\":\"【装车】【浙江宁波中转部】正在进行【装车】扫描\"},{\"accept_time\":\"2017-05-09 06:43:38\",\"accept_station\":\"【到件】快件到达【浙江宁波江北公司】,上一站是【】,扫描员是【操作部】\"},{\"accept_time\":\"2017-05-09 08:30:01\",\"accept_station\":\"【派件】【浙江宁波江北公司】的【万达营业厅 手机(18158566887)】正在派件,扫描员是【万达点部】\"},{\"accept_time\":\"2017-05-09 10:35:20\",\"accept_station\":\"【派件入柜】快件派送至快递柜【广厦怡庭南区18幢架空层丰巢快递柜】，派件员是【万达点部(18158566887)】\"},{\"accept_time\":\"2017-05-09 12:13:12\",\"accept_station\":\"【签收】已签收,签收人是:【收件箱】\"}]', 3, 0, 1494207583, 1494310165),
(155, 1, '15987151287190094', 2, 'ZTO', '436634129389', '[{\"accept_time\":\"2017-05-03 16:05:10\",\"accept_station\":\"[长沙市] [长沙市场部]的宋娟已收件 电话:13874910870\"},{\"accept_time\":\"2017-05-03 22:26:29\",\"accept_station\":\"[长沙市] 快件到达 [长沙中转部]\"},{\"accept_time\":\"2017-05-04 01:38:26\",\"accept_station\":\"[长沙市] 快件离开 [长沙中转部]已发往[宁波]\"},{\"accept_time\":\"2017-05-04 19:19:41\",\"accept_station\":\"[台州市] 快件到达 [台州中转部]\"},{\"accept_time\":\"2017-05-04 19:49:29\",\"accept_station\":\"[台州市] 快件离开 [台州中转部]已发往[宁波中转部]\"},{\"accept_time\":\"2017-05-05 03:31:00\",\"accept_station\":\"[宁波市] 快件到达 [宁波中转部]\"},{\"accept_time\":\"2017-05-05 04:05:56\",\"accept_station\":\"[宁波市] 快件离开 [宁波中转部]已发往[宁波]\"},{\"accept_time\":\"2017-05-05 07:36:44\",\"accept_station\":\"[宁波市] 快件离开 [宁波洪塘]已发往[宁波洪塘庄桥二部]\"},{\"accept_time\":\"2017-05-05 12:36:10\",\"accept_station\":\"[宁波市] 快件已到达[宁波洪塘庄桥二部],业务员罗小虎正在第1次派件 电话:13780009434 请保持电话畅通、耐心等待\"},{\"accept_time\":\"2017-05-05 13:57:23\",\"accept_station\":\"[宁波市] [宁波洪塘庄桥二部]的派件已签收 感谢使用中通快递,期待再次为您服务!\"},{\"accept_time\":\"2017-05-05 19:02:06\",\"accept_station\":\"[宁波市] [宁波洪塘庄桥二部]的罗小虎已收件 电话:13780009434\"}]', 4, 0, 1494235871, 1494237047),
(156, 1, '16548008188090094', 3, 'YTO', '885022354514081453', '[{\"accept_time\":\"2017-05-09 17:44:44\",\"accept_station\":\"【山东省德州市武城县公司】 已收件\"},{\"accept_time\":\"2017-05-09 18:04:44\",\"accept_station\":\"【山东省德州市武城县公司】 已打包\"},{\"accept_time\":\"2017-05-09 18:04:57\",\"accept_station\":\"【山东省德州市武城县公司】 已发出 下一站 【济南转运中心】\"},{\"accept_time\":\"2017-05-09 21:07:46\",\"accept_station\":\"【济南转运中心】 已收入\"},{\"accept_time\":\"2017-05-09 21:10:24\",\"accept_station\":\"【济南转运中心】 已发出 下一站 【宁波转运中心】\"},{\"accept_time\":\"2017-05-11 01:59:19\",\"accept_station\":\"【宁波转运中心】 已收入\"},{\"accept_time\":\"2017-05-11 05:00:23\",\"accept_station\":\"【宁波转运中心】 已发出 下一站 【浙江省宁波市邱隘公司】\"},{\"accept_time\":\"2017-05-11 08:42:28\",\"accept_station\":\"【浙江省宁波市邱隘公司】 已发出 下一站 【宁波转运中心】\"},{\"accept_time\":\"2017-05-11 11:37:03\",\"accept_station\":\"【宁波转运中心】 已收入\"},{\"accept_time\":\"2017-05-11 11:40:27\",\"accept_station\":\"【宁波转运中心】 已发出 下一站 【浙江省宁波市洪塘公司】\"},{\"accept_time\":\"2017-05-11 12:40:14\",\"accept_station\":\"【浙江省宁波市洪塘公司】 已发出 下一站 【浙江省宁波市洪塘B区公司】\"},{\"accept_time\":\"2017-05-11 14:43:55\",\"accept_station\":\"【浙江省宁波市洪塘B区公司】 派件人: 杨增 派件中 派件员电话18613600876\"},{\"accept_time\":\"2017-05-11 17:21:24\",\"accept_station\":\"快件已被广厦怡庭南区【自提柜】代收，请及时取件。有问题请联系派件员15058458548\"},{\"accept_time\":\"2017-05-11 20:12:58\",\"accept_station\":\"客户 签收人: 本人签收 已签收 感谢使用圆通速递，期待再次为您服务\"}]', 3, 0, 1494426296, 1494541528),
(157, 1, '50307219016090094', 2, 'ZTO', '450644928478', '[{\"accept_time\":\"2017-08-23 22:04:55\",\"accept_station\":\"[东莞市] [东莞石碣]的RK数码已收件 电话:暂无\"},{\"accept_time\":\"2017-08-23 22:30:55\",\"accept_station\":\"[东莞市] 快件离开 [东莞石碣]已发往[宁波]\"},{\"accept_time\":\"2017-08-24 01:19:54\",\"accept_station\":\"[东莞市] 快件到达 [东莞中心]\"},{\"accept_time\":\"2017-08-24 01:23:29\",\"accept_station\":\"[东莞市] 快件离开 [东莞中心]已发往[宁波中转部]\"},{\"accept_time\":\"2017-08-25 03:21:46\",\"accept_station\":\"[宁波市] 快件到达 [宁波中转部]\"},{\"accept_time\":\"2017-08-25 03:41:32\",\"accept_station\":\"[宁波市] 快件离开 [宁波中转部]已发往[宁波]\"},{\"accept_time\":\"2017-08-25 06:13:05\",\"accept_station\":\"[宁波市] 快件到达 [宁波洪塘]\"},{\"accept_time\":\"2017-08-25 06:33:56\",\"accept_station\":\"[宁波市] 快件离开 [宁波洪塘]已发往[宁波洪塘庄桥二部]\"},{\"accept_time\":\"2017-08-25 10:17:49\",\"accept_station\":\"[宁波市] 快件已到达[宁波洪塘庄桥二部],业务员罗小虎正在第1次派件 电话:13780009434 请保持电话畅通、耐心等待\"},{\"accept_time\":\"2017-08-25 13:24:46\",\"accept_station\":\"[宁波市] [宁波洪塘庄桥二部]的派件已签收 感谢使用中通快递,期待再次为您服务!\"}]', 3, 0, 1503537304, 1503649491),
(158, 1, 'PO_H9057663247141790001', 1, 'SF', '111222333444555', '[]', 0, 1, 1505233258, 1505233258);
INSERT INTO `donkey_delivery_dist` (`delivery_dist_id`, `user_id`, `order_code`, `delivery_item_id`, `delivery_code`, `logistic_code`, `trace`, `state`, `is_sub`, `create_time`, `update_time`) VALUES
(159, 1, '11475031669090094', 7, 'EMS', '1129493657532', '[{\"accept_time\":\"2017-04-27 19:32:15\",\"accept_station\":\"温州市瑞安分公司场桥经营部已收件（揽投员姓名：冯康北,联系电话:13587572587），温州市\",\"remark\":\"\"},{\"accept_time\":\"2017-04-27 22:23:00\",\"accept_station\":\"离开温州市 发往台州市，温州市\",\"remark\":\"\"},{\"accept_time\":\"2017-04-28 01:09:00\",\"accept_station\":\"到达台州市处理中心（经转），台州市\",\"remark\":\"\"},{\"accept_time\":\"2017-04-28 02:58:00\",\"accept_station\":\"离开台州市 发往宁波市（经转），台州市\",\"remark\":\"\"},{\"accept_time\":\"2017-04-28 05:20:00\",\"accept_station\":\"到达  宁波邮区中心局邮件处理中心 处理中心，宁波市\",\"remark\":\"\"},{\"accept_time\":\"2017-04-28 06:30:08\",\"accept_station\":\"离开宁波市 发往江北速递分公司洪塘经营部，宁波市\",\"remark\":\"\"},{\"accept_time\":\"2017-04-28 07:36:38\",\"accept_station\":\"江北速递分公司洪塘经营部安排投递，预计13:00:00前投递（投递员姓名：顾豪杰;联系电话：13600629547），宁波市\",\"remark\":\"\"},{\"accept_time\":\"2017-04-28 08:54:00\",\"accept_station\":\"已离开宁波邮区中心局邮件处理中心，发往宁波市邮政局速递公司，宁波市\",\"remark\":\"\"},{\"accept_time\":\"2017-04-28 11:05:50\",\"accept_station\":\"投递并签收，签收人：他人收 丰巢，宁波市\",\"remark\":\"\"}]', 3, 0, 1493349047, 1493457934),
(160, 0, '11475031670090094', 4, 'YD', '3934010097802', '[{\"accept_time\":\"2017-04-27 18:59:16\",\"accept_station\":\"到达：贵州贵阳沙冲路公司 已收件\"},{\"accept_time\":\"2017-04-27 21:07:15\",\"accept_station\":\"到达：贵州贵阳分拨中心\"},{\"accept_time\":\"2017-04-27 21:11:45\",\"accept_station\":\"到达：贵州贵阳分拨中心 发往：浙江义乌分拨中心\"},{\"accept_time\":\"2017-04-29 00:53:32\",\"accept_station\":\"到达：浙江义乌分拨中心 上级站点：贵州贵阳分拨中心\"},{\"accept_time\":\"2017-04-29 00:55:36\",\"accept_station\":\"到达：浙江义乌分拨中心 发往：浙江宁波分拨中心\"},{\"accept_time\":\"2017-04-29 05:33:55\",\"accept_station\":\"到达：浙江宁波分拨中心 上级站点：浙江义乌分拨中心\"},{\"accept_time\":\"2017-04-29 05:38:31\",\"accept_station\":\"到达：浙江宁波分拨中心 发往：浙江宁波江北区洪塘公司\"},{\"accept_time\":\"2017-04-29 14:20:24\",\"accept_station\":\"到达：浙江宁波江北区洪塘公司 指定：邓康(15888033919) 派送\"},{\"accept_time\":\"2017-04-29 15:38:40\",\"accept_station\":\"到达：云柜智能快递柜 上级站点：浙江宁波江北区洪塘公司 发往：\"},{\"accept_time\":\"2017-04-29 18:58:14\",\"accept_station\":\"已签收，感谢使用韵达，期待再次为您服务\"}]', 3, 0, 1493349141, 1493523769),
(161, 1, '15833929218090094', 5, 'STO', '402518834456', '[{\"accept_time\":\"2017-05-07 17:46:45\",\"accept_station\":\"【收件】【陕西西安曲江】的【曲江1 手机(15332460295)】已收件,扫描员是【曲江1】\"},{\"accept_time\":\"2017-05-07 17:52:56\",\"accept_station\":\"【发件】快件在【陕西西安曲江】由【曲江】扫描发往【陕西西安航空部】\"},{\"accept_time\":\"2017-05-07 20:15:20\",\"accept_station\":\"【到件】快件到达【陕西西安航空部】,上一站是【陕西西安曲江】,扫描员是【二号称】\"},{\"accept_time\":\"2017-05-07 20:43:26\",\"accept_station\":\"【装袋】快件在【陕西西安航空部】进行装包发往扫描，发往【浙江杭州中转部】\"},{\"accept_time\":\"2017-05-08 23:15:03\",\"accept_station\":\"【发件】快件在【浙江杭州中转部】由【周林会】扫描发往【浙江宁波中转部】\"},{\"accept_time\":\"2017-05-09 04:24:55\",\"accept_station\":\"【发件】快件在【浙江宁波中转部】由【周玲惠】扫描发往【浙江宁波江北公司】\"},{\"accept_time\":\"2017-05-09 04:24:55\",\"accept_station\":\"【装车】【浙江宁波中转部】正在进行【装车】扫描\"},{\"accept_time\":\"2017-05-09 06:43:38\",\"accept_station\":\"【到件】快件到达【浙江宁波江北公司】,上一站是【】,扫描员是【操作部】\"},{\"accept_time\":\"2017-05-09 08:30:01\",\"accept_station\":\"【派件】【浙江宁波江北公司】的【万达营业厅 手机(18158566887)】正在派件,扫描员是【万达点部】\"},{\"accept_time\":\"2017-05-09 10:35:20\",\"accept_station\":\"【派件入柜】快件派送至快递柜【广厦怡庭南区18幢架空层丰巢快递柜】，派件员是【万达点部(18158566887)】\"},{\"accept_time\":\"2017-05-09 12:13:12\",\"accept_station\":\"【签收】已签收,签收人是:【收件箱】\"}]', 3, 0, 1494207583, 1494310165),
(162, 1, '15987151287190094', 2, 'ZTO', '436634129389', '[{\"accept_time\":\"2017-05-03 16:05:10\",\"accept_station\":\"[长沙市] [长沙市场部]的宋娟已收件 电话:13874910870\"},{\"accept_time\":\"2017-05-03 22:26:29\",\"accept_station\":\"[长沙市] 快件到达 [长沙中转部]\"},{\"accept_time\":\"2017-05-04 01:38:26\",\"accept_station\":\"[长沙市] 快件离开 [长沙中转部]已发往[宁波]\"},{\"accept_time\":\"2017-05-04 19:19:41\",\"accept_station\":\"[台州市] 快件到达 [台州中转部]\"},{\"accept_time\":\"2017-05-04 19:49:29\",\"accept_station\":\"[台州市] 快件离开 [台州中转部]已发往[宁波中转部]\"},{\"accept_time\":\"2017-05-05 03:31:00\",\"accept_station\":\"[宁波市] 快件到达 [宁波中转部]\"},{\"accept_time\":\"2017-05-05 04:05:56\",\"accept_station\":\"[宁波市] 快件离开 [宁波中转部]已发往[宁波]\"},{\"accept_time\":\"2017-05-05 07:36:44\",\"accept_station\":\"[宁波市] 快件离开 [宁波洪塘]已发往[宁波洪塘庄桥二部]\"},{\"accept_time\":\"2017-05-05 12:36:10\",\"accept_station\":\"[宁波市] 快件已到达[宁波洪塘庄桥二部],业务员罗小虎正在第1次派件 电话:13780009434 请保持电话畅通、耐心等待\"},{\"accept_time\":\"2017-05-05 13:57:23\",\"accept_station\":\"[宁波市] [宁波洪塘庄桥二部]的派件已签收 感谢使用中通快递,期待再次为您服务!\"},{\"accept_time\":\"2017-05-05 19:02:06\",\"accept_station\":\"[宁波市] [宁波洪塘庄桥二部]的罗小虎已收件 电话:13780009434\"}]', 4, 0, 1494235871, 1494237047),
(163, 1, '16548008188090094', 3, 'YTO', '885022354514081453', '[{\"accept_time\":\"2017-05-09 17:44:44\",\"accept_station\":\"【山东省德州市武城县公司】 已收件\"},{\"accept_time\":\"2017-05-09 18:04:44\",\"accept_station\":\"【山东省德州市武城县公司】 已打包\"},{\"accept_time\":\"2017-05-09 18:04:57\",\"accept_station\":\"【山东省德州市武城县公司】 已发出 下一站 【济南转运中心】\"},{\"accept_time\":\"2017-05-09 21:07:46\",\"accept_station\":\"【济南转运中心】 已收入\"},{\"accept_time\":\"2017-05-09 21:10:24\",\"accept_station\":\"【济南转运中心】 已发出 下一站 【宁波转运中心】\"},{\"accept_time\":\"2017-05-11 01:59:19\",\"accept_station\":\"【宁波转运中心】 已收入\"},{\"accept_time\":\"2017-05-11 05:00:23\",\"accept_station\":\"【宁波转运中心】 已发出 下一站 【浙江省宁波市邱隘公司】\"},{\"accept_time\":\"2017-05-11 08:42:28\",\"accept_station\":\"【浙江省宁波市邱隘公司】 已发出 下一站 【宁波转运中心】\"},{\"accept_time\":\"2017-05-11 11:37:03\",\"accept_station\":\"【宁波转运中心】 已收入\"},{\"accept_time\":\"2017-05-11 11:40:27\",\"accept_station\":\"【宁波转运中心】 已发出 下一站 【浙江省宁波市洪塘公司】\"},{\"accept_time\":\"2017-05-11 12:40:14\",\"accept_station\":\"【浙江省宁波市洪塘公司】 已发出 下一站 【浙江省宁波市洪塘B区公司】\"},{\"accept_time\":\"2017-05-11 14:43:55\",\"accept_station\":\"【浙江省宁波市洪塘B区公司】 派件人: 杨增 派件中 派件员电话18613600876\"},{\"accept_time\":\"2017-05-11 17:21:24\",\"accept_station\":\"快件已被广厦怡庭南区【自提柜】代收，请及时取件。有问题请联系派件员15058458548\"},{\"accept_time\":\"2017-05-11 20:12:58\",\"accept_station\":\"客户 签收人: 本人签收 已签收 感谢使用圆通速递，期待再次为您服务\"}]', 3, 0, 1494426296, 1494541528),
(164, 1, '50307219016090094', 2, 'ZTO', '450644928478', '[{\"accept_time\":\"2017-08-23 22:04:55\",\"accept_station\":\"[东莞市] [东莞石碣]的RK数码已收件 电话:暂无\"},{\"accept_time\":\"2017-08-23 22:30:55\",\"accept_station\":\"[东莞市] 快件离开 [东莞石碣]已发往[宁波]\"},{\"accept_time\":\"2017-08-24 01:19:54\",\"accept_station\":\"[东莞市] 快件到达 [东莞中心]\"},{\"accept_time\":\"2017-08-24 01:23:29\",\"accept_station\":\"[东莞市] 快件离开 [东莞中心]已发往[宁波中转部]\"},{\"accept_time\":\"2017-08-25 03:21:46\",\"accept_station\":\"[宁波市] 快件到达 [宁波中转部]\"},{\"accept_time\":\"2017-08-25 03:41:32\",\"accept_station\":\"[宁波市] 快件离开 [宁波中转部]已发往[宁波]\"},{\"accept_time\":\"2017-08-25 06:13:05\",\"accept_station\":\"[宁波市] 快件到达 [宁波洪塘]\"},{\"accept_time\":\"2017-08-25 06:33:56\",\"accept_station\":\"[宁波市] 快件离开 [宁波洪塘]已发往[宁波洪塘庄桥二部]\"},{\"accept_time\":\"2017-08-25 10:17:49\",\"accept_station\":\"[宁波市] 快件已到达[宁波洪塘庄桥二部],业务员罗小虎正在第1次派件 电话:13780009434 请保持电话畅通、耐心等待\"},{\"accept_time\":\"2017-08-25 13:24:46\",\"accept_station\":\"[宁波市] [宁波洪塘庄桥二部]的派件已签收 感谢使用中通快递,期待再次为您服务!\"}]', 3, 0, 1503537304, 1503649491),
(165, 1, 'PO_A3217849839847620001', 8, 'EMS', '9898385289059', '[]', 0, 1, 1584947681, 1584947681),
(191, 1, 'PO_A3150263011275460001', 5, 'YTO', 'YT4415392300377', '[{\"accept_station\":\"【浙江省杭州市余杭区临平公司】 已收件 取件人: 王金燕 (18357207313)\",\"accept_time\":\"2020-03-24 18:14:10\"},{\"accept_station\":\"【浙江省杭州市余杭区临平公司】 已打包\",\"accept_time\":\"2020-03-24 18:25:41\"},{\"accept_station\":\"【浙江省杭州市余杭区临平】 已发出 下一站 【杭州转运中心公司】\",\"accept_time\":\"2020-03-24 18:34:41\"},{\"accept_station\":\"【杭州转运中心公司】 已收入\",\"accept_time\":\"2020-03-24 22:45:55\"},{\"accept_station\":\"【杭州转运中心】 已发出 下一站 【宁波转运中心公司】\",\"accept_time\":\"2020-03-24 23:06:15\"},{\"accept_station\":\"【宁波转运中心公司】 已收入\",\"accept_time\":\"2020-03-25 02:41:56\"},{\"accept_station\":\"【宁波转运中心】 已发出 下一站 【浙江省宁波市洪塘公司】\",\"accept_time\":\"2020-03-25 03:06:24\"},{\"accept_station\":\"【浙江省宁波市江北区庄桥四部公司】 派件中  派件人: 汪勇 电话 13856639595  如有疑问，请联系：0574-87349434\",\"accept_time\":\"2020-03-25 08:09:39\"},{\"accept_station\":\"快件已由广厦怡庭南区18幢架空层丰巢智能柜丰巢柜代收，取件码已发送，请及时取件\",\"accept_time\":\"2020-03-25 10:31:36\"},{\"accept_station\":\"客户签收人: 已签收，签收人凭取货码签收 已签收  感谢使用圆通速递，期待再次为您服务 如有疑问请联系：13856639595，投诉电话：0574-87349434\",\"accept_time\":\"2020-03-25 18:28:46\"}]', 3, 0, 1585492337, 1585493683),
(192, 1, 'PO_A3279938010900330001', 8, 'EMS', '9898385289059', '[]', 0, 1, 1585492628, 1585492628),
(193, 1, 'PO_A3217852987257470001', 5, 'YTO', 'YT4415392300377', '[{\"accept_station\":\"【浙江省杭州市余杭区临平公司】 已收件 取件人: 王金燕 (18357207313)\",\"accept_time\":\"2020-03-24 18:14:10\"},{\"accept_station\":\"【浙江省杭州市余杭区临平公司】 已打包\",\"accept_time\":\"2020-03-24 18:25:41\"},{\"accept_station\":\"【浙江省杭州市余杭区临平】 已发出 下一站 【杭州转运中心公司】\",\"accept_time\":\"2020-03-24 18:34:41\"},{\"accept_station\":\"【杭州转运中心公司】 已收入\",\"accept_time\":\"2020-03-24 22:45:55\"},{\"accept_station\":\"【杭州转运中心】 已发出 下一站 【宁波转运中心公司】\",\"accept_time\":\"2020-03-24 23:06:15\"},{\"accept_station\":\"【宁波转运中心公司】 已收入\",\"accept_time\":\"2020-03-25 02:41:56\"},{\"accept_station\":\"【宁波转运中心】 已发出 下一站 【浙江省宁波市洪塘公司】\",\"accept_time\":\"2020-03-25 03:06:24\"},{\"accept_station\":\"【浙江省宁波市江北区庄桥四部公司】 派件中  派件人: 汪勇 电话 13856639595  如有疑问，请联系：0574-87349434\",\"accept_time\":\"2020-03-25 08:09:39\"},{\"accept_station\":\"快件已由广厦怡庭南区18幢架空层丰巢智能柜丰巢柜代收，取件码已发送，请及时取件\",\"accept_time\":\"2020-03-25 10:31:36\"},{\"accept_station\":\"客户签收人: 已签收，签收人凭取货码签收 已签收  感谢使用圆通速递，期待再次为您服务 如有疑问请联系：13856639595，投诉电话：0574-87349434\",\"accept_time\":\"2020-03-25 18:28:46\"}]', 3, 0, 1585494256, 1585494290),
(194, 1, 'PO_A3217852987257470001', 8, 'EMS', '9898385289059', '[]', 0, 0, 1585494274, 1585494274),
(195, 1, 'PO_A3279948991700770001', 3, 'ZTO', '75339141556336', '[]', 0, 1, 1585718010, 1585718010),
(196, 1, 'PO_A3150263011275460001', 8, 'EMS', '9898385289059', '[]', 0, 1, 1585492628, 1585492628),
(197, 1, 'PO_A3217852987257470001', 6, 'YD', '4304451792319', '[]', 0, 1, 1587140325, 1587140325),
(198, 1, 'PO_A3217852987257470001', 8, 'EMS', 'AAA', '[]', 0, 1, 1587142849, 1587142849),
(199, 1, 'SH_A4213550720400230001', 5, 'YTO', 'YT4415392300377', '[{\"accept_station\":\"【浙江省杭州市余杭区临平公司】 已收件 取件人: 王金燕 (18357207313)\",\"accept_time\":\"2020-03-24 18:14:10\"},{\"accept_station\":\"【浙江省杭州市余杭区临平公司】 已打包\",\"accept_time\":\"2020-03-24 18:25:41\"},{\"accept_station\":\"【浙江省杭州市余杭区临平】 已发出 下一站 【杭州转运中心公司】\",\"accept_time\":\"2020-03-24 18:34:41\"},{\"accept_station\":\"【杭州转运中心公司】 已收入\",\"accept_time\":\"2020-03-24 22:45:55\"},{\"accept_station\":\"【杭州转运中心】 已发出 下一站 【宁波转运中心公司】\",\"accept_time\":\"2020-03-24 23:06:15\"},{\"accept_station\":\"【宁波转运中心公司】 已收入\",\"accept_time\":\"2020-03-25 02:41:56\"},{\"accept_station\":\"【宁波转运中心】 已发出 下一站 【浙江省宁波市洪塘公司】\",\"accept_time\":\"2020-03-25 03:06:24\"},{\"accept_station\":\"【浙江省宁波市江北区庄桥四部公司】 派件中  派件人: 汪勇 电话 13856639595  如有疑问，请联系：0574-87349434\",\"accept_time\":\"2020-03-25 08:09:39\"},{\"accept_station\":\"快件已由广厦怡庭南区18幢架空层丰巢智能柜丰巢柜代收，取件码已发送，请及时取件\",\"accept_time\":\"2020-03-25 10:31:36\"},{\"accept_station\":\"客户签收人: 已签收，签收人凭取货码签收 已签收  感谢使用圆通速递，期待再次为您服务 如有疑问请联系：13856639595，投诉电话：0574-87349434\",\"accept_time\":\"2020-03-25 18:28:46\"}]', 3, 0, 1585494256, 1585494290),
(200, 1, 'SH_I3060591166003750025', 1, 'SF', '0000', '[]', 0, 1, 1588043380, 1588043380),
(201, 1, 'SH_A4213550720400230027', 1, 'SF', '00000', '[]', 0, 1, 1588043506, 1588043506),
(202, 0, 'SH_A4213550720400230028', 4, 'YD', 'YT4415392300377', '[{\"accept_time\":\"2017-04-27 18:59:16\",\"accept_station\":\"到达：贵州贵阳沙冲路公司 已收件\"},{\"accept_time\":\"2017-04-27 21:07:15\",\"accept_station\":\"到达：贵州贵阳分拨中心\"},{\"accept_time\":\"2017-04-27 21:11:45\",\"accept_station\":\"到达：贵州贵阳分拨中心 发往：浙江义乌分拨中心\"},{\"accept_time\":\"2017-04-29 00:53:32\",\"accept_station\":\"到达：浙江义乌分拨中心 上级站点：贵州贵阳分拨中心\"},{\"accept_time\":\"2017-04-29 00:55:36\",\"accept_station\":\"到达：浙江义乌分拨中心 发往：浙江宁波分拨中心\"},{\"accept_time\":\"2017-04-29 05:33:55\",\"accept_station\":\"到达：浙江宁波分拨中心 上级站点：浙江义乌分拨中心\"},{\"accept_time\":\"2017-04-29 05:38:31\",\"accept_station\":\"到达：浙江宁波分拨中心 发往：浙江宁波江北区洪塘公司\"},{\"accept_time\":\"2017-04-29 14:20:24\",\"accept_station\":\"到达：浙江宁波江北区洪塘公司 指定：邓康(15888033919) 派送\"},{\"accept_time\":\"2017-04-29 15:38:40\",\"accept_station\":\"到达：云柜智能快递柜 上级站点：浙江宁波江北区洪塘公司 发往：\"},{\"accept_time\":\"2017-04-29 18:58:14\",\"accept_station\":\"已签收，感谢使用韵达，期待再次为您服务\"}]', 3, 0, 1493349141, 1493523769),
(203, 1, 'SH_A4213550720400230028', 7, 'EMS', '1129493657532', '[{\"accept_time\":\"2017-04-27 19:32:15\",\"accept_station\":\"温州市瑞安分公司场桥经营部已收件（揽投员姓名：冯康北,联系电话:13587572587），温州市\",\"remark\":\"\"},{\"accept_time\":\"2017-04-27 22:23:00\",\"accept_station\":\"离开温州市 发往台州市，温州市\",\"remark\":\"\"},{\"accept_time\":\"2017-04-28 01:09:00\",\"accept_station\":\"到达台州市处理中心（经转），台州市\",\"remark\":\"\"},{\"accept_time\":\"2017-04-28 02:58:00\",\"accept_station\":\"离开台州市 发往宁波市（经转），台州市\",\"remark\":\"\"},{\"accept_time\":\"2017-04-28 05:20:00\",\"accept_station\":\"到达  宁波邮区中心局邮件处理中心 处理中心，宁波市\",\"remark\":\"\"},{\"accept_time\":\"2017-04-28 06:30:08\",\"accept_station\":\"离开宁波市 发往江北速递分公司洪塘经营部，宁波市\",\"remark\":\"\"},{\"accept_time\":\"2017-04-28 07:36:38\",\"accept_station\":\"江北速递分公司洪塘经营部安排投递，预计13:00:00前投递（投递员姓名：顾豪杰;联系电话：13600629547），宁波市\",\"remark\":\"\"},{\"accept_time\":\"2017-04-28 08:54:00\",\"accept_station\":\"已离开宁波邮区中心局邮件处理中心，发往宁波市邮政局速递公司，宁波市\",\"remark\":\"\"},{\"accept_time\":\"2017-04-28 11:05:50\",\"accept_station\":\"投递并签收，签收人：他人收 丰巢，宁波市\",\"remark\":\"\"}]', 3, 0, 1493349047, 1493457934),
(204, 1, 'SH_A4213550720400230028', 5, 'STO', '402518834456', '[{\"accept_time\":\"2017-05-07 17:46:45\",\"accept_station\":\"【收件】【陕西西安曲江】的【曲江1 手机(15332460295)】已收件,扫描员是【曲江1】\"},{\"accept_time\":\"2017-05-07 17:52:56\",\"accept_station\":\"【发件】快件在【陕西西安曲江】由【曲江】扫描发往【陕西西安航空部】\"},{\"accept_time\":\"2017-05-07 20:15:20\",\"accept_station\":\"【到件】快件到达【陕西西安航空部】,上一站是【陕西西安曲江】,扫描员是【二号称】\"},{\"accept_time\":\"2017-05-07 20:43:26\",\"accept_station\":\"【装袋】快件在【陕西西安航空部】进行装包发往扫描，发往【浙江杭州中转部】\"},{\"accept_time\":\"2017-05-08 23:15:03\",\"accept_station\":\"【发件】快件在【浙江杭州中转部】由【周林会】扫描发往【浙江宁波中转部】\"},{\"accept_time\":\"2017-05-09 04:24:55\",\"accept_station\":\"【发件】快件在【浙江宁波中转部】由【周玲惠】扫描发往【浙江宁波江北公司】\"},{\"accept_time\":\"2017-05-09 04:24:55\",\"accept_station\":\"【装车】【浙江宁波中转部】正在进行【装车】扫描\"},{\"accept_time\":\"2017-05-09 06:43:38\",\"accept_station\":\"【到件】快件到达【浙江宁波江北公司】,上一站是【】,扫描员是【操作部】\"},{\"accept_time\":\"2017-05-09 08:30:01\",\"accept_station\":\"【派件】【浙江宁波江北公司】的【万达营业厅 手机(18158566887)】正在派件,扫描员是【万达点部】\"},{\"accept_time\":\"2017-05-09 10:35:20\",\"accept_station\":\"【派件入柜】快件派送至快递柜【广厦怡庭南区18幢架空层丰巢快递柜】，派件员是【万达点部(18158566887)】\"},{\"accept_time\":\"2017-05-09 12:13:12\",\"accept_station\":\"【签收】已签收,签收人是:【收件箱】\"}]', 3, 0, 1494207583, 1494310165);

DROP TABLE IF EXISTS `donkey_delivery_item`;
CREATE TABLE `donkey_delivery_item` (
  `delivery_item_id` smallint(5) UNSIGNED NOT NULL,
  `name` varchar(50) COLLATE utf8mb4_unicode_ci NOT NULL COMMENT '快递公司',
  `phonetic` varchar(10) COLLATE utf8mb4_unicode_ci NOT NULL DEFAULT '' COMMENT '首拼',
  `code` varchar(30) COLLATE utf8mb4_unicode_ci NOT NULL COMMENT '快递编码',
  `type` tinyint(1) NOT NULL COMMENT '0=热门 1=国内 2=国外 3=转运',
  `is_delete` tinyint(1) NOT NULL DEFAULT '0' COMMENT '0=未删 1=已删'
) ENGINE=InnoDB DEFAULT CHARSET=utf8mb4 COLLATE=utf8mb4_unicode_ci COMMENT='快递公司列表';

INSERT INTO `donkey_delivery_item` (`delivery_item_id`, `name`, `phonetic`, `code`, `type`, `is_delete`) VALUES
(1, '顺丰速运', 's', 'SF', 0, 0),
(2, '百世快递', 'b', 'HTKY', 0, 0),
(3, '中通快递', 'z', 'ZTO', 0, 0),
(4, '申通快递', 's', 'STO', 0, 0),
(5, '圆通速递', 'y', 'YTO', 0, 0),
(6, '韵达速递', 'y', 'YD', 0, 0),
(7, '邮政快递包裹', 'y', 'YZPY', 0, 0),
(8, 'EMS', 'e', 'EMS', 0, 0),
(9, '天天快递', 't', 'HHTT', 1, 0),
(10, '京东物流', 'j', 'JD', 0, 0),
(11, '优速快递', 'y', 'UC', 1, 0),
(12, '德邦', 'd', 'DBL', 1, 0),
(13, '快捷快递', 'k', 'FAST', 1, 0),
(14, '宅急送', 'z', 'ZJS', 1, 0),
(15, 'TNT快递', 't', 'TNT', 1, 0),
(16, 'UPS', 'u', 'UPS', 1, 0),
(17, 'DHL', 'd', 'DHL', 1, 0),
(18, 'FEDEX联邦(国内件）', 'f', 'FEDEX', 1, 0),
(19, 'FEDEX联邦(国际件）', 'f', 'FEDEX_GJ', 1, 0),
(20, '安捷快递', 'a', 'AJ', 1, 0),
(21, '阿里跨境电商物流', 'a', 'ALKJWL', 1, 0),
(22, '安讯物流', 'a', 'AXWL', 1, 0),
(23, '安邮美国', 'a', 'AYUS', 1, 0),
(24, '亚马逊物流', 'y', 'AMAZON', 1, 0),
(25, '澳门邮政', 'a', 'AOMENYZ', 1, 0),
(26, '安能物流', 'a', 'ANE', 1, 0),
(27, '澳多多', 'a', 'ADD', 1, 0),
(28, '澳邮专线', 'a', 'AYCA', 1, 0),
(29, '八达通  ', 'b', 'BDT', 1, 0),
(30, '百腾物流', 'b', 'BETWL', 1, 0),
(31, '北极星快运', 'b', 'BJXKY', 1, 0),
(32, '巴伦支快运', 'b', 'BLZ', 1, 0),
(33, '奔腾物流', 'b', 'BNTWL', 1, 0),
(34, '百福东方', 'b', 'BFDF', 1, 0),
(35, '贝海国际 ', 'b', 'BHGJ', 1, 0),
(36, '北青小红帽', 'b', 'BQXHM', 1, 0),
(37, '八方安运', 'b', 'BFAY', 1, 0),
(38, '百世快运', 'b', 'BTWL', 1, 0),
(39, 'CCES快递', 'c', 'CCES', 1, 0),
(40, '春风物流', 'c', 'CFWL', 1, 0),
(41, '诚通物流', 'c', 'CHTWL', 1, 0),
(42, '出口易', 'c', 'CKY', 1, 0),
(43, '传喜物流', 'c', 'CXHY', 1, 0),
(44, '程光   ', 'c', 'CG', 1, 0),
(45, '城市100', 'c', 'CITY100', 1, 0),
(46, '城际快递', 'c', 'CJKD', 1, 0),
(47, 'CNPEX中邮快递', 'c', 'CNPEX', 1, 0),
(48, 'COE东方快递', 'c', 'COE', 1, 0),
(49, '长沙创一', 'c', 'CSCY', 1, 0),
(50, '成都善途速运', 'c', 'CDSTKY', 1, 0),
(51, '联合运通', 'l', 'CTG', 1, 0),
(52, '疯狂快递', 'f', 'CRAZY', 1, 0),
(53, 'CBO钏博物流', 'c', 'CBO', 1, 0),
(54, 'D速物流', 'd', 'DSWL', 1, 0),
(55, '到了港', 'd', 'DLG ', 1, 0),
(56, '递四方速递', 'd', 'D4PX', 1, 0),
(57, '大田物流', 'd', 'DTWL', 1, 0),
(58, '东骏快捷物流', 'd', 'DJKJWL', 1, 0),
(59, '德坤', 'd', 'DEKUN', 1, 0),
(60, 'E特快', 'e', 'ETK', 1, 0),
(61, 'EWE', 'e', 'EWE', 1, 0),
(62, '快服务', 'k', 'KFW', 1, 0),
(63, '飞康达', 'f', 'FKD', 1, 0),
(64, '富腾达  ', 'f', 'FTD', 1, 0),
(65, '冠达   ', 'g', 'GD', 1, 0),
(66, '国通快递', 'g', 'GTO', 1, 0),
(67, '广东邮政', 'g', 'GDEMS', 1, 0),
(68, '共速达', 'g', 'GSD', 1, 0),
(69, '广通       ', 'g', 'GTONG', 1, 0),
(70, '迦递快递', 'g', 'GAI', 1, 0),
(71, '港快速递', 'g', 'GKSD', 1, 0),
(72, '高铁速递', 'g', 'GTSD', 1, 0),
(73, '汇丰物流', 'h', 'HFWL', 1, 0),
(74, '黑狗冷链', 'h', 'HGLL', 1, 0),
(75, '恒路物流', 'h', 'HLWL', 1, 0),
(76, '天地华宇', 't', 'HOAU', 1, 0),
(77, '鸿桥供应链', 'h', 'HOTSCM', 1, 0),
(78, '海派通物流公司', 'h', 'HPTEX', 1, 0),
(79, '华强物流', 'h', 'hq568', 1, 0),
(80, '环球速运  ', 'h', 'HQSY', 1, 0),
(81, '华夏龙物流', 'h', 'HXLWL', 1, 0),
(82, '豪翔物流 ', 'h', 'HXWL', 1, 0),
(83, '合肥汇文', 'h', 'HFHW', 1, 0),
(84, '华翰物流', 'h', 'HHWL', 1, 0),
(85, '辉隆物流', 'h', 'HLONGWL', 1, 0),
(86, '华企快递', 'h', 'HQKD', 1, 0),
(87, '韩润物流', 'h', 'HRWL', 1, 0),
(88, '青岛恒通快递', 'q', 'HTKD', 1, 0),
(89, '货运皇物流', 'h', 'HYH', 1, 0),
(90, '好来运快递', 'h', 'HYLSD', 1, 0),
(91, '捷安达  ', 'j', 'JAD', 1, 0),
(92, '京广速递', 'j', 'JGSD', 1, 0),
(93, '九曳供应链', 'j', 'JIUYE', 1, 0),
(94, '佳吉快运', 'j', 'JJKY', 1, 0),
(95, '嘉里物流', 'j', 'JLDT', 1, 0),
(96, '捷特快递', 'j', 'JTKD', 1, 0),
(97, '急先达', 'j', 'JXD', 1, 0),
(98, '晋越快递', 'j', 'JYKD', 1, 0),
(99, '加运美', 'j', 'JYM', 1, 0),
(100, '景光物流', 'j', 'JGWL', 1, 0),
(101, '佳怡物流', 'j', 'JYWL', 1, 0),
(102, '跨越速运', 'k', 'KYSY', 1, 0),
(103, '跨越物流', 'k', 'KYWL', 1, 0),
(104, '快速递物流', 'k', 'KSDWL', 1, 0),
(105, '龙邦快递', 'l', 'LB', 1, 0),
(106, '立即送', 'l', 'LJSKD', 1, 0),
(107, '联昊通速递', 'l', 'LHT', 1, 0),
(108, '民邦快递', 'm', 'MB', 1, 0),
(109, '民航快递', 'm', 'MHKD', 1, 0),
(110, '美快    ', 'm', 'MK', 1, 0),
(111, '门对门快递', 'm', 'MDM', 1, 0),
(112, '迈隆递运', 'm', 'MRDY', 1, 0),
(113, '明亮物流', 'm', 'MLWL', 1, 0),
(114, '南方', 'n', 'NF', 1, 0),
(115, '能达速递', 'n', 'NEDA', 1, 0),
(116, '平安达腾飞快递', 'p', 'PADTF', 1, 0),
(117, '泛捷快递', 'f', 'PANEX', 1, 0),
(118, '品骏', 'p', 'PJ', 1, 0),
(119, 'PCA Express', 'p', 'PCA', 1, 0),
(120, '全晨快递', 'q', 'QCKD', 1, 0),
(121, '全峰快递', 'q', 'QFKD', 1, 0),
(122, '全日通快递', 'q', 'QRT', 1, 0),
(123, '快客快递', 'k', 'QUICK', 1, 0),
(124, '全信通', 'q', 'QXT', 1, 0),
(125, '如风达', 'r', 'RFD', 1, 0),
(126, '日日顺物流', 'r', 'RRS', 1, 0),
(127, '瑞丰速递', 'r', 'RFEX', 1, 0),
(128, '赛澳递', 's', 'SAD', 1, 0),
(129, '苏宁物流', 's', 'SNWL', 1, 0),
(130, '圣安物流', 's', 'SAWL', 1, 0),
(131, '盛邦物流', 's', 'SBWL', 1, 0),
(132, '上大物流', 's', 'SDWL', 1, 0),
(133, '盛丰物流', 's', 'SFWL', 1, 0),
(134, '盛辉物流', 's', 'SHWL', 1, 0),
(135, '速通物流', 's', 'ST', 1, 0),
(136, '速腾快递', 's', 'STWL', 1, 0),
(137, '速必达物流', 's', 'SUBIDA', 1, 0),
(138, '速递e站', 's', 'SDEZ', 1, 0),
(139, '速呈宅配', 's', 'SCZPDS', 1, 0),
(140, '速尔快递', 's', 'SURE', 1, 0),
(141, '台湾邮政', 't', 'TAIWANYZ', 1, 0),
(142, '唐山申通', 't', 'TSSTO', 1, 0),
(143, '全一快递', 'q', 'UAPEX', 1, 0),
(144, '优联吉运', 'y', 'ULUCKEX', 1, 0),
(145, 'UEQ Express', 'u', 'UEQ', 1, 0),
(146, '万家康  ', 'w', 'WJK', 1, 0),
(147, '万家物流', 'w', 'WJWL', 1, 0),
(148, '万象物流', 'w', 'WXWL', 1, 0),
(149, '武汉同舟行', 'w', 'WHTZX', 1, 0),
(150, '维普恩', 'w', 'WPE', 1, 0),
(151, '微特派', 'w', 'WTP', 1, 0),
(152, '新邦物流', 'x', 'XBWL', 1, 0),
(153, '迅驰物流  ', 'x', 'XCWL', 1, 0),
(154, '信丰物流', 'x', 'XFEX', 1, 0),
(155, '希优特', 'x', 'XYT', 1, 0),
(156, '新杰物流', 'x', 'XJ', 1, 0),
(157, '源安达快递', 'y', 'YADEX', 1, 0),
(158, '远成物流', 'y', 'YCWL', 1, 0),
(159, '远成快运', 'y', 'YCSY', 1, 0),
(160, '义达国际物流', 'y', 'YDH', 1, 0),
(161, '易达通  ', 'y', 'YDT', 1, 0),
(162, '越丰物流', 'y', 'YFEX', 1, 0),
(163, '原飞航物流', 'y', 'YFHEX', 1, 0),
(164, '亚风快递', 'y', 'YFSD', 1, 0),
(165, '运通快递', 'y', 'YTKD', 1, 0),
(166, '亿翔快递', 'y', 'YXKD', 1, 0),
(167, '运东西', 'y', 'YUNDX', 1, 0),
(168, '壹米滴答', 'y', 'YMDD', 1, 0),
(169, '邮政国内标快', 'y', 'YZBK', 1, 0),
(170, '一站通速运', 'y', 'YZTSY', 1, 0),
(171, '驭丰速运', 'y', 'YFSUYUN', 1, 0),
(172, '增益快递', 'z', 'ZENY', 1, 0),
(173, '汇强快递', 'h', 'ZHQKD', 1, 0),
(174, '众通快递', 'z', 'ZTE', 1, 0),
(175, '中铁快运', 'z', 'ZTKY', 1, 0),
(176, '中铁物流', 'z', 'ZTWL', 1, 0),
(177, '中邮物流', 'z', 'ZYWL', 1, 0),
(178, '郑州速捷', 'z', 'SJ', 1, 0),
(179, '中通快运', 'z', 'ZTOKY', 1, 0),
(180, 'AAE全球专递', 'a', 'AAE', 2, 0),
(181, '阿里跨境电商物流', 'a', 'ALKJWL', 2, 0),
(182, 'ACS雅仕快递', 'a', 'ACS', 2, 0),
(183, 'ADP Express Tracking', 'a', 'ADP', 2, 0),
(184, '安圭拉邮政', 'a', 'ANGUILAYOU', 2, 0),
(185, 'APAC', 'a', 'APAC', 2, 0),
(186, 'Aramex', 'a', 'ARAMEX', 2, 0),
(187, '奥地利邮政', 'a', 'AT', 2, 0),
(188, 'Australia Post Tracking', 'a', 'AUSTRALIA', 2, 0),
(189, '比利时邮政', 'b', 'BEL', 2, 0),
(190, 'BHT快递', 'b', 'BHT', 2, 0),
(191, '秘鲁邮政', 'm', 'BILUYOUZHE', 2, 0),
(192, '巴西邮政', 'b', 'BR', 2, 0),
(193, '不丹邮政', 'b', 'BUDANYOUZH', 2, 0),
(194, 'CDEK', 'c', 'CDEK', 2, 0),
(195, '加拿大邮政', 'j', 'CA', 2, 0),
(196, '递必易国际物流', 'd', 'DBYWL', 2, 0),
(197, '大道物流', 'd', 'DDWL', 2, 0),
(198, '德国云快递', 'd', 'DGYKD', 2, 0),
(199, '到了港', 'd', 'DLG', 2, 0),
(200, '到乐国际', 'd', 'DLGJ', 2, 0),
(201, 'DHL德国', 'd', 'DHL_DE', 2, 0),
(202, 'DHL(英文版)', 'd', 'DHL_EN', 2, 0),
(203, 'DHL全球', 'd', 'DHL_GLB', 2, 0),
(204, 'DHL Global Mail', 'd', 'DHLGM', 2, 0),
(205, '丹麦邮政', 'd', 'DK', 2, 0),
(206, 'DPD', 'd', 'DPD', 2, 0),
(207, 'DPEX', 'd', 'DPEX', 2, 0),
(208, 'EMS国际', 'e', 'EMSGJ', 2, 0),
(209, 'E特快', 'e', 'ETK', 2, 0),
(210, '易客满', 'y', 'EKM', 2, 0),
(211, 'EPS (联众国际快运)', 'e', 'EPS', 2, 0),
(212, 'EShipper', 'e', 'ESHIPPER', 2, 0),
(213, '丰程物流', 'f', 'FCWL', 2, 0),
(214, '法翔速运', 'f', 'FX', 2, 0),
(215, 'FQ', 'f', 'FQ', 2, 0),
(216, '国际e邮宝', 'g', 'GJEYB', 2, 0),
(217, '国际邮政包裹', 'g', 'GJYZ', 2, 0),
(218, 'GE2D', 'g', 'GE2D', 2, 0),
(219, '冠泰', 'g', 'GT', 2, 0),
(220, 'GLS', 'g', 'GLS', 2, 0),
(221, '安的列斯群岛邮政', 'a', 'IADLSQDYZ', 2, 0),
(222, '欧洲专线(邮政)', 'o', 'IOZYZ', 2, 0),
(223, '澳大利亚邮政', 'a', 'IADLYYZ', 2, 0),
(224, '阿尔巴尼亚邮政', 'a', 'IAEBNYYZ', 2, 0),
(225, '阿尔及利亚邮政', 'a', 'IAEJLYYZ', 2, 0),
(226, '阿富汗邮政', 'a', 'IAFHYZ', 2, 0),
(227, '安哥拉邮政', 'a', 'IAGLYZ', 2, 0),
(228, '阿根廷邮政', 'a', 'IAGTYZ', 2, 0),
(229, '埃及邮政', 'a', 'IAJYZ', 2, 0),
(230, '阿鲁巴邮政', 'a', 'IALBYZ', 2, 0),
(231, '奥兰群岛邮政', 'a', 'IALQDYZ', 2, 0),
(232, '阿联酋邮政', 'a', 'IALYYZ', 2, 0),
(233, '阿曼邮政', 'a', 'IAMYZ', 2, 0),
(234, '阿塞拜疆邮政', 'a', 'IASBJYZ', 2, 0),
(235, '埃塞俄比亚邮政', 'a', 'IASEBYYZ', 2, 0),
(236, '爱沙尼亚邮政', 'a', 'IASNYYZ', 2, 0),
(237, '阿森松岛邮政', 'a', 'IASSDYZ', 2, 0),
(238, '博茨瓦纳邮政', 'b', 'IBCWNYZ', 2, 0),
(239, '波多黎各邮政', 'b', 'IBDLGYZ', 2, 0),
(240, '冰岛邮政', 'b', 'IBDYZ', 2, 0),
(241, '白俄罗斯邮政', 'b', 'IBELSYZ', 2, 0),
(242, '波黑邮政', 'b', 'IBHYZ', 2, 0),
(243, '保加利亚邮政', 'b', 'IBJLYYZ', 2, 0),
(244, '巴基斯坦邮政', 'b', 'IBJSTYZ', 2, 0),
(245, '黎巴嫩邮政', 'l', 'IBLNYZ', 2, 0),
(246, '便利速递', 'b', 'IBLSD', 2, 0),
(247, '玻利维亚邮政', 'b', 'IBLWYYZ', 2, 0),
(248, '巴林邮政', 'b', 'IBLYZ', 2, 0),
(249, '百慕达邮政', 'b', 'IBMDYZ', 2, 0),
(250, '波兰邮政', 'b', 'IBOLYZ', 2, 0),
(251, '宝通达', 'b', 'IBTD', 2, 0),
(252, '贝邮宝', 'b', 'IBYB', 2, 0),
(253, '出口易', 'c', 'ICKY', 2, 0),
(254, '达方物流', 'd', 'IDFWL', 2, 0),
(255, '德国邮政', 'd', 'IDGYZ', 2, 0),
(256, '爱尔兰邮政', 'a', 'IE', 2, 0),
(257, '厄瓜多尔邮政', 'e', 'IEGDEYZ', 2, 0),
(258, '俄罗斯邮政', 'e', 'IELSYZ', 2, 0),
(259, '厄立特里亚邮政', 'e', 'IELTLYYZ', 2, 0),
(260, '飞特物流', 'f', 'IFTWL', 2, 0),
(261, '瓜德罗普岛EMS', 'g', 'IGDLPDEMS', 2, 0),
(262, '瓜德罗普岛邮政', 'g', 'IGDLPDYZ', 2, 0),
(263, '俄速递', 'e', 'IGJESD', 2, 0),
(264, '哥伦比亚邮政', 'g', 'IGLBYYZ', 2, 0),
(265, '格陵兰邮政', 'g', 'IGLLYZ', 2, 0),
(266, '哥斯达黎加邮政', 'g', 'IGSDLJYZ', 2, 0),
(267, '韩国邮政', 'h', 'IHGYZ', 2, 0),
(268, '华翰物流', 'h', 'IHHWL', 2, 0),
(269, '互联易', 'h', 'IHLY', 2, 0),
(270, '哈萨克斯坦邮政', 'h', 'IHSKSTYZ', 2, 0),
(271, '黑山邮政', 'h', 'IHSYZ', 2, 0),
(272, '津巴布韦邮政', 'j', 'IJBBWYZ', 2, 0),
(273, '吉尔吉斯斯坦邮政', 'j', 'IJEJSSTYZ', 2, 0),
(274, '捷克邮政', 'j', 'IJKYZ', 2, 0),
(275, '加纳邮政', 'j', 'IJNYZ', 2, 0),
(276, '柬埔寨邮政', 'j', 'IJPZYZ', 2, 0),
(277, '克罗地亚邮政', 'k', 'IKNDYYZ', 2, 0),
(278, '肯尼亚邮政', 'k', 'IKNYYZ', 2, 0),
(279, '科特迪瓦EMS', 'k', 'IKTDWEMS', 2, 0),
(280, '科特迪瓦邮政', 'k', 'IKTDWYZ', 2, 0),
(281, '卡塔尔邮政', 'k', 'IKTEYZ', 2, 0),
(282, '利比亚邮政', 'l', 'ILBYYZ', 2, 0),
(283, '林克快递', 'l', 'ILKKD', 2, 0),
(284, '罗马尼亚邮政', 'l', 'ILMNYYZ', 2, 0),
(285, '卢森堡邮政', 'l', 'ILSBYZ', 2, 0),
(286, '拉脱维亚邮政', 'l', 'ILTWYYZ', 2, 0),
(287, '立陶宛邮政', 'l', 'ILTWYZ', 2, 0),
(288, '列支敦士登邮政', 'l', 'ILZDSDYZ', 2, 0),
(289, '马尔代夫邮政', 'm', 'IMEDFYZ', 2, 0),
(290, '摩尔多瓦邮政', 'm', 'IMEDWYZ', 2, 0),
(291, '马耳他邮政', 'm', 'IMETYZ', 2, 0),
(292, '孟加拉国EMS', 'm', 'IMJLGEMS', 2, 0),
(293, '摩洛哥邮政', 'm', 'IMLGYZ', 2, 0),
(294, '毛里求斯邮政', 'm', 'IMLQSYZ', 2, 0),
(295, '马来西亚EMS', 'm', 'IMLXYEMS', 2, 0),
(296, '马来西亚邮政', 'm', 'IMLXYYZ', 2, 0),
(297, '马其顿邮政', 'm', 'IMQDYZ', 2, 0),
(298, '马提尼克EMS', 'm', 'IMTNKEMS', 2, 0),
(299, '马提尼克邮政', 'm', 'IMTNKYZ', 2, 0),
(300, '墨西哥邮政', 'm', 'IMXGYZ', 2, 0),
(301, '南非邮政', 'n', 'INFYZ', 2, 0),
(302, '尼日利亚邮政', 'n', 'INRLYYZ', 2, 0),
(303, '挪威邮政', 'n', 'INWYZ', 2, 0),
(304, '葡萄牙邮政', 'p', 'IPTYYZ', 2, 0),
(305, '全球快递', 'q', 'IQQKD', 2, 0),
(306, '全通物流', 'q', 'IQTWL', 2, 0),
(307, '苏丹邮政', 's', 'ISDYZ', 2, 0),
(308, '萨尔瓦多邮政', 's', 'ISEWDYZ', 2, 0),
(309, '塞尔维亚邮政', 's', 'ISEWYYZ', 2, 0),
(310, '斯洛伐克邮政', 's', 'ISLFKYZ', 2, 0),
(311, '斯洛文尼亚邮政', 's', 'ISLWNYYZ', 2, 0),
(312, '塞内加尔邮政', 's', 'ISNJEYZ', 2, 0),
(313, '塞浦路斯邮政', 's', 'ISPLSYZ', 2, 0),
(314, '沙特阿拉伯邮政', 's', 'ISTALBYZ', 2, 0),
(315, '土耳其邮政', 't', 'ITEQYZ', 2, 0),
(316, '泰国邮政', 't', 'ITGYZ', 2, 0),
(317, '特立尼达和多巴哥EMS', 't', 'ITLNDHDBGE', 2, 0),
(318, '突尼斯邮政', 't', 'ITNSYZ', 2, 0),
(319, '坦桑尼亚邮政', 't', 'ITSNYYZ', 2, 0),
(320, '危地马拉邮政', 'w', 'IWDMLYZ', 2, 0),
(321, '乌干达邮政', 'w', 'IWGDYZ', 2, 0),
(322, '乌克兰EMS', 'w', 'IWKLEMS', 2, 0),
(323, '乌克兰邮政', 'w', 'IWKLYZ', 2, 0),
(324, '乌拉圭邮政', 'w', 'IWLGYZ', 2, 0),
(325, '文莱邮政', 'w', 'IWLYZ', 2, 0),
(326, '乌兹别克斯坦EMS', 'w', 'IWZBKSTEMS', 2, 0),
(327, '乌兹别克斯坦邮政', 'w', 'IWZBKSTYZ', 2, 0),
(328, '西班牙邮政', 'x', 'IXBYYZ', 2, 0),
(329, '小飞龙物流', 'x', 'IXFLWL', 2, 0),
(330, '新喀里多尼亚邮政', 'x', 'IXGLDNYYZ', 2, 0),
(331, '新加坡EMS', 'x', 'IXJPEMS', 2, 0),
(332, '新加坡邮政', 'x', 'IXJPYZ', 2, 0),
(333, '叙利亚邮政', 'x', 'IXLYYZ', 2, 0),
(334, '希腊邮政', 'x', 'IXLYZ', 2, 0),
(335, '夏浦世纪', 'x', 'IXPSJ', 2, 0),
(336, '夏浦物流', 'x', 'IXPWL', 2, 0),
(337, '新西兰邮政', 'x', 'IXXLYZ', 2, 0),
(338, '匈牙利邮政', 'x', 'IXYLYZ', 2, 0),
(339, '意大利邮政', 'y', 'IYDLYZ', 2, 0),
(340, '印度尼西亚邮政', 'y', 'IYDNXYYZ', 2, 0),
(341, '印度邮政', 'y', 'IYDYZ', 2, 0),
(342, '英国邮政', 'y', 'IYGYZ', 2, 0),
(343, '伊朗邮政', 'y', 'IYLYZ', 2, 0),
(344, '亚美尼亚邮政', 'y', 'IYMNYYZ', 2, 0),
(345, '也门邮政', 'y', 'IYMYZ', 2, 0),
(346, '越南邮政', 'y', 'IYNYZ', 2, 0),
(347, '以色列邮政', 'y', 'IYSLYZ', 2, 0),
(348, '易通关', 'y', 'IYTG', 2, 0),
(349, '燕文物流', 'y', 'IYWWL', 2, 0),
(350, '直布罗陀邮政', 'z', 'IZBLTYZ', 2, 0),
(351, '智利邮政', 'z', 'IZLYZ', 2, 0),
(352, '日本邮政', 'r', 'JP', 2, 0),
(353, '今枫国际', 'j', 'JFGJ', 2, 0),
(354, '极光转运', 'j', 'JGZY', 2, 0),
(355, '吉祥邮转运', 'j', 'JXYKD', 2, 0),
(356, '嘉里国际', 'j', 'JLDT', 2, 0),
(357, '绝配国际速递', 'j', 'JPKD', 2, 0),
(358, '佳惠尔', 'j', 'SYJHE', 2, 0),
(359, '联运通', 'l', 'LYT', 2, 0),
(360, '联合快递', 'l', 'LHKDS', 2, 0),
(361, '林道国际', 'l', 'SHLDHY', 2, 0),
(362, '荷兰邮政', 'h', 'NL', 2, 0),
(363, '新顺丰', 'x', 'NSF', 2, 0),
(364, 'ONTRAC', 'o', 'ONTRAC', 2, 0),
(365, 'OCS', 'o', 'OCS', 2, 0),
(366, '全球邮政', 'q', 'QQYZ', 2, 0),
(367, 'POSTEIBE', 'p', 'POSTEIBE', 2, 0),
(368, '啪啪供应链', 'p', 'PAPA', 2, 0),
(369, '秦远海运', 'q', 'QYHY', 2, 0),
(370, '启辰国际', 'q', 'VENUCIA', 2, 0),
(371, '瑞典邮政', 'r', 'RDSE', 2, 0),
(372, 'SKYPOST', 's', 'SKYPOST', 2, 0),
(373, '瑞士邮政', 'r', 'SWCH', 2, 0),
(374, '首达速运', 's', 'SDSY', 2, 0),
(375, '穗空物流', 's', 'SK', 2, 0),
(376, '首通快运', 's', 'STONG', 2, 0),
(377, '申通快递国际单', 's', 'STO_INTL', 2, 0),
(378, '上海久易国际', 's', 'JYSD', 2, 0),
(379, '泰国138', 't', 'TAILAND138', 2, 0),
(380, 'USPS美国邮政', 'u', 'USPS', 2, 0),
(381, '万国邮政', 'w', 'UPU', 2, 0),
(382, '星空国际', 'x', 'XKGJ', 2, 0),
(383, '迅达国际', 'x', 'XD', 2, 0),
(384, '香港邮政', 'x', 'XGYZ', 2, 0),
(385, '喜来快递', 'x', 'XLKD', 2, 0),
(386, '鑫世锐达', 'x', 'XSRD', 2, 0),
(387, '新元国际', 'x', 'XYGJ', 2, 0),
(388, 'ADLER雄鹰国际速递', 'a', 'XYGJSD', 2, 0),
(389, '日本大和运输(Yamato)', 'r', 'YAMA', 2, 0),
(390, 'YODEL', 'y', 'YODEL', 2, 0),
(391, '一号线', 'y', 'YHXGJSD', 2, 0),
(392, '约旦邮政', 'y', 'YUEDANYOUZ', 2, 0),
(393, '玥玛速运', 'y', 'YMSY', 2, 0),
(394, '鹰运', 'y', 'YYSD', 2, 0),
(395, '易境达', 'y', 'YJD', 2, 0),
(396, '洋包裹', 'y', 'YBG', 2, 0),
(397, 'AOL（澳通）', 'a', 'AOL', 3, 0),
(398, 'BCWELT   ', 'b', 'BCWELT', 3, 0),
(399, '笨鸟国际', 'b', 'BN', 3, 0),
(400, 'COE快递 ', 'c', 'COE', 3, 0),
(401, '优邦国际速运', 'y', 'UBONEX', 3, 0),
(402, 'UEX   ', 'u', 'UEX', 3, 0),
(403, '韵达国际', 'y', 'YDGJ', 3, 0),
(404, '爱购转运', 'a', 'ZY_AG', 3, 0),
(405, '爱欧洲', 'a', 'ZY_AOZ', 3, 0),
(406, '澳世速递', 'a', 'ZY_AUSE', 3, 0),
(407, 'AXO', 'a', 'ZY_AXO', 3, 0),
(408, '澳转运', 'a', 'ZY_AZY', 3, 0),
(409, '八达网', 'b', 'ZY_BDA', 3, 0),
(410, '蜜蜂速递', 'm', 'ZY_BEE', 3, 0),
(411, '贝海速递', 'b', 'ZY_BH', 3, 0),
(412, '百利快递', 'b', 'ZY_BL', 3, 0),
(413, '斑马物流', 'b', 'ZY_BM', 3, 0),
(414, '败欧洲', 'b', 'ZY_BOZ', 3, 0),
(415, '百通物流', 'b', 'ZY_BT', 3, 0),
(416, '贝易购', 'b', 'ZY_BYECO', 3, 0),
(417, '策马转运', 'c', 'ZY_CM', 3, 0),
(418, '赤兔马转运', 'c', 'ZY_CTM', 3, 0),
(419, 'CUL中美速递', 'c', 'ZY_CUL', 3, 0),
(420, '德国海淘之家', 'd', 'ZY_DGHT', 3, 0),
(421, '德运网', 'd', 'ZY_DYW', 3, 0),
(422, 'EFS POST', 'e', 'ZY_EFS', 3, 0),
(423, '宜送转运', 'y', 'ZY_ESONG', 3, 0),
(424, 'ETD', 'e', 'ZY_ETD', 3, 0),
(425, '飞碟快递', 'f', 'ZY_FD', 3, 0),
(426, '飞鸽快递', 'f', 'ZY_FG', 3, 0),
(427, '风雷速递', 'f', 'ZY_FLSD', 3, 0),
(428, '风行快递', 'f', 'ZY_FX', 3, 0),
(429, '风行速递', 'f', 'ZY_FXSD', 3, 0),
(430, '飞洋快递', 'f', 'ZY_FY', 3, 0),
(431, '皓晨快递', 'h', 'ZY_HC', 3, 0),
(432, '皓晨优递', 'h', 'ZY_HCYD', 3, 0),
(433, '海带宝', 'h', 'ZY_HDB', 3, 0),
(434, '汇丰美中速递', 'h', 'ZY_HFMZ', 3, 0),
(435, '豪杰速递', 'h', 'ZY_HJSD', 3, 0),
(436, '360hitao转运', 'h', 'ZY_HTAO', 3, 0),
(437, '海淘村', 'h', 'ZY_HTCUN', 3, 0),
(438, '365海淘客', 'h', 'ZY_HTKE', 3, 0),
(439, '华通快运', 'h', 'ZY_HTONG', 3, 0),
(440, '海星桥快递', 'h', 'ZY_HXKD', 3, 0),
(441, '华兴速运', 'h', 'ZY_HXSY', 3, 0),
(442, '海悦速递', 'h', 'ZY_HYSD', 3, 0),
(443, 'LogisticsY', 'l', 'ZY_IHERB', 3, 0),
(444, '君安快递', 'j', 'ZY_JA', 3, 0),
(445, '时代转运', 's', 'ZY_JD', 3, 0),
(446, '骏达快递', 'j', 'ZY_JDKD', 3, 0),
(447, '骏达转运', 'j', 'ZY_JDZY', 3, 0),
(448, '久禾快递', 'j', 'ZY_JH', 3, 0),
(449, '金海淘', 'j', 'ZY_JHT', 3, 0),
(450, '联邦转运FedRoad', 'l', 'ZY_LBZY', 3, 0),
(451, '领跑者快递', 'l', 'ZY_LPZ', 3, 0),
(452, '龙象快递', 'l', 'ZY_LX', 3, 0),
(453, '量子物流', 'l', 'ZY_LZWL', 3, 0),
(454, '明邦转运', 'm', 'ZY_MBZY', 3, 0),
(455, '美国转运', 'm', 'ZY_MGZY', 3, 0),
(456, '美嘉快递', 'm', 'ZY_MJ', 3, 0),
(457, '美速通', 'm', 'ZY_MST', 3, 0),
(458, '美西转运', 'm', 'ZY_MXZY', 3, 0),
(459, '168 美中快递', 'm', 'ZY_MZ', 3, 0),
(460, '欧e捷', 'o', 'ZY_OEJ', 3, 0),
(461, '欧洲疯', 'o', 'ZY_OZF', 3, 0),
(462, '欧洲GO', 'o', 'ZY_OZGO', 3, 0),
(463, '全美通', 'q', 'ZY_QMT', 3, 0),
(464, 'QQ-EX', 'q', 'ZY_QQEX', 3, 0),
(465, '润东国际快线', 'r', 'ZY_RDGJ', 3, 0),
(466, '瑞天快递', 'r', 'ZY_RT', 3, 0),
(467, '瑞天速递', 'r', 'ZY_RTSD', 3, 0),
(468, 'SCS国际物流', 's', 'ZY_SCS', 3, 0),
(469, '速达快递', 's', 'ZY_SDKD', 3, 0),
(470, '四方转运', 's', 'ZY_SFZY', 3, 0),
(471, 'SOHO苏豪国际', 's', 'ZY_SOHO', 3, 0),
(472, 'Sonic-Ex速递', 's', 'ZY_SONIC', 3, 0),
(473, '上腾快递', 's', 'ZY_ST', 3, 0),
(474, '通诚美中快递', 't', 'ZY_TCM', 3, 0),
(475, '天际快递', 't', 'ZY_TJ', 3, 0),
(476, '天马转运', 't', 'ZY_TM', 3, 0),
(477, '滕牛快递', 't', 'ZY_TN', 3, 0),
(478, 'TrakPak', 't', 'ZY_TPAK', 3, 0),
(479, '太平洋快递', 't', 'ZY_TPY', 3, 0),
(480, '唐三藏转运', 't', 'ZY_TSZ', 3, 0),
(481, '天天海淘', 't', 'ZY_TTHT', 3, 0),
(482, 'TWC转运世界', 't', 'ZY_TWC', 3, 0),
(483, '同心快递', 't', 'ZY_TX', 3, 0),
(484, '天翼快递', 't', 'ZY_TY', 3, 0),
(485, '同舟快递', 't', 'ZY_TZH', 3, 0),
(486, 'UCS合众快递', 'u', 'ZY_UCS', 3, 0),
(487, '文达国际DCS', 'w', 'ZY_WDCS', 3, 0),
(488, '星辰快递', 'x', 'ZY_XC', 3, 0),
(489, '迅达快递', 'x', 'ZY_XDKD', 3, 0),
(490, '信达速运', 'x', 'ZY_XDSY', 3, 0),
(491, '先锋快递', 'x', 'ZY_XF', 3, 0),
(492, '新干线快递', 'x', 'ZY_XGX', 3, 0),
(493, '西邮寄', 'x', 'ZY_XIYJ', 3, 0),
(494, '信捷转运', 'x', 'ZY_XJ', 3, 0),
(495, '优购快递', 'y', 'ZY_YGKD', 3, 0),
(496, '友家速递(UCS)', 'y', 'ZY_YJSD', 3, 0),
(497, '云畔网', 'y', 'ZY_YPW', 3, 0),
(498, '云骑快递', 'y', 'ZY_YQ', 3, 0),
(499, '一柒物流', 'y', 'ZY_YQWL', 3, 0),
(500, '优晟速递', 'y', 'ZY_YSSD', 3, 0),
(501, '易送网', 'y', 'ZY_YSW', 3, 0),
(502, '运淘美国', 'y', 'ZY_YTUSA', 3, 0),
(503, '至诚速递', 'z', 'ZY_ZCSD', 3, 0),
(504, '增速海淘', 'z', 'ZYZOOM', 3, 0),
(505, '中驰物流', 'z', 'ZH', 3, 0),
(506, '中欧快运', 'z', 'ZO', 3, 0),
(507, '准实快运', 'z', 'ZSKY', 3, 0),
(508, '中外速运', 'z', 'ZWSY', 3, 0),
(509, '郑州建华', 'z', 'ZZJH', 3, 0),
(510, '买家自提', 'm', 'ZT', 0, 0),
(511, '同城配送', 't', 'TC', 0, 0);

DROP TABLE IF EXISTS `donkey_discount`;
CREATE TABLE `donkey_discount` (
  `discount_id` int(11) UNSIGNED NOT NULL,
  `name` varchar(100) COLLATE utf8mb4_unicode_ci NOT NULL COMMENT '折扣名称',
  `type` tinyint(1) NOT NULL COMMENT '0=打折 1=减价 2=固定价格 3=送优惠劵',
  `begin_time` int(11) NOT NULL COMMENT '开始日期',
  `end_time` int(11) NOT NULL COMMENT '结束日期',
  `status` tinyint(1) NOT NULL DEFAULT '1' COMMENT '0=禁用 1=启用'
) ENGINE=InnoDB DEFAULT CHARSET=utf8mb4 COLLATE=utf8mb4_unicode_ci COMMENT='商品折扣';

INSERT INTO `donkey_discount` (`discount_id`, `name`, `type`, `begin_time`, `end_time`, `status`) VALUES
(8, '开业酬宾2', 1, 1497070996, 1509090919, 1),
(9, '开业酬宾3', 2, 1497192660, 1497279060, 0),
(12, '开业酬宾A', 0, 1493650260, 1494427860, 1),
(21, '折扣', 1, 1497801300, 1497974100, 1),
(24, '折扣', 1, 1497887700, 1497974100, 1),
(30, '测试test', 1, 1497887700, 1497974100, 1),
(31, 'ceshi', 0, 1513141200, 1513180799, 1),
(32, 'ceshi', 0, 1513227600, 1513267199, 1),
(37, '优惠劵赠送', 3, 1514728020, 1517500800, 1),
(38, '开业酬宾2', 1, 1497070996, 1509090919, 1),
(39, '开业酬宾3', 2, 1497192660, 1497279060, 0),
(40, '开业酬宾A', 0, 1493650260, 1494427860, 1),
(41, '折扣', 1, 1497801300, 1497974100, 1),
(42, '折扣', 1, 1497887700, 1497974100, 1),
(43, '测试test', 1, 1497887700, 1497974100, 1),
(44, 'ceshi', 0, 1513141200, 1513180799, 1),
(45, 'ceshi', 0, 1513227600, 1513267199, 1),
(46, '优惠劵赠送', 3, 1514728020, 1517500800, 1),
(47, '开业酬宾2', 1, 1497070996, 1509090919, 1),
(48, '开业酬宾3', 2, 1497192660, 1497279060, 0),
(49, '开业酬宾A', 0, 1493650260, 1494427860, 1),
(50, '折扣', 1, 1497801300, 1497974100, 1),
(51, '折扣', 1, 1497887700, 1497974100, 1),
(52, '测试test', 1, 1497887700, 1497974100, 1),
(53, 'ceshi', 0, 1513141200, 1513180799, 1),
(54, 'ceshi', 0, 1513227600, 1513267199, 1),
(55, '优惠劵赠送', 3, 1514728020, 1517500800, 1),
(56, '开业酬宾2', 1, 1497070996, 1509090919, 1),
(57, '开业酬宾3', 2, 1497192660, 1497279060, 0),
(58, '开业酬宾A', 0, 1493650260, 1494427860, 1),
(59, '折扣', 1, 1497801300, 1497974100, 1),
(60, '折扣', 1, 1497887700, 1497974100, 1),
(61, '测试test', 1, 1497887700, 1497974100, 1),
(62, 'ceshi', 0, 1513141200, 1513180799, 1),
(63, 'ceshi', 0, 1513227600, 1513267199, 1),
(64, '优惠劵赠送', 3, 1514728020, 1517500800, 1),
(65, '开业酬宾2', 1, 1497070996, 1509090919, 1),
(66, '开业酬宾3', 2, 1497192660, 1497279060, 1),
(67, '开业酬宾A', 0, 1493650260, 1494427860, 0),
(68, '折扣', 1, 1497801300, 1497974100, 0),
(69, '折扣', 1, 1497887700, 1497974100, 0);

DROP TABLE IF EXISTS `donkey_discount_goods`;
CREATE TABLE `donkey_discount_goods` (
  `discount_id` int(11) UNSIGNED NOT NULL DEFAULT '0' COMMENT '对应discount表',
  `goods_id` int(11) UNSIGNED NOT NULL COMMENT '对应goods表',
  `discount` decimal(10,2) NOT NULL COMMENT '折扣额',
  `description` varchar(255) COLLATE utf8mb4_unicode_ci DEFAULT '' COMMENT '描述'
) ENGINE=InnoDB DEFAULT CHARSET=utf8mb4 COLLATE=utf8mb4_unicode_ci COMMENT='折扣商品';

INSERT INTO `donkey_discount_goods` (`discount_id`, `goods_id`, `discount`, `description`) VALUES
(7, 89, '85.00', ''),
(7, 93, '90.00', ''),
(8, 1, '85.00', ''),
(8, 2, '90.00', ''),
(9, 1, '85.00', ''),
(9, 2, '90.00', ''),
(10, 3, '85.00', ''),
(10, 4, '90.00', ''),
(12, 3, '85.00', ''),
(21, 1, '75.00', ''),
(24, 2, '60.00', ''),
(30, 1, '85.00', ''),
(30, 2, '66.00', ''),
(31, 1, '10.00', ''),
(31, 2, '10.00', ''),
(32, 1, '10.00', ''),
(32, 2, '10.00', ''),
(34, 89, '10.00', ''),
(34, 93, '10.00', ''),
(35, 89, '10.00', ''),
(35, 93, '10.00', ''),
(36, 89, '10.00', ''),
(36, 93, '10.00', ''),
(37, 89, '10.00', ''),
(37, 93, '10.00', ''),
(69, 289, '1.00', ''),
(69, 288, '1.00', '');

DROP TABLE IF EXISTS `donkey_friend_link`;
CREATE TABLE `donkey_friend_link` (
  `friend_link_id` smallint(5) UNSIGNED NOT NULL,
  `name` varchar(50) COLLATE utf8mb4_unicode_ci NOT NULL COMMENT '链接名称',
  `url` varchar(255) COLLATE utf8mb4_unicode_ci NOT NULL COMMENT '链接地址',
  `logo` varchar(512) COLLATE utf8mb4_unicode_ci NOT NULL DEFAULT '' COMMENT 'logo',
  `target` enum('_self','_blank') COLLATE utf8mb4_unicode_ci NOT NULL DEFAULT '_self' COMMENT '_self _blank',
  `sort` tinyint(3) UNSIGNED NOT NULL DEFAULT '50' COMMENT '排序',
  `status` tinyint(1) NOT NULL DEFAULT '1' COMMENT '0=禁用 1=启用'
) ENGINE=InnoDB DEFAULT CHARSET=utf8mb4 COLLATE=utf8mb4_unicode_ci COMMENT='友情链接';

INSERT INTO `donkey_friend_link` (`friend_link_id`, `name`, `url`, `logo`, `target`, `sort`, `status`) VALUES
(29, '友情链接E', 'http://oruei.com', '', '_self', 50, 1),
(32, 'CareyShopA', 'https://www.careyshop.cn', 'aliyun.oss.careyshop.cn/uploads/files/20191112/ea8c5aa7-c66f-44ae-8c44-1f6b53f62ff5.jpg?type=aliyun', '_self', 0, 1),
(33, '友情链接F', 'http://oruei.com', 'aliyun.oss.careyshop.cn/uploads/files/20191113/a1ad9b84-b3e6-450c-b249-acfdac5e5a6f.png?type=aliyun', '_self', 10, 1),
(36, 'CareyShopB', 'https://www.careyshop.cn', 'aliyun.oss.careyshop.cn/uploads/files/20191113/a1ad9b84-b3e6-450c-b249-acfdac5e5a6f.png?type=aliyun', '_self', 1, 1),
(43, '友情链接I', 'http://oruei.com', '', '_self', 50, 0),
(47, '友情链接J', 'http://oruei.com', '', '_self', 50, 0),
(51, '友情链接K', 'http://oruei.com', 'aliyun.oss.careyshop.cn/uploads/files/20191113/a1ad9b84-b3e6-450c-b249-acfdac5e5a6f.png?type=aliyun', '_blank', 15, 0);

DROP TABLE IF EXISTS `donkey_goods`;
CREATE TABLE `donkey_goods` (
  `goods_id` int(11) UNSIGNED NOT NULL,
  `goods_category_id` smallint(5) UNSIGNED NOT NULL COMMENT '对应goods_category表',
  `name` varchar(200) COLLATE utf8mb4_unicode_ci NOT NULL COMMENT '商品名称',
  `short_name` varchar(50) COLLATE utf8mb4_unicode_ci NOT NULL DEFAULT '' COMMENT '短名称',
  `product_name` varchar(100) COLLATE utf8mb4_unicode_ci NOT NULL DEFAULT '' COMMENT '促销语',
  `goods_code` varchar(50) COLLATE utf8mb4_unicode_ci NOT NULL DEFAULT '' COMMENT '商品货号',
  `goods_spu` varchar(50) COLLATE utf8mb4_unicode_ci NOT NULL DEFAULT '' COMMENT '商品SPU',
  `goods_sku` varchar(50) COLLATE utf8mb4_unicode_ci NOT NULL DEFAULT '' COMMENT '商品SKU',
  `bar_code` varchar(60) COLLATE utf8mb4_unicode_ci NOT NULL DEFAULT '' COMMENT '商品条码',
  `brand_id` smallint(5) UNSIGNED NOT NULL DEFAULT '0' COMMENT '对应brand表',
  `store_qty` int(11) NOT NULL DEFAULT '0' COMMENT '库存数量',
  `comment_sum` int(11) NOT NULL DEFAULT '0' COMMENT '评价数量',
  `sales_sum` int(11) NOT NULL DEFAULT '0' COMMENT '销售数量',
  `measure` decimal(10,2) NOT NULL DEFAULT '0.00' COMMENT '商品计量(重量、体积)',
  `measure_type` tinyint(1) NOT NULL DEFAULT '0' COMMENT '0=重量 1=计件 2=体积',
  `is_postage` tinyint(1) NOT NULL DEFAULT '0' COMMENT '0=收费 1=包邮',
  `market_price` decimal(10,2) NOT NULL COMMENT '市场价',
  `shop_price` decimal(10,2) NOT NULL COMMENT '本店价',
  `integral_type` tinyint(1) NOT NULL DEFAULT '0' COMMENT '0=按百分比 1=按固定值',
  `give_integral` decimal(10,2) NOT NULL DEFAULT '0.00' COMMENT '赠送积分',
  `is_integral` int(11) NOT NULL DEFAULT '0' COMMENT '积分可抵扣额',
  `least_sum` smallint(5) NOT NULL DEFAULT '0' COMMENT '最少起订',
  `purchase_sum` smallint(5) NOT NULL DEFAULT '0' COMMENT '限购数量 0=不限',
  `keywords` varchar(255) COLLATE utf8mb4_unicode_ci NOT NULL DEFAULT '' COMMENT '关键词',
  `description` varchar(255) COLLATE utf8mb4_unicode_ci NOT NULL DEFAULT '' COMMENT '描述',
  `content` mediumtext COLLATE utf8mb4_unicode_ci NOT NULL COMMENT '内容',
  `attachment` text COLLATE utf8mb4_unicode_ci NOT NULL COMMENT '附件',
  `video` varchar(512) COLLATE utf8mb4_unicode_ci NOT NULL DEFAULT '' COMMENT '短视频',
  `unit` varchar(10) COLLATE utf8mb4_unicode_ci NOT NULL DEFAULT '' COMMENT '计量单位',
  `is_recommend` tinyint(1) NOT NULL DEFAULT '0' COMMENT '0=不推 1=推荐',
  `is_new` tinyint(1) NOT NULL DEFAULT '0' COMMENT '0=不新 1=新品',
  `is_hot` tinyint(1) NOT NULL DEFAULT '0' COMMENT '0=普通 1=热卖',
  `goods_type_id` smallint(5) UNSIGNED NOT NULL COMMENT '对应goods_type表',
  `sort` tinyint(3) UNSIGNED NOT NULL DEFAULT '50' COMMENT '排序',
  `status` tinyint(1) NOT NULL DEFAULT '1' COMMENT '0=下架 1=上架',
  `is_delete` tinyint(1) NOT NULL DEFAULT '0' COMMENT '0=正常 1=回收 2=软删除',
  `create_time` int(11) NOT NULL DEFAULT '0' COMMENT '创建日期',
  `update_time` int(11) NOT NULL DEFAULT '0' COMMENT '更新日期'
) ENGINE=InnoDB DEFAULT CHARSET=utf8mb4 COLLATE=utf8mb4_unicode_ci COMMENT='商品表';

INSERT INTO `donkey_goods` (`goods_id`, `goods_category_id`, `name`, `short_name`, `product_name`, `goods_code`, `goods_spu`, `goods_sku`, `bar_code`, `brand_id`, `store_qty`, `comment_sum`, `sales_sum`, `measure`, `measure_type`, `is_postage`, `market_price`, `shop_price`, `integral_type`, `give_integral`, `is_integral`, `least_sum`, `purchase_sum`, `keywords`, `description`, `content`, `attachment`, `video`, `unit`, `is_recommend`, `is_new`, `is_hot`, `goods_type_id`, `sort`, `status`, `is_delete`, `create_time`, `update_time`) VALUES
(1, 2, '美国正品coach女士钱包蔻驰小钱包小卡包钱夹三折搭扣零钱包新款', '', '8天超长待机 / 137g轻巧机身 / 高通骁龙处理器', 'CS73765853', '', '', '', 0, 62, 1, 24, '10.00', 0, 1, '150.00', '10.00', 1, '150.00', 1000000, 1, 0, '', '', '描述', '[{\"name\":\"O1CN01LqDyEL1hpLsINePCa_!!2863054326.jpg\",\"source\":\"aliyun.oss.careyshop.cn/uploads/files/20191230/32dcbebd-ebad-4d41-96d4-196fd7fe9ac7.jpg?type=aliyun\",\"url\":\"\\/\\/aliyun.oss.careyshop.cn/uploads/files/20191230/32dcbebd-ebad-4d41-96d4-196fd7fe9ac7.jpg?type=aliyun\"}]', '', '', 0, 0, 1, 1, 50, 1, 0, 1492703981, 1571023095),
(3, 2, '启蒙积木军舰海军军事航母积木113儿童小颗粒积木玩具春节礼物', '', '', 'CS68946681', '', '', '', 0, 10, 0, 0, '10.00', 0, 0, '100.00', '30.00', 0, '60.00', 1, 1, 0, '', '', '描述', '[{\"name\":\"68d42d66a8a9c565.jpg\",\"source\":\"aliyun.oss.careyshop.cn/uploads/files/20191230/97405ac5-3c64-4d48-b3da-238710c7272b.jpg?type=aliyun\",\"url\":\"\\/\\/aliyun.oss.careyshop.cn/uploads/files/20191230/97405ac5-3c64-4d48-b3da-238710c7272b.jpg?type=aliyun\"}]', '', '', 0, 1, 1, 1, 50, 1, 0, 1492704045, 1571023095),
(4, 2, '乐基乌龟饲料高钙幼龟粮 鱼干虾干面包虫巴西龟鳄龟粮食 龟粮通用', '', '', 'CS37795425', '', '', '', 0, 0, 0, 0, '10.00', 0, 0, '100.00', '200.00', 0, '0.00', 1, 1, 0, '', '', '描述', '[{\"name\":\"O1CN01LqDyEL1hpLsINePCa_!!2863054326.jpg\",\"source\":\"aliyun.oss.careyshop.cn\\/uploads\\/files\\/20191230\\/97405ac5-3c64-4d48-b3da-238710c7272b.jpg?type=aliyun\",\"url\":\"\\/\\/aliyun.oss.careyshop.cn\\/uploads\\/files\\/20191230\\/97405ac5-3c64-4d48-b3da-238710c7272b.jpg?type=aliyun\"}]', '[]', '', 1, 1, 1, 1, 50, 1, 0, 1492704177, 1586777273),
(6, 3, '测试', '', '', 'CS19874862', '', '', '', 0, 0, 0, 0, '0.00', 0, 0, '100.00', '150.00', 0, '0.00', 1, 1, 0, '', '', '123', '', '', '', 0, 0, 1, 1, 50, 1, 1, 1492737044, 1586777298),
(19, 9, '测试', '', '', 'CS82641937', '', '', '', 0, 0, 0, 0, '1.00', 0, 0, '100.00', '50.00', 0, '0.00', 1, 1, 0, '', '', '123', '', '', '', 0, 0, 0, 1, 50, 1, 1, 1492764345, 1586777298),
(20, 6, '测试', '', '', 'CS64359781', '', '', '', 0, 0, 0, 0, '1.00', 0, 0, '100.00', '50.00', 0, '0.00', 1, 1, 0, '', '', '123', '', '', '', 0, 0, 0, 1, 50, 1, 1, 1492765420, 1586777298),
(21, 1, '测试', '', '', 'CS55982386', '', '', '', 0, 0, 0, 0, '1.00', 0, 0, '100.00', '50.00', 0, '0.00', 1, 1, 0, '', '', '123', '', '', '', 0, 0, 0, 1, 50, 1, 1, 1492765426, 1586777298),
(22, 1, '测试', '', '', 'CS92248456', '', '', '', 0, 0, 0, 0, '1.00', 0, 0, '100.00', '50.00', 0, '0.00', 1, 1, 0, '', '', '123', '', '', '', 0, 0, 0, 1, 50, 1, 1, 1492765428, 1586777298),
(23, 1, '测试', '', '', 'CS64452197', '', '', '', 0, 0, 0, 0, '1.00', 0, 0, '100.00', '50.00', 0, '0.00', 1, 1, 0, '', '', '123', '', '', '', 0, 0, 0, 1, 50, 1, 1, 1492765436, 1586777298),
(26, 1, '测试', '', '', 'CS34682631', '', '', '', 0, 0, 0, 0, '1.00', 0, 0, '100.00', '50.00', 0, '0.00', 1, 1, 0, '', '', '123', '', '', '', 0, 0, 0, 1, 50, 1, 1, 1492765728, 1586777298),
(27, 1, '商品A', '', '', 'CS86376346', '', '', '', 0, 0, 0, 0, '10.00', 0, 0, '100.00', '50.00', 0, '0.00', 1, 1, 0, '', '', '描述', '', '', '', 0, 0, 0, 1, 50, 1, 1, 1492785433, 1586777298),
(28, 1, '商品A', '', '', 'CS93851862', '', '', '', 0, 0, 0, 0, '10.00', 0, 0, '100.00', '50.00', 0, '0.00', 1, 1, 0, '', '', '描述', '', '', '', 0, 0, 0, 1, 50, 1, 1, 1492785460, 1586777298),
(29, 1, '商品A', '', '', 'CS61412723', '', '', '', 0, 0, 0, 0, '10.00', 0, 0, '100.00', '50.00', 0, '0.00', 1, 1, 0, '', '', '描述', '', '', '', 0, 0, 0, 1, 50, 1, 1, 1492785465, 1586777298),
(30, 1, '商品A', '', '', 'CS24574815', '', '', '', 0, 0, 0, 0, '10.00', 0, 0, '100.00', '50.00', 0, '0.00', 1, 1, 0, '', '', '描述', '', '', '', 0, 0, 0, 1, 50, 1, 1, 1492790843, 1586777298),
(31, 1, '测试', '', '', 'CS51582284', '', '', '', 0, 0, 0, 0, '1.00', 0, 0, '100.00', '50.00', 0, '0.00', 1, 1, 0, '', '', '123', '', '', '', 0, 0, 0, 1, 50, 1, 1, 1493011859, 1586777298),
(32, 1, '测试', '', '', 'CS25477533', '', '', '', 0, 0, 0, 0, '1.00', 0, 0, '100.00', '50.00', 0, '0.00', 1, 1, 0, '', '', '123', '', '', '', 0, 0, 0, 1, 50, 1, 1, 1493011865, 1586777298),
(33, 1, '测试', '', '', 'CS35443718', '', '', '', 0, 0, 0, 0, '1.00', 0, 0, '100.00', '50.00', 0, '0.00', 1, 1, 0, '', '', '123', '', '', '', 0, 0, 0, 1, 50, 1, 1, 1493011868, 1586777298),
(34, 1, '测试', '', '', 'CS67369531', '', '', '', 0, 0, 0, 0, '1.00', 0, 0, '100.00', '50.00', 0, '0.00', 1, 1, 0, '', '', '123', '', '', '', 0, 0, 0, 1, 50, 1, 1, 1493011870, 1586777298),
(35, 1, '测试', '', '', 'CS83414694', '', '', '', 0, 0, 0, 0, '1.00', 0, 0, '100.00', '50.00', 0, '0.00', 1, 1, 0, '', '', '123', '', '', '', 0, 0, 0, 1, 50, 1, 1, 1493011874, 1586777298),
(36, 1, '测试', '', '', 'CS96623128', '', '', '', 0, 0, 0, 0, '1.00', 0, 0, '100.00', '50.00', 0, '0.00', 1, 1, 0, '', '', '&lt;script&gt;console.log(1)&lt;/script&gt;', '', '', '', 0, 0, 0, 1, 50, 1, 1, 1493012286, 1586777298),
(37, 1, '测试', '', '', 'CS91545828', '', '', '', 0, 0, 0, 0, '1.00', 0, 0, '100.00', '50.00', 0, '0.00', 1, 1, 0, '', '', '&lt;a href=\'#\'&gt;123&lt;/a&gt;', '', '', '', 0, 0, 0, 1, 50, 1, 1, 1493012319, 1586777298),
(38, 1, '测试', '', '', 'CS77965128', '', '', '', 0, 0, 0, 0, '1.00', 0, 0, '100.00', '50.00', 0, '0.00', 1, 1, 0, '', '', '\\&lt;script\\&gt;alert(\'1111\')\\;\\&lt;/script\\&gt;', '', '', '', 0, 0, 0, 1, 50, 0, 1, 1493012379, 1586777385),
(39, 1, '测试', '', '', 'CS73857794', '', '', '', 0, 0, 0, 0, '1.00', 0, 0, '100.00', '50.00', 0, '0.00', 1, 1, 0, '', '', '\\<script\\>alert(\'1111\')\\;\\</script\\>', '', '', '', 0, 0, 0, 1, 50, 0, 1, 1493012436, 1586777385),
(40, 1, '测试', '', '', 'CS91862771', '', '', '', 0, 0, 0, 0, '1.00', 0, 0, '100.00', '50.00', 0, '0.00', 1, 1, 0, '', '', '\\<script\\>alert(\'1111\')\\;\\</script\\>', '', '', '', 0, 0, 0, 1, 50, 0, 1, 1493012444, 1586777385),
(41, 1, '测试', '', '', 'CS45598191', '', '', '', 0, 0, 0, 0, '1.00', 0, 0, '100.00', '50.00', 0, '0.00', 1, 1, 0, '', '', '<a href=\'#\'>123</a>', '', '', '', 0, 0, 0, 1, 50, 0, 1, 1493012449, 1586777385),
(42, 1, '测试', '', '', 'CS36274919', '', '', '', 0, 0, 0, 0, '1.00', 0, 0, '100.00', '50.00', 0, '0.00', 1, 1, 0, '', '', '<script>console.log(1)</script>', '', '', '', 0, 0, 0, 1, 50, 0, 1, 1493012458, 1586777370),
(43, 1, '测试', '', '', 'CS59658978', '', '', '', 0, 0, 0, 0, '1.00', 0, 0, '100.00', '50.00', 0, '0.00', 1, 1, 0, '', '', '<script>console.log(1)</script>', '[\"111\"]', '', '', 0, 0, 0, 1, 50, 0, 1, 1493012481, 1586777370),
(44, 1, '商品', '', '', 'CS84736399', '', '', '', 0, 0, 0, 0, '100.00', 0, 0, '100.00', '50.00', 0, '0.00', 1, 1, 0, '', '', '内容', '', '', '', 0, 0, 0, 1, 50, 0, 1, 1493474660, 1586777370),
(45, 1, '商品', '', '', 'CS48532851', '', '', '', 0, 111, 0, 0, '100.00', 0, 0, '100.00', '50.00', 0, '0.00', 1, 1, 0, '', '', '内容', '', '', '', 0, 0, 0, 1, 50, 0, 1, 1493474692, 1586777370),
(46, 1, '商品', '', '', 'CS78519985', '', '', '', 6, 111, 0, 0, '100.00', 0, 0, '100.00', '50.00', 0, '0.00', 1, 1, 0, '', '', '内容', '', '', '', 0, 0, 0, 1, 50, 0, 1, 1493474751, 1586777370),
(49, 1, '商品', '', '', 'CS32754369', '', '', '', 0, 116, 0, 0, '100.00', 0, 0, '100.00', '50.00', 0, '0.00', 1, 1, 0, '', '', '内容', '', '', '', 0, 0, 0, 1, 50, 0, 1, 1493475305, 1586777370),
(50, 1, '商品', '', '', 'CS56921218', '', '', '', 0, 116, 0, 0, '100.00', 0, 0, '100.00', '50.00', 0, '0.00', 1, 1, 0, '', '', '内容', '', '', '', 0, 0, 0, 1, 50, 0, 1, 1493476263, 1586777370),
(51, 1, '商品', '', '', 'CS86123251', '', '', '', 0, 116, 0, 0, '100.00', 0, 0, '100.00', '50.00', 0, '0.00', 1, 1, 0, '', '', '内容', '', '', '', 0, 0, 0, 1, 50, 0, 1, 1493476278, 1586777370),
(52, 1, '添加一个商品', '', '', 'CS32981194', '', '', '', 0, 0, 0, 0, '100.00', 0, 0, '100.00', '200.00', 0, '0.00', 1, 1, 0, '', '', '描述一下吧', '', '', '', 0, 0, 0, 1, 50, 0, 1, 1493691517, 1586777370),
(70, 1, '添加一个商品', '', '', 'CS51872618', '', '', '', 0, 0, 0, 0, '100.00', 0, 0, '100.00', '200.00', 0, '0.00', 1, 1, 0, '', '', '描述一下吧', '', '', '', 0, 0, 0, 1, 50, 0, 1, 1493694608, 1586777370),
(71, 1, '添加一个商品', '', '', 'CS86463159', '', '', '', 0, 0, 0, 0, '100.00', 0, 0, '100.00', '200.00', 0, '0.00', 1, 1, 0, '', '', '描述一下吧', '', '', '', 0, 0, 0, 1, 50, 0, 1, 1493694780, 1586777370),
(75, 1, '添加一个商品', '', '', 'CS46923134', '', '', '', 0, 0, 0, 0, '100.00', 0, 0, '100.00', '200.00', 0, '0.00', 1, 1, 0, '', '', '描述一下吧', '', '', '', 0, 0, 0, 1, 50, 0, 1, 1493694884, 1586777370),
(76, 1, '添加一个商品', '', '', 'CS93512768', '', '', '', 0, 0, 0, 0, '100.00', 0, 0, '100.00', '200.00', 0, '0.00', 1, 1, 0, '', '', '描述一下吧', '', '', '', 0, 0, 0, 1, 50, 0, 1, 1493694952, 1586777370),
(77, 1, '添加一个商品', '', '', 'CS79354221', '', '', '', 0, 0, 0, 0, '100.00', 0, 0, '100.00', '200.00', 0, '0.00', 1, 1, 0, '', '', '描述一下吧', '', '', '', 0, 0, 0, 1, 50, 0, 1, 1493694955, 1586777370),
(78, 1, '添加一个商品', '', '', 'CS73651361', '', '', '', 0, 0, 0, 0, '100.00', 0, 0, '100.00', '200.00', 0, '0.00', 1, 1, 0, '', '', '描述一下吧', '', '', '', 0, 0, 0, 1, 50, 0, 1, 1493694986, 1586777370),
(79, 1, '添加一个商品', '', '', 'CS35922959', '', '', '', 0, 0, 0, 0, '100.00', 0, 0, '100.00', '200.00', 0, '0.00', 1, 1, 0, '', '', '描述一下吧', '', '', '', 0, 0, 0, 1, 50, 0, 1, 1493694987, 1586777370),
(80, 1, '添加一个商品', '', '', 'CS22786956', '', '', '', 0, 0, 0, 0, '100.00', 0, 0, '100.00', '200.00', 0, '0.00', 1, 1, 0, '', '', '描述一下吧', '', '', '', 0, 0, 0, 1, 50, 0, 1, 1493694989, 1571033627),
(81, 1, '添加一个商品', '', '', 'CS34253196', '', '', '', 0, 0, 0, 0, '100.00', 0, 0, '100.00', '200.00', 0, '0.00', 1, 1, 0, '', '', '描述一下吧', '', '', '', 0, 0, 0, 1, 50, 0, 1, 1493695072, 1571033627),
(82, 1, '添加一个商品', '', '', 'CS65391267', '', '', '', 0, 0, 0, 0, '100.00', 0, 0, '100.00', '200.00', 0, '0.00', 1, 1, 0, '', '', '描述一下吧', '', '', '', 0, 0, 0, 1, 50, 0, 2, 1493695075, 1571033520),
(83, 1, '添加一条数据', '', '', 'CS66345747', '', '', '', 0, 0, 0, 0, '100.00', 0, 0, '100.00', '200.00', 0, '0.00', 1, 1, 0, '', '', '描述一下吧', '', '', '', 0, 0, 0, 1, 50, 0, 1, 1493695138, 1586777370),
(89, 1, '添加一条数据', '', '', 'CS27981253', '', '', '', 0, 1213, 0, 29, '100.00', 0, 0, '500.00', '100.00', 0, '50.00', 1000, 1, 20, '', '', '描述一下吧', '', '', '', 0, 0, 0, 1, 50, 0, 2, 1493701699, 1571033505),
(90, 1, '添加一个商品', '', '', 'CS25292437', '', '', '', 0, 0, 0, 0, '100.00', 0, 0, '100.00', '200.00', 0, '0.00', 1, 1, 0, '', '', '描述一下吧', '', '', '', 0, 0, 0, 1, 50, 1, 1, 1493701749, 1586777298),
(91, 1, '添加一个商品', '', '', 'CS81356514', '', '', '', 0, 100, 0, 0, '100.00', 0, 0, '100.00', '200.00', 0, '0.00', 1, 1, 0, '', '', '描述一下吧', '', '', '', 0, 0, 0, 1, 50, 1, 1, 1493701776, 1586777298),
(92, 1, '添加一个商品', '', '', 'CS17152862', '', '', '', 0, 100, 0, 0, '100.00', 0, 0, '100.00', '200.00', 0, '0.00', 1, 1, 0, '', '', '描述一下吧', '', '', '', 0, 0, 0, 1, 50, 1, 1, 1493701967, 1586777308),
(93, 1, '添加一个商品', '', '', 'CS71463994', '', '', '', 0, 323, 2, 237, '100.00', 0, 0, '1000.00', '200.00', 0, '200.00', 1, 1, 10, '', '', '描述一下吧', '', '', '', 0, 0, 0, 1, 50, 1, 1, 1493702553, 1586777308),
(94, 1, '添加一个商品', '', '', 'CS18569379', '', '', '', 0, 100, 0, 0, '100.00', 0, 0, '100.00', '200.00', 0, '0.00', 1, 1, 0, '', '', '描述一下吧', '', '', '', 0, 0, 0, 1, 50, 1, 1, 1493702563, 1586777308),
(95, 1, '添加一个商品', '', '', 'CS35397548', '', '', '', 0, 100, 0, 0, '100.00', 0, 0, '100.00', '200.00', 0, '0.00', 1, 1, 0, '', '', '描述一下吧', '', '', '', 0, 0, 0, 1, 50, 1, 1, 1493702565, 1586777308),
(96, 1, '添加一个商品', '', '', 'CS31672419', '', '', '', 0, 100, 0, 0, '100.00', 0, 0, '100.00', '200.00', 0, '0.00', 1, 1, 0, '', '', '描述一下吧', '', '', '', 0, 0, 0, 1, 50, 1, 1, 1493702567, 1586777308),
(97, 1, '添加一个商品', '', '', 'CS72545123', '', '', '', 0, 100, 0, 0, '100.00', 0, 0, '100.00', '200.00', 0, '0.00', 1, 1, 0, '', '', '描述一下吧', '', '', '', 0, 0, 0, 1, 50, 1, 1, 1493702739, 1586777308),
(98, 1, '添加一个商品', '', '', 'CS35871559', '', '', '', 0, 100, 0, 0, '100.00', 0, 0, '100.00', '200.00', 0, '0.00', 1, 1, 0, '', '', '描述一下吧', '', '', '', 0, 0, 0, 1, 50, 1, 1, 1493702742, 1586777308),
(99, 1, '添加一个商品', '', '', 'CS43799648', '', '', '', 0, 100, 0, 0, '100.00', 0, 0, '100.00', '200.00', 0, '0.00', 1, 1, 0, '', '', '描述一下吧', '', '', '', 0, 0, 0, 1, 50, 1, 1, 1493702744, 1586777308),
(100, 1, '添加一个商品', '', '', 'CS74626412', '', '', '', 0, 99, 0, 0, '100.00', 0, 0, '100.00', '200.00', 0, '0.00', 1, 1, 0, '', '', '描述一下吧', '', '', '', 0, 0, 0, 1, 50, 1, 1, 1493702829, 1586777308),
(101, 1, '添加一个商品', '', '', 'CS16215626', '', '', '', 0, 99, 0, 0, '100.00', 0, 0, '100.00', '200.00', 0, '0.00', 1, 1, 0, '', '', '描述一下吧', '', '', '', 0, 0, 0, 1, 50, 1, 1, 1493702831, 1586777308),
(102, 1, '添加一个商品', '', '', 'CS95425789', '', '', '', 0, 99, 0, 0, '100.00', 0, 0, '100.00', '200.00', 0, '0.00', 1, 1, 0, '', '', '描述一下吧', '', '', '', 0, 0, 0, 1, 50, 1, 1, 1493702834, 1586777308),
(103, 1, '添加一个商品', '', '', 'CS82927877', '', '', '', 0, 99, 0, 0, '100.00', 0, 0, '100.00', '200.00', 0, '0.00', 1, 1, 0, '', '', '描述一下吧', '', '', '', 0, 0, 0, 1, 50, 1, 1, 1493702835, 1586777308),
(104, 1, '添加一个商品', '', '', 'CS26291291', '', '', '', 0, 100, 0, 0, '100.00', 0, 0, '100.00', '200.00', 0, '0.00', 1, 1, 0, '', '', '描述一下吧', '', '', '', 0, 0, 0, 1, 50, 1, 1, 1493702931, 1586777308),
(105, 1, '添加一个商品', '', '', 'CS58484739', '', '', '', 0, 100, 0, 0, '100.00', 0, 0, '100.00', '200.00', 0, '0.00', 1, 1, 0, '', '', '描述一下吧', '', '', '', 0, 0, 0, 1, 50, 1, 1, 1493702932, 1586777308),
(106, 1, '添加一个商品', '', '', 'CS27512366', '', '', '', 0, 100, 0, 0, '100.00', 0, 0, '100.00', '200.00', 0, '0.00', 1, 1, 0, '', '', '描述一下吧', '', '', '', 0, 0, 0, 1, 50, 1, 1, 1493702933, 1586777308),
(107, 1, '添加一个商品', '', '', 'CS16623456', '', '', '', 0, 100, 0, 0, '100.00', 0, 0, '100.00', '200.00', 0, '0.00', 1, 1, 0, '', '', '描述一下吧', '', '', '', 0, 0, 0, 1, 50, 1, 1, 1493702935, 1586777308),
(108, 1, '添加一个商品', '', '', 'CS39938127', '', '', '', 0, 100, 0, 0, '100.00', 0, 0, '100.00', '200.00', 0, '0.00', 1, 1, 0, '', '', '描述一下吧', '', '', '', 0, 0, 0, 1, 50, 1, 1, 1493702935, 1586777308),
(109, 1, '添加一个商品', '', '', 'CS89426581', '', '', '', 0, 100, 0, 0, '100.00', 0, 0, '100.00', '200.00', 0, '0.00', 1, 1, 0, '', '', '描述一下吧', '', '', '', 0, 0, 0, 1, 50, 1, 1, 1493702936, 1586777308),
(110, 1, '添加一个商品', '', '', 'CS53899568', '', '', '', 0, 100, 0, 0, '100.00', 0, 0, '100.00', '200.00', 0, '0.00', 1, 1, 0, '', '', '描述一下吧', '', '', '', 0, 0, 0, 1, 50, 1, 1, 1493702937, 1586777308),
(111, 1, '添加一个商品', '', '', 'CS47535665', '', '', '', 0, 100, 0, 0, '100.00', 0, 0, '100.00', '200.00', 0, '0.00', 1, 1, 0, '', '', '描述一下吧', '', '', '', 0, 0, 0, 1, 50, 1, 1, 1493702938, 1586777308),
(112, 1, '添加一个商品', '', '', 'CS77566352', '', '', '', 0, 100, 0, 0, '100.00', 0, 0, '100.00', '200.00', 0, '0.00', 1, 1, 0, '', '', '描述一下吧', '', '', '', 0, 0, 0, 1, 50, 1, 1, 1493702939, 1586777308),
(113, 1, '添加一个商品', '', '', 'CS91347865', '', '', '', 0, 100, 0, 0, '100.00', 0, 0, '100.00', '200.00', 0, '0.00', 1, 1, 0, '', '', '描述一下吧', '', '', '', 0, 0, 0, 1, 50, 1, 1, 1493702939, 1586777308),
(114, 1, '添加一个商品', '', '', 'CS87352379', '', '', '', 0, 100, 0, 0, '100.00', 0, 0, '100.00', '200.00', 0, '0.00', 1, 1, 0, '', '', '描述一下吧', '', '', '', 0, 0, 0, 1, 50, 1, 1, 1493702940, 1586777308),
(115, 1, '添加一个商品', '', '', 'CS74928668', '', '', '', 0, 100, 0, 0, '100.00', 0, 0, '100.00', '200.00', 0, '0.00', 1, 1, 0, '', '', '描述一下吧', '', '', '', 0, 0, 0, 1, 50, 1, 1, 1493711729, 1586777308),
(116, 1, '添加一个商品', '', '', 'CS19588735', '', '', '', 0, 100, 0, 0, '100.00', 0, 0, '100.00', '200.00', 0, '0.00', 1, 1, 0, '', '', '描述一下吧', '', '', '', 0, 0, 0, 1, 50, 1, 1, 1493717456, 1586777308),
(117, 1, '添加一个商品', '', '', 'CS64246383', '', '', '', 0, 100, 0, 0, '100.00', 0, 0, '100.00', '200.00', 0, '0.00', 1, 1, 0, '', '', '描述一下吧', '', '', '', 0, 0, 0, 1, 50, 1, 1, 1493717460, 1586777318),
(118, 1, '添加一个商品', '', '', 'CS15978259', '', '', '', 0, 100, 0, 0, '100.00', 0, 0, '100.00', '200.00', 0, '0.00', 1, 1, 0, '', '', '描述一下吧', '', '', '', 0, 0, 0, 1, 50, 1, 1, 1493717482, 1586777318),
(119, 1, '商品', '', '', 'CS62814855', '', '', '', 0, 116, 0, 0, '100.00', 0, 0, '100.00', '50.00', 0, '0.00', 1, 1, 0, '', '', '内容', '', '', '', 0, 0, 0, 1, 50, 1, 1, 1493734834, 1586777318),
(121, 1, '商品', '', '', 'CS61941971', '', '', '', 0, 116, 0, 0, '100.00', 0, 0, '100.00', '50.00', 0, '0.00', 1, 1, 0, '', '', '内容', '', '', '', 0, 0, 0, 1, 50, 1, 1, 1493738637, 1586777318),
(122, 1, '商品', '', '', 'CS93189147', '', '', '', 0, 116, 0, 0, '100.00', 0, 0, '100.00', '50.00', 0, '0.00', 1, 1, 0, '', '', '内容', '', '', '', 0, 0, 0, 1, 50, 1, 1, 1493738710, 1586777318),
(123, 1, '商品', '', '', 'CS86384711', '', '', '', 0, 116, 0, 0, '100.00', 0, 0, '100.00', '50.00', 0, '0.00', 1, 1, 0, '', '', '内容', '', '', '', 0, 0, 0, 1, 50, 1, 1, 1493738725, 1586777318),
(125, 1, '商品', '', '', 'CS81423813', '', '', '', 0, 116, 0, 0, '100.00', 0, 0, '100.00', '50.00', 0, '0.00', 1, 1, 0, '', '', '内容', '', '', '', 0, 0, 0, 1, 50, 1, 1, 1493739119, 1586777318),
(126, 1, '商品', '', '', 'CS85318194', '', '', '', 0, 116, 0, 0, '100.00', 0, 0, '100.00', '50.00', 0, '0.00', 1, 1, 0, '', '', '内容', '', '', '', 0, 0, 0, 1, 50, 1, 1, 1493739143, 1586777318),
(127, 1, '商品', '', '', 'CS31381977', '', '', '', 0, 116, 0, 0, '100.00', 0, 0, '100.00', '50.00', 0, '0.00', 1, 1, 0, '', '', '内容', '', '', '', 0, 0, 0, 1, 50, 1, 1, 1493739243, 1586777318),
(128, 1, '商品', '商品短名称', '', 'CS21546387', '', '', '', 0, 1, 0, 0, '100.00', 0, 0, '100.00', '50.00', 0, '0.00', 1, 1, 0, '', '', '内容', '', '', '', 0, 0, 0, 1, 50, 1, 1, 1493739266, 1586777318),
(131, 1, '添加一个商品', '', '', 'CS68495922', '', '', '', 0, 100, 0, 0, '100.00', 0, 0, '100.00', '200.00', 0, '0.00', 1, 1, 0, '', '', '描述一下吧', '', '', '', 0, 0, 0, 1, 50, 1, 1, 1493777706, 1586777318),
(132, 1, '添加一个商品', '', '', 'CS12687595', '', '', '', 0, 100, 0, 0, '100.00', 0, 0, '100.00', '200.00', 0, '0.00', 1, 1, 0, '', '', '描述一下吧', '', '', '', 0, 0, 0, 1, 50, 1, 1, 1493777719, 1586777318),
(134, 1, '添加一个商品', '', '', 'CS22193588', '', '', '', 0, 100, 0, 0, '100.00', 0, 0, '100.00', '200.00', 0, '0.00', 1, 1, 0, '', '', '描述一下吧', '', '', '', 0, 0, 0, 1, 50, 1, 1, 1493777761, 1586777318),
(135, 1, '添加一个商品', '', '', 'CS99962275', '', '', '', 0, 100, 0, 0, '100.00', 0, 0, '100.00', '200.00', 0, '0.00', 1, 1, 0, '', '', '描述一下吧', '[\"111\"]', '', '', 0, 0, 0, 1, 50, 1, 1, 1493782088, 1586777318),
(136, 1, '添加一个商品', '', '', 'CS71133255', '', '', '', 0, 100, 0, 0, '100.00', 0, 0, '100.00', '200.00', 0, '0.00', 1, 1, 0, '', '', '描述一下吧', '[\"111\"]', '', '', 0, 0, 0, 1, 50, 1, 1, 1493782096, 1586777318),
(138, 1, '添加一个商品', '', '', 'CS87853947', '', '', '', 0, 100, 0, 0, '100.00', 0, 0, '100.00', '200.00', 0, '0.00', 1, 1, 0, '', '', '描述一下吧', '[\"111\"]', '', '', 0, 0, 0, 1, 50, 1, 1, 1493782110, 1586777318),
(139, 1, '添加一个商品', '', '', 'CS92533925', '', '', '', 0, 100, 0, 0, '100.00', 0, 0, '100.00', '200.00', 0, '0.00', 1, 1, 0, '', '', '描述一下吧', '[\"111\"]', '', '', 0, 0, 0, 1, 50, 1, 1, 1493782192, 1586777318),
(140, 1, '添加一个商品', '', '', 'CS44269971', '', '', '', 0, 100, 0, 0, '100.00', 0, 0, '100.00', '200.00', 0, '0.00', 1, 1, 0, '', '', '描述一下吧', '[\"111\"]', '', '', 0, 0, 0, 1, 50, 1, 1, 1493782208, 1586777318),
(142, 1, '添加一个商品', '', '', 'CS27856628', '', '', '', 0, 100, 0, 0, '100.00', 0, 0, '100.00', '200.00', 0, '0.00', 1, 1, 0, '', '', '描述一下吧', '[\"111\"]', '', '', 0, 1, 0, 1, 50, 1, 1, 1493782220, 1586777318),
(143, 1, '添加一个商品', '', '', 'CS85137546', '', '', '', 6, 100, 0, 0, '100.00', 0, 0, '100.00', '200.00', 0, '0.00', 1, 1, 0, '', '', '描述一下吧', '[\"111\"]', '', '', 0, 0, 0, 1, 50, 1, 1, 1493783482, 1586777318),
(144, 1, '添加一个商品', '', '', 'CS55711463', '', '', '', 0, 100, 0, 0, '100.00', 0, 0, '100.00', '200.00', 0, '0.00', 1, 1, 0, '', '', '描述一下吧', '[\"111\"]', '', '', 0, 1, 0, 1, 50, 1, 1, 1493783490, 1586777318),
(150, 1, '商搜索品+', '', '', 'CS85975684', '', '', '', 5, 100, 0, 0, '100.00', 0, 0, '100.00', '200.00', 0, '0.00', 1, 1, 0, '', '', '描述一下吧', '[\"12\",\"123\"]', '', '', 0, 0, 0, 1, 50, 1, 1, 1493784389, 1586777318),
(152, 11, '商品11', '', '', 'CS54672938', '', '', '', 5, 100, 0, 0, '0.00', 0, 0, '100.00', '250.00', 0, '0.00', 1, 1, 0, '', '', '描述一下吧', '[\"111\"]', '', '', 0, 0, 0, 1, 50, 1, 1, 1493790269, 1586777318),
(162, 1, '华为笔记本', '', '', 'CS25456791', '', '', '', 0, 100, 0, 0, '100.00', 0, 0, '100.00', '200.00', 0, '0.00', 1, 1, 0, '', '', '描述一下吧', '[\"111\"]', '', '', 0, 0, 0, 1, 50, 1, 1, 1502073626, 1586777318),
(163, 1, '测试', '', '', 'CS28167386', '', '', '', 0, 676, 0, 0, '1.00', 0, 0, '100.00', '50.00', 0, '0.00', 1, 1, 0, '', '', '<script>console.log(1)</script>', '[\"111\"]', '', '', 0, 0, 0, 1, 50, 1, 1, 1502073837, 1586777318),
(164, 1, '测试', '', '', 'CS28636847', '', '', '', 0, 676, 0, 0, '1.00', 0, 0, '100.00', '50.00', 0, '0.00', 1, 1, 0, '', '', '<script>console.log(1)</script>', '[\"111\"]', '', '', 0, 0, 0, 1, 50, 1, 1, 1502075925, 1586777343),
(165, 1, '测试', '', '', 'CS98653783', '', '', '', 0, 676, 0, 0, '1.00', 0, 0, '100.00', '50.00', 0, '0.00', 1, 1, 0, '', '', '<script>console.log(1)</script>', '[\"111\"]', '', '', 0, 0, 0, 1, 50, 1, 1, 1502075935, 1586777343),
(166, 1, '测试', '', '', 'CS34253814', '', '', '', 0, 676, 0, 0, '1.00', 0, 0, '100.00', '50.00', 0, '0.00', 1, 1, 0, '', '', '<script>console.log(1)</script>', '[\"111\"]', '', '', 0, 0, 0, 1, 50, 1, 1, 1502076254, 1586777343),
(167, 1, '测试', '', '', 'CS75746892', '', '', '', 0, 676, 0, 0, '1.00', 0, 0, '100.00', '50.00', 0, '0.00', 1, 1, 0, '', '', '<script>console.log(1)</script>', '[\"111\"]', '', '', 0, 0, 0, 1, 50, 1, 1, 1502076353, 1586777343),
(168, 1, '测试', '', '', 'CS73959758', '', '', '', 0, 676, 0, 0, '1.00', 0, 0, '100.00', '50.00', 0, '0.00', 1, 1, 0, '', '', '<script>console.log(1)</script>', '[\"111\"]', '', '', 0, 0, 0, 1, 50, 1, 1, 1502119718, 1586777343),
(169, 1, '测试', '', '', 'CS87119753', '', '', '', 0, 676, 0, 0, '1.00', 0, 0, '100.00', '50.00', 0, '0.00', 1, 1, 0, '', '', '<script>console.log(1)</script>', '[\"111\"]', '', '', 0, 0, 0, 1, 50, 1, 1, 1502119727, 1586777343),
(170, 1, '测试', '', '', 'CS35768265', '', '', '', 0, 676, 0, 0, '1.00', 0, 0, '100.00', '50.00', 0, '0.00', 1, 1, 0, '', '', '<script>console.log(1)</script>', '[\"111\"]', '', '', 0, 0, 0, 1, 50, 1, 1, 1502119732, 1586777343),
(171, 1, '测试', '', '', 'CS16367584', '', '', '', 0, 676, 0, 0, '1.00', 0, 0, '100.00', '50.00', 0, '0.00', 1, 1, 0, '', '', '<script>console.log(1)</script>', '[\"111\"]', '', '', 0, 0, 0, 1, 50, 1, 1, 1502119787, 1586777343),
(172, 1, '测试', '', '', 'CS38517833', '', '', '', 0, 676, 0, 0, '1.00', 0, 0, '100.00', '50.00', 0, '0.00', 1, 1, 0, '', '', '<script>console.log(1)</script>', '[\"111\"]', '', '', 0, 0, 0, 1, 50, 1, 1, 1502119790, 1586777343),
(173, 1, '测试', '', '', 'CS51468231', '', '', '', 0, 676, 0, 0, '1.00', 0, 0, '100.00', '50.00', 0, '0.00', 1, 1, 0, '', '', '<script>console.log(1)</script>', '[\"111\"]', '', '', 0, 0, 0, 1, 50, 1, 1, 1502119879, 1586777343),
(174, 1, '测试', '', '', 'CS51259886', '', '', '', 0, 676, 0, 0, '1.00', 0, 0, '100.00', '50.00', 0, '0.00', 1, 1, 0, '', '', '<script>console.log(1)</script>', '[\"111\"]', '', '', 0, 0, 0, 1, 50, 1, 1, 1502119987, 1571033638),
(175, 1, '测试', '', '', 'CS26773949', '', '', '', 0, 676, 0, 0, '1.00', 0, 0, '100.00', '50.00', 0, '0.00', 1, 1, 0, '', '', '<script>console.log(1)</script>', '[\"111\"]', '', '', 0, 0, 0, 1, 50, 1, 1, 1502119949, 1571033638),
(176, 1, '测试', '', '', 'CS89886745', '', '', '', 0, 676, 0, 0, '1.00', 0, 0, '100.00', '50.00', 0, '0.00', 1, 1, 0, '', '', '<script>console.log(1)</script>', '[\"111\"]', '', '', 0, 0, 0, 1, 50, 1, 1, 1502119951, 1586777343),
(177, 1, '测试', '', '', 'CS28941251', '', '', '', 0, 676, 0, 0, '1.00', 0, 0, '100.00', '50.00', 0, '0.00', 1, 1, 0, '', '', '<script>console.log(1)</script>', '[\"111\"]', '', '', 0, 0, 0, 1, 50, 1, 1, 1502119952, 1586777343),
(178, 1, '测试', '', '', 'CS95891568', '', '', '', 0, 676, 0, 0, '1.00', 0, 0, '100.00', '50.00', 0, '0.00', 1, 1, 0, '', '', '<script>console.log(1)</script>', '[\"111\"]', '', '', 0, 0, 0, 1, 50, 1, 1, 1502119954, 1586777343),
(179, 1, '测试', '', '', 'CS76253599', '', '', '', 0, 0, 0, 0, '1.00', 0, 0, '1.00', '1.00', 0, '0.00', 1, 0, 0, '', '', '111', '[\"1\"]', '', '', 0, 0, 0, 1, 50, 1, 1, 1502240529, 1586777343),
(180, 1, '测试', '', '', 'CS55147819', '', '', '', 0, 0, 0, 0, '1.00', 0, 0, '1.00', '1.00', 0, '0.00', 1, 0, 0, '', '', '111', '[\"1\"]', '', '', 0, 0, 0, 1, 50, 1, 1, 1502240782, 1586777343),
(181, 1, '测试', '', '', 'CS65713281', '', '', '', 0, 0, 0, 0, '1.00', 0, 0, '1.00', '1.00', 0, '0.00', 1, 3, 5, '', '', '111', '[\"1\"]', '', '', 0, 0, 0, 1, 50, 1, 1, 1502240871, 1586777343),
(182, 1, '测试', '', '', 'CS37529451', '', '', '', 0, 0, 0, 0, '1.00', 0, 0, '1.00', '1.00', 0, '0.00', 1, 0, 5, '', '', '111', '[\"1\"]', '', '', 0, 0, 0, 1, 50, 1, 1, 1502240928, 1586777343),
(183, 1, '测试', '', '', 'CS78621317', '', '', '', 0, 0, 0, 0, '1.00', 0, 0, '1.00', '1.00', 0, '0.00', 1, 4, 4, '', '', '111', '[\"1\"]', '', '', 0, 0, 1, 1, 50, 1, 2, 1502241505, 1571033520),
(184, 1, '测试', '', '', 'CS71657855', '', '', '', 0, 0, 0, 0, '1.00', 0, 0, '1.00', '1.00', 0, '0.00', 1, 4, 3, '', '', '111', '[\"1\"]', '', '', 0, 0, 1, 1, 50, 1, 2, 1502241508, 1571033520),
(185, 844, '测试AAABBBccc', '', '8天超长待机 / 137g轻巧机身 / 高通骁龙处理器', 'CS95266973', '', '', '', 0, 0, 0, 0, '1.00', 0, 1, '1.00', '1.00', 0, '0.00', 1, 0, 5, '', '', '111', '[\"1\"]', '{\"url\":\"aliyun.oss.careyshop.cn\\/uploads\\/files\\/20191113\\/959c79ed-7ecf-4a93-88ef-3f10fe2a7c7a.mp4?type=aliyun\",\"mime\":\"video\\/mp4\",\"cover\":\"aliyun.oss.careyshop.cn\\/uploads\\/files\\/20191113\\/abafd222-9795-4623-919e-97034d1ffb32.jpg?type=aliyun\"}', '', 0, 1, 0, 1, 20, 1, 1, 1502244083, 1586777343),
(186, 1, '美国正品coach女士钱包蔻驰小钱包小卡包钱夹三折搭扣零钱包新款', '', '8天超长待机 / 137g轻巧机身 / 高通骁龙处理器', 'CS42371669', '', '', '', 0, 0, 0, 0, '1.00', 0, 0, '1.00', '1.00', 0, '0.00', 1, 5, 5, '', '', '111', '[{\"name\":\"O1CN01LqDyEL1hpLsINePCa_!!2863054326.jpg\",\"source\":\"aliyun.oss.careyshop.cn\\/uploads\\/files\\/20190731\\/c6b3cdee-f291-443b-81c5-cd5a8dcbd94d.jpg?type=aliyun\",\"url\":\"\\/\\/aliyun.oss.careyshop.cn\\/uploads\\/files\\/20190731\\/c6b3cdee-f291-443b-81c5-cd5a8dcbd94d.jpg?type=aliyun\"}]', '', '', 0, 1, 0, 1, 50, 1, 1, 1502244092, 1571036314),
(187, 1, '测试', '', '', 'CS58463312', '', '', '', 0, 0, 0, 0, '1.00', 0, 0, '1.00', '1.00', 0, '0.00', 1, 6, 5, '', '', '111', '[{\"name\":\"O1CN01LqDyEL1hpLsINePCa_!!2863054326.jpg\",\"source\":\"aliyun.oss.careyshop.cn\\/uploads\\/files\\/20190731\\/c6b3cdee-f291-443b-81c5-cd5a8dcbd94d.jpg?type=aliyun\",\"url\":\"\\/\\/aliyun.oss.careyshop.cn\\/uploads\\/files\\/20190731\\/c6b3cdee-f291-443b-81c5-cd5a8dcbd94d.jpg?type=aliyun\"}]', '', '', 0, 0, 0, 1, 50, 0, 1, 1502244097, 1586777370),
(188, 1, '测试', '', '8天超长待机 / 137g轻巧机身 / 高通骁龙处理器', 'CS81273747', '', '', '', 0, 0, 0, 0, '1.00', 0, 0, '1.00', '1.00', 0, '0.00', 1, 4, 0, '', '', '111', '[{\"name\":\"O1CN01LqDyEL1hpLsINePCa_!!2863054326.jpg\",\"source\":\"aliyun.oss.careyshop.cn\\/uploads\\/files\\/20190731\\/c6b3cdee-f291-443b-81c5-cd5a8dcbd94d.jpg?type=aliyun\",\"url\":\"\\/\\/aliyun.oss.careyshop.cn\\/uploads\\/files\\/20190731\\/c6b3cdee-f291-443b-81c5-cd5a8dcbd94d.jpg?type=aliyun\"}]', '', '', 0, 0, 0, 1, 50, 0, 1, 1502244115, 1586777370),
(189, 1, '测试', '', '8天超长待机 / 137g轻巧机身 / 高通骁龙处理器', 'CS48692213', '', '', '', 0, 0, 0, 0, '1.00', 0, 0, '1.00', '1.00', 0, '0.00', 1, 4, 0, '', '', '111', '[{\"name\":\"O1CN01LqDyEL1hpLsINePCa_!!2863054326.jpg\",\"source\":\"aliyun.oss.careyshop.cn\\/uploads\\/files\\/20190731\\/c6b3cdee-f291-443b-81c5-cd5a8dcbd94d.jpg?type=aliyun\",\"url\":\"\\/\\/aliyun.oss.careyshop.cn\\/uploads\\/files\\/20190731\\/c6b3cdee-f291-443b-81c5-cd5a8dcbd94d.jpg?type=aliyun\"}]', '[]', '', 0, 0, 0, 1, 50, 0, 1, 1571035659, 1586777370),
(190, 1, '测试', '', '8天超长待机 / 137g轻巧机身 / 高通骁龙处理器', 'CS28696787', '', '', '', 0, 0, 0, 0, '1.00', 0, 0, '1.00', '1.00', 0, '0.00', 1, 4, 0, '', '', '111', '[{\"name\":\"O1CN01LqDyEL1hpLsINePCa_!!2863054326.jpg\",\"source\":\"aliyun.oss.careyshop.cn\\/uploads\\/files\\/20190731\\/c6b3cdee-f291-443b-81c5-cd5a8dcbd94d.jpg?type=aliyun\",\"url\":\"\\/\\/aliyun.oss.careyshop.cn\\/uploads\\/files\\/20190731\\/c6b3cdee-f291-443b-81c5-cd5a8dcbd94d.jpg?type=aliyun\"}]', '[]', '', 0, 0, 0, 1, 50, 0, 1, 1571035673, 1586777370),
(191, 1, '测试', '', '8天超长待机 / 137g轻巧机身 / 高通骁龙处理器', 'CS82616359', '', '', '', 0, 0, 0, 0, '1.00', 0, 0, '1.00', '1.00', 0, '0.00', 1, 4, 0, '', '', '111', '[{\"name\":\"O1CN01LqDyEL1hpLsINePCa_!!2863054326.jpg\",\"source\":\"aliyun.oss.careyshop.cn\\/uploads\\/files\\/20190731\\/c6b3cdee-f291-443b-81c5-cd5a8dcbd94d.jpg?type=aliyun\",\"url\":\"\\/\\/aliyun.oss.careyshop.cn\\/uploads\\/files\\/20190731\\/c6b3cdee-f291-443b-81c5-cd5a8dcbd94d.jpg?type=aliyun\"}]', '[]', '', 0, 0, 0, 1, 50, 0, 1, 1571035680, 1586777370),
(192, 1, '美国正品coach女士钱包蔻驰小钱包小卡包钱夹三折搭扣零钱包新款', '', '8天超长待机 / 137g轻巧机身 / 高通骁龙处理器', 'CS31426865', '', '', '', 0, 102, 0, -2, '1.00', 0, 0, '1.00', '1.00', 0, '0.00', 1, 5, 5, '', '', '111', '[{\"name\":\"O1CN01Lm14uN1yXLqqxZuXd_!!0-item_pic.jpg\",\"source\":\"aliyun.oss.careyshop.cn\\/uploads\\/files\\/20191230\\/40267cb9-c022-43d8-adf2-77cdc88fa6d0.jpg?type=aliyun\",\"url\":\"\\/\\/aliyun.oss.careyshop.cn\\/uploads\\/files\\/20191230\\/40267cb9-c022-43d8-adf2-77cdc88fa6d0.jpg?type=aliyun\"},{\"name\":\"O1CN01wQOP0c1RdsATKsVgU_!!0-item_pic.jpg\",\"source\":\"aliyun.oss.careyshop.cn\\/uploads\\/files\\/20191230\\/f82ae8dd-ebe4-4397-889e-418adde10a85.jpg?type=aliyun\",\"url\":\"\\/\\/aliyun.oss.careyshop.cn\\/uploads\\/files\\/20191230\\/f82ae8dd-ebe4-4397-889e-418adde10a85.jpg?type=aliyun\"},{\"name\":\"68d42d66a8a9c565.jpg\",\"source\":\"aliyun.oss.careyshop.cn\\/uploads\\/files\\/20191230\\/32dcbebd-ebad-4d41-96d4-196fd7fe9ac7.jpg?type=aliyun\",\"url\":\"\\/\\/aliyun.oss.careyshop.cn\\/uploads\\/files\\/20191230\\/32dcbebd-ebad-4d41-96d4-196fd7fe9ac7.jpg?type=aliyun\"}]', '[]', '', 0, 1, 0, 1, 50, 1, 0, 1571035692, 1585202730),
(193, 2, '启蒙积木军舰海军军事航母积木113儿童小颗粒积木玩具春节礼物', '', '', 'CS72529347', '', '', '', 0, 12, 0, 0, '10.00', 0, 0, '100.00', '35.08', 0, '60.00', 1, 1, 0, '', '', '描述', '[{\"name\":\"O1CN01LqDyEL1hpLsINePCa_!!2863054326.jpg\",\"source\":\"aliyun.oss.careyshop.cn\\/uploads\\/files\\/20191230\\/97405ac5-3c64-4d48-b3da-238710c7272b.jpg?type=aliyun\",\"url\":\"\\/\\/aliyun.oss.careyshop.cn\\/uploads\\/files\\/20191230\\/97405ac5-3c64-4d48-b3da-238710c7272b.jpg?type=aliyun\"}]', '[]', '', 0, 1, 1, 1, 50, 1, 0, 1571035722, 1580716086),
(194, 1, '美国正品coach女士钱包蔻驰小钱包小卡包钱夹三折搭扣零钱包新款', '', '8天超长待机 / 137g轻巧机身 / 高通骁龙处理器', 'CS41246611', '', '', '', 0, 0, 0, 0, '1.00', 0, 0, '1.00', '1.00', 0, '0.00', 1, 5, 5, '', '', '111', '[{\"name\":\"O1CN01LqDyEL1hpLsINePCa_!!2863054326.jpg\",\"source\":\"aliyun.oss.careyshop.cn\\/uploads\\/files\\/20190731\\/c6b3cdee-f291-443b-81c5-cd5a8dcbd94d.jpg?type=aliyun\",\"url\":\"\\/\\/aliyun.oss.careyshop.cn\\/uploads\\/files\\/20190731\\/c6b3cdee-f291-443b-81c5-cd5a8dcbd94d.jpg?type=aliyun\"}]', '[]', '', 0, 1, 0, 1, 50, 1, 1, 1571035778, 1571035784),
(195, 2, '启蒙积木军舰海军军事航母积木113儿童小颗粒积木玩具春节礼物', '', '', 'CS79288295', '', '', '', 0, 10, 0, 0, '10.00', 0, 0, '100.00', '30.00', 0, '60.00', 1, 1, 0, '', '', '描述', '[{\"name\":\"68d42d66a8a9c565.jpg\",\"source\":\"aliyun.oss.careyshop.cn\\/uploads\\/files\\/20190731\\/ba1a67b3-49e2-44b3-bfe8-74ee7ff954c9.jpg?type=aliyun\",\"url\":\"\\/\\/aliyun.oss.careyshop.cn\\/uploads\\/files\\/20190731\\/ba1a67b3-49e2-44b3-bfe8-74ee7ff954c9.jpg?type=aliyun\"}]', '[]', '', 0, 1, 1, 1, 50, 1, 1, 1571035791, 1571035794),
(196, 1, '美国正品coach女士钱包蔻驰小钱包小卡包钱夹三折搭扣零钱包新款', '', '8天超长待机 / 137g轻巧机身 / 高通骁龙处理器', 'CS99751532', '', '', '', 0, 0, 0, 0, '1.00', 0, 0, '1.00', '1.00', 0, '0.00', 1, 5, 5, '', '', '111', '[{\"name\":\"O1CN01LqDyEL1hpLsINePCa_!!2863054326.jpg\",\"source\":\"aliyun.oss.careyshop.cn\\/uploads\\/files\\/20190731\\/c6b3cdee-f291-443b-81c5-cd5a8dcbd94d.jpg?type=aliyun\",\"url\":\"\\/\\/aliyun.oss.careyshop.cn\\/uploads\\/files\\/20190731\\/c6b3cdee-f291-443b-81c5-cd5a8dcbd94d.jpg?type=aliyun\"}]', '[]', '', 0, 1, 0, 1, 50, 1, 1, 1571035796, 1571035799),
(197, 1, '美国正品coach女士钱包蔻驰小钱包小卡包钱夹三折搭扣零钱包新款', '', '8天超长待机 / 137g轻巧机身 / 高通骁龙处理器', 'CS66293378', '', '', '', 0, 0, 0, 0, '1.00', 0, 0, '1.00', '1.00', 0, '0.00', 1, 5, 5, '', '', '111', '[{\"name\":\"O1CN01LqDyEL1hpLsINePCa_!!2863054326.jpg\",\"source\":\"aliyun.oss.careyshop.cn\\/uploads\\/files\\/20190731\\/c6b3cdee-f291-443b-81c5-cd5a8dcbd94d.jpg?type=aliyun\",\"url\":\"\\/\\/aliyun.oss.careyshop.cn\\/uploads\\/files\\/20190731\\/c6b3cdee-f291-443b-81c5-cd5a8dcbd94d.jpg?type=aliyun\"}]', '[]', '', 0, 1, 0, 1, 50, 1, 1, 1571035804, 1571035808),
(198, 2, '美国正品coach女士钱包蔻驰小钱包小卡包钱夹三折搭扣零钱包新款', '', '8天超长待机 / 137g轻巧机身 / 高通骁龙处理器', 'CS34634283', '', '', '', 0, 62, 0, 0, '10.00', 0, 1, '150.00', '10.00', 1, '150.00', 1000000, 1, 0, '', '', '描述', '[{\"name\":\"O1CN01Lm14uN1yXLqqxZuXd_!!0-item_pic.jpg\",\"source\":\"aliyun.oss.careyshop.cn\\/uploads\\/files\\/20191230\\/40267cb9-c022-43d8-adf2-77cdc88fa6d0.jpg?type=aliyun\",\"url\":\"\\/\\/aliyun.oss.careyshop.cn\\/uploads\\/files\\/20191230\\/40267cb9-c022-43d8-adf2-77cdc88fa6d0.jpg?type=aliyun\"},{\"name\":\"1.jpg\",\"source\":\"aliyun.oss.careyshop.cn\\/uploads\\/files\\/20191230\\/352e5500-1b7d-4345-8110-3f2fcd4c0124.jpg?type=aliyun\",\"url\":\"\\/\\/aliyun.oss.careyshop.cn\\/uploads\\/files\\/20191230\\/352e5500-1b7d-4345-8110-3f2fcd4c0124.jpg?type=aliyun\"},{\"name\":\"3.jpg\",\"source\":\"aliyun.oss.careyshop.cn\\/uploads\\/files\\/20191230\\/4d141311-9184-483c-8204-11dc9253e673.jpg?type=aliyun\",\"url\":\"\\/\\/aliyun.oss.careyshop.cn\\/uploads\\/files\\/20191230\\/4d141311-9184-483c-8204-11dc9253e673.jpg?type=aliyun\"},{\"name\":\"4.jpg\",\"source\":\"aliyun.oss.careyshop.cn\\/uploads\\/files\\/20191230\\/38f69eba-165e-475c-8b1f-824212e02afc.jpg?type=aliyun\",\"url\":\"\\/\\/aliyun.oss.careyshop.cn\\/uploads\\/files\\/20191230\\/38f69eba-165e-475c-8b1f-824212e02afc.jpg?type=aliyun\"},{\"name\":\"2.gif\",\"source\":\"aliyun.oss.careyshop.cn\\/uploads\\/files\\/20191230\\/741db4e0-1eae-423c-8de3-04a54bb102e2.gif?type=aliyun\",\"url\":\"\\/\\/aliyun.oss.careyshop.cn\\/uploads\\/files\\/20191230\\/741db4e0-1eae-423c-8de3-04a54bb102e2.gif?type=aliyun\"}]', '[]', '', 0, 0, 1, 1, 50, 0, 0, 1571036211, 1586777426),
(199, 1, 'OPPO K5 6GB+128GB 奇幻森林 6400万超清四摄 VOOC闪充4.0 高通骁龙730G 全网通4G 游戏智能手机', 'OPPO K5', '新品预定领券100元低至1799元，加赠原装耳机！', 'CS66472556', '', '', '', 0, 95, 0, 10, '0.00', 0, 1, '7000.00', '6005.00', 0, '0.00', 0, 0, 0, '', '', '内容', '[{\"name\":\"O1CN01awPGBj1Mqd7qIcu3n_!!0-item_pic.jpg\",\"source\":\"aliyun.oss.careyshop.cn\\/uploads\\/files\\/20191230\\/3c81b780-0510-442c-8ffc-267217735f94.jpg?type=aliyun\",\"url\":\"\\/\\/aliyun.oss.careyshop.cn\\/uploads\\/files\\/20191230\\/3c81b780-0510-442c-8ffc-267217735f94.jpg?type=aliyun\"}]', '[]', '', 0, 0, 0, 1, 50, 1, 0, 1571202520, 1580714562),
(200, 1, '荣耀10青春版 幻彩渐变 2400万AI自拍 全网通版4GB+64GB 渐变蓝 移动联通电信4G全面屏手机 双卡双待', '荣耀10青春版', '此商品将于2019-10-18,00点结束闪购特卖', 'CS68961683', '', '', '', 0, 400, 0, 0, '0.00', 0, 1, '3000.00', '2000.00', 0, '0.00', 0, 0, 0, '', '', '内容', '[{\"name\":\"O1CN01LqDyEL1hpLsINePCa_!!2863054326.jpg\",\"source\":\"aliyun.oss.careyshop.cn\\/uploads\\/files\\/20190731\\/c6b3cdee-f291-443b-81c5-cd5a8dcbd94d.jpg?type=aliyun\",\"url\":\"\\/\\/aliyun.oss.careyshop.cn\\/uploads\\/files\\/20190731\\/c6b3cdee-f291-443b-81c5-cd5a8dcbd94d.jpg?type=aliyun\"}]', '', '', 0, 0, 0, 1, 50, 1, 1, 1571203431, 1571715055),
(201, 1, '荣耀10青春版 幻彩渐变 2400万AI自拍 全网通版4GB+64GB 渐变蓝 移动联通电信4G全面屏手机 双卡双待', '荣耀10青春版', '此商品将于2019-10-18,00点结束闪购特卖', 'CS67398497', '', '', '', 0, 401, 0, 0, '0.00', 0, 1, '3000.00', '2000.00', 0, '0.00', 0, 0, 0, '', '', '内容', '[{\"name\":\"O1CN01LqDyEL1hpLsINePCa_!!2863054326.jpg\",\"source\":\"aliyun.oss.careyshop.cn\\/uploads\\/files\\/20190731\\/c6b3cdee-f291-443b-81c5-cd5a8dcbd94d.jpg?type=aliyun\",\"url\":\"\\/\\/aliyun.oss.careyshop.cn\\/uploads\\/files\\/20190731\\/c6b3cdee-f291-443b-81c5-cd5a8dcbd94d.jpg?type=aliyun\"}]', '', '', 0, 0, 0, 1, 50, 1, 1, 1571708740, 1572575399),
(202, 1, '荣耀10青春版 幻彩渐变 2400万AI自拍 全网通版4GB+64GB 渐变蓝 移动联通电信4G全面屏手机 双卡双待', '荣耀10青春版', '此商品将于2019-10-18,00点结束闪购特卖', 'CS21772567', '', '', '', 0, 400, 0, 0, '0.00', 0, 1, '3000.00', '2000.00', 0, '0.00', 0, 0, 0, '', '', '内容', '[{\"name\":\"O1CN01LqDyEL1hpLsINePCa_!!2863054326.jpg\",\"source\":\"aliyun.oss.careyshop.cn\\/uploads\\/files\\/20190731\\/c6b3cdee-f291-443b-81c5-cd5a8dcbd94d.jpg?type=aliyun\",\"url\":\"\\/\\/aliyun.oss.careyshop.cn\\/uploads\\/files\\/20190731\\/c6b3cdee-f291-443b-81c5-cd5a8dcbd94d.jpg?type=aliyun\"}]', '[]', '', 0, 0, 0, 1, 50, 1, 1, 1571715065, 1571723459),
(203, 1, '荣耀10青春版 幻彩渐变 2400万AI自拍 全网通版4GB+64GB 渐变蓝 移动联通电信4G全面屏手机 双卡双待', '荣耀10青春版', '此商品将于2019-10-18,00点结束闪购特卖', 'CS21982413', '', '', '', 0, 400, 0, 0, '0.00', 0, 1, '3000.00', '2000.00', 0, '0.00', 0, 0, 0, '', '', '内容', '[{\"name\":\"O1CN01LqDyEL1hpLsINePCa_!!2863054326.jpg\",\"source\":\"aliyun.oss.careyshop.cn\\/uploads\\/files\\/20190731\\/c6b3cdee-f291-443b-81c5-cd5a8dcbd94d.jpg?type=aliyun\",\"url\":\"\\/\\/aliyun.oss.careyshop.cn\\/uploads\\/files\\/20190731\\/c6b3cdee-f291-443b-81c5-cd5a8dcbd94d.jpg?type=aliyun\"}]', '[]', '', 0, 0, 0, 1, 50, 1, 1, 1571722204, 1571723452),
(204, 1, '荣耀10青春版 幻彩渐变 2400万AI自拍 全网通版4GB+64GB 渐变蓝 移动联通电信4G全面屏手机 双卡双待', '荣耀10青春版', '此商品将于2019-10-18,00点结束闪购特卖', 'CS16942315', '', '', '', 0, 400, 0, 0, '0.00', 0, 1, '3000.00', '2000.00', 0, '0.00', 0, 0, 0, '', '', '内容', '[{\"name\":\"O1CN01LqDyEL1hpLsINePCa_!!2863054326.jpg\",\"source\":\"aliyun.oss.careyshop.cn\\/uploads\\/files\\/20190731\\/c6b3cdee-f291-443b-81c5-cd5a8dcbd94d.jpg?type=aliyun\",\"url\":\"\\/\\/aliyun.oss.careyshop.cn\\/uploads\\/files\\/20190731\\/c6b3cdee-f291-443b-81c5-cd5a8dcbd94d.jpg?type=aliyun\"}]', '[]', '', 0, 0, 0, 1, 50, 1, 1, 1571723464, 1571723506),
(205, 1, '荣耀10青春版 幻彩渐变 2400万AI自拍 全网通版4GB+64GB 渐变蓝 移动联通电信4G全面屏手机 双卡双待', '荣耀10青春版', '此商品将于2019-10-18,00点结束闪购特卖', 'CS97528421', '', '', '', 0, 400, 0, 0, '0.00', 0, 1, '3000.00', '2000.00', 0, '0.00', 0, 0, 0, '', '', '内容', '[{\"name\":\"O1CN01LqDyEL1hpLsINePCa_!!2863054326.jpg\",\"source\":\"aliyun.oss.careyshop.cn\\/uploads\\/files\\/20190731\\/c6b3cdee-f291-443b-81c5-cd5a8dcbd94d.jpg?type=aliyun\",\"url\":\"\\/\\/aliyun.oss.careyshop.cn\\/uploads\\/files\\/20190731\\/c6b3cdee-f291-443b-81c5-cd5a8dcbd94d.jpg?type=aliyun\"}]', '[]', '', 0, 0, 0, 1, 50, 1, 1, 1571723512, 1571723516),
(218, 1, '荣耀10青春版 幻彩渐变 2400万AI自拍 全网通版4GB+64GB 渐变蓝 移动联通电信4G全面屏手机 双卡双待', '荣耀10青春版', '此商品将于2019-10-18,00点结束闪购特卖', 'CS32385762', '', '', '', 0, 400, 0, 0, '0.00', 0, 1, '3000.00', '2000.00', 0, '0.00', 0, 0, 0, '', '', '内容', '[{\"name\":\"O1CN01LqDyEL1hpLsINePCa_!!2863054326.jpg\",\"source\":\"aliyun.oss.careyshop.cn\\/uploads\\/files\\/20190731\\/c6b3cdee-f291-443b-81c5-cd5a8dcbd94d.jpg?type=aliyun\",\"url\":\"\\/\\/aliyun.oss.careyshop.cn\\/uploads\\/files\\/20190731\\/c6b3cdee-f291-443b-81c5-cd5a8dcbd94d.jpg?type=aliyun\"}]', '', '', 0, 0, 0, 1, 50, 1, 1, 1572313522, 1572319261),
(219, 1, '荣耀10青春版 幻彩渐变 2400万AI自拍 全网通版4GB+64GB 渐变蓝 移动联通电信4G全面屏手机 双卡双待', '荣耀10青春版', '此商品将于2019-10-18,00点结束闪购特卖', 'CS82477963', '', '', '', 0, 400, 0, 0, '0.00', 0, 1, '3000.00', '2000.00', 0, '0.00', 0, 0, 0, '', '', '内容', '[{\"name\":\"O1CN01LqDyEL1hpLsINePCa_!!2863054326.jpg\",\"source\":\"aliyun.oss.careyshop.cn\\/uploads\\/files\\/20190731\\/c6b3cdee-f291-443b-81c5-cd5a8dcbd94d.jpg?type=aliyun\",\"url\":\"\\/\\/aliyun.oss.careyshop.cn\\/uploads\\/files\\/20190731\\/c6b3cdee-f291-443b-81c5-cd5a8dcbd94d.jpg?type=aliyun\"}]', '', '', 0, 0, 0, 1, 50, 1, 1, 1572313863, 1572319259),
(221, 1, '荣耀10青春版 幻彩渐变 2400万AI自拍 全网通版4GB+64GB 渐变蓝 移动联通电信4G全面屏手机 双卡双待', '荣耀10青春版', '此商品将于2019-10-18,00点结束闪购特卖', 'CS65841721', '', '', '', 0, 400, 0, 0, '0.00', 0, 1, '3000.00', '2000.00', 0, '0.00', 0, 0, 0, '', '', '内容', '[{\"name\":\"O1CN01LqDyEL1hpLsINePCa_!!2863054326.jpg\",\"source\":\"aliyun.oss.careyshop.cn\\/uploads\\/files\\/20190731\\/c6b3cdee-f291-443b-81c5-cd5a8dcbd94d.jpg?type=aliyun\",\"url\":\"\\/\\/aliyun.oss.careyshop.cn\\/uploads\\/files\\/20190731\\/c6b3cdee-f291-443b-81c5-cd5a8dcbd94d.jpg?type=aliyun\"}]', '[]', '', 0, 0, 0, 1, 50, 1, 1, 1572315216, 1572319248),
(222, 1, '荣耀10青春版 幻彩渐变 2400万AI自拍 全网通版4GB+64GB 渐变蓝 移动联通电信4G全面屏手机 双卡双待', '荣耀10青春版', '此商品将于2019-10-18,00点结束闪购特卖', 'CS61245783', '', '', '', 0, 400, 0, 0, '0.00', 0, 1, '3000.00', '2000.00', 0, '0.00', 0, 0, 0, '', '', '内容', '[{\"name\":\"O1CN01LqDyEL1hpLsINePCa_!!2863054326.jpg\",\"source\":\"aliyun.oss.careyshop.cn\\/uploads\\/files\\/20190731\\/c6b3cdee-f291-443b-81c5-cd5a8dcbd94d.jpg?type=aliyun\",\"url\":\"\\/\\/aliyun.oss.careyshop.cn\\/uploads\\/files\\/20190731\\/c6b3cdee-f291-443b-81c5-cd5a8dcbd94d.jpg?type=aliyun\"}]', '', '', 0, 0, 0, 1, 50, 1, 1, 1572327800, 1572327859),
(223, 1, '荣耀10青春版 幻彩渐变 2400万AI自拍 全网通版4GB+64GB 渐变蓝 移动联通电信4G全面屏手机 双卡双待', '荣耀10青春版', '此商品将于2019-10-18,00点结束闪购特卖', 'CS52649371', '', '', '', 0, 400, 0, 0, '0.00', 0, 1, '3000.00', '2000.00', 0, '0.00', 0, 0, 0, '', '', '内容', '[{\"name\":\"O1CN01LqDyEL1hpLsINePCa_!!2863054326.jpg\",\"source\":\"aliyun.oss.careyshop.cn\\/uploads\\/files\\/20190731\\/c6b3cdee-f291-443b-81c5-cd5a8dcbd94d.jpg?type=aliyun\",\"url\":\"\\/\\/aliyun.oss.careyshop.cn\\/uploads\\/files\\/20190731\\/c6b3cdee-f291-443b-81c5-cd5a8dcbd94d.jpg?type=aliyun\"}]', '[]', '', 0, 0, 0, 1, 50, 1, 1, 1572327842, 1572327861),
(224, 1, '荣耀10青春版 幻彩渐变 2400万AI自拍 全网通版4GB+64GB 渐变蓝 移动联通电信4G全面屏手机 双卡双待', '荣耀10青春版', '此商品将于2019-10-18,00点结束闪购特卖', 'CS86547286', '', '', '', 0, 400, 0, 0, '0.00', 0, 1, '3000.00', '2000.00', 0, '0.00', 0, 0, 0, '', '', '内容', '[{\"name\":\"O1CN01LqDyEL1hpLsINePCa_!!2863054326.jpg\",\"source\":\"aliyun.oss.careyshop.cn\\/uploads\\/files\\/20190731\\/c6b3cdee-f291-443b-81c5-cd5a8dcbd94d.jpg?type=aliyun\",\"url\":\"\\/\\/aliyun.oss.careyshop.cn\\/uploads\\/files\\/20190731\\/c6b3cdee-f291-443b-81c5-cd5a8dcbd94d.jpg?type=aliyun\"}]', '', '', 0, 0, 0, 1, 50, 1, 1, 1572511114, 1572575399),
(225, 1, '荣耀10青春版 幻彩渐变 2400万AI自拍 全网通版4GB+64GB 渐变蓝 移动联通电信4G全面屏手机 双卡双待', '荣耀10青春版', '此商品将于2019-10-18,00点结束闪购特卖', 'CS67187168', '', '', '', 0, 401, 0, 0, '0.00', 0, 1, '3000.00', '2000.00', 0, '0.00', 0, 0, 0, '', '', '内容', '[{\"name\":\"O1CN01LqDyEL1hpLsINePCa_!!2863054326.jpg\",\"source\":\"aliyun.oss.careyshop.cn\\/uploads\\/files\\/20190731\\/c6b3cdee-f291-443b-81c5-cd5a8dcbd94d.jpg?type=aliyun\",\"url\":\"\\/\\/aliyun.oss.careyshop.cn\\/uploads\\/files\\/20190731\\/c6b3cdee-f291-443b-81c5-cd5a8dcbd94d.jpg?type=aliyun\"}]', '[]', '', 0, 0, 0, 1, 50, 1, 1, 1572511267, 1572575399),
(226, 1, '荣耀10青春版 幻彩渐变 2400万AI自拍 全网通版4GB+64GB 渐变蓝 移动联通电信4G全面屏手机 双卡双待', '荣耀10青春版', '此商品将于2019-10-18,00点结束闪购特卖', 'CS75738942', '', '', '', 0, 400, 0, 0, '0.00', 0, 1, '3000.00', '2000.00', 0, '0.00', 0, 0, 0, '', '', '内容', '[{\"name\":\"O1CN01LqDyEL1hpLsINePCa_!!2863054326.jpg\",\"source\":\"aliyun.oss.careyshop.cn\\/uploads\\/files\\/20190731\\/c6b3cdee-f291-443b-81c5-cd5a8dcbd94d.jpg?type=aliyun\",\"url\":\"\\/\\/aliyun.oss.careyshop.cn\\/uploads\\/files\\/20190731\\/c6b3cdee-f291-443b-81c5-cd5a8dcbd94d.jpg?type=aliyun\"}]', '', '', 0, 0, 0, 1, 50, 1, 1, 1572512626, 1572575399),
(256, 1, '荣耀10青春版 幻彩渐变 2400万AI自拍 全网通版4GB+64GB 渐变蓝 移动联通电信4G全面屏手机 双卡双待', '荣耀10青春版', '此商品将于2019-10-18,00点结束闪购特卖', 'CS51786497', '', '', '', 0, 400, 0, 0, '0.00', 0, 1, '3000.00', '2000.00', 0, '0.00', 0, 0, 0, '', '', '内容', '[{\"name\":\"O1CN01LqDyEL1hpLsINePCa_!!2863054326.jpg\",\"source\":\"aliyun.oss.careyshop.cn\\/uploads\\/files\\/20190731\\/c6b3cdee-f291-443b-81c5-cd5a8dcbd94d.jpg?type=aliyun\",\"url\":\"\\/\\/aliyun.oss.careyshop.cn\\/uploads\\/files\\/20190731\\/c6b3cdee-f291-443b-81c5-cd5a8dcbd94d.jpg?type=aliyun\"}]', '', '', 0, 0, 0, 1, 50, 1, 1, 1572574455, 1572575399),
(257, 1, '荣耀10青春版 幻彩渐变 2400万AI自拍 全网通版4GB+64GB 渐变蓝 移动联通电信4G全面屏手机 双卡双待', '荣耀10青春版', '此商品将于2019-10-18,00点结束闪购特卖', 'CS42319184', '', '', '', 0, 400, 0, 0, '0.00', 0, 1, '3000.00', '2000.00', 0, '0.00', 0, 0, 0, '', '', '内容', '[{\"name\":\"O1CN01LqDyEL1hpLsINePCa_!!2863054326.jpg\",\"source\":\"aliyun.oss.careyshop.cn\\/uploads\\/files\\/20190731\\/c6b3cdee-f291-443b-81c5-cd5a8dcbd94d.jpg?type=aliyun\",\"url\":\"\\/\\/aliyun.oss.careyshop.cn\\/uploads\\/files\\/20190731\\/c6b3cdee-f291-443b-81c5-cd5a8dcbd94d.jpg?type=aliyun\"}]', '', '', 0, 0, 0, 1, 50, 1, 1, 1572574708, 1572575399),
(264, 123, '荣耀10青春版 幻彩渐变 2400万AI自拍 全网通版4GB+64GB 渐变蓝 移动联通电信4G全面屏手机 双卡双待', '荣耀10青春版', '此商品将于2019-10-18,00点结束闪购特卖', 'CS82621497', '', '', '', 0, 409, 0, 0, '0.00', 0, 1, '3000.00', '2000.00', 0, '0.00', 0, 0, 0, '', '', '内容', '[{\"name\":\"O1CN01LqDyEL1hpLsINePCa_!!2863054326.jpg\",\"source\":\"aliyun.oss.careyshop.cn/uploads/files/20191113/c7519497-0721-4518-826e-04c558d259ec.jpg?type=aliyun\",\"url\":\"\\/\\/aliyun.oss.careyshop.cn/uploads/files/20191113/c7519497-0721-4518-826e-04c558d259ec.jpg?type=aliyun\"}]', '', '', 0, 0, 0, 1, 50, 1, 1, 1572575032, 1575039478),
(265, 2, '美国正品coach女士钱包蔻驰小钱包小卡包钱夹三折搭扣零钱包新款', '', '8天超长待机 / 137g轻巧机身 / 高通骁龙处理器', 'CS48363241', '', '', '', 0, 62, 0, 0, '10.00', 0, 1, '150.00', '10.00', 1, '150.00', 1000000, 1, 0, '', '', '描述', '[{\"name\":\"68d42d66a8a9c565.jpg\",\"source\":\"aliyun.oss.careyshop.cn\\/uploads\\/files\\/20191230\\/32dcbebd-ebad-4d41-96d4-196fd7fe9ac7.jpg?type=aliyun\",\"url\":\"\\/\\/aliyun.oss.careyshop.cn\\/uploads\\/files\\/20191230\\/32dcbebd-ebad-4d41-96d4-196fd7fe9ac7.jpg?type=aliyun\"},{\"name\":\"O1CN01awPGBj1Mqd7qIcu3n_!!0-item_pic.jpg\",\"source\":\"aliyun.oss.careyshop.cn\\/uploads\\/files\\/20191230\\/3c81b780-0510-442c-8ffc-267217735f94.jpg?type=aliyun\",\"url\":\"\\/\\/aliyun.oss.careyshop.cn\\/uploads\\/files\\/20191230\\/3c81b780-0510-442c-8ffc-267217735f94.jpg?type=aliyun\"},{\"name\":\"O1CN01wQOP0c1RdsATKsVgU_!!0-item_pic.jpg\",\"source\":\"aliyun.oss.careyshop.cn\\/uploads\\/files\\/20191230\\/f82ae8dd-ebe4-4397-889e-418adde10a85.jpg?type=aliyun\",\"url\":\"\\/\\/aliyun.oss.careyshop.cn\\/uploads\\/files\\/20191230\\/f82ae8dd-ebe4-4397-889e-418adde10a85.jpg?type=aliyun\"}]', '[]', '', 0, 0, 1, 1, 50, 0, 0, 1572576043, 1586777405),
(266, 1, '荣耀10青春版 幻彩渐变 2400万AI自拍 全网通版4GB+64GB 渐变蓝 移动联通电信4G全面屏手机 双卡双待', '荣耀10青春版', '此商品将于2019-10-18,00点结束闪购特卖', 'CS46712398', '', '', '', 0, 400, 0, 0, '0.00', 0, 1, '3000.00', '2000.00', 0, '0.00', 0, 0, 0, '', '', '内容', '[{\"name\":\"O1CN01LqDyEL1hpLsINePCa_!!2863054326.jpg\",\"source\":\"aliyun.oss.careyshop.cn\\/uploads\\/files\\/20191230\\/97405ac5-3c64-4d48-b3da-238710c7272b.jpg?type=aliyun\",\"url\":\"\\/\\/aliyun.oss.careyshop.cn\\/uploads\\/files\\/20191230\\/97405ac5-3c64-4d48-b3da-238710c7272b.jpg?type=aliyun\"},{\"name\":\"O1CN01wQOP0c1RdsATKsVgU_!!0-item_pic.jpg\",\"source\":\"aliyun.oss.careyshop.cn\\/uploads\\/files\\/20191230\\/f82ae8dd-ebe4-4397-889e-418adde10a85.jpg?type=aliyun\",\"url\":\"\\/\\/aliyun.oss.careyshop.cn\\/uploads\\/files\\/20191230\\/f82ae8dd-ebe4-4397-889e-418adde10a85.jpg?type=aliyun\"},{\"name\":\"O1CN01awPGBj1Mqd7qIcu3n_!!0-item_pic.jpg\",\"source\":\"aliyun.oss.careyshop.cn\\/uploads\\/files\\/20191230\\/3c81b780-0510-442c-8ffc-267217735f94.jpg?type=aliyun\",\"url\":\"\\/\\/aliyun.oss.careyshop.cn\\/uploads\\/files\\/20191230\\/3c81b780-0510-442c-8ffc-267217735f94.jpg?type=aliyun\"}]', '[]', '', 0, 0, 0, 1, 50, 0, 0, 1572576098, 1586777395);
INSERT INTO `donkey_goods` (`goods_id`, `goods_category_id`, `name`, `short_name`, `product_name`, `goods_code`, `goods_spu`, `goods_sku`, `bar_code`, `brand_id`, `store_qty`, `comment_sum`, `sales_sum`, `measure`, `measure_type`, `is_postage`, `market_price`, `shop_price`, `integral_type`, `give_integral`, `is_integral`, `least_sum`, `purchase_sum`, `keywords`, `description`, `content`, `attachment`, `video`, `unit`, `is_recommend`, `is_new`, `is_hot`, `goods_type_id`, `sort`, `status`, `is_delete`, `create_time`, `update_time`) VALUES
(267, 1, '荣耀10青春版 幻彩渐变 2400万AI自拍 全网通版4GB+64GB 渐变蓝 移动联通电信4G全面屏手机 双卡双待', '荣耀10青春版', '此商品将于2019-10-18,00点结束闪购特卖', 'CS24972518', '', '', '', 0, 4, 0, 0, '0.00', 0, 1, '3000.00', '2000.00', 0, '0.00', 0, 0, 0, '', '', '<img src=\"//careyshop.oruei.com/api/v1/storage/method/get.storage.thumb/code/inside_content?url=aliyun.oss.careyshop.cn%2Fuploads%2Ffiles%2F20191230%2F352e5500-1b7d-4345-8110-3f2fcd4c0124.jpg%3Ftype%3Daliyun\" alt=\"\" /><img src=\"//careyshop.oruei.com/api/v1/storage/method/get.storage.thumb/code/inside_content?url=aliyun.oss.careyshop.cn%2Fuploads%2Ffiles%2F20191230%2F741db4e0-1eae-423c-8de3-04a54bb102e2.gif%3Ftype%3Daliyun\" alt=\"\" /><img src=\"//careyshop.oruei.com/api/v1/storage/method/get.storage.thumb/code/inside_content?url=aliyun.oss.careyshop.cn%2Fuploads%2Ffiles%2F20191230%2F4d141311-9184-483c-8204-11dc9253e673.jpg%3Ftype%3Daliyun\" alt=\"\" /><img src=\"//careyshop.oruei.com/api/v1/storage/method/get.storage.thumb/code/inside_content?url=aliyun.oss.careyshop.cn%2Fuploads%2Ffiles%2F20191230%2F38f69eba-165e-475c-8b1f-824212e02afc.jpg%3Ftype%3Daliyun\" alt=\"\" /><br /><span style=\"color: #ff0000; font-size: 18px;\">也可以插入一些文字<br /></span><span style=\"font-size: 14px; background-color: #000000; color: #ffff99;\">之后继续插入图片<br /></span>无格式文字<br /><img src=\"//careyshop.oruei.com/api/v1/storage/method/get.storage.thumb/code/inside_content?url=demo.careyshop.cn%2Fuploads%2Ffiles%2F98a14249-c160-43ac-ac0b-4920ed8b75af.png%3Ftype%3Dcareyshop\" alt=\"\" /><img src=\"//careyshop.oruei.com/api/v1/storage/method/get.storage.thumb/code/inside_content?url=demo.careyshop.cn%2Fuploads%2Ffiles%2Fe388bb89-6d3e-4d3b-a948-e71096b21530.png%3Ftype%3Dcareyshop\" alt=\"\" /><img src=\"//careyshop.oruei.com/api/v1/storage/method/get.storage.thumb/code/inside_content?url=demo.careyshop.cn%2Fuploads%2Ffiles%2Fba732548-149f-436d-a6a3-4ba8f364293b.png%3Ftype%3Dcareyshop\" alt=\"\" /><img src=\"//careyshop.oruei.com/api/v1/storage/method/get.storage.thumb/code/inside_content?url=demo.careyshop.cn%2Fuploads%2Ffiles%2F8396ed3d-6ec4-45d5-bdd4-15a8b1c865af.png%3Ftype%3Dcareyshop\" alt=\"\" /><img src=\"//careyshop.oruei.com/api/v1/storage/method/get.storage.thumb/code/inside_content?url=demo.careyshop.cn%2Fuploads%2Ffiles%2F7d3ab2ff-3eff-4b26-a449-0e2b514ea2c4.png%3Ftype%3Dcareyshop\" alt=\"\" /><img src=\"//careyshop.oruei.com/api/v1/storage/method/get.storage.thumb/code/inside_content?url=demo.careyshop.cn%2Fuploads%2Ffiles%2F2213e588-6192-4909-ae6e-244d6c256eb0.png%3Ftype%3Dcareyshop\" alt=\"\" />', '[{\"name\":\"O1CN01VtX6IC1PbvFiNvskI_!!0-item_pic.jpg\",\"source\":\"aliyun.oss.careyshop.cn\\/uploads\\/files\\/20191230\\/4aff227f-2673-45bc-81cd-8e79777dbe04.jpg?type=aliyun\",\"url\":\"\\/\\/aliyun.oss.careyshop.cn\\/uploads\\/files\\/20191230\\/4aff227f-2673-45bc-81cd-8e79777dbe04.jpg?type=aliyun\"}]', '[]', '', 0, 0, 0, 1, 50, 1, 0, 1574817459, 1578031733),
(276, 1, 'sss', '', '', 'CS88519676', '', '', '', 0, 0, 0, 0, '0.00', 0, 0, '1.00', '1.00', 0, '0.00', 0, 0, 0, '', '', 'sssss', '[]', '[]', '', 0, 0, 0, 1, 50, 1, 2, 1577276763, 1577283310),
(277, 1, 'sssss', '', '', 'CS75257684', '', '', '', 0, 0, 0, 0, '0.00', 0, 0, '1.00', '1.00', 0, '0.00', 0, 0, 0, '', '', 'for (let val of this.tabList) {<br />let isSuccess = true<br />this.$refs[`form_${val}`].validate(valid =&gt; {<br />if (!valid) {<br />isSuccess = false<br />return false<br />}<br />})<br /><br />if (!isSuccess) {<br />this.activeName = val<br />this.$parent.scrollTo()<br />return<br />}<br />}<br /><br />this.$emit(\'update:confirmLoading\', true)<br />this.state === \'create\' ? this.handleCreate() : this.handleUpdate()', '[{\"name\":\"O1CN01LqDyEL1hpLsINePCa_!!2863054326.jpg\",\"source\":\"careyshop.oruei.com\\/uploads\\/files\\/20191225\\/128931cac5cc14b1f7361b8a1d707f70.jpg?type=careyshop\",\"url\":\"\\/\\/careyshop.oruei.com\\/uploads\\/files\\/20191225\\/128931cac5cc14b1f7361b8a1d707f70.jpg?type=careyshop\"}]', '[]', '', 1, 1, 1, 2, 50, 1, 2, 1577283379, 1577284115),
(278, 1, 'sss', '', '', 'CS75162628', '', '', '', 0, 0, 0, 0, '0.00', 0, 0, '1.00', '1.00', 0, '0.00', 0, 0, 0, '', '', 'sss', '[{\"name\":\"O1CN01LqDyEL1hpLsINePCa_!!2863054326.jpg\",\"source\":\"careyshop.oruei.com\\/uploads\\/files\\/20191225\\/128931cac5cc14b1f7361b8a1d707f70.jpg?type=careyshop\",\"url\":\"\\/\\/careyshop.oruei.com\\/uploads\\/files\\/20191225\\/128931cac5cc14b1f7361b8a1d707f70.jpg?type=careyshop\"}]', '[]', '', 0, 0, 0, 2, 50, 1, 2, 1577284001, 1577284115),
(281, 131, 'sss', 'aaa', 'ccc', 'CS36467585', '', '', '', 0, 30, 0, 0, '0.00', 0, 0, '1.00', '1.00', 0, '0.00', 0, 0, 0, '', '', 'sss', '[{\"name\":\"O1CN01LqDyEL1hpLsINePCa_!!2863054326.jpg\",\"source\":\"careyshop.oruei.com\\/uploads\\/files\\/20191225\\/128931cac5cc14b1f7361b8a1d707f70.jpg?type=careyshop\",\"url\":\"\\/\\/careyshop.oruei.com\\/uploads\\/files\\/20191225\\/128931cac5cc14b1f7361b8a1d707f70.jpg?type=careyshop\"}]', '[]', '', 1, 1, 1, 2, 50, 1, 1, 1577284203, 1577325293),
(282, 131, 'sss', 'aaa', 'ccc', 'CS73141872', '', '', '', 0, 20, 0, 0, '0.00', 0, 0, '1.00', '1.00', 0, '0.00', 0, 0, 0, '', '', 'sss', '[{\"name\":\"O1CN01LqDyEL1hpLsINePCa_!!2863054326.jpg\",\"source\":\"careyshop.oruei.com\\/uploads\\/files\\/20191225\\/128931cac5cc14b1f7361b8a1d707f70.jpg?type=careyshop\",\"url\":\"\\/\\/careyshop.oruei.com\\/uploads\\/files\\/20191225\\/128931cac5cc14b1f7361b8a1d707f70.jpg?type=careyshop\"}]', '[]', '', 1, 1, 1, 2, 50, 1, 1, 1577284225, 1577284235),
(283, 12, 'ccc', 'aaa', 'bbb', 'CS55763952', '', '', '', 0, 0, 0, 0, '0.00', 0, 0, '1.00', '5.00', 0, '0.00', 0, 0, 0, '', '', '<img src=\"//careyshop.oruei.com/api/v1/storage/method/get.storage.thumb/code/inside_content?url=careyshop.oruei.com%2Fuploads%2Ffiles%2F20191225%2F9f36bb638bd33d27dcfb05b1085b6f07.jpg%3Ftype%3Dcareyshop\" alt=\"\" /><img src=\"//careyshop.oruei.com/api/v1/storage/method/get.storage.thumb/code/inside_content?url=careyshop.oruei.com%2Fuploads%2Ffiles%2F20191225%2F128931cac5cc14b1f7361b8a1d707f70.jpg%3Ftype%3Dcareyshop\" alt=\"\" />', '[{\"name\":\"O1CN01VtX6IC1PbvFiNvskI_!!0-item_pic.jpg\",\"source\":\"careyshop.oruei.com\\/uploads\\/files\\/20191225\\/9f36bb638bd33d27dcfb05b1085b6f07.jpg?type=careyshop\",\"url\":\"\\/\\/careyshop.oruei.com\\/uploads\\/files\\/20191225\\/9f36bb638bd33d27dcfb05b1085b6f07.jpg?type=careyshop\"}]', '[]', '', 0, 0, 0, 2, 50, 1, 1, 1577284309, 1577284883),
(284, 12, 'ccc', 'aaa', 'bbb', 'CS19328514', '', '', '', 0, 0, 0, 0, '0.00', 0, 0, '1.00', '1.00', 0, '0.00', 0, 0, 0, '', '', '<img src=\"//careyshop.oruei.com/api/v1/storage/method/get.storage.thumb/code/inside_content?url=careyshop.oruei.com%2Fuploads%2Ffiles%2F20191225%2F9f36bb638bd33d27dcfb05b1085b6f07.jpg%3Ftype%3Dcareyshop\" alt=\"\" /><img src=\"//careyshop.oruei.com/api/v1/storage/method/get.storage.thumb/code/inside_content?url=careyshop.oruei.com%2Fuploads%2Ffiles%2F20191225%2F128931cac5cc14b1f7361b8a1d707f70.jpg%3Ftype%3Dcareyshop\" alt=\"\" />', '[{\"name\":\"O1CN01VtX6IC1PbvFiNvskI_!!0-item_pic.jpg\",\"source\":\"careyshop.oruei.com\\/uploads\\/files\\/20191225\\/9f36bb638bd33d27dcfb05b1085b6f07.jpg?type=careyshop\",\"url\":\"\\/\\/careyshop.oruei.com\\/uploads\\/files\\/20191225\\/9f36bb638bd33d27dcfb05b1085b6f07.jpg?type=careyshop\"}]', '[]', '', 0, 0, 0, 2, 50, 1, 1, 1577284314, 1577284881),
(285, 1, '66666', '', '', 'CS98541288', '', '', '', 0, 0, 0, 0, '0.00', 0, 0, '1.00', '1.00', 0, '0.00', 0, 0, 0, '', '', '66666', '[{\"name\":\"O1CN01VtX6IC1PbvFiNvskI_!!0-item_pic.jpg\",\"source\":\"careyshop.oruei.com\\/uploads\\/files\\/20191225\\/e8c9494617d265d8e0f981dc1967bc06.jpg?type=careyshop\",\"url\":\"\\/\\/careyshop.oruei.com\\/uploads\\/files\\/20191225\\/e8c9494617d265d8e0f981dc1967bc06.jpg?type=careyshop\"}]', '[]', '', 0, 0, 0, 1, 50, 1, 1, 1577284965, 1577325291),
(286, 12, '7777', '', '', 'CS84966819', '', '', '', 0, 0, 0, 0, '0.00', 0, 0, '1.00', '1.00', 0, '0.00', 0, 0, 0, '', '', '777', '[{\"name\":\"q03.png\",\"source\":\"aliyun.oss.careyshop.cn\\/uploads\\/files\\/20191112\\/008df859-3318-4b5e-8df3-4193420a3cfd.png?type=aliyun\",\"url\":\"\\/\\/aliyun.oss.careyshop.cn\\/uploads\\/files\\/20191112\\/008df859-3318-4b5e-8df3-4193420a3cfd.png?type=aliyun\"}]', '[]', '', 0, 0, 0, 3, 50, 1, 1, 1577285022, 1577325288),
(287, 194, 'Apple 2019新品 MacBook Pro 16【带触控栏】九代六核i7 16G 512G 深空灰 Radeon Pro 5300M显卡 笔记本电脑 轻薄本', 'MacBook Pro 16', '【12月钜惠】19年款MacBookAir低至8278，19年款MacBookPro低至9298！', 'CS66985572', '100005638677', '', '', 31, 120, 0, 0, '1.50', 0, 1, '21999.00', '18999.00', 0, '100.00', 1000, 0, 0, '', '', '<img src=\"//careyshop.oruei.com/api/v1/storage/method/get.storage.thumb/code/inside_content?url=aliyun.oss.careyshop.cn%2Fuploads%2Ffiles%2F20191230%2F4d141311-9184-483c-8204-11dc9253e673.jpg%3Ftype%3Daliyun\" alt=\"\" /><img src=\"//careyshop.oruei.com/api/v1/storage/method/get.storage.thumb/code/inside_content?url=aliyun.oss.careyshop.cn%2Fuploads%2Ffiles%2F20191230%2F38f69eba-165e-475c-8b1f-824212e02afc.jpg%3Ftype%3Daliyun\" alt=\"\" />', '[{\"name\":\"68d42d66a8a9c565.jpg\",\"source\":\"aliyun.oss.careyshop.cn\\/uploads\\/files\\/20191230\\/32dcbebd-ebad-4d41-96d4-196fd7fe9ac7.jpg?type=aliyun\",\"url\":\"\\/\\/aliyun.oss.careyshop.cn\\/uploads\\/files\\/20191230\\/32dcbebd-ebad-4d41-96d4-196fd7fe9ac7.jpg?type=aliyun\"}]', '[]', '件', 1, 1, 1, 2, 50, 1, 0, 1577326066, 1577888630),
(288, 194, 'Apple 2020新品 MacBook Pro 16【带触控栏】九代六核i7 16G 512G 深空灰 Radeon Pro 5300M显卡', 'MacBook Pro 16', '【12月钜惠】19年款MacBookAir低至8278', 'CS19938733', '100005638677', '', '', 31, 147, 0, 6, '1.50', 0, 1, '21999.00', '18999.00', 1, '100.00', 1000, 0, 0, '', '', '<img src=\"//careyshop.oruei.com/api/v1/storage/method/get.storage.thumb/code/inside_content?url=aliyun.oss.careyshop.cn%2Fuploads%2Ffiles%2F20191230%2F352e5500-1b7d-4345-8110-3f2fcd4c0124.jpg%3Ftype%3Daliyun\" alt=\"\" /><img src=\"//careyshop.oruei.com/api/v1/storage/method/get.storage.thumb/code/inside_content?url=aliyun.oss.careyshop.cn%2Fuploads%2Ffiles%2F20191230%2F741db4e0-1eae-423c-8de3-04a54bb102e2.gif%3Ftype%3Daliyun\" alt=\"\" /><img src=\"//careyshop.oruei.com/api/v1/storage/method/get.storage.thumb/code/inside_content?url=aliyun.oss.careyshop.cn%2Fuploads%2Ffiles%2F20191230%2F4d141311-9184-483c-8204-11dc9253e673.jpg%3Ftype%3Daliyun\" alt=\"\" /><img src=\"//careyshop.oruei.com/api/v1/storage/method/get.storage.thumb/code/inside_content?url=aliyun.oss.careyshop.cn%2Fuploads%2Ffiles%2F20191230%2F38f69eba-165e-475c-8b1f-824212e02afc.jpg%3Ftype%3Daliyun\" alt=\"\" />', '[{\"name\":\"O1CN01wQOP0c1RdsATKsVgU_!!0-item_pic.jpg\",\"source\":\"aliyun.oss.careyshop.cn\\/uploads\\/files\\/20191230\\/f82ae8dd-ebe4-4397-889e-418adde10a85.jpg?type=aliyun\",\"url\":\"\\/\\/aliyun.oss.careyshop.cn\\/uploads\\/files\\/20191230\\/f82ae8dd-ebe4-4397-889e-418adde10a85.jpg?type=aliyun\"},{\"name\":\"q03.png\",\"source\":\"aliyun.oss.careyshop.cn\\/uploads\\/files\\/20191112\\/008df859-3318-4b5e-8df3-4193420a3cfd.png?type=aliyun\",\"url\":\"\\/\\/aliyun.oss.careyshop.cn\\/uploads\\/files\\/20191112\\/008df859-3318-4b5e-8df3-4193420a3cfd.png?type=aliyun\"},{\"name\":\"2.gif\",\"source\":\"aliyun.oss.careyshop.cn\\/uploads\\/files\\/20191230\\/741db4e0-1eae-423c-8de3-04a54bb102e2.gif?type=aliyun\",\"url\":\"\\/\\/aliyun.oss.careyshop.cn\\/uploads\\/files\\/20191230\\/741db4e0-1eae-423c-8de3-04a54bb102e2.gif?type=aliyun\"},{\"name\":\"3.jpg\",\"source\":\"aliyun.oss.careyshop.cn\\/uploads\\/files\\/20191230\\/4d141311-9184-483c-8204-11dc9253e673.jpg?type=aliyun\",\"url\":\"\\/\\/aliyun.oss.careyshop.cn\\/uploads\\/files\\/20191230\\/4d141311-9184-483c-8204-11dc9253e673.jpg?type=aliyun\"},{\"name\":\"1.jpg\",\"source\":\"aliyun.oss.careyshop.cn\\/uploads\\/files\\/20191230\\/352e5500-1b7d-4345-8110-3f2fcd4c0124.jpg?type=aliyun\",\"url\":\"\\/\\/aliyun.oss.careyshop.cn\\/uploads\\/files\\/20191230\\/352e5500-1b7d-4345-8110-3f2fcd4c0124.jpg?type=aliyun\"},{\"name\":\"4.jpg\",\"source\":\"aliyun.oss.careyshop.cn\\/uploads\\/files\\/20191230\\/38f69eba-165e-475c-8b1f-824212e02afc.jpg?type=aliyun\",\"url\":\"\\/\\/aliyun.oss.careyshop.cn\\/uploads\\/files\\/20191230\\/38f69eba-165e-475c-8b1f-824212e02afc.jpg?type=aliyun\"},{\"name\":\"pdf02.png\",\"source\":\"aliyun.oss.careyshop.cn\\/uploads\\/files\\/20191112\\/24a5e752-d51e-448a-8995-353b16d92345.png?type=aliyun\",\"url\":\"\\/\\/aliyun.oss.careyshop.cn\\/uploads\\/files\\/20191112\\/24a5e752-d51e-448a-8995-353b16d92345.png?type=aliyun\"},{\"name\":\"pdf01.png\",\"source\":\"aliyun.oss.careyshop.cn\\/uploads\\/files\\/20191112\\/0bc6f961-a07b-45ba-8f75-fc55a1c54d1f.png?type=aliyun\",\"url\":\"\\/\\/aliyun.oss.careyshop.cn\\/uploads\\/files\\/20191112\\/0bc6f961-a07b-45ba-8f75-fc55a1c54d1f.png?type=aliyun\"},{\"name\":\"flag020.png\",\"source\":\"aliyun.oss.careyshop.cn\\/uploads\\/files\\/20191112\\/e4017d38-4ca8-49ef-860f-2000867b997b.png?type=aliyun\",\"url\":\"\\/\\/aliyun.oss.careyshop.cn\\/uploads\\/files\\/20191112\\/e4017d38-4ca8-49ef-860f-2000867b997b.png?type=aliyun\"}]', '{\"url\":\"aliyun.oss.careyshop.cn\\/uploads\\/files\\/20191113\\/959c79ed-7ecf-4a93-88ef-3f10fe2a7c7a.mp4?type=aliyun\",\"mime\":\"video\\/mp4\",\"cover\":\"aliyun.oss.careyshop.cn\\/uploads\\/files\\/20191113\\/abafd222-9795-4623-919e-97034d1ffb32.jpg?type=aliyun\"}', '件', 1, 0, 1, 2, 50, 1, 0, 1577337570, 1587289359),
(289, 1, '荣耀10青春版 幻彩渐变 2400万AI自拍 全网通版4GB+64GB 渐变蓝 移动联通电信4G全面屏手机', '荣耀10青春版', '限量送鼠标+“新机咨询服务”，轻薄便携超级快充，高清全面屏，配合多屏协同，实现畅爽娱乐办公新体验！', 'CS61349218', '', '', '', 30, 134, 1, 12, '3.00', 0, 1, '3000.00', '2001.00', 0, '0.00', 0, 0, 0, '', '', '<div><img style=\"display: block; margin-left: auto; margin-right: auto;\" src=\"//careyshop.oruei.com/api/v1/storage/method/get.storage.thumb/code/inside_content?url=aliyun.oss.careyshop.cn%2Fuploads%2Ffiles%2F20191230%2F352e5500-1b7d-4345-8110-3f2fcd4c0124.jpg%3Ftype%3Daliyun\" alt=\"\" /><img style=\"display: block; margin-left: auto; margin-right: auto;\" src=\"//careyshop.oruei.com/api/v1/storage/method/get.storage.thumb/code/inside_content?url=aliyun.oss.careyshop.cn%2Fuploads%2Ffiles%2F20191230%2F741db4e0-1eae-423c-8de3-04a54bb102e2.gif%3Ftype%3Daliyun\" alt=\"\" /><img style=\"display: block; margin-left: auto; margin-right: auto;\" src=\"//careyshop.oruei.com/api/v1/storage/method/get.storage.thumb/code/inside_content?url=aliyun.oss.careyshop.cn%2Fuploads%2Ffiles%2F20191230%2F4d141311-9184-483c-8204-11dc9253e673.jpg%3Ftype%3Daliyun\" alt=\"\" /><img style=\"display: block; margin-left: auto; margin-right: auto;\" src=\"//careyshop.oruei.com/api/v1/storage/method/get.storage.thumb/code/inside_content?url=aliyun.oss.careyshop.cn%2Fuploads%2Ffiles%2F20191230%2F38f69eba-165e-475c-8b1f-824212e02afc.jpg%3Ftype%3Daliyun\" alt=\"\" /></div>\n<div style=\"text-align: center;\"><span style=\"color: #ff0000; font-size: 18px;\">也可以插入一些文字<br /></span><span style=\"font-size: 14px; background-color: #000000; color: #ffff99;\">之后继续插入图片<br /></span>无格式文字<br />...</div>\n<div><img style=\"display: block; margin-left: auto; margin-right: auto;\" src=\"//careyshop.oruei.com/api/v1/storage/method/get.storage.thumb/code/inside_content?url=demo.careyshop.cn%2Fuploads%2Ffiles%2F98a14249-c160-43ac-ac0b-4920ed8b75af.png%3Ftype%3Dcareyshop\" alt=\"\" /><img style=\"display: block; margin-left: auto; margin-right: auto;\" src=\"//careyshop.oruei.com/api/v1/storage/method/get.storage.thumb/code/inside_content?url=demo.careyshop.cn%2Fuploads%2Ffiles%2Fe388bb89-6d3e-4d3b-a948-e71096b21530.png%3Ftype%3Dcareyshop\" alt=\"\" /><img style=\"display: block; margin-left: auto; margin-right: auto;\" src=\"//careyshop.oruei.com/api/v1/storage/method/get.storage.thumb/code/inside_content?url=demo.careyshop.cn%2Fuploads%2Ffiles%2Fba732548-149f-436d-a6a3-4ba8f364293b.png%3Ftype%3Dcareyshop\" alt=\"\" /><img style=\"display: block; margin-left: auto; margin-right: auto;\" src=\"//careyshop.oruei.com/api/v1/storage/method/get.storage.thumb/code/inside_content?url=demo.careyshop.cn%2Fuploads%2Ffiles%2F8396ed3d-6ec4-45d5-bdd4-15a8b1c865af.png%3Ftype%3Dcareyshop\" alt=\"\" /><img style=\"display: block; margin-left: auto; margin-right: auto;\" src=\"//careyshop.oruei.com/api/v1/storage/method/get.storage.thumb/code/inside_content?url=demo.careyshop.cn%2Fuploads%2Ffiles%2F7d3ab2ff-3eff-4b26-a449-0e2b514ea2c4.png%3Ftype%3Dcareyshop\" alt=\"\" /><img style=\"display: block; margin-left: auto; margin-right: auto;\" src=\"//careyshop.oruei.com/api/v1/storage/method/get.storage.thumb/code/inside_content?url=demo.careyshop.cn%2Fuploads%2Ffiles%2F2213e588-6192-4909-ae6e-244d6c256eb0.png%3Ftype%3Dcareyshop\" alt=\"\" /></div>', '[{\"name\":\"O1CN01LqDyEL1hpLsINePCa_!!2863054326.jpg\",\"source\":\"aliyun.oss.careyshop.cn\\/uploads\\/files\\/20191230\\/97405ac5-3c64-4d48-b3da-238710c7272b.jpg?type=aliyun\",\"url\":\"\\/\\/aliyun.oss.careyshop.cn\\/uploads\\/files\\/20191230\\/97405ac5-3c64-4d48-b3da-238710c7272b.jpg?type=aliyun\"},{\"name\":\"68d42d66a8a9c565.jpg\",\"source\":\"aliyun.oss.careyshop.cn\\/uploads\\/files\\/20191230\\/32dcbebd-ebad-4d41-96d4-196fd7fe9ac7.jpg?type=aliyun\",\"url\":\"\\/\\/aliyun.oss.careyshop.cn\\/uploads\\/files\\/20191230\\/32dcbebd-ebad-4d41-96d4-196fd7fe9ac7.jpg?type=aliyun\"},{\"name\":\"O1CN01Lm14uN1yXLqqxZuXd_!!0-item_pic.jpg\",\"source\":\"aliyun.oss.careyshop.cn\\/uploads\\/files\\/20191230\\/40267cb9-c022-43d8-adf2-77cdc88fa6d0.jpg?type=aliyun\",\"url\":\"\\/\\/aliyun.oss.careyshop.cn\\/uploads\\/files\\/20191230\\/40267cb9-c022-43d8-adf2-77cdc88fa6d0.jpg?type=aliyun\"},{\"name\":\"O1CN01VtX6IC1PbvFiNvskI_!!0-item_pic.jpg\",\"source\":\"aliyun.oss.careyshop.cn\\/uploads\\/files\\/20191230\\/4aff227f-2673-45bc-81cd-8e79777dbe04.jpg?type=aliyun\",\"url\":\"\\/\\/aliyun.oss.careyshop.cn\\/uploads\\/files\\/20191230\\/4aff227f-2673-45bc-81cd-8e79777dbe04.jpg?type=aliyun\"},{\"name\":\"O1CN01wQOP0c1RdsATKsVgU_!!0-item_pic.jpg\",\"source\":\"aliyun.oss.careyshop.cn\\/uploads\\/files\\/20191230\\/f82ae8dd-ebe4-4397-889e-418adde10a85.jpg?type=aliyun\",\"url\":\"\\/\\/aliyun.oss.careyshop.cn\\/uploads\\/files\\/20191230\\/f82ae8dd-ebe4-4397-889e-418adde10a85.jpg?type=aliyun\"},{\"name\":\"O1CN01awPGBj1Mqd7qIcu3n_!!0-item_pic.jpg\",\"source\":\"aliyun.oss.careyshop.cn\\/uploads\\/files\\/20191230\\/3c81b780-0510-442c-8ffc-267217735f94.jpg?type=aliyun\",\"url\":\"\\/\\/aliyun.oss.careyshop.cn\\/uploads\\/files\\/20191230\\/3c81b780-0510-442c-8ffc-267217735f94.jpg?type=aliyun\"},{\"name\":\"q03.png\",\"source\":\"aliyun.oss.careyshop.cn\\/uploads\\/files\\/20191112\\/008df859-3318-4b5e-8df3-4193420a3cfd.png?type=aliyun\",\"url\":\"\\/\\/aliyun.oss.careyshop.cn\\/uploads\\/files\\/20191112\\/008df859-3318-4b5e-8df3-4193420a3cfd.png?type=aliyun\"},{\"name\":\"q04.png\",\"source\":\"aliyun.oss.careyshop.cn\\/uploads\\/files\\/20191112\\/c67cd881-6aaf-4caa-89c0-3725cb0dd33d.png?type=aliyun\",\"url\":\"\\/\\/aliyun.oss.careyshop.cn\\/uploads\\/files\\/20191112\\/c67cd881-6aaf-4caa-89c0-3725cb0dd33d.png?type=aliyun\"},{\"name\":\"pdf02.png\",\"source\":\"aliyun.oss.careyshop.cn\\/uploads\\/files\\/20191112\\/24a5e752-d51e-448a-8995-353b16d92345.png?type=aliyun\",\"url\":\"\\/\\/aliyun.oss.careyshop.cn\\/uploads\\/files\\/20191112\\/24a5e752-d51e-448a-8995-353b16d92345.png?type=aliyun\"},{\"name\":\"pdf01.png\",\"source\":\"aliyun.oss.careyshop.cn\\/uploads\\/files\\/20191112\\/0bc6f961-a07b-45ba-8f75-fc55a1c54d1f.png?type=aliyun\",\"url\":\"\\/\\/aliyun.oss.careyshop.cn\\/uploads\\/files\\/20191112\\/0bc6f961-a07b-45ba-8f75-fc55a1c54d1f.png?type=aliyun\"}]', '{\"url\":\"aliyun.oss.careyshop.cn\\/uploads\\/files\\/20191113\\/9bbf7ac9-a452-445b-8152-4443bc3505e8.mp4?type=aliyun\",\"mime\":\"video\\/mp4\",\"cover\":\"\"}', '台', 0, 0, 0, 1, 50, 1, 0, 1577897131, 1587289341),
(290, 1, '规格测试', '', '', 'CS68277836', '', '', '', 0, 4500, 28, 1024, '0.00', 0, 0, '1.00', '2.00', 0, '0.00', 0, 0, 0, '', '', '规格测试', '[{\"name\":\"O1CN01LqDyEL1hpLsINePCa_!!2863054326.jpg\",\"source\":\"aliyun.oss.careyshop.cn\\/uploads\\/files\\/20191230\\/97405ac5-3c64-4d48-b3da-238710c7272b.jpg?type=aliyun\",\"url\":\"\\/\\/aliyun.oss.careyshop.cn\\/uploads\\/files\\/20191230\\/97405ac5-3c64-4d48-b3da-238710c7272b.jpg?type=aliyun\"}]', '[]', '', 0, 0, 0, 1, 50, 1, 1, 1578056068, 1578385000),
(291, 1, '规格测试2', '', '', 'CS74913287', '', '', '', 0, 8, 0, 0, '0.00', 0, 0, '1.00', '1.00', 0, '0.00', 0, 0, 0, '', '', '&nbsp;', '[{\"name\":\"O1CN01Lm14uN1yXLqqxZuXd_!!0-item_pic.jpg\",\"source\":\"aliyun.oss.careyshop.cn\\/uploads\\/files\\/20191230\\/40267cb9-c022-43d8-adf2-77cdc88fa6d0.jpg?type=aliyun\",\"url\":\"\\/\\/aliyun.oss.careyshop.cn\\/uploads\\/files\\/20191230\\/40267cb9-c022-43d8-adf2-77cdc88fa6d0.jpg?type=aliyun\"}]', '[]', '', 0, 0, 0, 1, 50, 1, 1, 1578061407, 1578384998),
(292, 12, 'test', '', '', 'CS13439226', '', '', '', 0, 0, 0, 0, '0.00', 0, 0, '1.00', '1.00', 0, '0.00', 0, 0, 0, '', '', '<img src=\"//careyshop.oruei.com/api/v1/storage/method/get.storage.thumb/code/inside_content?url=oruei.com%2Fuploads%2Ffiles%2F20200426%2F74070e45-308b-4879-8b45-c629d82e9fe6.jpg%3Ftype%3Dcareyshop\" alt=\"\" /><img src=\"//careyshop.oruei.com/api/v1/storage/method/get.storage.thumb/code/inside_content?url=oruei.com%2Fuploads%2Ffiles%2F20200426%2F1dbcc416-1459-4941-a22e-dfdba84f1e5b.jpg%3Ftype%3Dcareyshop\" alt=\"\" />', '[{\"name\":\"68d42d66a8a9c565.jpg\",\"source\":\"oruei.com\\/uploads\\/files\\/20200426\\/75d86700-8b60-45fc-b79c-1fb83cac2e92.jpg?type=careyshop\",\"url\":\"\\/\\/oruei.com\\/uploads\\/files\\/20200426\\/75d86700-8b60-45fc-b79c-1fb83cac2e92.jpg?type=careyshop\"},{\"name\":\"O1CN01VtX6IC1PbvFiNvskI_!!0-item_pic.jpg\",\"source\":\"oruei.com\\/uploads\\/files\\/20200426\\/5597a0e9-6a00-447f-b9a1-0dfda6766581.jpg?type=careyshop\",\"url\":\"\\/\\/oruei.com\\/uploads\\/files\\/20200426\\/5597a0e9-6a00-447f-b9a1-0dfda6766581.jpg?type=careyshop\"}]', '[]', '', 0, 0, 0, 5, 50, 1, 1, 1587888342, 1587888674),
(293, 1, 'test2', '', '', 'CS95887141', '', '', '', 0, 1, 0, 0, '1.00', 0, 0, '1.00', '1.00', 0, '0.00', 0, 0, 0, '', '', '<img src=\"//careyshop.oruei.com/api/v1/storage/method/get.storage.thumb/code/inside_content?url=oruei.com%2Fuploads%2Ffiles%2F20200426%2Fb79ecf96-9c94-47a5-83eb-c8928af945b3.jpg%3Ftype%3Dcareyshop\" alt=\"\" />', '[{\"name\":\"O1CN01LqDyEL1hpLsINePCa_!!2863054326.jpg\",\"source\":\"oruei.com\\/uploads\\/files\\/20200426\\/f824fef0-ca43-47dd-b057-9ece0d1cadaf.jpg?type=careyshop\",\"url\":\"\\/\\/oruei.com\\/uploads\\/files\\/20200426\\/f824fef0-ca43-47dd-b057-9ece0d1cadaf.jpg?type=careyshop\"}]', '[]', '', 0, 0, 0, 3, 50, 1, 1, 1587888819, 1587912531);

DROP TABLE IF EXISTS `donkey_goods_attr`;
CREATE TABLE `donkey_goods_attr` (
  `goods_id` int(11) UNSIGNED NOT NULL COMMENT '对应goods表',
  `goods_attribute_id` int(11) UNSIGNED NOT NULL COMMENT '对应goods_attribute表',
  `parent_id` int(11) UNSIGNED NOT NULL COMMENT '父id',
  `is_important` tinyint(1) NOT NULL DEFAULT '0' COMMENT '0=普通 1=核心属性',
  `attr_value` varchar(512) COLLATE utf8mb4_unicode_ci NOT NULL DEFAULT '' COMMENT '属性值',
  `sort` tinyint(3) UNSIGNED NOT NULL DEFAULT '50' COMMENT '排序'
) ENGINE=InnoDB DEFAULT CHARSET=utf8mb4 COLLATE=utf8mb4_unicode_ci COMMENT='商品属性列表';

INSERT INTO `donkey_goods_attr` (`goods_id`, `goods_attribute_id`, `parent_id`, `is_important`, `attr_value`, `sort`) VALUES
(274, 27, 12, 0, '123', 1),
(274, 3, 1, 0, '222', 0),
(274, 16, 1, 0, '333', 2),
(276, 19, 18, 1, '', 0),
(276, 21, 20, 0, '', 0),
(276, 26, 20, 0, '', 5),
(277, 5, 4, 1, '', 0),
(277, 29, 4, 1, '', 1),
(277, 31, 4, 0, '', 2),
(278, 5, 4, 1, '', 0),
(278, 29, 4, 1, '', 1),
(278, 31, 4, 0, '', 2),
(281, 5, 4, 1, '', 0),
(281, 29, 4, 1, '', 1),
(281, 31, 4, 0, '', 2),
(281, 33, 4, 0, '这是默认值1\n这是默认值2\n这是默认值3', 3),
(282, 5, 4, 1, '', 0),
(282, 29, 4, 1, '', 1),
(282, 31, 4, 0, '', 2),
(282, 33, 4, 0, '这是默认值1\n这是默认值2\n这是默认值3', 3),
(283, 5, 4, 1, '', 0),
(283, 29, 4, 1, '', 1),
(283, 31, 4, 0, '', 2),
(284, 5, 4, 1, '', 0),
(284, 29, 4, 1, '', 1),
(284, 31, 4, 0, '', 2),
(285, 19, 18, 1, '', 0),
(285, 21, 20, 0, '', 0),
(285, 26, 20, 0, '', 5),
(287, 5, 4, 1, '', 0),
(287, 29, 4, 1, '', 1),
(287, 31, 4, 0, '', 2),
(267, 2, 1, 1, '华为荣耀10青春版', 0),
(267, 3, 1, 1, '华为', 1),
(267, 16, 1, 1, '2018年 11月', 2),
(267, 17, 1, 1, 'HRY-AL00/HRY-AL00a', 3),
(267, 19, 18, 1, 'Android', 0),
(267, 21, 20, 1, '白色 黑色', 0),
(267, 25, 20, 1, '约162克（含电池）', 1),
(267, 22, 20, 1, '154.8mm', 2),
(267, 23, 20, 0, '73.64mm', 3),
(267, 24, 20, 0, '7.95mm', 4),
(267, 26, 20, 1, '合金', 5),
(267, 15, 12, 1, '外包装采用贴防拆标签，彩盒内标配：\n1）手机 x 1； \n2）电池（内置）x 1； \n3）充电器 x 1； \n4） 数据线 x 1； \n5）快速指南 x 1； \n6）三包凭证 x 1； \n7）取卡针 x 1； \n8）保护壳 x 1；', 0),
(267, 27, 12, 1, '其它', 1),
(290, 19, 18, 1, '', 0),
(290, 21, 20, 1, '', 0),
(290, 26, 20, 1, '', 5),
(291, 19, 18, 1, '', 0),
(291, 21, 20, 1, '', 0),
(291, 26, 20, 1, '', 5),
(185, 19, 18, 1, '', 0),
(185, 21, 20, 1, '', 0),
(185, 26, 20, 1, 'test', 5),
(289, 2, 1, 1, '华为荣耀10青春版', 0),
(289, 3, 1, 1, '华为', 1),
(289, 16, 1, 1, '2018年 11月', 2),
(289, 17, 1, 1, 'HRY-AL00/HRY-AL00a', 3),
(289, 19, 18, 1, 'Android', 0),
(289, 21, 20, 1, '白色 黑色', 0),
(289, 25, 20, 1, '约162克（含电池）', 1),
(289, 22, 20, 1, '154.8mm', 2),
(289, 23, 20, 0, '73.64mm', 3),
(289, 24, 20, 0, '7.95mm', 4),
(289, 26, 20, 1, '合金', 5),
(289, 15, 12, 1, '外包装采用贴防拆标签，彩盒内标配：\n1）手机 x 1； \n2）电池（内置）x 1； \n3）充电器 x 1； \n4） 数据线 x 1； \n5）快速指南 x 1； \n6）三包凭证 x 1； \n7）取卡针 x 1； \n8）保护壳 x 1；', 0),
(289, 27, 12, 1, '其它', 1),
(288, 5, 4, 1, '支持', 0),
(288, 29, 4, 1, '1 2', 1),
(288, 31, 4, 0, '这是手写的', 2),
(288, 33, 4, 0, '这是默认值1a\n这是默认值2a\n这是默认值3a', 3);

DROP TABLE IF EXISTS `donkey_goods_attribute`;
CREATE TABLE `donkey_goods_attribute` (
  `goods_attribute_id` int(11) UNSIGNED NOT NULL,
  `parent_id` int(11) UNSIGNED NOT NULL DEFAULT '0' COMMENT '父id',
  `attr_name` varchar(60) COLLATE utf8mb4_unicode_ci NOT NULL COMMENT '属性名称',
  `description` varchar(255) COLLATE utf8mb4_unicode_ci NOT NULL DEFAULT '' COMMENT '属性描述',
  `icon` varchar(512) COLLATE utf8mb4_unicode_ci NOT NULL DEFAULT '' COMMENT '图标',
  `goods_type_id` smallint(5) UNSIGNED NOT NULL COMMENT '对应goods_type表',
  `attr_index` tinyint(1) NOT NULL DEFAULT '0' COMMENT '0=不检索 1=关键字 2=范围',
  `attr_input_type` tinyint(1) NOT NULL DEFAULT '0' COMMENT '0=手工填写 1=单选 2=多选',
  `attr_values` text COLLATE utf8mb4_unicode_ci COMMENT '可选值列表',
  `is_important` tinyint(1) NOT NULL DEFAULT '0' COMMENT '0=普通 1=核心属性',
  `sort` tinyint(3) UNSIGNED NOT NULL DEFAULT '50' COMMENT '排序',
  `is_delete` tinyint(1) NOT NULL DEFAULT '0' COMMENT '0=未删 1=已删'
) ENGINE=InnoDB DEFAULT CHARSET=utf8mb4 COLLATE=utf8mb4_unicode_ci COMMENT='商品属性';

INSERT INTO `donkey_goods_attribute` (`goods_attribute_id`, `parent_id`, `attr_name`, `description`, `icon`, `goods_type_id`, `attr_index`, `attr_input_type`, `attr_values`, `is_important`, `sort`, `is_delete`) VALUES
(1, 0, '主体', 'AAA', '', 1, 0, 0, NULL, 0, 50, 0),
(2, 1, '型号', '', 'https://image.suning.cn/uimg/PCMS/prmtExposition/149317753144984207.png', 1, 0, 0, '[]', 1, 50, 0),
(3, 1, '品牌', '', 'https://image.suning.cn/uimg/PCMS/prmtExposition/149317754593735652.png', 1, 1, 0, '[]', 1, 10, 0),
(4, 0, '特性', '特性', 'aliyun.oss.careyshop.cn/uploads/files/20191112/24a5e752-d51e-448a-8995-353b16d92345.png?type=aliyun', 2, 0, 0, NULL, 0, 50, 0),
(5, 4, 'TRIM', '', 'aliyun.oss.careyshop.cn/uploads/files/20191112/e4017d38-4ca8-49ef-860f-2000867b997b.png?type=aliyun', 2, 0, 1, '[\"支持\",\"不支持\"]', 1, 50, 0),
(6, 0, '颜色', '', '', 3, 0, 0, NULL, 0, 50, 0),
(12, 0, '清单', '', '', 1, 0, 0, NULL, 0, 10, 0),
(15, 12, '包装清单', '', '', 1, 0, 0, '[]', 1, 50, 0),
(16, 1, '上市时间', '', '', 1, 0, 0, '[]', 1, 50, 0),
(17, 1, '入网许可证号', '工业代号或者入网型号', '', 1, 0, 0, '[]', 1, 50, 0),
(18, 0, '系统', '', '', 1, 0, 0, NULL, 0, 50, 0),
(19, 18, '手机操作系统', '', '', 1, 1, 1, '[\"IOS\",\"Android\"]', 1, 50, 0),
(20, 0, '基本信息', '', '', 1, 0, 0, NULL, 0, 50, 0),
(21, 20, '颜色', '备注颜色必须与页面介绍、产品说明书、外包装等一致', '', 1, 1, 2, '[\"白色\",\"黑色\",\"蓝色\",\"紫色\",\"红色\",\"黄色\",\"绿色\"]', 1, 1, 0),
(22, 20, '机身长度', '实际尺寸依配置、制造工艺、测量方法的不同可能有所差异。', '', 1, 0, 0, '[]', 0, 3, 0),
(23, 20, '机身宽度', '实际尺寸依配置、制造工艺、测量方法的不同可能有所差异。', '', 1, 0, 0, '[]', 0, 4, 0),
(24, 20, '机身厚度', '实际尺寸依配置、制造工艺、测量方法的不同可能有所差异。', '', 1, 0, 0, '[]', 0, 5, 0),
(25, 20, '重量', '实际尺寸依配置、制造工艺、测量方法的不同可能有所差异。', '', 1, 0, 0, '[]', 1, 2, 0),
(26, 20, '机身材质', '', '', 1, 0, 1, '[\"塑料\",\"玻璃\",\"合金\",\"其他\"]', 1, 6, 0),
(27, 12, '测试特意出现比较长的内容用来样式', '测试特意出现比较长的内容用来样式', '', 1, 0, 0, '[\"默认值\"]', 0, 50, 0),
(28, 4, '测试手工填写', '', '', 2, 0, 0, '[\"测试手工填写测试手工填写测试手工填写\",\"AAA测试手工填写AAA\"]', 0, 50, 1),
(29, 4, '属性', '', '', 2, 0, 2, '[\"1\",\"2\",\"3\"]', 1, 50, 0),
(30, 4, '测试手工填写', '', '', 2, 0, 0, '[\"测试手工填写\",\"AAA测试手工填写AAA\"]', 1, 50, 1),
(31, 4, '手工填写', '', '', 2, 0, 2, '[\"手工填写\",\"AAA手工填写AAA\",\"BBB手工填写BBB\"]', 0, 50, 0),
(32, 4, 'test', '', '', 2, 0, 0, '[\"\"]', 1, 50, 1),
(33, 4, '空值', '', '', 2, 0, 0, '[\"这是默认值1\\n这是默认值2\\n这是默认值3\"]', 0, 50, 0),
(34, 4, '空值', '', '', 2, 0, 0, '[\"\"]', 0, 50, 1),
(35, 4, '空值', '', '', 2, 1, 1, '[\"\"]', 1, 50, 1),
(36, 4, 'test', '', '', 2, 0, 2, '[\"666\",\"888\"]', 1, 50, 1),
(37, 12, '222', '', '', 1, 0, 0, '[]', 1, 50, 1),
(38, 12, '1111', '', '', 1, 1, 1, '[\"1\",\"2\",\"3\"]', 1, 50, 1),
(39, 0, 'test', '', '', 2, 0, 0, NULL, 0, 50, 1),
(40, 4, '1', '', '', 2, 0, 0, '[\"111\\n222\\n333\"]', 1, 50, 1),
(41, 0, 'test2', '', '', 11, 0, 0, NULL, 0, 50, 1);

DROP TABLE IF EXISTS `donkey_goods_attr_config`;
CREATE TABLE `donkey_goods_attr_config` (
  `goods_attr_config_id` int(11) UNSIGNED NOT NULL,
  `goods_id` int(11) UNSIGNED NOT NULL COMMENT '对应goods表',
  `config_data` text COLLATE utf8mb4_unicode_ci NOT NULL COMMENT '配置数据'
) ENGINE=InnoDB DEFAULT CHARSET=utf8mb4 COLLATE=utf8mb4_unicode_ci COMMENT='商品属性配置';

INSERT INTO `donkey_goods_attr_config` (`goods_attr_config_id`, `goods_id`, `config_data`) VALUES
(1, 267, '[{\"goods_attribute_id\":1,\"attr_name\":\"主体\",\"description\":\"AAA\",\"icon\":\"\",\"goods_type_id\":1,\"sort\":50,\"get_attribute\":[{\"goods_attribute_id\":2,\"parent_id\":1,\"attr_name\":\"型号\",\"description\":\"\",\"icon\":\"https:\\/\\/image.suning.cn\\/uimg\\/PCMS\\/prmtExposition\\/149317753144984207.png\",\"goods_type_id\":1,\"attr_index\":0,\"attr_input_type\":0,\"attr_values\":[],\"is_important\":1,\"sort\":50,\"attr_value\":\"华为荣耀10青春版\"},{\"goods_attribute_id\":3,\"parent_id\":1,\"attr_name\":\"品牌\",\"description\":\"\",\"icon\":\"https:\\/\\/image.suning.cn\\/uimg\\/PCMS\\/prmtExposition\\/149317754593735652.png\",\"goods_type_id\":1,\"attr_index\":1,\"attr_input_type\":0,\"attr_values\":[],\"is_important\":1,\"sort\":10,\"attr_value\":\"华为\"},{\"goods_attribute_id\":16,\"parent_id\":1,\"attr_name\":\"上市时间\",\"description\":\"\",\"icon\":\"\",\"goods_type_id\":1,\"attr_index\":0,\"attr_input_type\":0,\"attr_values\":[],\"is_important\":1,\"sort\":50,\"attr_value\":\"2018年 11月\"},{\"goods_attribute_id\":17,\"parent_id\":1,\"attr_name\":\"入网许可证号\",\"description\":\"\",\"icon\":\"\",\"goods_type_id\":1,\"attr_index\":0,\"attr_input_type\":0,\"attr_values\":[],\"is_important\":1,\"sort\":50,\"attr_value\":\"HRY-AL00\\/HRY-AL00a\"}]},{\"goods_attribute_id\":18,\"attr_name\":\"系统\",\"description\":\"\",\"icon\":\"\",\"goods_type_id\":1,\"sort\":50,\"get_attribute\":[{\"goods_attribute_id\":19,\"parent_id\":18,\"attr_name\":\"手机操作系统\",\"description\":\"\",\"icon\":\"\",\"goods_type_id\":1,\"attr_index\":1,\"attr_input_type\":1,\"attr_values\":[\"IOS\",\"Android\"],\"is_important\":1,\"sort\":50,\"attr_value\":[\"Android\"]}]},{\"goods_attribute_id\":20,\"attr_name\":\"基本信息\",\"description\":\"\",\"icon\":\"\",\"goods_type_id\":1,\"sort\":50,\"get_attribute\":[{\"goods_attribute_id\":21,\"parent_id\":20,\"attr_name\":\"颜色\",\"description\":\"\",\"icon\":\"\",\"goods_type_id\":1,\"attr_index\":1,\"attr_input_type\":2,\"attr_values\":[\"白色\",\"黑色\",\"蓝色\",\"紫色\",\"红色\",\"黄色\",\"绿色\"],\"is_important\":1,\"sort\":1,\"attr_value\":[\"白色\",\"黑色\"]},{\"goods_attribute_id\":25,\"parent_id\":20,\"attr_name\":\"重量\",\"description\":\"\",\"icon\":\"\",\"goods_type_id\":1,\"attr_index\":0,\"attr_input_type\":0,\"attr_values\":[],\"is_important\":1,\"sort\":2,\"attr_value\":\"约162克（含电池）\"},{\"goods_attribute_id\":22,\"parent_id\":20,\"attr_name\":\"机身长度\",\"description\":\"\",\"icon\":\"\",\"goods_type_id\":1,\"attr_index\":0,\"attr_input_type\":0,\"attr_values\":[],\"is_important\":1,\"sort\":3,\"attr_value\":\"154.8mm\"},{\"goods_attribute_id\":23,\"parent_id\":20,\"attr_name\":\"机身宽度\",\"description\":\"\",\"icon\":\"\",\"goods_type_id\":1,\"attr_index\":0,\"attr_input_type\":0,\"attr_values\":[],\"is_important\":0,\"sort\":4,\"attr_value\":\"73.64mm\"},{\"goods_attribute_id\":24,\"parent_id\":20,\"attr_name\":\"机身厚度\",\"description\":\"\",\"icon\":\"\",\"goods_type_id\":1,\"attr_index\":0,\"attr_input_type\":0,\"attr_values\":[],\"is_important\":0,\"sort\":5,\"attr_value\":\"7.95mm\"},{\"goods_attribute_id\":26,\"parent_id\":20,\"attr_name\":\"机身材质\",\"description\":\"\",\"icon\":\"\",\"goods_type_id\":1,\"attr_index\":0,\"attr_input_type\":1,\"attr_values\":[\"塑料\",\"玻璃\",\"合金\",\"其他\"],\"is_important\":1,\"sort\":6,\"attr_value\":[\"合金\"]}]},{\"goods_attribute_id\":12,\"attr_name\":\"清单\",\"description\":\"\",\"icon\":\"\",\"goods_type_id\":1,\"sort\":10,\"get_attribute\":[{\"goods_attribute_id\":15,\"parent_id\":12,\"attr_name\":\"包装清单\",\"description\":\"\",\"icon\":\"\",\"goods_type_id\":1,\"attr_index\":0,\"attr_input_type\":0,\"attr_values\":[],\"is_important\":1,\"sort\":50,\"attr_value\":\"外包装采用贴防拆标签，彩盒内标配：\\n1）手机 x 1； \\n2）电池（内置）x 1； \\n3）充电器 x 1； \\n4） 数据线 x 1； \\n5）快速指南 x 1； \\n6）三包凭证 x 1； \\n7）取卡针 x 1； \\n8）保护壳 x 1；\"},{\"goods_attribute_id\":27,\"parent_id\":12,\"attr_name\":\"特意出现比较长的内容用来测试样式\",\"description\":\"\",\"icon\":\"\",\"goods_type_id\":1,\"attr_index\":0,\"attr_input_type\":0,\"attr_values\":[\"默认值\"],\"is_important\":1,\"sort\":50,\"attr_value\":\"其它\"}]}]'),
(11, 274, '[{\"goods_attribute_id\":12,\"attr_name\":\"清单\",\"description\":\"\",\"icon\":\"\",\"goods_type_id\":1,\"sort\":10,\"get_attribute\":[{\"goods_attribute_id\":15,\"parent_id\":12,\"attr_name\":\"包装清单\",\"description\":\"\",\"icon\":\"\",\"goods_type_id\":1,\"attr_index\":0,\"attr_input_type\":0,\"attr_values\":[],\"is_important\":0,\"sort\":50,\"result\":\"\"},{\"goods_attribute_id\":27,\"parent_id\":12,\"attr_name\":\"特意出现比较长的内容用来测试样式\",\"description\":\"\",\"icon\":\"\",\"goods_type_id\":1,\"attr_index\":0,\"attr_input_type\":0,\"attr_values\":[],\"is_important\":0,\"sort\":50,\"result\":\"123\"}]},{\"goods_attribute_id\":1,\"attr_name\":\"主体\",\"description\":\"AAA\",\"icon\":\"\",\"goods_type_id\":1,\"sort\":50,\"get_attribute\":[{\"goods_attribute_id\":3,\"parent_id\":1,\"attr_name\":\"品牌\",\"description\":\"\",\"icon\":\"https:\\/\\/image.suning.cn\\/uimg\\/PCMS\\/prmtExposition\\/149317754593735652.png\",\"goods_type_id\":1,\"attr_index\":1,\"attr_input_type\":0,\"attr_values\":[],\"is_important\":0,\"sort\":10,\"result\":\"222\"},{\"goods_attribute_id\":2,\"parent_id\":1,\"attr_name\":\"型号\",\"description\":\"\",\"icon\":\"https:\\/\\/image.suning.cn\\/uimg\\/PCMS\\/prmtExposition\\/149317753144984207.png\",\"goods_type_id\":1,\"attr_index\":0,\"attr_input_type\":0,\"attr_values\":[],\"is_important\":0,\"sort\":50,\"result\":\"\"},{\"goods_attribute_id\":16,\"parent_id\":1,\"attr_name\":\"上市时间\",\"description\":\"\",\"icon\":\"\",\"goods_type_id\":1,\"attr_index\":0,\"attr_input_type\":0,\"attr_values\":[],\"is_important\":0,\"sort\":50,\"result\":\"333\"},{\"goods_attribute_id\":17,\"parent_id\":1,\"attr_name\":\"入网许可证号\",\"description\":\"\",\"icon\":\"\",\"goods_type_id\":1,\"attr_index\":0,\"attr_input_type\":0,\"attr_values\":[],\"is_important\":0,\"sort\":50,\"result\":\"\"}]},{\"goods_attribute_id\":18,\"attr_name\":\"系统\",\"description\":\"\",\"icon\":\"\",\"goods_type_id\":1,\"sort\":50,\"get_attribute\":[{\"goods_attribute_id\":19,\"parent_id\":18,\"attr_name\":\"手机操作系统\",\"description\":\"\",\"icon\":\"\",\"goods_type_id\":1,\"attr_index\":1,\"attr_input_type\":1,\"attr_values\":[\"IOS\",\"Android\"],\"is_important\":1,\"sort\":50,\"result\":\"\"}]},{\"goods_attribute_id\":20,\"attr_name\":\"基本信息\",\"description\":\"\",\"icon\":\"\",\"goods_type_id\":1,\"sort\":50,\"get_attribute\":[{\"goods_attribute_id\":21,\"parent_id\":20,\"attr_name\":\"颜色\",\"description\":\"\",\"icon\":\"\",\"goods_type_id\":1,\"attr_index\":1,\"attr_input_type\":2,\"attr_values\":[\"白色\",\"黑色\",\"蓝色\",\"紫色\",\"红色\",\"黄色\",\"绿色\"],\"is_important\":0,\"sort\":1,\"result\":\"\"},{\"goods_attribute_id\":25,\"parent_id\":20,\"attr_name\":\"重量\",\"description\":\"\",\"icon\":\"\",\"goods_type_id\":1,\"attr_index\":0,\"attr_input_type\":0,\"attr_values\":[],\"is_important\":0,\"sort\":2,\"result\":\"\"},{\"goods_attribute_id\":22,\"parent_id\":20,\"attr_name\":\"机身长度\",\"description\":\"\",\"icon\":\"\",\"goods_type_id\":1,\"attr_index\":0,\"attr_input_type\":0,\"attr_values\":[],\"is_important\":0,\"sort\":3,\"result\":\"\"},{\"goods_attribute_id\":23,\"parent_id\":20,\"attr_name\":\"机身宽度\",\"description\":\"\",\"icon\":\"\",\"goods_type_id\":1,\"attr_index\":0,\"attr_input_type\":0,\"attr_values\":[],\"is_important\":0,\"sort\":4,\"result\":\"\"},{\"goods_attribute_id\":24,\"parent_id\":20,\"attr_name\":\"机身厚度\",\"description\":\"\",\"icon\":\"\",\"goods_type_id\":1,\"attr_index\":0,\"attr_input_type\":0,\"attr_values\":[],\"is_important\":0,\"sort\":5,\"result\":\"\"},{\"goods_attribute_id\":26,\"parent_id\":20,\"attr_name\":\"机身材质\",\"description\":\"\",\"icon\":\"\",\"goods_type_id\":1,\"attr_index\":0,\"attr_input_type\":1,\"attr_values\":[\"塑料\",\"玻璃\",\"合金\",\"其他\"],\"is_important\":0,\"sort\":6,\"result\":\"\"}]}]'),
(19, 276, '[{\"goods_attribute_id\":12,\"attr_name\":\"清单\",\"description\":\"\",\"icon\":\"\",\"goods_type_id\":1,\"sort\":10,\"get_attribute\":[{\"goods_attribute_id\":15,\"parent_id\":12,\"attr_name\":\"包装清单\",\"description\":\"\",\"icon\":\"\",\"goods_type_id\":1,\"attr_index\":0,\"attr_input_type\":0,\"attr_values\":[],\"is_important\":0,\"sort\":50},{\"goods_attribute_id\":27,\"parent_id\":12,\"attr_name\":\"特意出现比较长的内容用来测试样式\",\"description\":\"\",\"icon\":\"\",\"goods_type_id\":1,\"attr_index\":0,\"attr_input_type\":0,\"attr_values\":[\"默认值\"],\"is_important\":0,\"sort\":50}]},{\"goods_attribute_id\":1,\"attr_name\":\"主体\",\"description\":\"AAA\",\"icon\":\"\",\"goods_type_id\":1,\"sort\":50,\"get_attribute\":[{\"goods_attribute_id\":3,\"parent_id\":1,\"attr_name\":\"品牌\",\"description\":\"\",\"icon\":\"https:\\/\\/image.suning.cn\\/uimg\\/PCMS\\/prmtExposition\\/149317754593735652.png\",\"goods_type_id\":1,\"attr_index\":1,\"attr_input_type\":0,\"attr_values\":[],\"is_important\":0,\"sort\":10},{\"goods_attribute_id\":2,\"parent_id\":1,\"attr_name\":\"型号\",\"description\":\"\",\"icon\":\"https:\\/\\/image.suning.cn\\/uimg\\/PCMS\\/prmtExposition\\/149317753144984207.png\",\"goods_type_id\":1,\"attr_index\":0,\"attr_input_type\":0,\"attr_values\":[],\"is_important\":0,\"sort\":50},{\"goods_attribute_id\":16,\"parent_id\":1,\"attr_name\":\"上市时间\",\"description\":\"\",\"icon\":\"\",\"goods_type_id\":1,\"attr_index\":0,\"attr_input_type\":0,\"attr_values\":[],\"is_important\":0,\"sort\":50},{\"goods_attribute_id\":17,\"parent_id\":1,\"attr_name\":\"入网许可证号\",\"description\":\"\",\"icon\":\"\",\"goods_type_id\":1,\"attr_index\":0,\"attr_input_type\":0,\"attr_values\":[],\"is_important\":0,\"sort\":50}]},{\"goods_attribute_id\":18,\"attr_name\":\"系统\",\"description\":\"\",\"icon\":\"\",\"goods_type_id\":1,\"sort\":50,\"get_attribute\":[{\"goods_attribute_id\":19,\"parent_id\":18,\"attr_name\":\"手机操作系统\",\"description\":\"\",\"icon\":\"\",\"goods_type_id\":1,\"attr_index\":1,\"attr_input_type\":1,\"attr_values\":[\"IOS\",\"Android\"],\"is_important\":1,\"sort\":50,\"result\":[]}]},{\"goods_attribute_id\":20,\"attr_name\":\"基本信息\",\"description\":\"\",\"icon\":\"\",\"goods_type_id\":1,\"sort\":50,\"get_attribute\":[{\"goods_attribute_id\":21,\"parent_id\":20,\"attr_name\":\"颜色\",\"description\":\"\",\"icon\":\"\",\"goods_type_id\":1,\"attr_index\":1,\"attr_input_type\":2,\"attr_values\":[\"白色\",\"黑色\",\"蓝色\",\"紫色\",\"红色\",\"黄色\",\"绿色\"],\"is_important\":0,\"sort\":1,\"result\":[]},{\"goods_attribute_id\":25,\"parent_id\":20,\"attr_name\":\"重量\",\"description\":\"\",\"icon\":\"\",\"goods_type_id\":1,\"attr_index\":0,\"attr_input_type\":0,\"attr_values\":[],\"is_important\":0,\"sort\":2},{\"goods_attribute_id\":22,\"parent_id\":20,\"attr_name\":\"机身长度\",\"description\":\"\",\"icon\":\"\",\"goods_type_id\":1,\"attr_index\":0,\"attr_input_type\":0,\"attr_values\":[],\"is_important\":0,\"sort\":3},{\"goods_attribute_id\":23,\"parent_id\":20,\"attr_name\":\"机身宽度\",\"description\":\"\",\"icon\":\"\",\"goods_type_id\":1,\"attr_index\":0,\"attr_input_type\":0,\"attr_values\":[],\"is_important\":0,\"sort\":4},{\"goods_attribute_id\":24,\"parent_id\":20,\"attr_name\":\"机身厚度\",\"description\":\"\",\"icon\":\"\",\"goods_type_id\":1,\"attr_index\":0,\"attr_input_type\":0,\"attr_values\":[],\"is_important\":0,\"sort\":5},{\"goods_attribute_id\":26,\"parent_id\":20,\"attr_name\":\"机身材质\",\"description\":\"\",\"icon\":\"\",\"goods_type_id\":1,\"attr_index\":0,\"attr_input_type\":1,\"attr_values\":[\"塑料\",\"玻璃\",\"合金\",\"其他\"],\"is_important\":0,\"sort\":6,\"result\":[]}]}]'),
(20, 277, '[{\"goods_attribute_id\":4,\"attr_name\":\"特性\",\"description\":\"特性\",\"icon\":\"aliyun.oss.careyshop.cn\\/uploads\\/files\\/20191112\\/24a5e752-d51e-448a-8995-353b16d92345.png?type=aliyun\",\"goods_type_id\":2,\"sort\":50,\"get_attribute\":[{\"goods_attribute_id\":5,\"parent_id\":4,\"attr_name\":\"TRIM\",\"description\":\"\",\"icon\":\"aliyun.oss.careyshop.cn\\/uploads\\/files\\/20191112\\/e4017d38-4ca8-49ef-860f-2000867b997b.png?type=aliyun\",\"goods_type_id\":2,\"attr_index\":0,\"attr_input_type\":1,\"attr_values\":[\"支持\",\"不支持\"],\"is_important\":1,\"sort\":50,\"result\":[]},{\"goods_attribute_id\":29,\"parent_id\":4,\"attr_name\":\"属性\",\"description\":\"\",\"icon\":\"\",\"goods_type_id\":2,\"attr_index\":0,\"attr_input_type\":2,\"attr_values\":[\"1\",\"2\",\"3\"],\"is_important\":1,\"sort\":50,\"result\":[]},{\"goods_attribute_id\":31,\"parent_id\":4,\"attr_name\":\"手工填写\",\"description\":\"\",\"icon\":\"\",\"goods_type_id\":2,\"attr_index\":0,\"attr_input_type\":2,\"attr_values\":[\"手工填写\",\"AAA手工填写AAA\",\"BBB手工填写BBB\"],\"is_important\":0,\"sort\":50,\"result\":[]},{\"goods_attribute_id\":33,\"parent_id\":4,\"attr_name\":\"空值\",\"description\":\"\",\"icon\":\"\",\"goods_type_id\":2,\"attr_index\":0,\"attr_input_type\":0,\"attr_values\":[\"这是默认值1\\n这是默认值2\\n这是默认值3\"],\"is_important\":0,\"sort\":50}]}]'),
(21, 278, '[{\"goods_attribute_id\":4,\"attr_name\":\"特性\",\"description\":\"特性\",\"icon\":\"aliyun.oss.careyshop.cn\\/uploads\\/files\\/20191112\\/24a5e752-d51e-448a-8995-353b16d92345.png?type=aliyun\",\"goods_type_id\":2,\"sort\":50,\"get_attribute\":[{\"goods_attribute_id\":5,\"parent_id\":4,\"attr_name\":\"TRIM\",\"description\":\"\",\"icon\":\"aliyun.oss.careyshop.cn\\/uploads\\/files\\/20191112\\/e4017d38-4ca8-49ef-860f-2000867b997b.png?type=aliyun\",\"goods_type_id\":2,\"attr_index\":0,\"attr_input_type\":1,\"attr_values\":[\"支持\",\"不支持\"],\"is_important\":1,\"sort\":50,\"result\":[]},{\"goods_attribute_id\":29,\"parent_id\":4,\"attr_name\":\"属性\",\"description\":\"\",\"icon\":\"\",\"goods_type_id\":2,\"attr_index\":0,\"attr_input_type\":2,\"attr_values\":[\"1\",\"2\",\"3\"],\"is_important\":1,\"sort\":50,\"result\":[]},{\"goods_attribute_id\":31,\"parent_id\":4,\"attr_name\":\"手工填写\",\"description\":\"\",\"icon\":\"\",\"goods_type_id\":2,\"attr_index\":0,\"attr_input_type\":2,\"attr_values\":[\"手工填写\",\"AAA手工填写AAA\",\"BBB手工填写BBB\"],\"is_important\":0,\"sort\":50,\"result\":[]},{\"goods_attribute_id\":33,\"parent_id\":4,\"attr_name\":\"空值\",\"description\":\"\",\"icon\":\"\",\"goods_type_id\":2,\"attr_index\":0,\"attr_input_type\":0,\"attr_values\":[\"这是默认值1\\n这是默认值2\\n这是默认值3\"],\"is_important\":0,\"sort\":50}]}]'),
(24, 281, '[{\"goods_attribute_id\":4,\"attr_name\":\"特性\",\"description\":\"特性\",\"icon\":\"aliyun.oss.careyshop.cn\\/uploads\\/files\\/20191112\\/24a5e752-d51e-448a-8995-353b16d92345.png?type=aliyun\",\"goods_type_id\":2,\"sort\":50,\"get_attribute\":[{\"goods_attribute_id\":5,\"parent_id\":4,\"attr_name\":\"TRIM\",\"description\":\"\",\"icon\":\"aliyun.oss.careyshop.cn\\/uploads\\/files\\/20191112\\/e4017d38-4ca8-49ef-860f-2000867b997b.png?type=aliyun\",\"goods_type_id\":2,\"attr_index\":0,\"attr_input_type\":1,\"attr_values\":[\"支持\",\"不支持\"],\"is_important\":1,\"sort\":50,\"result\":[\"支持\"]},{\"goods_attribute_id\":29,\"parent_id\":4,\"attr_name\":\"属性\",\"description\":\"\",\"icon\":\"\",\"goods_type_id\":2,\"attr_index\":0,\"attr_input_type\":2,\"attr_values\":[\"1\",\"2\",\"3\"],\"is_important\":1,\"sort\":50,\"result\":[\"1\",\"2\"]},{\"goods_attribute_id\":31,\"parent_id\":4,\"attr_name\":\"手工填写\",\"description\":\"\",\"icon\":\"\",\"goods_type_id\":2,\"attr_index\":0,\"attr_input_type\":2,\"attr_values\":[\"手工填写\",\"AAA手工填写AAA\",\"BBB手工填写BBB\"],\"is_important\":0,\"sort\":50,\"result\":[\"手工填写\"]},{\"goods_attribute_id\":33,\"parent_id\":4,\"attr_name\":\"空值\",\"description\":\"\",\"icon\":\"\",\"goods_type_id\":2,\"attr_index\":0,\"attr_input_type\":0,\"attr_values\":[\"这是默认值1\\n这是默认值2\\n这是默认值3\"],\"is_important\":0,\"sort\":50,\"result\":\"这是默认值1\\n这是默认值2\\n这是默认值3\"}]}]'),
(25, 282, '[{\"goods_attribute_id\":4,\"attr_name\":\"特性\",\"description\":\"特性\",\"icon\":\"aliyun.oss.careyshop.cn\\/uploads\\/files\\/20191112\\/24a5e752-d51e-448a-8995-353b16d92345.png?type=aliyun\",\"goods_type_id\":2,\"sort\":50,\"get_attribute\":[{\"goods_attribute_id\":5,\"parent_id\":4,\"attr_name\":\"TRIM\",\"description\":\"\",\"icon\":\"aliyun.oss.careyshop.cn\\/uploads\\/files\\/20191112\\/e4017d38-4ca8-49ef-860f-2000867b997b.png?type=aliyun\",\"goods_type_id\":2,\"attr_index\":0,\"attr_input_type\":1,\"attr_values\":[\"支持\",\"不支持\"],\"is_important\":1,\"sort\":50,\"result\":[\"支持\"]},{\"goods_attribute_id\":29,\"parent_id\":4,\"attr_name\":\"属性\",\"description\":\"\",\"icon\":\"\",\"goods_type_id\":2,\"attr_index\":0,\"attr_input_type\":2,\"attr_values\":[\"1\",\"2\",\"3\"],\"is_important\":1,\"sort\":50,\"result\":[\"1\",\"2\"]},{\"goods_attribute_id\":31,\"parent_id\":4,\"attr_name\":\"手工填写\",\"description\":\"\",\"icon\":\"\",\"goods_type_id\":2,\"attr_index\":0,\"attr_input_type\":2,\"attr_values\":[\"手工填写\",\"AAA手工填写AAA\",\"BBB手工填写BBB\"],\"is_important\":0,\"sort\":50,\"result\":[\"手工填写\"]},{\"goods_attribute_id\":33,\"parent_id\":4,\"attr_name\":\"空值\",\"description\":\"\",\"icon\":\"\",\"goods_type_id\":2,\"attr_index\":0,\"attr_input_type\":0,\"attr_values\":[\"这是默认值1\\n这是默认值2\\n这是默认值3\"],\"is_important\":0,\"sort\":50,\"result\":\"这是默认值1\\n这是默认值2\\n这是默认值3\"}]}]'),
(26, 283, '[{\"goods_attribute_id\":4,\"attr_name\":\"特性\",\"description\":\"特性\",\"icon\":\"aliyun.oss.careyshop.cn\\/uploads\\/files\\/20191112\\/24a5e752-d51e-448a-8995-353b16d92345.png?type=aliyun\",\"goods_type_id\":2,\"sort\":50,\"get_attribute\":[{\"goods_attribute_id\":5,\"parent_id\":4,\"attr_name\":\"TRIM\",\"description\":\"\",\"icon\":\"aliyun.oss.careyshop.cn\\/uploads\\/files\\/20191112\\/e4017d38-4ca8-49ef-860f-2000867b997b.png?type=aliyun\",\"goods_type_id\":2,\"attr_index\":0,\"attr_input_type\":1,\"attr_values\":[\"支持\",\"不支持\"],\"is_important\":1,\"sort\":50,\"result\":[]},{\"goods_attribute_id\":29,\"parent_id\":4,\"attr_name\":\"属性\",\"description\":\"\",\"icon\":\"\",\"goods_type_id\":2,\"attr_index\":0,\"attr_input_type\":2,\"attr_values\":[\"1\",\"2\",\"3\"],\"is_important\":1,\"sort\":50,\"result\":[]},{\"goods_attribute_id\":31,\"parent_id\":4,\"attr_name\":\"手工填写\",\"description\":\"\",\"icon\":\"\",\"goods_type_id\":2,\"attr_index\":0,\"attr_input_type\":2,\"attr_values\":[\"手工填写\",\"AAA手工填写AAA\",\"BBB手工填写BBB\"],\"is_important\":0,\"sort\":50,\"result\":[]},{\"goods_attribute_id\":33,\"parent_id\":4,\"attr_name\":\"空值\",\"description\":\"\",\"icon\":\"\",\"goods_type_id\":2,\"attr_index\":0,\"attr_input_type\":0,\"attr_values\":[\"这是默认值1\\n这是默认值2\\n这是默认值3\"],\"is_important\":0,\"sort\":50}]}]'),
(27, 284, '[{\"goods_attribute_id\":4,\"attr_name\":\"特性\",\"description\":\"特性\",\"icon\":\"aliyun.oss.careyshop.cn\\/uploads\\/files\\/20191112\\/24a5e752-d51e-448a-8995-353b16d92345.png?type=aliyun\",\"goods_type_id\":2,\"sort\":50,\"get_attribute\":[{\"goods_attribute_id\":5,\"parent_id\":4,\"attr_name\":\"TRIM\",\"description\":\"\",\"icon\":\"aliyun.oss.careyshop.cn\\/uploads\\/files\\/20191112\\/e4017d38-4ca8-49ef-860f-2000867b997b.png?type=aliyun\",\"goods_type_id\":2,\"attr_index\":0,\"attr_input_type\":1,\"attr_values\":[\"支持\",\"不支持\"],\"is_important\":1,\"sort\":50,\"result\":[]},{\"goods_attribute_id\":29,\"parent_id\":4,\"attr_name\":\"属性\",\"description\":\"\",\"icon\":\"\",\"goods_type_id\":2,\"attr_index\":0,\"attr_input_type\":2,\"attr_values\":[\"1\",\"2\",\"3\"],\"is_important\":1,\"sort\":50,\"result\":[]},{\"goods_attribute_id\":31,\"parent_id\":4,\"attr_name\":\"手工填写\",\"description\":\"\",\"icon\":\"\",\"goods_type_id\":2,\"attr_index\":0,\"attr_input_type\":2,\"attr_values\":[\"手工填写\",\"AAA手工填写AAA\",\"BBB手工填写BBB\"],\"is_important\":0,\"sort\":50,\"result\":[]},{\"goods_attribute_id\":33,\"parent_id\":4,\"attr_name\":\"空值\",\"description\":\"\",\"icon\":\"\",\"goods_type_id\":2,\"attr_index\":0,\"attr_input_type\":0,\"attr_values\":[\"这是默认值1\\n这是默认值2\\n这是默认值3\"],\"is_important\":0,\"sort\":50}]}]'),
(28, 285, '[{\"goods_attribute_id\":12,\"attr_name\":\"清单\",\"description\":\"\",\"icon\":\"\",\"goods_type_id\":1,\"sort\":10,\"get_attribute\":[{\"goods_attribute_id\":15,\"parent_id\":12,\"attr_name\":\"包装清单\",\"description\":\"\",\"icon\":\"\",\"goods_type_id\":1,\"attr_index\":0,\"attr_input_type\":0,\"attr_values\":[],\"is_important\":0,\"sort\":50},{\"goods_attribute_id\":27,\"parent_id\":12,\"attr_name\":\"特意出现比较长的内容用来测试样式\",\"description\":\"\",\"icon\":\"\",\"goods_type_id\":1,\"attr_index\":0,\"attr_input_type\":0,\"attr_values\":[\"默认值\"],\"is_important\":0,\"sort\":50}]},{\"goods_attribute_id\":1,\"attr_name\":\"主体\",\"description\":\"AAA\",\"icon\":\"\",\"goods_type_id\":1,\"sort\":50,\"get_attribute\":[{\"goods_attribute_id\":3,\"parent_id\":1,\"attr_name\":\"品牌\",\"description\":\"\",\"icon\":\"https:\\/\\/image.suning.cn\\/uimg\\/PCMS\\/prmtExposition\\/149317754593735652.png\",\"goods_type_id\":1,\"attr_index\":1,\"attr_input_type\":0,\"attr_values\":[],\"is_important\":0,\"sort\":10},{\"goods_attribute_id\":2,\"parent_id\":1,\"attr_name\":\"型号\",\"description\":\"\",\"icon\":\"https:\\/\\/image.suning.cn\\/uimg\\/PCMS\\/prmtExposition\\/149317753144984207.png\",\"goods_type_id\":1,\"attr_index\":0,\"attr_input_type\":0,\"attr_values\":[],\"is_important\":0,\"sort\":50},{\"goods_attribute_id\":16,\"parent_id\":1,\"attr_name\":\"上市时间\",\"description\":\"\",\"icon\":\"\",\"goods_type_id\":1,\"attr_index\":0,\"attr_input_type\":0,\"attr_values\":[],\"is_important\":0,\"sort\":50},{\"goods_attribute_id\":17,\"parent_id\":1,\"attr_name\":\"入网许可证号\",\"description\":\"\",\"icon\":\"\",\"goods_type_id\":1,\"attr_index\":0,\"attr_input_type\":0,\"attr_values\":[],\"is_important\":0,\"sort\":50}]},{\"goods_attribute_id\":18,\"attr_name\":\"系统\",\"description\":\"\",\"icon\":\"\",\"goods_type_id\":1,\"sort\":50,\"get_attribute\":[{\"goods_attribute_id\":19,\"parent_id\":18,\"attr_name\":\"手机操作系统\",\"description\":\"\",\"icon\":\"\",\"goods_type_id\":1,\"attr_index\":1,\"attr_input_type\":1,\"attr_values\":[\"IOS\",\"Android\"],\"is_important\":1,\"sort\":50,\"result\":[]}]},{\"goods_attribute_id\":20,\"attr_name\":\"基本信息\",\"description\":\"\",\"icon\":\"\",\"goods_type_id\":1,\"sort\":50,\"get_attribute\":[{\"goods_attribute_id\":21,\"parent_id\":20,\"attr_name\":\"颜色\",\"description\":\"\",\"icon\":\"\",\"goods_type_id\":1,\"attr_index\":1,\"attr_input_type\":2,\"attr_values\":[\"白色\",\"黑色\",\"蓝色\",\"紫色\",\"红色\",\"黄色\",\"绿色\"],\"is_important\":0,\"sort\":1,\"result\":[]},{\"goods_attribute_id\":25,\"parent_id\":20,\"attr_name\":\"重量\",\"description\":\"\",\"icon\":\"\",\"goods_type_id\":1,\"attr_index\":0,\"attr_input_type\":0,\"attr_values\":[],\"is_important\":0,\"sort\":2},{\"goods_attribute_id\":22,\"parent_id\":20,\"attr_name\":\"机身长度\",\"description\":\"\",\"icon\":\"\",\"goods_type_id\":1,\"attr_index\":0,\"attr_input_type\":0,\"attr_values\":[],\"is_important\":0,\"sort\":3},{\"goods_attribute_id\":23,\"parent_id\":20,\"attr_name\":\"机身宽度\",\"description\":\"\",\"icon\":\"\",\"goods_type_id\":1,\"attr_index\":0,\"attr_input_type\":0,\"attr_values\":[],\"is_important\":0,\"sort\":4},{\"goods_attribute_id\":24,\"parent_id\":20,\"attr_name\":\"机身厚度\",\"description\":\"\",\"icon\":\"\",\"goods_type_id\":1,\"attr_index\":0,\"attr_input_type\":0,\"attr_values\":[],\"is_important\":0,\"sort\":5},{\"goods_attribute_id\":26,\"parent_id\":20,\"attr_name\":\"机身材质\",\"description\":\"\",\"icon\":\"\",\"goods_type_id\":1,\"attr_index\":0,\"attr_input_type\":1,\"attr_values\":[\"塑料\",\"玻璃\",\"合金\",\"其他\"],\"is_important\":0,\"sort\":6,\"result\":[]}]}]'),
(29, 286, '[{\"goods_attribute_id\":6,\"attr_name\":\"颜色\",\"description\":\"\",\"icon\":\"\",\"goods_type_id\":3,\"sort\":50,\"get_attribute\":[]}]'),
(30, 287, '[{\"goods_attribute_id\":4,\"attr_name\":\"特性\",\"description\":\"特性\",\"icon\":\"aliyun.oss.careyshop.cn\\/uploads\\/files\\/20191112\\/24a5e752-d51e-448a-8995-353b16d92345.png?type=aliyun\",\"goods_type_id\":2,\"sort\":50,\"get_attribute\":[{\"goods_attribute_id\":5,\"parent_id\":4,\"attr_name\":\"TRIM\",\"description\":\"\",\"icon\":\"aliyun.oss.careyshop.cn\\/uploads\\/files\\/20191112\\/e4017d38-4ca8-49ef-860f-2000867b997b.png?type=aliyun\",\"goods_type_id\":2,\"attr_index\":0,\"attr_input_type\":1,\"attr_values\":[\"支持\",\"不支持\"],\"is_important\":1,\"sort\":50,\"result\":[\"支持\"],\"attr_value\":[]},{\"goods_attribute_id\":29,\"parent_id\":4,\"attr_name\":\"属性\",\"description\":\"\",\"icon\":\"\",\"goods_type_id\":2,\"attr_index\":0,\"attr_input_type\":2,\"attr_values\":[\"1\",\"2\",\"3\"],\"is_important\":1,\"sort\":50,\"result\":[\"1\"],\"attr_value\":[]},{\"goods_attribute_id\":31,\"parent_id\":4,\"attr_name\":\"手工填写\",\"description\":\"\",\"icon\":\"\",\"goods_type_id\":2,\"attr_index\":0,\"attr_input_type\":2,\"attr_values\":[\"手工填写\",\"AAA手工填写AAA\",\"BBB手工填写BBB\"],\"is_important\":0,\"sort\":50,\"result\":[\"写点什么呢\"],\"attr_value\":[]},{\"goods_attribute_id\":33,\"parent_id\":4,\"attr_name\":\"空值\",\"description\":\"\",\"icon\":\"\",\"goods_type_id\":2,\"attr_index\":0,\"attr_input_type\":0,\"attr_values\":[\"这是默认值1\\n这是默认值2\\n这是默认值3\"],\"is_important\":0,\"sort\":50,\"result\":\"这是默认值1\\n这是默认值2\\n这是默认值3\"}]}]'),
(31, 288, '[{\"goods_attribute_id\":4,\"attr_name\":\"特性\",\"description\":\"特性\",\"icon\":\"aliyun.oss.careyshop.cn\\/uploads\\/files\\/20191112\\/24a5e752-d51e-448a-8995-353b16d92345.png?type=aliyun\",\"goods_type_id\":2,\"sort\":50,\"get_attribute\":[{\"goods_attribute_id\":5,\"parent_id\":4,\"attr_name\":\"TRIM\",\"description\":\"\",\"icon\":\"aliyun.oss.careyshop.cn\\/uploads\\/files\\/20191112\\/e4017d38-4ca8-49ef-860f-2000867b997b.png?type=aliyun\",\"goods_type_id\":2,\"attr_index\":0,\"attr_input_type\":1,\"attr_values\":[\"支持\",\"不支持\"],\"is_important\":1,\"sort\":50,\"result\":[\"支持\"],\"attr_value\":[\"支持\"]},{\"goods_attribute_id\":29,\"parent_id\":4,\"attr_name\":\"属性\",\"description\":\"\",\"icon\":\"\",\"goods_type_id\":2,\"attr_index\":0,\"attr_input_type\":2,\"attr_values\":[\"1\",\"2\",\"3\"],\"is_important\":1,\"sort\":50,\"result\":[],\"attr_value\":[\"1\",\"2\"]},{\"goods_attribute_id\":31,\"parent_id\":4,\"attr_name\":\"手工填写\",\"description\":\"\",\"icon\":\"\",\"goods_type_id\":2,\"attr_index\":0,\"attr_input_type\":2,\"attr_values\":[\"手工填写\",\"AAA手工填写AAA\",\"BBB手工填写BBB\"],\"is_important\":0,\"sort\":50,\"result\":[\"这是手写的\"],\"attr_value\":[\"这是手写的\"]},{\"goods_attribute_id\":33,\"parent_id\":4,\"attr_name\":\"空值\",\"description\":\"\",\"icon\":\"\",\"goods_type_id\":2,\"attr_index\":0,\"attr_input_type\":0,\"attr_values\":[\"这是默认值1\\n这是默认值2\\n这是默认值3\"],\"is_important\":0,\"sort\":50,\"result\":\"这是默认值1a\\n这是默认值2a\\n这是默认值3a\",\"attr_value\":\"这是默认值1a\\n这是默认值2a\\n这是默认值3a\"}]}]'),
(32, 289, '[{\"goods_attribute_id\":1,\"attr_name\":\"主体\",\"description\":\"AAA\",\"icon\":\"\",\"goods_type_id\":1,\"sort\":50,\"get_attribute\":[{\"goods_attribute_id\":2,\"parent_id\":1,\"attr_name\":\"型号\",\"description\":\"\",\"icon\":\"https:\\/\\/image.suning.cn\\/uimg\\/PCMS\\/prmtExposition\\/149317753144984207.png\",\"goods_type_id\":1,\"attr_index\":0,\"attr_input_type\":0,\"attr_values\":[],\"is_important\":1,\"sort\":50,\"attr_value\":\"华为荣耀10青春版\"},{\"goods_attribute_id\":3,\"parent_id\":1,\"attr_name\":\"品牌\",\"description\":\"\",\"icon\":\"https:\\/\\/image.suning.cn\\/uimg\\/PCMS\\/prmtExposition\\/149317754593735652.png\",\"goods_type_id\":1,\"attr_index\":1,\"attr_input_type\":0,\"attr_values\":[],\"is_important\":1,\"sort\":10,\"attr_value\":\"华为\"},{\"goods_attribute_id\":16,\"parent_id\":1,\"attr_name\":\"上市时间\",\"description\":\"\",\"icon\":\"\",\"goods_type_id\":1,\"attr_index\":0,\"attr_input_type\":0,\"attr_values\":[],\"is_important\":1,\"sort\":50,\"attr_value\":\"2018年 11月\"},{\"goods_attribute_id\":17,\"parent_id\":1,\"attr_name\":\"入网许可证号\",\"description\":\"\",\"icon\":\"\",\"goods_type_id\":1,\"attr_index\":0,\"attr_input_type\":0,\"attr_values\":[],\"is_important\":1,\"sort\":50,\"attr_value\":\"HRY-AL00\\/HRY-AL00a\"}]},{\"goods_attribute_id\":18,\"attr_name\":\"系统\",\"description\":\"\",\"icon\":\"\",\"goods_type_id\":1,\"sort\":50,\"get_attribute\":[{\"goods_attribute_id\":19,\"parent_id\":18,\"attr_name\":\"手机操作系统\",\"description\":\"\",\"icon\":\"\",\"goods_type_id\":1,\"attr_index\":1,\"attr_input_type\":1,\"attr_values\":[\"IOS\",\"Android\"],\"is_important\":1,\"sort\":50,\"attr_value\":[\"Android\"]}]},{\"goods_attribute_id\":20,\"attr_name\":\"基本信息\",\"description\":\"\",\"icon\":\"\",\"goods_type_id\":1,\"sort\":50,\"get_attribute\":[{\"goods_attribute_id\":21,\"parent_id\":20,\"attr_name\":\"颜色\",\"description\":\"\",\"icon\":\"\",\"goods_type_id\":1,\"attr_index\":1,\"attr_input_type\":2,\"attr_values\":[\"白色\",\"黑色\",\"蓝色\",\"紫色\",\"红色\",\"黄色\",\"绿色\"],\"is_important\":1,\"sort\":1,\"attr_value\":[\"白色\",\"黑色\"]},{\"goods_attribute_id\":25,\"parent_id\":20,\"attr_name\":\"重量\",\"description\":\"\",\"icon\":\"\",\"goods_type_id\":1,\"attr_index\":0,\"attr_input_type\":0,\"attr_values\":[],\"is_important\":1,\"sort\":2,\"attr_value\":\"约162克（含电池）\"},{\"goods_attribute_id\":22,\"parent_id\":20,\"attr_name\":\"机身长度\",\"description\":\"\",\"icon\":\"\",\"goods_type_id\":1,\"attr_index\":0,\"attr_input_type\":0,\"attr_values\":[],\"is_important\":1,\"sort\":3,\"attr_value\":\"154.8mm\"},{\"goods_attribute_id\":23,\"parent_id\":20,\"attr_name\":\"机身宽度\",\"description\":\"\",\"icon\":\"\",\"goods_type_id\":1,\"attr_index\":0,\"attr_input_type\":0,\"attr_values\":[],\"is_important\":0,\"sort\":4,\"attr_value\":\"73.64mm\"},{\"goods_attribute_id\":24,\"parent_id\":20,\"attr_name\":\"机身厚度\",\"description\":\"\",\"icon\":\"\",\"goods_type_id\":1,\"attr_index\":0,\"attr_input_type\":0,\"attr_values\":[],\"is_important\":0,\"sort\":5,\"attr_value\":\"7.95mm\"},{\"goods_attribute_id\":26,\"parent_id\":20,\"attr_name\":\"机身材质\",\"description\":\"\",\"icon\":\"\",\"goods_type_id\":1,\"attr_index\":0,\"attr_input_type\":1,\"attr_values\":[\"塑料\",\"玻璃\",\"合金\",\"其他\"],\"is_important\":1,\"sort\":6,\"attr_value\":[\"合金\"]}]},{\"goods_attribute_id\":12,\"attr_name\":\"清单\",\"description\":\"\",\"icon\":\"\",\"goods_type_id\":1,\"sort\":10,\"get_attribute\":[{\"goods_attribute_id\":15,\"parent_id\":12,\"attr_name\":\"包装清单\",\"description\":\"\",\"icon\":\"\",\"goods_type_id\":1,\"attr_index\":0,\"attr_input_type\":0,\"attr_values\":[],\"is_important\":1,\"sort\":50,\"attr_value\":\"外包装采用贴防拆标签，彩盒内标配：\\n1）手机 x 1； \\n2）电池（内置）x 1； \\n3）充电器 x 1； \\n4） 数据线 x 1； \\n5）快速指南 x 1； \\n6）三包凭证 x 1； \\n7）取卡针 x 1； \\n8）保护壳 x 1；\"},{\"goods_attribute_id\":27,\"parent_id\":12,\"attr_name\":\"特意出现比较长的内容用来测试样式\",\"description\":\"\",\"icon\":\"\",\"goods_type_id\":1,\"attr_index\":0,\"attr_input_type\":0,\"attr_values\":[\"默认值\"],\"is_important\":1,\"sort\":50,\"attr_value\":\"其它\"}]}]'),
(33, 290, '[{\"goods_attribute_id\":12,\"attr_name\":\"清单\",\"description\":\"\",\"icon\":\"\",\"goods_type_id\":1,\"sort\":10,\"get_attribute\":[{\"goods_attribute_id\":15,\"parent_id\":12,\"attr_name\":\"包装清单\",\"description\":\"\",\"icon\":\"\",\"goods_type_id\":1,\"attr_index\":0,\"attr_input_type\":0,\"attr_values\":[],\"is_important\":1,\"sort\":50},{\"goods_attribute_id\":27,\"parent_id\":12,\"attr_name\":\"测试特意出现比较长的内容用来样式\",\"description\":\"测试特意出现比较长的内容用来样式\",\"icon\":\"\",\"goods_type_id\":1,\"attr_index\":0,\"attr_input_type\":0,\"attr_values\":[\"默认值\"],\"is_important\":0,\"sort\":50}]},{\"goods_attribute_id\":1,\"attr_name\":\"主体\",\"description\":\"AAA\",\"icon\":\"\",\"goods_type_id\":1,\"sort\":50,\"get_attribute\":[{\"goods_attribute_id\":3,\"parent_id\":1,\"attr_name\":\"品牌\",\"description\":\"\",\"icon\":\"https:\\/\\/image.suning.cn\\/uimg\\/PCMS\\/prmtExposition\\/149317754593735652.png\",\"goods_type_id\":1,\"attr_index\":1,\"attr_input_type\":0,\"attr_values\":[],\"is_important\":1,\"sort\":10},{\"goods_attribute_id\":2,\"parent_id\":1,\"attr_name\":\"型号\",\"description\":\"\",\"icon\":\"https:\\/\\/image.suning.cn\\/uimg\\/PCMS\\/prmtExposition\\/149317753144984207.png\",\"goods_type_id\":1,\"attr_index\":0,\"attr_input_type\":0,\"attr_values\":[],\"is_important\":1,\"sort\":50},{\"goods_attribute_id\":16,\"parent_id\":1,\"attr_name\":\"上市时间\",\"description\":\"\",\"icon\":\"\",\"goods_type_id\":1,\"attr_index\":0,\"attr_input_type\":0,\"attr_values\":[],\"is_important\":1,\"sort\":50},{\"goods_attribute_id\":17,\"parent_id\":1,\"attr_name\":\"入网许可证号\",\"description\":\"工业代号或者入网型号\",\"icon\":\"\",\"goods_type_id\":1,\"attr_index\":0,\"attr_input_type\":0,\"attr_values\":[],\"is_important\":1,\"sort\":50}]},{\"goods_attribute_id\":18,\"attr_name\":\"系统\",\"description\":\"\",\"icon\":\"\",\"goods_type_id\":1,\"sort\":50,\"get_attribute\":[{\"goods_attribute_id\":19,\"parent_id\":18,\"attr_name\":\"手机操作系统\",\"description\":\"\",\"icon\":\"\",\"goods_type_id\":1,\"attr_index\":1,\"attr_input_type\":1,\"attr_values\":[\"IOS\",\"Android\"],\"is_important\":1,\"sort\":50,\"attr_value\":[]}]},{\"goods_attribute_id\":20,\"attr_name\":\"基本信息\",\"description\":\"\",\"icon\":\"\",\"goods_type_id\":1,\"sort\":50,\"get_attribute\":[{\"goods_attribute_id\":21,\"parent_id\":20,\"attr_name\":\"颜色\",\"description\":\"备注颜色必须与页面介绍、产品说明书、外包装等一致\",\"icon\":\"\",\"goods_type_id\":1,\"attr_index\":1,\"attr_input_type\":2,\"attr_values\":[\"白色\",\"黑色\",\"蓝色\",\"紫色\",\"红色\",\"黄色\",\"绿色\"],\"is_important\":1,\"sort\":1,\"attr_value\":[]},{\"goods_attribute_id\":25,\"parent_id\":20,\"attr_name\":\"重量\",\"description\":\"实际尺寸依配置、制造工艺、测量方法的不同可能有所差异。\",\"icon\":\"\",\"goods_type_id\":1,\"attr_index\":0,\"attr_input_type\":0,\"attr_values\":[],\"is_important\":1,\"sort\":2},{\"goods_attribute_id\":22,\"parent_id\":20,\"attr_name\":\"机身长度\",\"description\":\"实际尺寸依配置、制造工艺、测量方法的不同可能有所差异。\",\"icon\":\"\",\"goods_type_id\":1,\"attr_index\":0,\"attr_input_type\":0,\"attr_values\":[],\"is_important\":0,\"sort\":3},{\"goods_attribute_id\":23,\"parent_id\":20,\"attr_name\":\"机身宽度\",\"description\":\"实际尺寸依配置、制造工艺、测量方法的不同可能有所差异。\",\"icon\":\"\",\"goods_type_id\":1,\"attr_index\":0,\"attr_input_type\":0,\"attr_values\":[],\"is_important\":0,\"sort\":4},{\"goods_attribute_id\":24,\"parent_id\":20,\"attr_name\":\"机身厚度\",\"description\":\"实际尺寸依配置、制造工艺、测量方法的不同可能有所差异。\",\"icon\":\"\",\"goods_type_id\":1,\"attr_index\":0,\"attr_input_type\":0,\"attr_values\":[],\"is_important\":0,\"sort\":5},{\"goods_attribute_id\":26,\"parent_id\":20,\"attr_name\":\"机身材质\",\"description\":\"\",\"icon\":\"\",\"goods_type_id\":1,\"attr_index\":0,\"attr_input_type\":1,\"attr_values\":[\"塑料\",\"玻璃\",\"合金\",\"其他\"],\"is_important\":1,\"sort\":6,\"attr_value\":[]}]}]'),
(34, 291, '[{\"goods_attribute_id\":12,\"attr_name\":\"清单\",\"description\":\"\",\"icon\":\"\",\"goods_type_id\":1,\"sort\":10,\"get_attribute\":[{\"goods_attribute_id\":15,\"parent_id\":12,\"attr_name\":\"包装清单\",\"description\":\"\",\"icon\":\"\",\"goods_type_id\":1,\"attr_index\":0,\"attr_input_type\":0,\"attr_values\":[],\"is_important\":1,\"sort\":50},{\"goods_attribute_id\":27,\"parent_id\":12,\"attr_name\":\"测试特意出现比较长的内容用来样式\",\"description\":\"测试特意出现比较长的内容用来样式\",\"icon\":\"\",\"goods_type_id\":1,\"attr_index\":0,\"attr_input_type\":0,\"attr_values\":[\"默认值\"],\"is_important\":0,\"sort\":50}]},{\"goods_attribute_id\":1,\"attr_name\":\"主体\",\"description\":\"AAA\",\"icon\":\"\",\"goods_type_id\":1,\"sort\":50,\"get_attribute\":[{\"goods_attribute_id\":3,\"parent_id\":1,\"attr_name\":\"品牌\",\"description\":\"\",\"icon\":\"https:\\/\\/image.suning.cn\\/uimg\\/PCMS\\/prmtExposition\\/149317754593735652.png\",\"goods_type_id\":1,\"attr_index\":1,\"attr_input_type\":0,\"attr_values\":[],\"is_important\":1,\"sort\":10},{\"goods_attribute_id\":2,\"parent_id\":1,\"attr_name\":\"型号\",\"description\":\"\",\"icon\":\"https:\\/\\/image.suning.cn\\/uimg\\/PCMS\\/prmtExposition\\/149317753144984207.png\",\"goods_type_id\":1,\"attr_index\":0,\"attr_input_type\":0,\"attr_values\":[],\"is_important\":1,\"sort\":50},{\"goods_attribute_id\":16,\"parent_id\":1,\"attr_name\":\"上市时间\",\"description\":\"\",\"icon\":\"\",\"goods_type_id\":1,\"attr_index\":0,\"attr_input_type\":0,\"attr_values\":[],\"is_important\":1,\"sort\":50},{\"goods_attribute_id\":17,\"parent_id\":1,\"attr_name\":\"入网许可证号\",\"description\":\"工业代号或者入网型号\",\"icon\":\"\",\"goods_type_id\":1,\"attr_index\":0,\"attr_input_type\":0,\"attr_values\":[],\"is_important\":1,\"sort\":50}]},{\"goods_attribute_id\":18,\"attr_name\":\"系统\",\"description\":\"\",\"icon\":\"\",\"goods_type_id\":1,\"sort\":50,\"get_attribute\":[{\"goods_attribute_id\":19,\"parent_id\":18,\"attr_name\":\"手机操作系统\",\"description\":\"\",\"icon\":\"\",\"goods_type_id\":1,\"attr_index\":1,\"attr_input_type\":1,\"attr_values\":[\"IOS\",\"Android\"],\"is_important\":1,\"sort\":50,\"attr_value\":[]}]},{\"goods_attribute_id\":20,\"attr_name\":\"基本信息\",\"description\":\"\",\"icon\":\"\",\"goods_type_id\":1,\"sort\":50,\"get_attribute\":[{\"goods_attribute_id\":21,\"parent_id\":20,\"attr_name\":\"颜色\",\"description\":\"备注颜色必须与页面介绍、产品说明书、外包装等一致\",\"icon\":\"\",\"goods_type_id\":1,\"attr_index\":1,\"attr_input_type\":2,\"attr_values\":[\"白色\",\"黑色\",\"蓝色\",\"紫色\",\"红色\",\"黄色\",\"绿色\"],\"is_important\":1,\"sort\":1,\"attr_value\":[]},{\"goods_attribute_id\":25,\"parent_id\":20,\"attr_name\":\"重量\",\"description\":\"实际尺寸依配置、制造工艺、测量方法的不同可能有所差异。\",\"icon\":\"\",\"goods_type_id\":1,\"attr_index\":0,\"attr_input_type\":0,\"attr_values\":[],\"is_important\":1,\"sort\":2},{\"goods_attribute_id\":22,\"parent_id\":20,\"attr_name\":\"机身长度\",\"description\":\"实际尺寸依配置、制造工艺、测量方法的不同可能有所差异。\",\"icon\":\"\",\"goods_type_id\":1,\"attr_index\":0,\"attr_input_type\":0,\"attr_values\":[],\"is_important\":0,\"sort\":3},{\"goods_attribute_id\":23,\"parent_id\":20,\"attr_name\":\"机身宽度\",\"description\":\"实际尺寸依配置、制造工艺、测量方法的不同可能有所差异。\",\"icon\":\"\",\"goods_type_id\":1,\"attr_index\":0,\"attr_input_type\":0,\"attr_values\":[],\"is_important\":0,\"sort\":4},{\"goods_attribute_id\":24,\"parent_id\":20,\"attr_name\":\"机身厚度\",\"description\":\"实际尺寸依配置、制造工艺、测量方法的不同可能有所差异。\",\"icon\":\"\",\"goods_type_id\":1,\"attr_index\":0,\"attr_input_type\":0,\"attr_values\":[],\"is_important\":0,\"sort\":5},{\"goods_attribute_id\":26,\"parent_id\":20,\"attr_name\":\"机身材质\",\"description\":\"\",\"icon\":\"\",\"goods_type_id\":1,\"attr_index\":0,\"attr_input_type\":1,\"attr_values\":[\"塑料\",\"玻璃\",\"合金\",\"其他\"],\"is_important\":1,\"sort\":6,\"attr_value\":[]}]}]'),
(35, 185, '[{\"goods_attribute_id\":12,\"attr_name\":\"清单\",\"description\":\"\",\"icon\":\"\",\"goods_type_id\":1,\"sort\":10,\"get_attribute\":[{\"goods_attribute_id\":15,\"parent_id\":12,\"attr_name\":\"包装清单\",\"description\":\"\",\"icon\":\"\",\"goods_type_id\":1,\"attr_index\":0,\"attr_input_type\":0,\"attr_values\":[],\"is_important\":1,\"sort\":50},{\"goods_attribute_id\":27,\"parent_id\":12,\"attr_name\":\"测试特意出现比较长的内容用来样式\",\"description\":\"测试特意出现比较长的内容用来样式\",\"icon\":\"\",\"goods_type_id\":1,\"attr_index\":0,\"attr_input_type\":0,\"attr_values\":[\"默认值\"],\"is_important\":0,\"sort\":50}]},{\"goods_attribute_id\":1,\"attr_name\":\"主体\",\"description\":\"AAA\",\"icon\":\"\",\"goods_type_id\":1,\"sort\":50,\"get_attribute\":[{\"goods_attribute_id\":3,\"parent_id\":1,\"attr_name\":\"品牌\",\"description\":\"\",\"icon\":\"https:\\/\\/image.suning.cn\\/uimg\\/PCMS\\/prmtExposition\\/149317754593735652.png\",\"goods_type_id\":1,\"attr_index\":1,\"attr_input_type\":0,\"attr_values\":[],\"is_important\":1,\"sort\":10},{\"goods_attribute_id\":2,\"parent_id\":1,\"attr_name\":\"型号\",\"description\":\"\",\"icon\":\"https:\\/\\/image.suning.cn\\/uimg\\/PCMS\\/prmtExposition\\/149317753144984207.png\",\"goods_type_id\":1,\"attr_index\":0,\"attr_input_type\":0,\"attr_values\":[],\"is_important\":1,\"sort\":50},{\"goods_attribute_id\":16,\"parent_id\":1,\"attr_name\":\"上市时间\",\"description\":\"\",\"icon\":\"\",\"goods_type_id\":1,\"attr_index\":0,\"attr_input_type\":0,\"attr_values\":[],\"is_important\":1,\"sort\":50},{\"goods_attribute_id\":17,\"parent_id\":1,\"attr_name\":\"入网许可证号\",\"description\":\"工业代号或者入网型号\",\"icon\":\"\",\"goods_type_id\":1,\"attr_index\":0,\"attr_input_type\":0,\"attr_values\":[],\"is_important\":1,\"sort\":50}]},{\"goods_attribute_id\":18,\"attr_name\":\"系统\",\"description\":\"\",\"icon\":\"\",\"goods_type_id\":1,\"sort\":50,\"get_attribute\":[{\"goods_attribute_id\":19,\"parent_id\":18,\"attr_name\":\"手机操作系统\",\"description\":\"\",\"icon\":\"\",\"goods_type_id\":1,\"attr_index\":1,\"attr_input_type\":1,\"attr_values\":[\"IOS\",\"Android\"],\"is_important\":1,\"sort\":50,\"attr_value\":[]}]},{\"goods_attribute_id\":20,\"attr_name\":\"基本信息\",\"description\":\"\",\"icon\":\"\",\"goods_type_id\":1,\"sort\":50,\"get_attribute\":[{\"goods_attribute_id\":21,\"parent_id\":20,\"attr_name\":\"颜色\",\"description\":\"备注颜色必须与页面介绍、产品说明书、外包装等一致\",\"icon\":\"\",\"goods_type_id\":1,\"attr_index\":1,\"attr_input_type\":2,\"attr_values\":[\"白色\",\"黑色\",\"蓝色\",\"紫色\",\"红色\",\"黄色\",\"绿色\"],\"is_important\":1,\"sort\":1,\"attr_value\":[]},{\"goods_attribute_id\":25,\"parent_id\":20,\"attr_name\":\"重量\",\"description\":\"实际尺寸依配置、制造工艺、测量方法的不同可能有所差异。\",\"icon\":\"\",\"goods_type_id\":1,\"attr_index\":0,\"attr_input_type\":0,\"attr_values\":[],\"is_important\":1,\"sort\":2},{\"goods_attribute_id\":22,\"parent_id\":20,\"attr_name\":\"机身长度\",\"description\":\"实际尺寸依配置、制造工艺、测量方法的不同可能有所差异。\",\"icon\":\"\",\"goods_type_id\":1,\"attr_index\":0,\"attr_input_type\":0,\"attr_values\":[],\"is_important\":0,\"sort\":3},{\"goods_attribute_id\":23,\"parent_id\":20,\"attr_name\":\"机身宽度\",\"description\":\"实际尺寸依配置、制造工艺、测量方法的不同可能有所差异。\",\"icon\":\"\",\"goods_type_id\":1,\"attr_index\":0,\"attr_input_type\":0,\"attr_values\":[],\"is_important\":0,\"sort\":4},{\"goods_attribute_id\":24,\"parent_id\":20,\"attr_name\":\"机身厚度\",\"description\":\"实际尺寸依配置、制造工艺、测量方法的不同可能有所差异。\",\"icon\":\"\",\"goods_type_id\":1,\"attr_index\":0,\"attr_input_type\":0,\"attr_values\":[],\"is_important\":0,\"sort\":5},{\"goods_attribute_id\":26,\"parent_id\":20,\"attr_name\":\"机身材质\",\"description\":\"\",\"icon\":\"\",\"goods_type_id\":1,\"attr_index\":0,\"attr_input_type\":1,\"attr_values\":[\"塑料\",\"玻璃\",\"合金\",\"其他\",\"test\"],\"is_important\":1,\"sort\":6,\"attr_value\":[\"test\"]}]}]'),
(36, 293, '[{\"goods_attribute_id\":6,\"attr_name\":\"颜色\",\"description\":\"\",\"icon\":\"\",\"goods_type_id\":3,\"sort\":50,\"get_attribute\":[]}]');

DROP TABLE IF EXISTS `donkey_goods_category`;
CREATE TABLE `donkey_goods_category` (
  `goods_category_id` smallint(5) UNSIGNED NOT NULL,
  `parent_id` smallint(5) UNSIGNED NOT NULL DEFAULT '0' COMMENT '父id',
  `name` varchar(100) COLLATE utf8mb4_unicode_ci NOT NULL COMMENT '名称',
  `name_phonetic` varchar(10) COLLATE utf8mb4_unicode_ci NOT NULL DEFAULT '' COMMENT '名称首拼',
  `alias` varchar(50) COLLATE utf8mb4_unicode_ci NOT NULL DEFAULT '' COMMENT '别名',
  `alias_phonetic` varchar(10) COLLATE utf8mb4_unicode_ci NOT NULL DEFAULT '' COMMENT '别名首拼',
  `category_pic` varchar(512) COLLATE utf8mb4_unicode_ci NOT NULL DEFAULT '' COMMENT '图片',
  `category_ico` varchar(50) COLLATE utf8mb4_unicode_ci NOT NULL DEFAULT '' COMMENT '图标',
  `keywords` varchar(255) COLLATE utf8mb4_unicode_ci NOT NULL DEFAULT '' COMMENT '关键词',
  `description` varchar(255) COLLATE utf8mb4_unicode_ci NOT NULL DEFAULT '' COMMENT '描述',
  `category_type` tinyint(3) NOT NULL DEFAULT '0' COMMENT '类型(自定义)',
  `sort` tinyint(3) UNSIGNED NOT NULL DEFAULT '50' COMMENT '排序',
  `is_navi` tinyint(1) NOT NULL DEFAULT '0' COMMENT '导航 0=否 1=是',
  `status` tinyint(1) NOT NULL DEFAULT '1' COMMENT '0=禁用 1=启用'
) ENGINE=InnoDB DEFAULT CHARSET=utf8mb4 COLLATE=utf8mb4_unicode_ci COMMENT='商品分类';

INSERT INTO `donkey_goods_category` (`goods_category_id`, `parent_id`, `name`, `name_phonetic`, `alias`, `alias_phonetic`, `category_pic`, `category_ico`, `keywords`, `description`, `category_type`, `sort`, `is_navi`, `status`) VALUES
(1, 0, '手机 、 数码 、 通信', 's', '数码产品', 's', '', '', '', '', 0, 50, 0, 1),
(2, 0, '家用电器', 'j', '家用电器', 'j', '', '', '', '', 0, 50, 0, 1),
(3, 0, '电脑、办公', 'd', '电脑', 'd', '', '', '', '', 0, 50, 0, 1),
(4, 0, '家居、家具、家装、厨具', 'j', '家具', 'j', '', '', '', '', 0, 50, 0, 1),
(5, 0, '男装、女装、童装、内衣', 'n', '服装', 'f', '', '', '', '', 0, 50, 0, 1),
(6, 0, '个人化妆', 'g', '个人化妆', 'g', '', '', '', '', 0, 50, 0, 1),
(7, 0, '鞋、箱包、珠宝、手表', 'x', '箱包', 'x', '', '', '', '', 0, 50, 0, 1),
(8, 0, '运动户外', 'y', '运动户外', 'y', '', '', '', '', 0, 50, 0, 1),
(9, 0, '汽车用品', 'q', '汽车用品', 'q', '', '', '', '', 0, 50, 0, 1),
(10, 0, '母婴用品、儿童玩具', 'm', '母婴用品', 'm', '', '', '', '', 0, 50, 0, 1),
(11, 0, '图书、音像、电子书', 't', '书籍影像', 't', '', '', '', '', 0, 50, 0, 1),
(12, 1, '手机配件', 's', '手机配件', 's', '', '', '', '', 0, 50, 0, 1),
(13, 1, '摄影摄像', 's', '摄影摄像', 's', '', '', '', '', 0, 50, 0, 1),
(14, 1, '运营商', 'y', '运营商', 'y', '', '', '', '', 0, 50, 0, 1),
(15, 1, '数码配件', 's', '数码配件', 's', '', '', '', '', 0, 50, 0, 1),
(16, 1, '娱乐影视', 'y', '娱乐影视', 'y', '', '', '', '', 0, 50, 0, 1),
(17, 1, '电子教育', 'd', '电子教育', 'd', '', '', '', '', 0, 50, 0, 1),
(18, 1, '手机通讯', 's', '手机通讯', 's', '', '', '', '', 0, 50, 0, 1),
(19, 2, '生活电器', 's', '生活电器', 's', '', '', '', '', 0, 50, 0, 1),
(20, 2, '大家电', 'd', '大家电', 'd', '', '', '', '', 0, 50, 0, 1),
(21, 2, '厨房电器', 'c', '厨房电器', 'c', '', '', '', '', 0, 50, 0, 1),
(22, 2, '个护健康', 'g', '个护健康', 'g', '', '', '', '', 0, 50, 0, 1),
(23, 2, '五金交电', 'w', '五金交电', 'w', '', '', '', '', 0, 50, 0, 1),
(24, 3, '网络产品', 'w', '网络产品', 'w', '', '', '', '', 0, 50, 0, 1),
(25, 3, '办公设备', 'b', '办公设备', 'b', '', '', '', '', 0, 50, 0, 1),
(26, 3, '文具耗材', 'w', '文具耗材', 'w', '', '', '', '', 0, 50, 0, 1),
(27, 3, '电脑整机', 'd', '电脑整机', 'd', '', '', '', '', 0, 50, 0, 1),
(28, 3, '电脑配件', 'd', '电脑配件', 'd', '', '', '', '', 0, 50, 0, 1),
(29, 3, '外设产品', 'w', '外设产品', 'w', '', '', '', '', 0, 50, 0, 1),
(30, 3, '游戏设备', 'y', '游戏设备', 'y', '', '', '', '', 0, 50, 0, 1),
(31, 4, '生活日用', 's', '生活日用', 's', '', '', '', '', 0, 50, 0, 1),
(32, 4, '家装软饰', 'j', '家装软饰', 'j', '', '', '', '', 0, 50, 0, 1),
(33, 4, '宠物生活', 'c', '宠物生活', 'c', '', '', '', '', 0, 50, 0, 1),
(34, 4, '厨具', 'c', '厨具', 'c', '', '', '', '', 0, 50, 0, 1),
(35, 4, '家装建材', 'j', '家装建材', 'j', '', '', '', '', 0, 50, 0, 1),
(36, 4, '家纺', 'j', '家纺', 'j', '', '', '', '', 0, 50, 0, 1),
(37, 4, '家具', 'j', '家具', 'j', '', '', '', '', 0, 50, 0, 1),
(38, 4, '灯具', 'd', '灯具', 'd', '', '', '', '', 0, 50, 0, 1),
(39, 5, '女装', 'n', '女装', 'n', '', '', '', '', 0, 50, 0, 1),
(40, 5, '男装', 'n', '男装', 'n', '', '', '', '', 0, 50, 0, 1),
(41, 5, '内衣', 'n', '内衣', 'n', '', '', '', '', 0, 50, 0, 1),
(42, 6, '身体护肤', 's', '身体护肤', 's', '', '', '', '', 0, 50, 0, 1),
(43, 6, '口腔护理', 'k', '口腔护理', 'k', '', '', '', '', 0, 50, 0, 1),
(44, 6, '女性护理', 'n', '女性护理', 'n', '', '', '', '', 0, 50, 0, 1),
(45, 6, '香水彩妆', 'x', '香水彩妆', 'x', '', '', '', '', 0, 50, 0, 1),
(46, 6, '清洁用品', 'q', '清洁用品', 'q', '', '', '', '', 0, 50, 0, 1),
(47, 6, '面部护肤', 'm', '面部护肤', 'm', '', '', '', '', 0, 50, 0, 1),
(48, 6, '洗发护发', 'x', '洗发护发', 'x', '', '', '', '', 0, 50, 0, 1),
(49, 7, '精品男包', 'j', '精品男包', 'j', '', '', '', '', 0, 50, 0, 1),
(50, 7, '功能箱包', 'g', '功能箱包', 'g', '', '', '', '', 0, 50, 0, 1),
(51, 7, '珠宝', 'z', '珠宝', 'z', '', '', '', '', 0, 50, 0, 1),
(52, 7, '钟表', 'z', '钟表', 'z', '', '', '', '', 0, 50, 0, 1),
(53, 7, '时尚女鞋', 's', '时尚女鞋', 's', '', '', '', '', 0, 50, 0, 1),
(54, 7, '流行男鞋', 'l', '流行男鞋', 'l', '', '', '', '', 0, 50, 0, 1),
(55, 7, '潮流女包', 'c', '潮流女包', 'c', '', '', '', '', 0, 50, 0, 1),
(56, 8, '体育用品', 't', '体育用品', 't', '', '', '', '', 0, 50, 0, 1),
(57, 8, '户外鞋服', 'h', '户外鞋服', 'h', '', '', '', '', 0, 50, 0, 1),
(58, 8, '户外装备', 'h', '户外装备', 'h', '', '', '', '', 0, 50, 0, 1),
(59, 8, '垂钓用品', 'c', '垂钓用品', 'c', '', '', '', '', 0, 50, 0, 1),
(60, 8, '运动鞋包', 'y', '运动鞋包', 'y', '', '', '', '', 0, 50, 0, 1),
(61, 8, '游泳用品', 'y', '游泳用品', 'y', '', '', '', '', 0, 50, 0, 1),
(62, 8, '运动服饰', 'y', '运动服饰', 'y', '', '', '', '', 0, 50, 0, 1),
(63, 8, '健身训练', 'j', '健身训练', 'j', '', '', '', '', 0, 50, 0, 1),
(64, 8, '骑行运动', 'q', '骑行运动', 'q', '', '', '', '', 0, 50, 0, 1),
(65, 9, '车载电器', 'c', '车载电器', 'c', '', '', '', '', 0, 50, 0, 1),
(66, 9, '美容清洗', 'm', '美容清洗', 'm', '', '', '', '', 0, 50, 0, 1),
(67, 9, '汽车装饰', 'q', '汽车装饰', 'q', '', '', '', '', 0, 50, 0, 1),
(68, 9, '安全自驾', 'a', '安全自驾', 'a', '', '', '', '', 0, 50, 0, 1),
(69, 9, '线下服务', 'x', '线下服务', 'x', '', '', '', '', 0, 50, 0, 1),
(70, 9, '汽车车型', 'q', '汽车车型', 'q', '', '', '', '', 0, 50, 0, 1),
(71, 9, '汽车品牌', 'q', '汽车品牌', 'q', '', '', '', '', 0, 50, 0, 1),
(72, 9, '维修保养', 'w', '维修保养', 'w', '', '', '', '', 0, 50, 0, 1),
(73, 10, '洗护用品', 'x', '洗护用品', 'x', '', '', '', '', 0, 50, 0, 1),
(74, 10, '喂养用品', 'w', '喂养用品', 'w', '', '', '', '', 0, 50, 0, 1),
(75, 10, '童车童床', 't', '童车童床', 't', '', '', '', '', 0, 50, 0, 1),
(76, 10, '安全座椅', 'a', '安全座椅', 'a', '', '', '', '', 0, 50, 0, 1),
(77, 10, '寝居服饰', 'q', '寝居服饰', 'q', '', '', '', '', 0, 50, 0, 1),
(78, 10, '奶粉', 'n', '奶粉', 'n', '', '', '', '', 0, 50, 0, 1),
(79, 10, '妈妈专区', 'm', '妈妈专区', 'm', '', '', '', '', 0, 50, 0, 1),
(80, 10, '营养辅食', 'y', '营养辅食', 'y', '', '', '', '', 0, 50, 0, 1),
(81, 10, '童装童鞋', 't', '童装童鞋', 't', '', '', '', '', 0, 50, 0, 1),
(82, 10, '尿裤湿巾', 'n', '尿裤湿巾', 'n', '', '', '', '', 0, 50, 0, 1),
(83, 10, '玩具乐器', 'w', '玩具乐器', 'w', '', '', '', '', 0, 50, 0, 1),
(84, 11, '音像', 'y', '音像', 'y', '', '', '', '', 0, 50, 0, 1),
(85, 11, '刊/原版', 'k', '刊/原版', 'k', '', '', '', '', 0, 50, 0, 1),
(86, 11, '少儿', 's', '少儿', 's', '', '', '', '', 0, 50, 0, 1),
(87, 11, '电子书', 'd', '电子书', 'd', '', '', '', '', 0, 50, 0, 1),
(88, 11, '教育', 'j', '教育', 'j', '', '', '', '', 0, 50, 0, 1),
(89, 11, '数字音乐', 's', '数字音乐', 's', '', '', '', '', 0, 50, 0, 1),
(90, 11, '文艺', 'w', '文艺', 'w', '', '', '', '', 0, 50, 0, 1),
(91, 11, '经管励志', 'j', '经管励志', 'j', '', '', '', '', 0, 50, 0, 1),
(92, 11, '人文社科', 'r', '人文社科', 'r', '', '', '', '', 0, 50, 0, 1),
(93, 11, '生活', 's', '生活', 's', '', '', '', '', 0, 50, 0, 1),
(94, 11, '科技', 'k', '科技', 'k', '', '', '', '', 0, 50, 0, 1),
(95, 46, '纸品湿巾', 'z', '纸品湿巾', 'z', '', '', '', '', 0, 50, 0, 1),
(96, 46, '衣物清洁', 'y', '衣物清洁', 'y', '', '', '', '', 0, 50, 0, 1),
(97, 46, '家庭清洁', 'j', '家庭清洁', 'j', '', '', '', '', 0, 50, 0, 1),
(98, 46, '一次性用品', 'y', '一次性用品', 'y', '', '', '', '', 0, 50, 0, 1),
(99, 46, '驱虫用品', 'q', '驱虫用品', 'q', '', '', '', '', 0, 50, 0, 1),
(100, 12, '电池 电源 充电器', 'd', '电池 电源 充电器', 'd', '', '', '', '', 0, 50, 0, 1),
(101, 12, '数据线,耳机', 's', '数据线,耳机', 's', '', '', '', '', 0, 50, 0, 1),
(102, 12, '贴膜,保护套', 't', '贴膜,保护套', 't', '', '', '', '', 0, 50, 0, 1),
(103, 13, '数码相机', 's', '数码相机', 's', '', '', '', '', 0, 50, 0, 1),
(104, 13, '单反相机', 'd', '单反相机', 'd', '', '', '', '', 0, 50, 0, 1),
(105, 13, '摄像机', 's', '摄像机', 's', '', '', '', '', 0, 50, 0, 1),
(106, 13, '镜头', 'j', '镜头', 'j', '', '', '', '', 0, 50, 0, 1),
(107, 13, '数码相框', 's', '数码相框', 's', '', '', '', '', 0, 50, 0, 1),
(108, 14, '选号码', 'x', '选号码', 'x', '', '', '', '', 0, 50, 0, 1),
(109, 14, '办套餐', 'b', '办套餐', 'b', '', '', '', '', 0, 50, 0, 1),
(110, 14, '合约机', 'h', '合约机', 'h', '', '', '', '', 0, 50, 0, 1),
(111, 14, '中国移动', 'z', '中国移动', 'z', '', '', '', '', 0, 50, 0, 1),
(112, 15, '充值卡', 'c', '充值卡', 'c', '', '', '', '', 0, 50, 0, 1),
(113, 15, '读卡器', 'd', '读卡器', 'd', '', '', '', '', 0, 50, 0, 1),
(114, 15, '支架', 'z', '支架', 'z', '', '', '', '', 0, 50, 0, 1),
(115, 15, '滤镜', 'l', '滤镜', 'l', '', '', '', '', 0, 50, 0, 1),
(116, 16, '音响麦克风', 'y', '音响麦克风', 'y', '', '', '', '', 0, 50, 0, 1),
(117, 16, '耳机/耳麦', 'e', '耳机/耳麦', 'e', '', '', '', '', 0, 50, 0, 1),
(118, 17, '学生平板', 'x', '学生平板', 'x', '', '', '', '', 0, 50, 0, 1),
(119, 17, '点读机', 'd', '点读机', 'd', '', '', '', '', 0, 50, 0, 1),
(120, 17, '电纸书', 'd', '电纸书', 'd', '', '', '', '', 0, 50, 0, 1),
(121, 17, '电子词典', 'd', '电子词典', 'd', '', '', '', '', 0, 50, 0, 1),
(122, 17, '复读机', 'f', '复读机', 'f', '', '', '', '', 0, 50, 0, 1),
(123, 1, '手机', 's', '手机', 's', '', '', '', '', 0, 50, 0, 1),
(124, 18, '对讲机', 'd', '对讲机', 'd', '', '', '', '', 0, 50, 0, 1),
(125, 19, '录音机', 'l', '录音机', 'l', '', '', '', '', 0, 50, 0, 1),
(126, 19, '饮水机', 'y', '饮水机', 'y', '', '', '', '', 0, 50, 0, 1),
(127, 19, '烫衣机', 't', '烫衣机', 't', '', '', '', '', 0, 50, 0, 1),
(128, 19, '电风扇', 'd', '电风扇', 'd', '', '', '', '', 0, 50, 0, 1),
(129, 19, '电话机', 'd', '电话机', 'd', '', '', '', '', 0, 50, 0, 1),
(130, 20, '电视', 'd', '电视', 'd', '', '', '', '', 0, 50, 0, 1),
(131, 20, '冰箱', 'b', '冰箱', 'b', '', '', '', '', 0, 50, 0, 1),
(132, 20, '空调', 'k', '空调', 'k', '', '', '', '', 0, 50, 0, 1),
(133, 20, '洗衣机', 'x', '洗衣机', 'x', '', '', '', '', 0, 50, 0, 1),
(134, 20, '热水器', 'r', '热水器', 'r', '', '', '', '', 0, 50, 0, 1),
(135, 21, '料理/榨汁机', 'l', '料理/榨汁机', 'l', '', '', '', '', 0, 50, 0, 1),
(136, 21, '电饭锅', 'd', '电饭锅', 'd', '', '', '', '', 0, 50, 0, 1),
(137, 21, '微波炉', 'w', '微波炉', 'w', '', '', '', '', 0, 50, 0, 1),
(138, 21, '豆浆机', 'd', '豆浆机', 'd', '', '', '', '', 0, 50, 0, 1),
(139, 22, '剃须刀', 't', '剃须刀', 't', '', '', '', '', 0, 50, 0, 1),
(140, 22, '吹风机', 'c', '吹风机', 'c', '', '', '', '', 0, 50, 0, 1),
(141, 22, '按摩器', 'a', '按摩器', 'a', '', '', '', '', 0, 50, 0, 1),
(142, 22, '足浴盆', 'z', '足浴盆', 'z', '', '', '', '', 0, 50, 0, 1),
(143, 22, '血压计', 'x', '血压计', 'x', '', '', '', '', 0, 50, 0, 1),
(144, 23, '厨卫五金', 'c', '厨卫五金', 'c', '', '', '', '', 0, 50, 0, 1),
(145, 23, '门铃门锁', 'm', '门铃门锁', 'm', '', '', '', '', 0, 50, 0, 1),
(146, 23, '开关插座', 'k', '开关插座', 'k', '', '', '', '', 0, 50, 0, 1),
(147, 23, '电动工具', 'd', '电动工具', 'd', '', '', '', '', 0, 50, 0, 1),
(148, 23, '监控安防', 'j', '监控安防', 'j', '', '', '', '', 0, 50, 0, 1),
(149, 23, '仪表仪器', 'y', '仪表仪器', 'y', '', '', '', '', 0, 50, 0, 1),
(150, 23, '电线线缆', 'd', '电线线缆', 'd', '', '', '', '', 0, 50, 0, 1),
(151, 23, '浴霸/排气扇', 'y', '浴霸/排气扇', 'y', '', '', '', '', 0, 50, 0, 1),
(152, 23, '灯具', 'd', '灯具', 'd', '', '', '', '', 0, 50, 0, 1),
(153, 23, '水龙头', 's', '水龙头', 's', '', '', '', '', 0, 50, 0, 1),
(154, 24, '网络配件', 'w', '网络配件', 'w', '', '', '', '', 0, 50, 0, 1),
(155, 24, '路由器', 'l', '路由器', 'l', '', '', '', '', 0, 50, 0, 1),
(156, 24, '网卡', 'w', '网卡', 'w', '', '', '', '', 0, 50, 0, 1),
(157, 24, '交换机', 'j', '交换机', 'j', '', '', '', '', 0, 50, 0, 1),
(158, 24, '网络存储', 'w', '网络存储', 'w', '', '', '', '', 0, 50, 0, 1),
(159, 24, '3G/4G/5G上网', '3', '3G/4G/5G上网', '3', '', '', '', '', 0, 50, 0, 1),
(160, 24, '网络盒子', 'w', '网络盒子', 'w', '', '', '', '', 0, 50, 0, 1),
(161, 25, '复合机', 'f', '复合机', 'f', '', '', '', '', 0, 50, 0, 1),
(162, 25, '办公家具', 'b', '办公家具', 'b', '', '', '', '', 0, 50, 0, 1),
(163, 25, '摄影机', 's', '摄影机', 's', '', '', '', '', 0, 50, 0, 1),
(164, 25, '碎纸机', 's', '碎纸机', 's', '', '', '', '', 0, 50, 0, 1),
(165, 25, '白板', 'b', '白板', 'b', '', '', '', '', 0, 50, 0, 1),
(166, 25, '投影配件', 't', '投影配件', 't', '', '', '', '', 0, 50, 0, 1),
(167, 25, '考勤机', 'k', '考勤机', 'k', '', '', '', '', 0, 50, 0, 1),
(168, 25, '多功能一体机', 'd', '多功能一体机', 'd', '', '', '', '', 0, 50, 0, 1),
(169, 25, '收款/POS机', 's', '收款/POS机', 's', '', '', '', '', 0, 50, 0, 1),
(170, 25, '打印机', 'd', '打印机', 'd', '', '', '', '', 0, 50, 0, 1),
(171, 25, '会员视频音频', 'h', '会员视频音频', 'h', '', '', '', '', 0, 50, 0, 1),
(172, 25, '传真设备', 'c', '传真设备', 'c', '', '', '', '', 0, 50, 0, 1),
(173, 25, '保险柜', 'b', '保险柜', 'b', '', '', '', '', 0, 50, 0, 1),
(174, 25, '验钞/点钞机', 'y', '验钞/点钞机', 'y', '', '', '', '', 0, 50, 0, 1),
(175, 25, '装订/封装机', 'z', '装订/封装机', 'z', '', '', '', '', 0, 50, 0, 1),
(176, 25, '扫描设备', 's', '扫描设备', 's', '', '', '', '', 0, 50, 0, 1),
(177, 25, '安防监控', 'a', '安防监控', 'a', '', '', '', '', 0, 50, 0, 1),
(178, 26, '文具管理', 'w', '文具管理', 'w', '', '', '', '', 0, 50, 0, 1),
(179, 26, '本册便签', 'b', '本册便签', 'b', '', '', '', '', 0, 50, 0, 1),
(180, 26, '硒鼓/墨粉', 'x', '硒鼓/墨粉', 'x', '', '', '', '', 0, 50, 0, 1),
(181, 26, '计算器', 'j', '计算器', 'j', '', '', '', '', 0, 50, 0, 1),
(182, 26, '墨盒', 'm', '墨盒', 'm', '', '', '', '', 0, 50, 0, 1),
(183, 26, '笔类', 'b', '笔类', 'b', '', '', '', '', 0, 50, 0, 1),
(184, 26, '色带', 's', '色带', 's', '', '', '', '', 0, 50, 0, 1),
(185, 26, '画具画材', 'h', '画具画材', 'h', '', '', '', '', 0, 50, 0, 1),
(186, 26, '纸类', 'z', '纸类', 'z', '', '', '', '', 0, 50, 0, 1),
(187, 26, '财会用品', 'c', '财会用品', 'c', '', '', '', '', 0, 50, 0, 1),
(188, 26, '办公文具', 'b', '办公文具', 'b', '', '', '', '', 0, 50, 0, 1),
(189, 26, '刻录碟片', 'k', '刻录碟片', 'k', '', '', '', '', 0, 50, 0, 1),
(190, 26, '学生文具', 'x', '学生文具', 'x', '', '', '', '', 0, 50, 0, 1),
(191, 27, '平板电脑', 'p', '平板电脑', 'p', '', '', '', '', 0, 50, 0, 1),
(192, 27, '台式机', 't', '台式机', 't', '', '', '', '', 0, 50, 0, 1),
(193, 27, '一体机', 'y', '一体机', 'y', '', '', '', '', 0, 50, 0, 1),
(194, 27, '笔记本', 'b', '笔记本', 'b', '', '', '', '', 0, 50, 0, 1),
(195, 27, '超极本', 'c', '超极本', 'c', '', '', '', '', 0, 50, 0, 1),
(196, 28, '内存', 'n', '内存', 'n', '', '', '', '', 0, 50, 0, 1),
(197, 28, '组装电脑', 'z', '组装电脑', 'z', '', '', '', '', 0, 50, 0, 1),
(198, 28, '机箱', 'j', '机箱', 'j', '', '', '', '', 0, 50, 0, 1),
(199, 28, '电源', 'd', '电源', 'd', '', '', '', '', 0, 50, 0, 1),
(200, 28, 'CPU', 'c', 'CPU', 'c', '', '', '', '', 0, 50, 0, 1),
(201, 28, '显示器', 'x', '显示器', 'x', '', '', '', '', 0, 50, 0, 1),
(202, 28, '主板', 'z', '主板', 'z', '', '', '', '', 0, 50, 0, 1),
(203, 28, '刻录机/光驱', 'k', '刻录机/光驱', 'k', '', '', '', '', 0, 50, 0, 1),
(204, 28, '显卡', 'x', '显卡', 'x', '', '', '', '', 0, 50, 0, 1),
(205, 28, '声卡/扩展卡', 's', '声卡/扩展卡', 's', '', '', '', '', 0, 50, 0, 1),
(206, 28, '硬盘', 'y', '硬盘', 'y', '', '', '', '', 0, 50, 0, 1),
(207, 28, '散热器', 's', '散热器', 's', '', '', '', '', 0, 50, 0, 1),
(208, 28, '固态硬盘', 'g', '固态硬盘', 'g', '', '', '', '', 0, 50, 0, 1),
(209, 28, '装机配件', 'z', '装机配件', 'z', '', '', '', '', 0, 50, 0, 1),
(210, 29, '线缆', 'x', '线缆', 'x', '', '', '', '', 0, 50, 0, 1),
(211, 29, '鼠标', 's', '鼠标', 's', '', '', '', '', 0, 50, 0, 1),
(212, 29, '手写板', 's', '手写板', 's', '', '', '', '', 0, 50, 0, 1),
(213, 29, '键盘', 'j', '键盘', 'j', '', '', '', '', 0, 50, 0, 1),
(214, 29, '电脑工具', 'd', '电脑工具', 'd', '', '', '', '', 0, 50, 0, 1),
(215, 29, '网络仪表仪器', 'w', '网络仪表仪器', 'w', '', '', '', '', 0, 50, 0, 1),
(216, 29, 'UPS', 'u', 'UPS', 'u', '', '', '', '', 0, 50, 0, 1),
(217, 29, 'U盘', 'u', 'U盘', 'u', '', '', '', '', 0, 50, 0, 1),
(218, 29, '插座', 'c', '插座', 'c', '', '', '', '', 0, 50, 0, 1),
(219, 29, '移动硬盘', 'y', '移动硬盘', 'y', '', '', '', '', 0, 50, 0, 1),
(220, 29, '鼠标垫', 's', '鼠标垫', 's', '', '', '', '', 0, 50, 0, 1),
(221, 29, '摄像头', 's', '摄像头', 's', '', '', '', '', 0, 50, 0, 1),
(222, 30, '游戏软件', 'y', '游戏软件', 'y', '', '', '', '', 0, 50, 0, 1),
(223, 30, '游戏周边', 'y', '游戏周边', 'y', '', '', '', '', 0, 50, 0, 1),
(224, 30, '游戏机', 'y', '游戏机', 'y', '', '', '', '', 0, 50, 0, 1),
(225, 30, '游戏耳机', 'y', '游戏耳机', 'y', '', '', '', '', 0, 50, 0, 1),
(226, 30, '手柄方向盘', 's', '手柄方向盘', 's', '', '', '', '', 0, 50, 0, 1),
(227, 31, '清洁工具', 'q', '清洁工具', 'q', '', '', '', '', 0, 50, 0, 1),
(228, 31, '收纳用品', 's', '收纳用品', 's', '', '', '', '', 0, 50, 0, 1),
(229, 31, '雨伞雨具', 'y', '雨伞雨具', 'y', '', '', '', '', 0, 50, 0, 1),
(230, 31, '浴室用品', 'y', '浴室用品', 'y', '', '', '', '', 0, 50, 0, 1),
(231, 31, '缝纫/针织用品', 'f', '缝纫/针织用品', 'f', '', '', '', '', 0, 50, 0, 1),
(232, 31, '洗晒/熨烫', 'x', '洗晒/熨烫', 'x', '', '', '', '', 0, 50, 0, 1),
(233, 31, '净化除味', 'j', '净化除味', 'j', '', '', '', '', 0, 50, 0, 1),
(234, 32, '节庆饰品', 'j', '节庆饰品', 'j', '', '', '', '', 0, 50, 0, 1),
(235, 32, '手工/十字绣', 's', '手工/十字绣', 's', '', '', '', '', 0, 50, 0, 1),
(236, 32, '桌布/罩件', 'z', '桌布/罩件', 'z', '', '', '', '', 0, 50, 0, 1),
(237, 32, '钟饰', 'z', '钟饰', 'z', '', '', '', '', 0, 50, 0, 1),
(238, 32, '地毯地垫', 'd', '地毯地垫', 'd', '', '', '', '', 0, 50, 0, 1),
(239, 32, '装饰摆件', 'z', '装饰摆件', 'z', '', '', '', '', 0, 50, 0, 1),
(240, 32, '沙发垫套/椅垫', 's', '沙发垫套/椅垫', 's', '', '', '', '', 0, 50, 0, 1),
(241, 32, '花瓶花艺', 'h', '花瓶花艺', 'h', '', '', '', '', 0, 50, 0, 1),
(242, 32, '帘艺隔断', 'l', '帘艺隔断', 'l', '', '', '', '', 0, 50, 0, 1),
(243, 32, '创意家居', 'c', '创意家居', 'c', '', '', '', '', 0, 50, 0, 1),
(244, 32, '相框/照片墙', 'x', '相框/照片墙', 'x', '', '', '', '', 0, 50, 0, 1),
(245, 32, '保暖防护', 'b', '保暖防护', 'b', '', '', '', '', 0, 50, 0, 1),
(246, 32, '装饰字画', 'z', '装饰字画', 'z', '', '', '', '', 0, 50, 0, 1),
(247, 32, '香薰蜡烛', 'x', '香薰蜡烛', 'x', '', '', '', '', 0, 50, 0, 1),
(248, 32, '墙贴/装饰贴', 'q', '墙贴/装饰贴', 'q', '', '', '', '', 0, 50, 0, 1),
(249, 33, '水族用品', 's', '水族用品', 's', '', '', '', '', 0, 50, 0, 1),
(250, 33, '宠物玩具', 'c', '宠物玩具', 'c', '', '', '', '', 0, 50, 0, 1),
(251, 33, '宠物主粮', 'c', '宠物主粮', 'c', '', '', '', '', 0, 50, 0, 1),
(252, 33, '宠物牵引', 'c', '宠物牵引', 'c', '', '', '', '', 0, 50, 0, 1),
(253, 33, '宠物零食', 'c', '宠物零食', 'c', '', '', '', '', 0, 50, 0, 1),
(254, 33, '宠物驱虫', 'c', '宠物驱虫', 'c', '', '', '', '', 0, 50, 0, 1),
(255, 33, '猫砂/尿布', 'm', '猫砂/尿布', 'm', '', '', '', '', 0, 50, 0, 1),
(256, 33, '洗护美容', 'x', '洗护美容', 'x', '', '', '', '', 0, 50, 0, 1),
(257, 33, '家居日用', 'j', '家居日用', 'j', '', '', '', '', 0, 50, 0, 1),
(258, 33, '医疗保健', 'y', '医疗保健', 'y', '', '', '', '', 0, 50, 0, 1),
(259, 33, '出行装备', 'c', '出行装备', 'c', '', '', '', '', 0, 50, 0, 1),
(260, 34, '剪刀菜饭', 'j', '剪刀菜饭', 'j', '', '', '', '', 0, 50, 0, 1),
(261, 34, '厨房配件', 'c', '厨房配件', 'c', '', '', '', '', 0, 50, 0, 1),
(262, 34, '水具酒具', 's', '水具酒具', 's', '', '', '', '', 0, 50, 0, 1),
(263, 34, '餐具', 'c', '餐具', 'c', '', '', '', '', 0, 50, 0, 1),
(264, 34, '茶具/咖啡具', 'c', '茶具/咖啡具', 'c', '', '', '', '', 0, 50, 0, 1),
(265, 34, '烹饪锅具', 'p', '烹饪锅具', 'p', '', '', '', '', 0, 50, 0, 1),
(266, 35, '电工电料', 'd', '电工电料', 'd', '', '', '', '', 0, 50, 0, 1),
(267, 35, '墙地材料', 'q', '墙地材料', 'q', '', '', '', '', 0, 50, 0, 1),
(268, 35, '装饰材料', 'z', '装饰材料', 'z', '', '', '', '', 0, 50, 0, 1),
(269, 35, '装修服务', 'z', '装修服务', 'z', '', '', '', '', 0, 50, 0, 1),
(270, 35, '沐浴花洒', 'y', '沐浴花洒', 'y', '', '', '', '', 0, 50, 0, 1),
(271, 35, '灯饰照明', 'd', '灯饰照明', 'd', '', '', '', '', 0, 50, 0, 1),
(272, 35, '开关插座', 'k', '开关插座', 'k', '', '', '', '', 0, 50, 0, 1),
(273, 35, '厨房卫浴', 'c', '厨房卫浴', 'c', '', '', '', '', 0, 50, 0, 1),
(274, 35, '油漆涂料', 'y', '油漆涂料', 'y', '', '', '', '', 0, 50, 0, 1),
(275, 35, '五金工具', 'w', '五金工具', 'w', '', '', '', '', 0, 50, 0, 1),
(276, 35, '龙头', 'l', '龙头', 'l', '', '', '', '', 0, 50, 0, 1),
(277, 36, '床品套件', 'c', '床品套件', 'c', '', '', '', '', 0, 50, 0, 1),
(278, 36, '抱枕靠垫', 'b', '抱枕靠垫', 'b', '', '', '', '', 0, 50, 0, 1),
(279, 36, '被子', 'b', '被子', 'b', '', '', '', '', 0, 50, 0, 1),
(280, 36, '布艺软饰', 'b', '布艺软饰', 'b', '', '', '', '', 0, 50, 0, 1),
(281, 36, '被芯', 'b', '被芯', 'b', '', '', '', '', 0, 50, 0, 1),
(282, 36, '窗帘窗纱', 'c', '窗帘窗纱', 'c', '', '', '', '', 0, 50, 0, 1),
(283, 36, '床单被罩', 'c', '床单被罩', 'c', '', '', '', '', 0, 50, 0, 1),
(284, 36, '蚊帐', 'w', '蚊帐', 'w', '', '', '', '', 0, 50, 0, 1),
(285, 36, '床垫床褥', 'c', '床垫床褥', 'c', '', '', '', '', 0, 50, 0, 1),
(286, 36, '凉席', 'l', '凉席', 'l', '', '', '', '', 0, 50, 0, 1),
(287, 36, '电地毯', 'd', '电地毯', 'd', '', '', '', '', 0, 50, 0, 1),
(288, 36, '毯子', 't', '毯子', 't', '', '', '', '', 0, 50, 0, 1),
(289, 36, '毛巾浴巾', 'm', '毛巾浴巾', 'm', '', '', '', '', 0, 50, 0, 1),
(290, 37, '餐厅家具', 'c', '餐厅家具', 'c', '', '', '', '', 0, 50, 0, 1),
(291, 37, '电脑椅', 'd', '电脑椅', 'd', '', '', '', '', 0, 50, 0, 1),
(292, 37, '书房家具', 's', '书房家具', 's', '', '', '', '', 0, 50, 0, 1),
(293, 37, '衣柜', 'y', '衣柜', 'y', '', '', '', '', 0, 50, 0, 1),
(294, 37, '储物家具', 'c', '储物家具', 'c', '', '', '', '', 0, 50, 0, 1),
(295, 37, '茶几', 'c', '茶几', 'c', '', '', '', '', 0, 50, 0, 1),
(296, 37, '阳台/户外', 'y', '阳台/户外', 'y', '', '', '', '', 0, 50, 0, 1),
(297, 37, '电视柜', 'd', '电视柜', 'd', '', '', '', '', 0, 50, 0, 1),
(298, 37, '商业办公', 's', '商业办公', 's', '', '', '', '', 0, 50, 0, 1),
(299, 37, '餐桌', 'c', '餐桌', 'c', '', '', '', '', 0, 50, 0, 1),
(300, 37, '卧室家具', 'w', '卧室家具', 'w', '', '', '', '', 0, 50, 0, 1),
(301, 37, '床', 'c', '床', 'c', '', '', '', '', 0, 50, 0, 1),
(302, 37, '电脑桌', 'd', '电脑桌', 'd', '', '', '', '', 0, 50, 0, 1),
(303, 37, '客厅家具', 'k', '客厅家具', 'k', '', '', '', '', 0, 50, 0, 1),
(304, 37, '床垫', 'c', '床垫', 'c', '', '', '', '', 0, 50, 0, 1),
(305, 37, '鞋架/衣帽架', 'x', '鞋架/衣帽架', 'x', '', '', '', '', 0, 50, 0, 1),
(306, 37, '客厅家具', 'k', '客厅家具', 'k', '', '', '', '', 0, 50, 0, 1),
(307, 37, '沙发', 's', '沙发', 's', '', '', '', '', 0, 50, 0, 1),
(308, 38, '吸顶灯', 'x', '吸顶灯', 'x', '', '', '', '', 0, 50, 0, 1),
(309, 38, '吊灯', 'd', '吊灯', 'd', '', '', '', '', 0, 50, 0, 1),
(310, 38, '筒灯射灯', 't', '筒灯射灯', 't', '', '', '', '', 0, 50, 0, 1),
(311, 38, '氛围照明', 'f', '氛围照明', 'f', '', '', '', '', 0, 50, 0, 1),
(312, 38, 'LED灯', 'l', 'LED灯', 'l', '', '', '', '', 0, 50, 0, 1),
(313, 38, '节能灯', 'j', '节能灯', 'j', '', '', '', '', 0, 50, 0, 1),
(314, 38, '落地灯', 'l', '落地灯', 'l', '', '', '', '', 0, 50, 0, 1),
(315, 38, '五金电器', 'w', '五金电器', 'w', '', '', '', '', 0, 50, 0, 1),
(316, 38, '应急灯/手电', 'y', '应急灯/手电', 'y', '', '', '', '', 0, 50, 0, 1),
(317, 38, '台灯', 't', '台灯', 't', '', '', '', '', 0, 50, 0, 1),
(318, 38, '装饰灯', 'z', '装饰灯', 'z', '', '', '', '', 0, 50, 0, 1),
(319, 39, '短外套', 'd', '短外套', 'd', '', '', '', '', 0, 50, 0, 1),
(320, 39, '羊毛衫', 'y', '羊毛衫', 'y', '', '', '', '', 0, 50, 0, 1),
(321, 39, '雪纺衫', 'x', '雪纺衫', 'x', '', '', '', '', 0, 50, 0, 1),
(322, 39, '礼服', 'l', '礼服', 'l', '', '', '', '', 0, 50, 0, 1),
(323, 39, '风衣', 'f', '风衣', 'f', '', '', '', '', 0, 50, 0, 1),
(324, 39, '羊绒衫', 'y', '羊绒衫', 'y', '', '', '', '', 0, 50, 0, 1),
(325, 39, '牛仔裤', 'n', '牛仔裤', 'n', '', '', '', '', 0, 50, 0, 1),
(326, 39, '马甲', 'm', '马甲', 'm', '', '', '', '', 0, 50, 0, 1),
(327, 39, '衬衫', 'c', '衬衫', 'c', '', '', '', '', 0, 50, 0, 1),
(328, 39, '半身裙', 'b', '半身裙', 'b', '', '', '', '', 0, 50, 0, 1),
(329, 39, '休闲裤', 'x', '休闲裤', 'x', '', '', '', '', 0, 50, 0, 1),
(330, 39, '吊带/背心', 'd', '吊带/背心', 'd', '', '', '', '', 0, 50, 0, 1),
(331, 39, '羽绒服', 'y', '羽绒服', 'y', '', '', '', '', 0, 50, 0, 1),
(332, 39, 'T恤', 't', 'T恤', 't', '', '', '', '', 0, 50, 0, 1),
(333, 39, '大码女装', 'd', '大码女装', 'd', '', '', '', '', 0, 50, 0, 1),
(334, 39, '正装裤', 'z', '正装裤', 'z', '', '', '', '', 0, 50, 0, 1),
(335, 39, '设计师/潮牌', 's', '设计师/潮牌', 's', '', '', '', '', 0, 50, 0, 1),
(336, 39, '毛呢大衣', 'm', '毛呢大衣', 'm', '', '', '', '', 0, 50, 0, 1),
(337, 39, '小西装', 'x', '小西装', 'x', '', '', '', '', 0, 50, 0, 1),
(338, 39, '中老年女装', 'z', '中老年女装', 'z', '', '', '', '', 0, 50, 0, 1),
(339, 39, '加绒裤', 'j', '加绒裤', 'j', '', '', '', '', 0, 50, 0, 1),
(340, 39, '棉服', 'm', '棉服', 'm', '', '', '', '', 0, 50, 0, 1),
(341, 39, '打底衫', 'd', '打底衫', 'd', '', '', '', '', 0, 50, 0, 1),
(342, 39, '皮草', 'p', '皮草', 'p', '', '', '', '', 0, 50, 0, 1),
(343, 39, '短裤', 'd', '短裤', 'd', '', '', '', '', 0, 50, 0, 1),
(344, 39, '连衣裙', 'l', '连衣裙', 'l', '', '', '', '', 0, 50, 0, 1),
(345, 39, '打底裤', 'd', '打底裤', 'd', '', '', '', '', 0, 50, 0, 1),
(346, 39, '真皮皮衣', 'z', '真皮皮衣', 'z', '', '', '', '', 0, 50, 0, 1),
(347, 39, '婚纱', 'h', '婚纱', 'h', '', '', '', '', 0, 50, 0, 1),
(348, 39, '卫衣', 'w', '卫衣', 'w', '', '', '', '', 0, 50, 0, 1),
(349, 39, '针织衫', 'z', '针织衫', 'z', '', '', '', '', 0, 50, 0, 1),
(350, 39, '仿皮皮衣', 'f', '仿皮皮衣', 'f', '', '', '', '', 0, 50, 0, 1),
(351, 39, '旗袍/唐装', 'q', '旗袍/唐装', 'q', '', '', '', '', 0, 50, 0, 1),
(352, 40, '羊毛衫', 'y', '羊毛衫', 'y', '', '', '', '', 0, 50, 0, 1),
(353, 40, '休闲裤', 'x', '休闲裤', 'x', '', '', '', '', 0, 50, 0, 1),
(354, 40, 'POLO衫', 'p', 'POLO衫', 'p', '', '', '', '', 0, 50, 0, 1),
(355, 40, '加绒裤', 'j', '加绒裤', 'j', '', '', '', '', 0, 50, 0, 1),
(356, 40, '衬衫', 'c', '衬衫', 'c', '', '', '', '', 0, 50, 0, 1),
(357, 40, '短裤', 'd', '短裤', 'd', '', '', '', '', 0, 50, 0, 1),
(358, 40, '真皮皮衣', 'z', '真皮皮衣', 'z', '', '', '', '', 0, 50, 0, 1),
(359, 40, '毛呢大衣', 'm', '毛呢大衣', 'm', '', '', '', '', 0, 50, 0, 1),
(360, 40, '中老年男装', 'z', '中老年男装', 'z', '', '', '', '', 0, 50, 0, 1),
(361, 40, '卫衣', 'w', '卫衣', 'w', '', '', '', '', 0, 50, 0, 1),
(362, 40, '风衣', 'f', '风衣', 'f', '', '', '', '', 0, 50, 0, 1),
(363, 40, '大码男装', 'd', '大码男装', 'd', '', '', '', '', 0, 50, 0, 1),
(364, 40, '羽绒服', 'y', '羽绒服', 'y', '', '', '', '', 0, 50, 0, 1),
(365, 40, 'T恤', 't', 'T恤', 't', '', '', '', '', 0, 50, 0, 1),
(366, 40, '仿皮皮衣', 'f', '仿皮皮衣', 'f', '', '', '', '', 0, 50, 0, 1),
(367, 40, '羊绒衫', 'y', '羊绒衫', 'y', '', '', '', '', 0, 50, 0, 1),
(368, 40, '棉服', 'm', '棉服', 'm', '', '', '', '', 0, 50, 0, 1),
(369, 40, '马甲/背心', 'm', '马甲/背心', 'm', '', '', '', '', 0, 50, 0, 1),
(370, 40, '西服', 'x', '西服', 'x', '', '', '', '', 0, 50, 0, 1),
(371, 40, '设计师/潮牌', 's', '设计师/潮牌', 's', '', '', '', '', 0, 50, 0, 1),
(372, 40, '针织衫', 'z', '针织衫', 'z', '', '', '', '', 0, 50, 0, 1),
(373, 40, '西服套装', 'x', '西服套装', 'x', '', '', '', '', 0, 50, 0, 1),
(374, 40, '西裤', 'x', '西裤', 'x', '', '', '', '', 0, 50, 0, 1),
(375, 40, '工装', 'g', '工装', 'g', '', '', '', '', 0, 50, 0, 1),
(376, 40, '夹克', 'j', '夹克', 'j', '', '', '', '', 0, 50, 0, 1),
(377, 40, '牛仔裤', 'n', '牛仔裤', 'n', '', '', '', '', 0, 50, 0, 1),
(378, 40, '卫裤/运动裤', 'w', '卫裤/运动裤', 'w', '', '', '', '', 0, 50, 0, 1),
(379, 40, '唐装/中山装', 't', '唐装/中山装', 't', '', '', '', '', 0, 50, 0, 1),
(380, 41, '保暖内衣', 'b', '保暖内衣', 'b', '', '', '', '', 0, 50, 0, 1),
(381, 41, '大码内衣', 'd', '大码内衣', 'd', '', '', '', '', 0, 50, 0, 1),
(382, 41, '吊带/背心', 'd', '吊带/背心', 'd', '', '', '', '', 0, 50, 0, 1),
(383, 41, '秋衣秋裤', 'q', '秋衣秋裤', 'q', '', '', '', '', 0, 50, 0, 1),
(384, 41, '文胸', 'w', '文胸', 'w', '', '', '', '', 0, 50, 0, 1),
(385, 41, '内衣配件', 'n', '内衣配件', 'n', '', '', '', '', 0, 50, 0, 1),
(386, 41, '睡衣/家居服', 's', '睡衣/家居服', 's', '', '', '', '', 0, 50, 0, 1),
(387, 41, '男式内裤', 'n', '男式内裤', 'n', '', '', '', '', 0, 50, 0, 1),
(388, 41, '泳衣', 'y', '泳衣', 'y', '', '', '', '', 0, 50, 0, 1),
(389, 41, '打底裤袜', 'd', '打底裤袜', 'd', '', '', '', '', 0, 50, 0, 1),
(390, 41, '女式内裤', 'n', '女式内裤', 'n', '', '', '', '', 0, 50, 0, 1),
(391, 41, '塑身美体', 's', '塑身美体', 's', '', '', '', '', 0, 50, 0, 1),
(392, 41, '休闲棉袜', 'x', '休闲棉袜', 'x', '', '', '', '', 0, 50, 0, 1),
(393, 41, '连裤袜/丝袜', 'l', '连裤袜/丝袜', 'l', '', '', '', '', 0, 50, 0, 1),
(394, 41, '美腿袜', 'm', '美腿袜', 'm', '', '', '', '', 0, 50, 0, 1),
(395, 41, '商务男袜', 's', '商务男袜', 's', '', '', '', '', 0, 50, 0, 1),
(396, 41, '打底衫', 'd', '打底衫', 'd', '', '', '', '', 0, 50, 0, 1),
(397, 41, '情趣内衣', 'q', '情趣内衣', 'q', '', '', '', '', 0, 50, 0, 1),
(398, 41, '情侣睡衣', 'q', '情侣睡衣', 'q', '', '', '', '', 0, 50, 0, 1),
(399, 41, '少女文胸', 's', '少女文胸', 's', '', '', '', '', 0, 50, 0, 1),
(400, 41, '文胸套装', 'w', '文胸套装', 'w', '', '', '', '', 0, 50, 0, 1),
(401, 41, '抹胸', 'm', '抹胸', 'm', '', '', '', '', 0, 50, 0, 1),
(402, 42, '沐浴', 'y', '沐浴', 'y', '', '', '', '', 0, 50, 0, 1),
(403, 42, '润肤', 'r', '润肤', 'r', '', '', '', '', 0, 50, 0, 1),
(404, 42, '颈部', 'j', '颈部', 'j', '', '', '', '', 0, 50, 0, 1),
(405, 42, '手足', 's', '手足', 's', '', '', '', '', 0, 50, 0, 1),
(406, 42, '纤体塑形', 'x', '纤体塑形', 'x', '', '', '', '', 0, 50, 0, 1),
(407, 42, '美胸', 'm', '美胸', 'm', '', '', '', '', 0, 50, 0, 1),
(408, 42, '套装', 't', '套装', 't', '', '', '', '', 0, 50, 0, 1),
(409, 43, '牙膏/牙粉', 'y', '牙膏/牙粉', 'y', '', '', '', '', 0, 50, 0, 1),
(410, 43, '牙刷/牙线', 'y', '牙刷/牙线', 'y', '', '', '', '', 0, 50, 0, 1),
(411, 43, '漱口水', 's', '漱口水', 's', '', '', '', '', 0, 50, 0, 1),
(412, 43, '套装', 't', '套装', 't', '', '', '', '', 0, 50, 0, 1),
(413, 44, '卫生巾', 'w', '卫生巾', 'w', '', '', '', '', 0, 50, 0, 1),
(414, 44, '卫生护垫', 'w', '卫生护垫', 'w', '', '', '', '', 0, 50, 0, 1),
(415, 44, '私密护理', 's', '私密护理', 's', '', '', '', '', 0, 50, 0, 1),
(416, 44, '脱毛膏', 't', '脱毛膏', 't', '', '', '', '', 0, 50, 0, 1),
(417, 45, '唇部', 'c', '唇部', 'c', '', '', '', '', 0, 50, 0, 1),
(418, 45, '美甲', 'm', '美甲', 'm', '', '', '', '', 0, 50, 0, 1),
(419, 45, '美容工具', 'm', '美容工具', 'm', '', '', '', '', 0, 50, 0, 1),
(420, 45, '套装', 't', '套装', 't', '', '', '', '', 0, 50, 0, 1),
(421, 45, '香水', 'x', '香水', 'x', '', '', '', '', 0, 50, 0, 1),
(422, 45, '底妆', 'd', '底妆', 'd', '', '', '', '', 0, 50, 0, 1),
(423, 45, '腮红', 's', '腮红', 's', '', '', '', '', 0, 50, 0, 1),
(424, 45, '眼部', 'y', '眼部', 'y', '', '', '', '', 0, 50, 0, 1),
(425, 47, '面膜', 'm', '面膜', 'm', '', '', '', '', 0, 50, 0, 1),
(426, 47, '剃须', 't', '剃须', 't', '', '', '', '', 0, 50, 0, 1),
(427, 47, '套装', 't', '套装', 't', '', '', '', '', 0, 50, 0, 1),
(428, 47, '清洁', 'q', '清洁', 'q', '', '', '', '', 0, 50, 0, 1),
(429, 47, '护肤', 'h', '护肤', 'h', '', '', '', '', 0, 50, 0, 1),
(430, 48, '套装', 't', '套装', 't', '', '', '', '', 0, 50, 0, 1),
(431, 48, '洗发', 'x', '洗发', 'x', '', '', '', '', 0, 50, 0, 1),
(432, 48, '护发', 'h', '护发', 'h', '', '', '', '', 0, 50, 0, 1),
(433, 48, '染发', 'r', '染发', 'r', '', '', '', '', 0, 50, 0, 1),
(434, 48, '造型', 'z', '造型', 'z', '', '', '', '', 0, 50, 0, 1),
(435, 48, '假发', 'j', '假发', 'j', '', '', '', '', 0, 50, 0, 1),
(436, 49, '商务公文包', 's', '商务公文包', 's', '', '', '', '', 0, 50, 0, 1),
(437, 49, '单肩/斜挎包', 'd', '单肩/斜挎包', 'd', '', '', '', '', 0, 50, 0, 1),
(438, 49, '男士手包', 'n', '男士手包', 'n', '', '', '', '', 0, 50, 0, 1),
(439, 49, '双肩包', 's', '双肩包', 's', '', '', '', '', 0, 50, 0, 1),
(440, 49, '钱包/卡包', 'q', '钱包/卡包', 'q', '', '', '', '', 0, 50, 0, 1),
(441, 49, '钥匙包', 'y', '钥匙包', 'y', '', '', '', '', 0, 50, 0, 1),
(442, 50, '旅行包', 'l', '旅行包', 'l', '', '', '', '', 0, 50, 0, 1),
(443, 50, '妈咪包', 'm', '妈咪包', 'm', '', '', '', '', 0, 50, 0, 1),
(444, 50, '电脑包', 'd', '电脑包', 'd', '', '', '', '', 0, 50, 0, 1),
(445, 50, '休闲运动包', 'x', '休闲运动包', 'x', '', '', '', '', 0, 50, 0, 1),
(446, 50, '相机包', 'x', '相机包', 'x', '', '', '', '', 0, 50, 0, 1),
(447, 50, '腰包/胸包', 'y', '腰包/胸包', 'y', '', '', '', '', 0, 50, 0, 1),
(448, 50, '登山包', 'd', '登山包', 'd', '', '', '', '', 0, 50, 0, 1),
(449, 50, '旅行配件', 'l', '旅行配件', 'l', '', '', '', '', 0, 50, 0, 1),
(450, 50, '拉杆箱/拉杆包', 'l', '拉杆箱/拉杆包', 'l', '', '', '', '', 0, 50, 0, 1),
(451, 50, '书包', 's', '书包', 's', '', '', '', '', 0, 50, 0, 1),
(452, 51, '彩宝', 'c', '彩宝', 'c', '', '', '', '', 0, 50, 0, 1),
(453, 51, '时尚饰品', 's', '时尚饰品', 's', '', '', '', '', 0, 50, 0, 1),
(454, 51, '铂金', 'b', '铂金', 'b', '', '', '', '', 0, 50, 0, 1),
(455, 51, '钻石', 'z', '钻石', 'z', '', '', '', '', 0, 50, 0, 1),
(456, 51, '天然木饰', 't', '天然木饰', 't', '', '', '', '', 0, 50, 0, 1),
(457, 51, '翡翠玉石', 'c', '翡翠玉石', 'c', '', '', '', '', 0, 50, 0, 1),
(458, 51, '珍珠', 'z', '珍珠', 'z', '', '', '', '', 0, 50, 0, 1),
(459, 51, '纯金K金饰品', 'c', '纯金K金饰品', 'c', '', '', '', '', 0, 50, 0, 1),
(460, 51, '金银投资', 'j', '金银投资', 'j', '', '', '', '', 0, 50, 0, 1),
(461, 51, '银饰', 'y', '银饰', 'y', '', '', '', '', 0, 50, 0, 1),
(462, 51, '水晶玛瑙', 's', '水晶玛瑙', 's', '', '', '', '', 0, 50, 0, 1),
(463, 52, '座钟挂钟', 'z', '座钟挂钟', 'z', '', '', '', '', 0, 50, 0, 1),
(464, 52, '男表', 'n', '男表', 'n', '', '', '', '', 0, 50, 0, 1),
(465, 52, '女表', 'n', '女表', 'n', '', '', '', '', 0, 50, 0, 1),
(466, 52, '儿童表', 'e', '儿童表', 'e', '', '', '', '', 0, 50, 0, 1),
(467, 52, '智能手表', 'z', '智能手表', 'z', '', '', '', '', 0, 50, 0, 1),
(468, 53, '女靴', 'n', '女靴', 'n', '', '', '', '', 0, 50, 0, 1),
(469, 53, '布鞋/绣花鞋', 'b', '布鞋/绣花鞋', 'b', '', '', '', '', 0, 50, 0, 1),
(470, 53, '鱼嘴鞋', 'y', '鱼嘴鞋', 'y', '', '', '', '', 0, 50, 0, 1),
(471, 53, '雪地靴', 'x', '雪地靴', 'x', '', '', '', '', 0, 50, 0, 1),
(472, 53, '凉鞋', 'l', '凉鞋', 'l', '', '', '', '', 0, 50, 0, 1),
(473, 53, '雨鞋/雨靴', 'y', '雨鞋/雨靴', 'y', '', '', '', '', 0, 50, 0, 1),
(474, 53, '单鞋', 'd', '单鞋', 'd', '', '', '', '', 0, 50, 0, 1),
(475, 53, '拖鞋/人字拖', 't', '拖鞋/人字拖', 't', '', '', '', '', 0, 50, 0, 1),
(476, 53, '鞋配件', 'x', '鞋配件', 'x', '', '', '', '', 0, 50, 0, 1),
(477, 53, '高跟鞋', 'g', '高跟鞋', 'g', '', '', '', '', 0, 50, 0, 1),
(478, 53, '马丁靴', 'm', '马丁靴', 'm', '', '', '', '', 0, 50, 0, 1),
(479, 53, '帆布鞋', 'f', '帆布鞋', 'f', '', '', '', '', 0, 50, 0, 1),
(480, 53, '休闲鞋', 'x', '休闲鞋', 'x', '', '', '', '', 0, 50, 0, 1),
(481, 53, '妈妈鞋', 'm', '妈妈鞋', 'm', '', '', '', '', 0, 50, 0, 1),
(482, 53, '踝靴', 'x', '踝靴', 'x', '', '', '', '', 0, 50, 0, 1),
(483, 53, '防水台', 'f', '防水台', 'f', '', '', '', '', 0, 50, 0, 1),
(484, 53, '内增高', 'n', '内增高', 'n', '', '', '', '', 0, 50, 0, 1),
(485, 53, '松糕鞋', 's', '松糕鞋', 's', '', '', '', '', 0, 50, 0, 1),
(486, 53, '坡跟鞋', 'p', '坡跟鞋', 'p', '', '', '', '', 0, 50, 0, 1),
(487, 54, '增高鞋', 'z', '增高鞋', 'z', '', '', '', '', 0, 50, 0, 1),
(488, 54, '鞋配件', 'x', '鞋配件', 'x', '', '', '', '', 0, 50, 0, 1),
(489, 54, '拖鞋/人字拖', 't', '拖鞋/人字拖', 't', '', '', '', '', 0, 50, 0, 1),
(490, 54, '凉鞋/沙滩鞋', 'l', '凉鞋/沙滩鞋', 'l', '', '', '', '', 0, 50, 0, 1),
(491, 54, '休闲鞋', 'x', '休闲鞋', 'x', '', '', '', '', 0, 50, 0, 1),
(492, 54, '雨鞋/雨靴', 'y', '雨鞋/雨靴', 'y', '', '', '', '', 0, 50, 0, 1),
(493, 54, '商务休闲鞋', 's', '商务休闲鞋', 's', '', '', '', '', 0, 50, 0, 1),
(494, 54, '定制鞋', 'd', '定制鞋', 'd', '', '', '', '', 0, 50, 0, 1),
(495, 54, '正装鞋', 'z', '正装鞋', 'z', '', '', '', '', 0, 50, 0, 1),
(496, 54, '男靴', 'n', '男靴', 'n', '', '', '', '', 0, 50, 0, 1),
(497, 54, '帆布鞋', 'f', '帆布鞋', 'f', '', '', '', '', 0, 50, 0, 1),
(498, 54, '传统布鞋', 'c', '传统布鞋', 'c', '', '', '', '', 0, 50, 0, 1),
(499, 54, '工装鞋', 'g', '工装鞋', 'g', '', '', '', '', 0, 50, 0, 1),
(500, 54, '功能鞋', 'g', '功能鞋', 'g', '', '', '', '', 0, 50, 0, 1),
(501, 55, '钥匙包', 'y', '钥匙包', 'y', '', '', '', '', 0, 50, 0, 1),
(502, 55, '单肩包', 'd', '单肩包', 'd', '', '', '', '', 0, 50, 0, 1),
(503, 55, '手提包', 's', '手提包', 's', '', '', '', '', 0, 50, 0, 1),
(504, 55, '斜挎包', 'x', '斜挎包', 'x', '', '', '', '', 0, 50, 0, 1),
(505, 55, '双肩包', 's', '双肩包', 's', '', '', '', '', 0, 50, 0, 1),
(506, 55, '钱包', 'q', '钱包', 'q', '', '', '', '', 0, 50, 0, 1),
(507, 55, '手拿包/晚宴包', 's', '手拿包/晚宴包', 's', '', '', '', '', 0, 50, 0, 1),
(508, 55, '卡包/零钱包', 'k', '卡包/零钱包', 'k', '', '', '', '', 0, 50, 0, 1),
(509, 56, '轮滑滑板', 'l', '轮滑滑板', 'l', '', '', '', '', 0, 50, 0, 1),
(510, 56, '网球', 'w', '网球', 'w', '', '', '', '', 0, 50, 0, 1),
(511, 56, '高尔夫', 'g', '高尔夫', 'g', '', '', '', '', 0, 50, 0, 1),
(512, 56, '台球', 't', '台球', 't', '', '', '', '', 0, 50, 0, 1),
(513, 56, '乒乓球', 'p', '乒乓球', 'p', '', '', '', '', 0, 50, 0, 1),
(514, 56, '排球', 'p', '排球', 'p', '', '', '', '', 0, 50, 0, 1),
(515, 56, '羽毛球', 'y', '羽毛球', 'y', '', '', '', '', 0, 50, 0, 1),
(516, 56, '棋牌麻将', 'q', '棋牌麻将', 'q', '', '', '', '', 0, 50, 0, 1),
(517, 56, '篮球', 'l', '篮球', 'l', '', '', '', '', 0, 50, 0, 1),
(518, 56, '其它', 'q', '其它', 'q', '', '', '', '', 0, 50, 0, 1),
(519, 56, '足球', 'z', '足球', 'z', '', '', '', '', 0, 50, 0, 1),
(520, 57, '速干衣裤', 's', '速干衣裤', 's', '', '', '', '', 0, 50, 0, 1),
(521, 57, '功能内衣', 'g', '功能内衣', 'g', '', '', '', '', 0, 50, 0, 1),
(522, 57, '溯溪鞋', 's', '溯溪鞋', 's', '', '', '', '', 0, 50, 0, 1),
(523, 57, '滑雪服', 'h', '滑雪服', 'h', '', '', '', '', 0, 50, 0, 1),
(524, 57, '军迷服饰', 'j', '军迷服饰', 'j', '', '', '', '', 0, 50, 0, 1),
(525, 57, '沙滩/凉拖', 's', '沙滩/凉拖', 's', '', '', '', '', 0, 50, 0, 1),
(526, 57, '羽绒服/棉服', 'y', '羽绒服/棉服', 'y', '', '', '', '', 0, 50, 0, 1),
(527, 57, '登山鞋', 'd', '登山鞋', 'd', '', '', '', '', 0, 50, 0, 1),
(528, 57, '户外袜', 'h', '户外袜', 'h', '', '', '', '', 0, 50, 0, 1),
(529, 57, '休闲衣裤', 'x', '休闲衣裤', 'x', '', '', '', '', 0, 50, 0, 1),
(530, 57, '徒步鞋', 't', '徒步鞋', 't', '', '', '', '', 0, 50, 0, 1),
(531, 57, '抓绒衣裤', 'z', '抓绒衣裤', 'z', '', '', '', '', 0, 50, 0, 1),
(532, 57, '越野跑鞋', 'y', '越野跑鞋', 'y', '', '', '', '', 0, 50, 0, 1),
(533, 57, '软壳衣裤', 'r', '软壳衣裤', 'r', '', '', '', '', 0, 50, 0, 1),
(534, 57, '休闲鞋', 'x', '休闲鞋', 'x', '', '', '', '', 0, 50, 0, 1),
(535, 57, 'T恤', 't', 'T恤', 't', '', '', '', '', 0, 50, 0, 1),
(536, 57, '雪地靴', 'x', '雪地靴', 'x', '', '', '', '', 0, 50, 0, 1),
(537, 57, '冲锋衣裤', 'c', '冲锋衣裤', 'c', '', '', '', '', 0, 50, 0, 1),
(538, 57, '户外风衣', 'h', '户外风衣', 'h', '', '', '', '', 0, 50, 0, 1),
(539, 57, '工装鞋', 'g', '工装鞋', 'g', '', '', '', '', 0, 50, 0, 1),
(540, 58, '野餐烧烤', 'y', '野餐烧烤', 'y', '', '', '', '', 0, 50, 0, 1),
(541, 58, '滑雪装备', 'h', '滑雪装备', 'h', '', '', '', '', 0, 50, 0, 1),
(542, 58, '便携桌椅床', 'b', '便携桌椅床', 'b', '', '', '', '', 0, 50, 0, 1),
(543, 58, '极限户外', 'j', '极限户外', 'j', '', '', '', '', 0, 50, 0, 1),
(544, 58, '户外工具', 'h', '户外工具', 'h', '', '', '', '', 0, 50, 0, 1),
(545, 58, '冲浪潜水', 'c', '冲浪潜水', 'c', '', '', '', '', 0, 50, 0, 1),
(546, 58, '背包', 'b', '背包', 'b', '', '', '', '', 0, 50, 0, 1),
(547, 58, '望远镜', 'w', '望远镜', 'w', '', '', '', '', 0, 50, 0, 1),
(548, 58, '户外配饰', 'h', '户外配饰', 'h', '', '', '', '', 0, 50, 0, 1),
(549, 58, '帐篷/垫子', 'z', '帐篷/垫子', 'z', '', '', '', '', 0, 50, 0, 1),
(550, 58, '户外仪表', 'h', '户外仪表', 'h', '', '', '', '', 0, 50, 0, 1),
(551, 58, '睡袋/吊床', 's', '睡袋/吊床', 's', '', '', '', '', 0, 50, 0, 1),
(552, 58, '旅游用品', 'l', '旅游用品', 'l', '', '', '', '', 0, 50, 0, 1),
(553, 58, '登山攀岩', 'd', '登山攀岩', 'd', '', '', '', '', 0, 50, 0, 1),
(554, 58, '军迷用品', 'j', '军迷用品', 'j', '', '', '', '', 0, 50, 0, 1),
(555, 58, '户外照明', 'h', '户外照明', 'h', '', '', '', '', 0, 50, 0, 1),
(556, 58, '救援装备', 'j', '救援装备', 'j', '', '', '', '', 0, 50, 0, 1),
(557, 59, '钓箱鱼包', 'd', '钓箱鱼包', 'd', '', '', '', '', 0, 50, 0, 1),
(558, 59, '其它', 'q', '其它', 'q', '', '', '', '', 0, 50, 0, 1),
(559, 59, '鱼竿鱼线', 'y', '鱼竿鱼线', 'y', '', '', '', '', 0, 50, 0, 1),
(560, 59, '浮漂鱼饵', 'f', '浮漂鱼饵', 'f', '', '', '', '', 0, 50, 0, 1),
(561, 59, '钓鱼桌椅', 'd', '钓鱼桌椅', 'd', '', '', '', '', 0, 50, 0, 1),
(562, 59, '钓鱼配件', 'd', '钓鱼配件', 'd', '', '', '', '', 0, 50, 0, 1),
(563, 60, '帆布鞋', 'f', '帆布鞋', 'f', '', '', '', '', 0, 50, 0, 1),
(564, 60, '乒羽网鞋', 'p', '乒羽网鞋', 'p', '', '', '', '', 0, 50, 0, 1),
(565, 60, '跑步鞋', 'p', '跑步鞋', 'p', '', '', '', '', 0, 50, 0, 1),
(566, 60, '训练鞋', 'x', '训练鞋', 'x', '', '', '', '', 0, 50, 0, 1),
(567, 60, '休闲鞋', 'x', '休闲鞋', 'x', '', '', '', '', 0, 50, 0, 1),
(568, 60, '专项运动鞋', 'z', '专项运动鞋', 'z', '', '', '', '', 0, 50, 0, 1),
(569, 60, '篮球鞋', 'l', '篮球鞋', 'l', '', '', '', '', 0, 50, 0, 1),
(570, 60, '拖鞋', 't', '拖鞋', 't', '', '', '', '', 0, 50, 0, 1),
(571, 60, '板鞋', 'b', '板鞋', 'b', '', '', '', '', 0, 50, 0, 1),
(572, 60, '运动包', 'y', '运动包', 'y', '', '', '', '', 0, 50, 0, 1),
(573, 60, '足球鞋', 'z', '足球鞋', 'z', '', '', '', '', 0, 50, 0, 1),
(574, 61, '其它', 'q', '其它', 'q', '', '', '', '', 0, 50, 0, 1),
(575, 61, '泳镜', 'y', '泳镜', 'y', '', '', '', '', 0, 50, 0, 1),
(576, 61, '泳帽', 'y', '泳帽', 'y', '', '', '', '', 0, 50, 0, 1),
(577, 61, '游泳包防水包', 'y', '游泳包防水包', 'y', '', '', '', '', 0, 50, 0, 1),
(578, 61, '男士泳衣', 'n', '男士泳衣', 'n', '', '', '', '', 0, 50, 0, 1),
(579, 61, '女士泳衣', 'n', '女士泳衣', 'n', '', '', '', '', 0, 50, 0, 1),
(580, 61, '比基尼', 'b', '比基尼', 'b', '', '', '', '', 0, 50, 0, 1),
(581, 62, 'T恤', 't', 'T恤', 't', '', '', '', '', 0, 50, 0, 1),
(582, 62, '棉服', 'm', '棉服', 'm', '', '', '', '', 0, 50, 0, 1),
(583, 62, '运动裤', 'y', '运动裤', 'y', '', '', '', '', 0, 50, 0, 1),
(584, 62, '夹克/风衣', 'j', '夹克/风衣', 'j', '', '', '', '', 0, 50, 0, 1),
(585, 62, '运动配饰', 'y', '运动配饰', 'y', '', '', '', '', 0, 50, 0, 1),
(586, 62, '运动背心', 'y', '运动背心', 'y', '', '', '', '', 0, 50, 0, 1),
(587, 62, '乒羽网服', 'p', '乒羽网服', 'p', '', '', '', '', 0, 50, 0, 1),
(588, 62, '运动套装', 'y', '运动套装', 'y', '', '', '', '', 0, 50, 0, 1),
(589, 62, '训练服', 'x', '训练服', 'x', '', '', '', '', 0, 50, 0, 1),
(590, 62, '羽绒服', 'y', '羽绒服', 'y', '', '', '', '', 0, 50, 0, 1),
(591, 62, '毛衫/线衫', 'm', '毛衫/线衫', 'm', '', '', '', '', 0, 50, 0, 1),
(592, 62, '卫衣/套头衫', 'w', '卫衣/套头衫', 'w', '', '', '', '', 0, 50, 0, 1),
(593, 63, '瑜伽舞蹈', 'w', '瑜伽舞蹈', 'w', '', '', '', '', 0, 50, 0, 1),
(594, 63, '跑步机', 'p', '跑步机', 'p', '', '', '', '', 0, 50, 0, 1),
(595, 63, '武术搏击', 'w', '武术搏击', 'w', '', '', '', '', 0, 50, 0, 1),
(596, 63, '健身车/动感单车', 'j', '健身车/动感单车', 'j', '', '', '', '', 0, 50, 0, 1),
(597, 63, '综合训练器', 'z', '综合训练器', 'z', '', '', '', '', 0, 50, 0, 1),
(598, 63, '哑铃', 'y', '哑铃', 'y', '', '', '', '', 0, 50, 0, 1),
(599, 63, '其他大型器械', 'q', '其他大型器械', 'q', '', '', '', '', 0, 50, 0, 1),
(600, 63, '仰卧板/收腹机', 'y', '仰卧板/收腹机', 'y', '', '', '', '', 0, 50, 0, 1),
(601, 63, '其他中小型器材', 'q', '其他中小型器材', 'q', '', '', '', '', 0, 50, 0, 1),
(602, 63, '甩脂机', 's', '甩脂机', 's', '', '', '', '', 0, 50, 0, 1),
(603, 63, '踏步机', 't', '踏步机', 't', '', '', '', '', 0, 50, 0, 1),
(604, 63, '运动护具', 'y', '运动护具', 'y', '', '', '', '', 0, 50, 0, 1),
(605, 64, '平衡车', 'p', '平衡车', 'p', '', '', '', '', 0, 50, 0, 1),
(606, 64, '其他整车', 'q', '其他整车', 'q', '', '', '', '', 0, 50, 0, 1),
(607, 64, '骑行装备', 'q', '骑行装备', 'q', '', '', '', '', 0, 50, 0, 1),
(608, 64, '骑行服', 'q', '骑行服', 'q', '', '', '', '', 0, 50, 0, 1),
(609, 64, '山地车/公路车', 's', '山地车/公路车', 's', '', '', '', '', 0, 50, 0, 1),
(610, 64, '折叠车', 'z', '折叠车', 'z', '', '', '', '', 0, 50, 0, 1),
(611, 64, '电动车', 'd', '电动车', 'd', '', '', '', '', 0, 50, 0, 1),
(612, 65, '电源', 'd', '电源', 'd', '', '', '', '', 0, 50, 0, 1),
(613, 65, '导航仪', 'd', '导航仪', 'd', '', '', '', '', 0, 50, 0, 1),
(614, 65, '智能驾驶', 'z', '智能驾驶', 'z', '', '', '', '', 0, 50, 0, 1),
(615, 65, '安全预警仪', 'a', '安全预警仪', 'a', '', '', '', '', 0, 50, 0, 1),
(616, 65, '车载电台', 'c', '车载电台', 'c', '', '', '', '', 0, 50, 0, 1),
(617, 65, '行车记录仪', 'x', '行车记录仪', 'x', '', '', '', '', 0, 50, 0, 1),
(618, 65, '吸尘器', 'x', '吸尘器', 'x', '', '', '', '', 0, 50, 0, 1),
(619, 65, '倒车雷达', 'd', '倒车雷达', 'd', '', '', '', '', 0, 50, 0, 1),
(620, 65, '冰箱', 'b', '冰箱', 'b', '', '', '', '', 0, 50, 0, 1),
(621, 65, '蓝牙设备', 'l', '蓝牙设备', 'l', '', '', '', '', 0, 50, 0, 1),
(622, 65, '时尚影音', 's', '时尚影音', 's', '', '', '', '', 0, 50, 0, 1),
(623, 65, '净化器', 'j', '净化器', 'j', '', '', '', '', 0, 50, 0, 1),
(624, 66, '清洁剂', 'q', '清洁剂', 'q', '', '', '', '', 0, 50, 0, 1),
(625, 66, '洗车工具', 'x', '洗车工具', 'x', '', '', '', '', 0, 50, 0, 1),
(626, 66, '洗车配件', 'x', '洗车配件', 'x', '', '', '', '', 0, 50, 0, 1),
(627, 66, '车蜡', 'c', '车蜡', 'c', '', '', '', '', 0, 50, 0, 1),
(628, 66, '补漆笔', 'b', '补漆笔', 'b', '', '', '', '', 0, 50, 0, 1),
(629, 66, '玻璃水', 'b', '玻璃水', 'b', '', '', '', '', 0, 50, 0, 1),
(630, 67, '香水', 'x', '香水', 'x', '', '', '', '', 0, 50, 0, 1),
(631, 67, '空气净化', 'k', '空气净化', 'k', '', '', '', '', 0, 50, 0, 1),
(632, 67, '车内饰品', 'c', '车内饰品', 'c', '', '', '', '', 0, 50, 0, 1),
(633, 67, '脚垫', 'j', '脚垫', 'j', '', '', '', '', 0, 50, 0, 1),
(634, 67, '功能小件', 'g', '功能小件', 'g', '', '', '', '', 0, 50, 0, 1),
(635, 67, '座垫', 'z', '座垫', 'z', '', '', '', '', 0, 50, 0, 1),
(636, 67, '车身装饰件', 'c', '车身装饰件', 'c', '', '', '', '', 0, 50, 0, 1),
(637, 67, '座套', 'z', '座套', 'z', '', '', '', '', 0, 50, 0, 1),
(638, 67, '车衣', 'c', '车衣', 'c', '', '', '', '', 0, 50, 0, 1),
(639, 67, '后备箱垫', 'h', '后备箱垫', 'h', '', '', '', '', 0, 50, 0, 1),
(640, 67, '头枕腰靠', 't', '头枕腰靠', 't', '', '', '', '', 0, 50, 0, 1),
(641, 68, '充气泵', 'c', '充气泵', 'c', '', '', '', '', 0, 50, 0, 1),
(642, 68, '防盗设备', 'f', '防盗设备', 'f', '', '', '', '', 0, 50, 0, 1),
(643, 68, '应急救援', 'y', '应急救援', 'y', '', '', '', '', 0, 50, 0, 1),
(644, 68, '保温箱', 'b', '保温箱', 'b', '', '', '', '', 0, 50, 0, 1),
(645, 68, '储物箱', 'c', '储物箱', 'c', '', '', '', '', 0, 50, 0, 1),
(646, 68, '自驾野营', 'z', '自驾野营', 'z', '', '', '', '', 0, 50, 0, 1),
(647, 68, '安全座椅', 'a', '安全座椅', 'a', '', '', '', '', 0, 50, 0, 1),
(648, 68, '摩托车装备', 'm', '摩托车装备', 'm', '', '', '', '', 0, 50, 0, 1),
(649, 68, '胎压监测', 't', '胎压监测', 't', '', '', '', '', 0, 50, 0, 1),
(650, 69, '功能升级服务', 'g', '功能升级服务', 'g', '', '', '', '', 0, 50, 0, 1),
(651, 69, '保养维修服务', 'b', '保养维修服务', 'b', '', '', '', '', 0, 50, 0, 1),
(652, 69, '清洗美容服务', 'q', '清洗美容服务', 'q', '', '', '', '', 0, 50, 0, 1),
(653, 70, '跑车', 'p', '跑车', 'p', '', '', '', '', 0, 50, 0, 1),
(654, 70, '微型车', 'w', '微型车', 'w', '', '', '', '', 0, 50, 0, 1),
(655, 70, '小型车', 'x', '小型车', 'x', '', '', '', '', 0, 50, 0, 1),
(656, 70, '紧凑型车', 'j', '紧凑型车', 'j', '', '', '', '', 0, 50, 0, 1),
(657, 70, '中型车', 'z', '中型车', 'z', '', '', '', '', 0, 50, 0, 1),
(658, 70, '中大型车', 'z', '中大型车', 'z', '', '', '', '', 0, 50, 0, 1),
(659, 70, '豪华车', 'h', '豪华车', 'h', '', '', '', '', 0, 50, 0, 1),
(660, 70, 'MPV', 'm', 'MPV', 'm', '', '', '', '', 0, 50, 0, 1),
(661, 70, 'SUV', 's', 'SUV', 's', '', '', '', '', 0, 50, 0, 1),
(662, 71, '上海大众', 's', '上海大众', 's', '', '', '', '', 0, 50, 0, 1),
(663, 71, '斯柯达', 's', '斯柯达', 's', '', '', '', '', 0, 50, 0, 1),
(664, 71, '东风雪铁龙', 'd', '东风雪铁龙', 'd', '', '', '', '', 0, 50, 0, 1),
(665, 71, '一汽奔腾', 'y', '一汽奔腾', 'y', '', '', '', '', 0, 50, 0, 1),
(666, 71, '北汽新能源', 'b', '北汽新能源', 'b', '', '', '', '', 0, 50, 0, 1),
(667, 71, '陆风', 'l', '陆风', 'l', '', '', '', '', 0, 50, 0, 1),
(668, 71, '海马', 'h', '海马', 'h', '', '', '', '', 0, 50, 0, 1),
(669, 72, '润滑油', 'r', '润滑油', 'r', '', '', '', '', 0, 50, 0, 1),
(670, 72, '轮胎', 'l', '轮胎', 'l', '', '', '', '', 0, 50, 0, 1),
(671, 72, '改装配件', 'g', '改装配件', 'g', '', '', '', '', 0, 50, 0, 1),
(672, 72, '添加剂', 't', '添加剂', 't', '', '', '', '', 0, 50, 0, 1),
(673, 72, '轮毂', 'l', '轮毂', 'l', '', '', '', '', 0, 50, 0, 1),
(674, 72, '防冻液', 'f', '防冻液', 'f', '', '', '', '', 0, 50, 0, 1),
(675, 72, '刹车片/盘', 's', '刹车片/盘', 's', '', '', '', '', 0, 50, 0, 1),
(676, 72, '滤清器', 'l', '滤清器', 'l', '', '', '', '', 0, 50, 0, 1),
(677, 72, '维修配件', 'w', '维修配件', 'w', '', '', '', '', 0, 50, 0, 1),
(678, 72, '火花塞', 'h', '火花塞', 'h', '', '', '', '', 0, 50, 0, 1),
(679, 72, '蓄电池', 'x', '蓄电池', 'x', '', '', '', '', 0, 50, 0, 1),
(680, 72, '雨刷', 'y', '雨刷', 'y', '', '', '', '', 0, 50, 0, 1),
(681, 72, '底盘装甲/护板', 'd', '底盘装甲/护板', 'd', '', '', '', '', 0, 50, 0, 1),
(682, 72, '车灯', 'c', '车灯', 'c', '', '', '', '', 0, 50, 0, 1),
(683, 72, '贴膜', 't', '贴膜', 't', '', '', '', '', 0, 50, 0, 1),
(684, 72, '后视镜', 'h', '后视镜', 'h', '', '', '', '', 0, 50, 0, 1),
(685, 72, '汽修工具', 'q', '汽修工具', 'q', '', '', '', '', 0, 50, 0, 1),
(686, 73, '宝宝护肤', 'b', '宝宝护肤', 'b', '', '', '', '', 0, 50, 0, 1),
(687, 73, '宝宝洗浴', 'b', '宝宝洗浴', 'b', '', '', '', '', 0, 50, 0, 1),
(688, 73, '理发器', 'l', '理发器', 'l', '', '', '', '', 0, 50, 0, 1),
(689, 73, '洗衣液/皂', 'x', '洗衣液/皂', 'x', '', '', '', '', 0, 50, 0, 1),
(690, 73, '奶瓶清洗', 'n', '奶瓶清洗', 'n', '', '', '', '', 0, 50, 0, 1),
(691, 73, '日常护理', 'r', '日常护理', 'r', '', '', '', '', 0, 50, 0, 1),
(692, 73, '座便器', 'z', '座便器', 'z', '', '', '', '', 0, 50, 0, 1),
(693, 73, '驱蚊防蚊', 'q', '驱蚊防蚊', 'q', '', '', '', '', 0, 50, 0, 1),
(694, 74, '奶瓶奶嘴', 'n', '奶瓶奶嘴', 'n', '', '', '', '', 0, 50, 0, 1),
(695, 74, '吸奶器', 'x', '吸奶器', 'x', '', '', '', '', 0, 50, 0, 1),
(696, 74, '牙胶安抚', 'y', '牙胶安抚', 'y', '', '', '', '', 0, 50, 0, 1),
(697, 74, '暖奶消毒', 'n', '暖奶消毒', 'n', '', '', '', '', 0, 50, 0, 1),
(698, 74, '辅食料理机', 'f', '辅食料理机', 'f', '', '', '', '', 0, 50, 0, 1),
(699, 74, '碗盘叉勺', 'w', '碗盘叉勺', 'w', '', '', '', '', 0, 50, 0, 1),
(700, 74, '水壶/水杯', 's', '水壶/水杯', 's', '', '', '', '', 0, 50, 0, 1),
(701, 75, '婴儿推车', 'y', '婴儿推车', 'y', '', '', '', '', 0, 50, 0, 1),
(702, 75, '餐椅摇椅', 'c', '餐椅摇椅', 'c', '', '', '', '', 0, 50, 0, 1),
(703, 75, '学步车', 'x', '学步车', 'x', '', '', '', '', 0, 50, 0, 1),
(704, 75, '三轮车', 's', '三轮车', 's', '', '', '', '', 0, 50, 0, 1),
(705, 75, '自行车', 'z', '自行车', 'z', '', '', '', '', 0, 50, 0, 1),
(706, 75, '扭扭车', 'n', '扭扭车', 'n', '', '', '', '', 0, 50, 0, 1),
(707, 75, '滑板车', 'h', '滑板车', 'h', '', '', '', '', 0, 50, 0, 1),
(708, 75, '婴儿床', 'y', '婴儿床', 'y', '', '', '', '', 0, 50, 0, 1),
(709, 75, '电动车', 'd', '电动车', 'd', '', '', '', '', 0, 50, 0, 1),
(710, 76, '提篮式', 't', '提篮式', 't', '', '', '', '', 0, 50, 0, 1),
(711, 76, '安全座椅', 'a', '安全座椅', 'a', '', '', '', '', 0, 50, 0, 1),
(712, 76, '增高垫', 'z', '增高垫', 'z', '', '', '', '', 0, 50, 0, 1),
(713, 77, '安全防护', 'a', '安全防护', 'a', '', '', '', '', 0, 50, 0, 1),
(714, 77, '婴儿外出服', 'y', '婴儿外出服', 'y', '', '', '', '', 0, 50, 0, 1),
(715, 77, '婴儿内衣', 'y', '婴儿内衣', 'y', '', '', '', '', 0, 50, 0, 1),
(716, 77, '婴儿礼盒', 'y', '婴儿礼盒', 'y', '', '', '', '', 0, 50, 0, 1),
(717, 77, '婴儿鞋帽袜', 'y', '婴儿鞋帽袜', 'y', '', '', '', '', 0, 50, 0, 1),
(718, 77, '家居床品', 'j', '家居床品', 'j', '', '', '', '', 0, 50, 0, 1),
(719, 78, '婴幼奶粉', 'y', '婴幼奶粉', 'y', '', '', '', '', 0, 50, 0, 1),
(720, 78, '成人奶粉', 'c', '成人奶粉', 'c', '', '', '', '', 0, 50, 0, 1),
(721, 79, '待产/新生', 'd', '待产/新生', 'd', '', '', '', '', 0, 50, 0, 1),
(722, 79, '孕妇装', 'y', '孕妇装', 'y', '', '', '', '', 0, 50, 0, 1),
(723, 79, '孕期营养', 'y', '孕期营养', 'y', '', '', '', '', 0, 50, 0, 1),
(724, 79, '防辐射服', 'f', '防辐射服', 'f', '', '', '', '', 0, 50, 0, 1),
(725, 79, '妈咪包/背婴带', 'm', '妈咪包/背婴带', 'm', '', '', '', '', 0, 50, 0, 1),
(726, 79, '产后塑身', 'c', '产后塑身', 'c', '', '', '', '', 0, 50, 0, 1),
(727, 79, '孕妈美容', 'y', '孕妈美容', 'y', '', '', '', '', 0, 50, 0, 1),
(728, 79, '文胸/内裤', 'w', '文胸/内裤', 'w', '', '', '', '', 0, 50, 0, 1),
(729, 79, '月子装', 'y', '月子装', 'y', '', '', '', '', 0, 50, 0, 1),
(730, 80, '米粉/菜粉', 'm', '米粉/菜粉', 'm', '', '', '', '', 0, 50, 0, 1),
(731, 80, '果泥/果汁', 'g', '果泥/果汁', 'g', '', '', '', '', 0, 50, 0, 1),
(732, 80, '面条/粥', 'm', '面条/粥', 'm', '', '', '', '', 0, 50, 0, 1),
(733, 80, '宝宝零食', 'b', '宝宝零食', 'b', '', '', '', '', 0, 50, 0, 1),
(734, 80, 'DHA', 'd', 'DHA', 'd', '', '', '', '', 0, 50, 0, 1),
(735, 80, '钙铁锌/维生素', 'g', '钙铁锌/维生素', 'g', '', '', '', '', 0, 50, 0, 1),
(736, 80, '益生菌/初乳', 'y', '益生菌/初乳', 'y', '', '', '', '', 0, 50, 0, 1),
(737, 80, '清火/开胃', 'q', '清火/开胃', 'q', '', '', '', '', 0, 50, 0, 1),
(738, 81, '配饰', 'p', '配饰', 'p', '', '', '', '', 0, 50, 0, 1),
(739, 81, '亲子装', 'q', '亲子装', 'q', '', '', '', '', 0, 50, 0, 1),
(740, 81, '羽绒服/棉服', 'y', '羽绒服/棉服', 'y', '', '', '', '', 0, 50, 0, 1),
(741, 81, '套装', 't', '套装', 't', '', '', '', '', 0, 50, 0, 1),
(742, 81, '运动服', 'y', '运动服', 'y', '', '', '', '', 0, 50, 0, 1),
(743, 81, '上衣', 's', '上衣', 's', '', '', '', '', 0, 50, 0, 1),
(744, 81, '靴子', 'x', '靴子', 'x', '', '', '', '', 0, 50, 0, 1),
(745, 81, '运动鞋', 'y', '运动鞋', 'y', '', '', '', '', 0, 50, 0, 1),
(746, 81, '演出服', 'y', '演出服', 'y', '', '', '', '', 0, 50, 0, 1),
(747, 81, '裙子', 'q', '裙子', 'q', '', '', '', '', 0, 50, 0, 1),
(748, 81, '裤子', 'k', '裤子', 'k', '', '', '', '', 0, 50, 0, 1),
(749, 81, '功能鞋', 'g', '功能鞋', 'g', '', '', '', '', 0, 50, 0, 1),
(750, 81, '内衣', 'n', '内衣', 'n', '', '', '', '', 0, 50, 0, 1),
(751, 81, '凉鞋', 'l', '凉鞋', 'l', '', '', '', '', 0, 50, 0, 1),
(752, 81, '皮鞋/帆布鞋', 'p', '皮鞋/帆布鞋', 'p', '', '', '', '', 0, 50, 0, 1),
(753, 82, '婴儿尿裤', 'y', '婴儿尿裤', 'y', '', '', '', '', 0, 50, 0, 1),
(754, 82, '拉拉裤', 'l', '拉拉裤', 'l', '', '', '', '', 0, 50, 0, 1),
(755, 82, '成人尿裤', 'c', '成人尿裤', 'c', '', '', '', '', 0, 50, 0, 1),
(756, 82, '湿巾', 's', '湿巾', 's', '', '', '', '', 0, 50, 0, 1),
(757, 83, '健身玩具', 'j', '健身玩具', 'j', '', '', '', '', 0, 50, 0, 1),
(758, 83, '适用年龄', 's', '适用年龄', 's', '', '', '', '', 0, 50, 0, 1),
(759, 83, '娃娃玩具', 'w', '娃娃玩具', 'w', '', '', '', '', 0, 50, 0, 1),
(760, 83, '遥控/电动', 'y', '遥控/电动', 'y', '', '', '', '', 0, 50, 0, 1),
(761, 83, 'DIY玩具', 'd', 'DIY玩具', 'd', '', '', '', '', 0, 50, 0, 1),
(762, 83, '益智玩具', 'y', '益智玩具', 'y', '', '', '', '', 0, 50, 0, 1),
(763, 83, '创意减压', 'c', '创意减压', 'c', '', '', '', '', 0, 50, 0, 1),
(764, 83, '积木拼插', 'j', '积木拼插', 'j', '', '', '', '', 0, 50, 0, 1),
(765, 83, '乐器相关', 'l', '乐器相关', 'l', '', '', '', '', 0, 50, 0, 1),
(766, 83, '动漫玩具', 'd', '动漫玩具', 'd', '', '', '', '', 0, 50, 0, 1),
(767, 83, '毛绒布艺', 'm', '毛绒布艺', 'm', '', '', '', '', 0, 50, 0, 1),
(768, 83, '模型玩具', 'm', '模型玩具', 'm', '', '', '', '', 0, 50, 0, 1),
(769, 84, '游戏', 'y', '游戏', 'y', '', '', '', '', 0, 50, 0, 1),
(770, 84, '影视/动漫周边', 'y', '影视/动漫周边', 'y', '', '', '', '', 0, 50, 0, 1),
(771, 84, '音乐', 'y', '音乐', 'y', '', '', '', '', 0, 50, 0, 1),
(772, 84, '影视', 'y', '影视', 'y', '', '', '', '', 0, 50, 0, 1),
(773, 84, '教育音像', 'j', '教育音像', 'j', '', '', '', '', 0, 50, 0, 1),
(774, 85, '港台图书', 'g', '港台图书', 'g', '', '', '', '', 0, 50, 0, 1),
(775, 85, '杂志/期刊', 'z', '杂志/期刊', 'z', '', '', '', '', 0, 50, 0, 1),
(776, 85, '英文原版书', 'y', '英文原版书', 'y', '', '', '', '', 0, 50, 0, 1),
(777, 86, '科普', 'k', '科普', 'k', '', '', '', '', 0, 50, 0, 1),
(778, 86, '幼儿启蒙', 'y', '幼儿启蒙', 'y', '', '', '', '', 0, 50, 0, 1),
(779, 86, '0-2岁', '0', '0-2岁', '0', '', '', '', '', 0, 50, 0, 1),
(780, 86, '手工游戏', 's', '手工游戏', 's', '', '', '', '', 0, 50, 0, 1),
(781, 86, '3-6岁', '3', '3-6岁', '3', '', '', '', '', 0, 50, 0, 1),
(782, 86, '智力开发', 'z', '智力开发', 'z', '', '', '', '', 0, 50, 0, 1),
(783, 86, '7-10岁', '7', '7-10岁', '7', '', '', '', '', 0, 50, 0, 1),
(784, 86, '11-14岁', '1', '11-14岁', '1', '', '', '', '', 0, 50, 0, 1),
(785, 86, '儿童文学', 'e', '儿童文学', 'e', '', '', '', '', 0, 50, 0, 1),
(786, 86, '绘本', 'h', '绘本', 'h', '', '', '', '', 0, 50, 0, 1),
(787, 87, '外文原版', 'w', '外文原版', 'w', '', '', '', '', 0, 50, 0, 1),
(788, 87, '畅读VIP', 'c', '畅读VIP', 'c', '', '', '', '', 0, 50, 0, 1),
(789, 87, '免费', 'm', '免费', 'm', '', '', '', '', 0, 50, 0, 1),
(790, 87, '小说', 'x', '小说', 'x', '', '', '', '', 0, 50, 0, 1);
INSERT INTO `donkey_goods_category` (`goods_category_id`, `parent_id`, `name`, `name_phonetic`, `alias`, `alias_phonetic`, `category_pic`, `category_ico`, `keywords`, `description`, `category_type`, `sort`, `is_navi`, `status`) VALUES
(791, 87, '励志与成功', 'l', '励志与成功', 'l', '', '', '', '', 0, 50, 0, 1),
(792, 87, '经济金融', 'j', '经济金融', 'j', '', '', '', '', 0, 50, 0, 1),
(793, 87, '文学', 'w', '文学', 'w', '', '', '', '', 0, 50, 0, 1),
(794, 87, '社科', 's', '社科', 's', '', '', '', '', 0, 50, 0, 1),
(795, 87, '婚恋两性', 'h', '婚恋两性', 'h', '', '', '', '', 0, 50, 0, 1),
(796, 88, '字典词典', 'z', '字典词典', 'z', '', '', '', '', 0, 50, 0, 1),
(797, 88, '教材', 'j', '教材', 'j', '', '', '', '', 0, 50, 0, 1),
(798, 88, '中小学教辅', 'z', '中小学教辅', 'z', '', '', '', '', 0, 50, 0, 1),
(799, 88, '考试', 'k', '考试', 'k', '', '', '', '', 0, 50, 0, 1),
(800, 88, '外语学习', 'w', '外语学习', 'w', '', '', '', '', 0, 50, 0, 1),
(801, 89, '通俗流行', 't', '通俗流行', 't', '', '', '', '', 0, 50, 0, 1),
(802, 89, '古典音乐', 'g', '古典音乐', 'g', '', '', '', '', 0, 50, 0, 1),
(803, 89, '摇滚说唱', 'y', '摇滚说唱', 'y', '', '', '', '', 0, 50, 0, 1),
(804, 89, '爵士蓝调', 'j', '爵士蓝调', 'j', '', '', '', '', 0, 50, 0, 1),
(805, 89, '乡村民谣', 'x', '乡村民谣', 'x', '', '', '', '', 0, 50, 0, 1),
(806, 89, '有声读物', 'y', '有声读物', 'y', '', '', '', '', 0, 50, 0, 1),
(807, 90, '小说', 'x', '小说', 'x', '', '', '', '', 0, 50, 0, 1),
(808, 90, '文学', 'w', '文学', 'w', '', '', '', '', 0, 50, 0, 1),
(809, 90, '青春文学', 'q', '青春文学', 'q', '', '', '', '', 0, 50, 0, 1),
(810, 90, '传记', 'c', '传记', 'c', '', '', '', '', 0, 50, 0, 1),
(811, 90, '动漫', 'd', '动漫', 'd', '', '', '', '', 0, 50, 0, 1),
(812, 90, '艺术', 'y', '艺术', 'y', '', '', '', '', 0, 50, 0, 1),
(813, 90, '摄影', 's', '摄影', 's', '', '', '', '', 0, 50, 0, 1),
(814, 91, '管理', 'g', '管理', 'g', '', '', '', '', 0, 50, 0, 1),
(815, 91, '金融与投资', 'j', '金融与投资', 'j', '', '', '', '', 0, 50, 0, 1),
(816, 91, '经济', 'j', '经济', 'j', '', '', '', '', 0, 50, 0, 1),
(817, 91, '励志与成功', 'l', '励志与成功', 'l', '', '', '', '', 0, 50, 0, 1),
(818, 92, '哲学/宗教', 'z', '哲学/宗教', 'z', '', '', '', '', 0, 50, 0, 1),
(819, 92, '社会科学', 's', '社会科学', 's', '', '', '', '', 0, 50, 0, 1),
(820, 92, '法律', 'f', '法律', 'f', '', '', '', '', 0, 50, 0, 1),
(821, 92, '文化', 'w', '文化', 'w', '', '', '', '', 0, 50, 0, 1),
(822, 92, '历史', 'l', '历史', 'l', '', '', '', '', 0, 50, 0, 1),
(823, 92, '心理学', 'x', '心理学', 'x', '', '', '', '', 0, 50, 0, 1),
(824, 92, '政治/军事', 'z', '政治/军事', 'z', '', '', '', '', 0, 50, 0, 1),
(825, 92, '国学/古籍', 'g', '国学/古籍', 'g', '', '', '', '', 0, 50, 0, 1),
(826, 93, '美食', 'm', '美食', 'm', '', '', '', '', 0, 50, 0, 1),
(827, 93, '时尚美妆', 's', '时尚美妆', 's', '', '', '', '', 0, 50, 0, 1),
(828, 93, '家居', 'j', '家居', 'j', '', '', '', '', 0, 50, 0, 1),
(829, 93, '手工DIY', 's', '手工DIY', 's', '', '', '', '', 0, 50, 0, 1),
(830, 93, '家教与育儿', 'j', '家教与育儿', 'j', '', '', '', '', 0, 50, 0, 1),
(831, 93, '两性', 'l', '两性', 'l', '', '', '', '', 0, 50, 0, 1),
(832, 93, '孕产', 'y', '孕产', 'y', '', '', '', '', 0, 50, 0, 1),
(833, 93, '体育', 't', '体育', 't', '', '', '', '', 0, 50, 0, 1),
(834, 93, '健身保健', 'j', '健身保健', 'j', '', '', '', '', 0, 50, 0, 1),
(835, 93, '旅游/地图', 'l', '旅游/地图', 'l', '', '', '', '', 0, 50, 0, 1),
(836, 94, '建筑', 'j', '建筑', 'j', '', '', '', '', 0, 50, 0, 1),
(837, 94, '工业技术', 'g', '工业技术', 'g', '', '', '', '', 0, 50, 0, 1),
(838, 94, '电子/通信', 'd', '电子/通信', 'd', '', '', '', '', 0, 50, 0, 1),
(839, 94, '医学', 'y', '医学', 'y', '', '', '', '', 0, 50, 0, 1),
(840, 94, '科学与自然', 'k', '科学与自然', 'k', '', '', '', '', 0, 50, 0, 1),
(841, 94, '农林', 'n', '农林', 'n', '', '', '', '', 0, 50, 0, 1),
(842, 94, '计算机与互联网', 'j', '计算机与互联网', 'j', '', '', '', '', 0, 50, 0, 1),
(843, 94, '科普', 'k', '科普', 'k', '', '', '', '', 0, 50, 0, 1);

DROP TABLE IF EXISTS `donkey_goods_comment`;
CREATE TABLE `donkey_goods_comment` (
  `goods_comment_id` int(11) UNSIGNED NOT NULL,
  `parent_id` int(11) UNSIGNED NOT NULL DEFAULT '0' COMMENT '父id(回复) ',
  `goods_id` int(11) UNSIGNED NOT NULL COMMENT '对应goods表',
  `order_goods_id` int(11) UNSIGNED NOT NULL COMMENT '对应order_goods表',
  `order_no` varchar(50) COLLATE utf8mb4_unicode_ci NOT NULL COMMENT '对应order表',
  `user_id` int(11) UNSIGNED NOT NULL COMMENT '对应user表',
  `is_anon` tinyint(1) NOT NULL DEFAULT '0' COMMENT '是否匿名 0=否 1=是',
  `type` tinyint(1) NOT NULL DEFAULT '0' COMMENT '0=主评 1=主回 2=追评 3=追回',
  `content` varchar(200) COLLATE utf8mb4_unicode_ci NOT NULL DEFAULT '' COMMENT '内容',
  `image` text COLLATE utf8mb4_unicode_ci NOT NULL COMMENT '晒图',
  `is_image` tinyint(1) NOT NULL DEFAULT '0' COMMENT '0=无图 1=有图',
  `is_append` tinyint(1) NOT NULL DEFAULT '0' COMMENT '0=无追评 1=有追评',
  `score` tinyint(1) NOT NULL DEFAULT '1' COMMENT '评分 1~5',
  `praise` smallint(5) NOT NULL DEFAULT '0' COMMENT '点赞',
  `reply_count` smallint(5) NOT NULL DEFAULT '0' COMMENT '回复数',
  `ip_address` varchar(20) COLLATE utf8mb4_unicode_ci NOT NULL DEFAULT '' COMMENT 'ip地址',
  `is_show` tinyint(1) NOT NULL DEFAULT '1' COMMENT '0=否 1=是',
  `is_top` tinyint(1) NOT NULL DEFAULT '0' COMMENT '是否置顶 0=否 1=是',
  `status` tinyint(1) NOT NULL DEFAULT '0' COMMENT '0=未读 1=已读',
  `is_delete` tinyint(1) NOT NULL DEFAULT '0' COMMENT '0=未删 1=已删',
  `create_time` int(11) NOT NULL DEFAULT '0' COMMENT '创建日期'
) ENGINE=InnoDB DEFAULT CHARSET=utf8mb4 COLLATE=utf8mb4_unicode_ci COMMENT='商品评价';

INSERT INTO `donkey_goods_comment` (`goods_comment_id`, `parent_id`, `goods_id`, `order_goods_id`, `order_no`, `user_id`, `is_anon`, `type`, `content`, `image`, `is_image`, `is_append`, `score`, `praise`, `reply_count`, `ip_address`, `is_show`, `is_top`, `status`, `is_delete`, `create_time`) VALUES
(1, 0, 1, 3, '1', 2, 1, 0, '评价', '[]', 0, 0, 5, 0, 16, '', 1, 1, 1, 1, 1484623482),
(9, 1, 1, 2, '1', 2, 0, 1, '解释A222', '[]', 0, 0, 5, 0, 0, '', 1, 0, 0, 0, 1484628033),
(10, 1, 1, 0, '1', 2, 0, 1, '解释B', '[]', 0, 0, 5, 0, 0, '', 1, 0, 0, 0, 1484628041),
(11, 1, 1, 0, '1', 2, 0, 2, '追加评价', '[]', 1, 0, 5, 0, 0, '', 1, 0, 0, 0, 1484628060),
(12, 1, 1, 0, '1', 2, 0, 3, '追加A', '[]', 0, 0, 5, 0, 0, '', 1, 0, 0, 0, 1484628082),
(16, 1, 1, 0, '1', 2, 0, 3, '追加B', '[]', 0, 0, 5, 0, 0, '', 1, 0, 0, 0, 1484628839),
(17, 1, 1, 0, '1', 2, 0, 1, '解释C', '[]', 0, 0, 5, 0, 0, '', 1, 0, 0, 0, 1484628880),
(18, 0, 1, 0, '2', 1, 0, 0, '评价+1', '[]', 0, 0, 5, 0, 0, '', 1, 0, 1, 1, 1484629878),
(19, 18, 1, 0, '2', 1, 0, 1, '解释1', '[]', 0, 0, 5, 0, 0, '', 1, 0, 0, 0, 1484629903),
(20, 18, 1, 0, '2', 1, 0, 1, '解释2', '[]', 0, 0, 5, 0, 0, '', 1, 0, 0, 0, 1484629912),
(21, 18, 1, 0, '2', 1, 0, 1, '解释3', '[]', 0, 0, 5, 0, 0, '', 1, 0, 0, 0, 1484629915),
(22, 18, 1, 0, '2', 1, 0, 1, '解释4', '[]', 0, 0, 5, 0, 0, '', 1, 0, 0, 0, 1484629917),
(23, 18, 1, 0, '2', 1, 0, 1, '解释5', '[]', 0, 0, 5, 0, 0, '', 1, 0, 0, 0, 1484629920),
(24, 18, 1, 0, '2', 1, 0, 2, '追加+1', '[]', 0, 0, 5, 0, 0, '', 1, 0, 0, 0, 1484629980),
(25, 18, 1, 0, '2', 1, 0, 3, '回复1', '[]', 0, 0, 5, 0, 0, '', 1, 0, 0, 0, 1484630035),
(26, 18, 1, 0, '2', 1, 0, 3, '回复2', '[]', 0, 0, 5, 0, 0, '', 1, 0, 0, 0, 1484630039),
(27, 18, 1, 0, '2', 1, 0, 3, '回复3', '[]', 0, 0, 5, 0, 0, '', 1, 0, 0, 0, 1484630041),
(28, 18, 1, 0, '2', 1, 0, 3, '回复4', '[]', 0, 0, 5, 0, 0, '', 1, 0, 0, 0, 1484630043),
(29, 18, 1, 0, '2', 1, 0, 3, '回复5', '[]', 0, 0, 5, 0, 0, '', 1, 0, 0, 0, 1484630045),
(34, 0, 2, 0, '1', 1, 1, 0, '评价', '[]', 1, 0, 2, 3, 4, '', 1, 1, 1, 1, 1484623482),
(39, 34, 2, 0, '1', 1, 1, 2, '追加', '[]', 1, 0, 0, 0, 0, '', 0, 0, 0, 0, 1484722817),
(40, 34, 2, 0, '1', 1, 1, 1, '回复A', '[]', 0, 0, 0, 0, 0, '', 0, 0, 0, 0, 1484722882),
(41, 34, 2, 0, '1', 1, 1, 3, '回复B', '[]', 0, 0, 0, 0, 0, '', 0, 0, 0, 0, 1484722921),
(42, 0, 1, 0, '1', 1, 1, 0, '评价', '[]', 0, 0, 3, 0, 9, '', 1, 1, 1, 1, 1484623482),
(43, 0, 1, 0, '1', 1, 1, 0, '评价', '[]', 0, 0, 3, 0, 9, '', 1, 1, 1, 1, 1484623482),
(44, 0, 1, 0, '1', 1, 1, 0, '评价', '[]', 0, 0, 1, 0, 9, '', 1, 1, 1, 1, 1484623482),
(45, 0, 1, 0, '1', 2, 1, 0, '评价', '[]', 0, 0, 3, 0, 9, '', 1, 1, 1, 1, 1484623482),
(46, 0, 1, 0, '1', 1, 1, 0, '评价', '[]', 0, 0, 3, 0, 9, '', 1, 1, 1, 1, 1484623482),
(47, 0, 1, 0, '88837090314098', 1, 0, 0, '不错', '[]', 0, 0, 5, 0, 0, '', 1, 0, 1, 1, 1491898394),
(48, 47, 1, 0, '88837090314098', 1, 0, 2, '不错', '[]', 1, 0, 5, 0, 0, '', 1, 0, 0, 0, 1491899059),
(49, 0, 1, 0, '88887090314098', 1, 0, 0, '不错', '[]', 0, 0, 3, 0, 0, '', 1, 0, 1, 1, 1491899097),
(50, 49, 1, 0, '88887090314098', 1, 0, 2, '追加评价', '[]', 0, 0, 0, 0, 0, '', 1, 0, 0, 0, 1491901235),
(51, 48, 1, 0, '88837090314098', 1, 0, 2, '追加评价A', '[\"//aliyun.oss.careyshop.cn/uploads/files/20191113/c7519497-0721-4518-826e-04c558d259ec.jpg?type=aliyun\",\"2\",\"3\",\"5\"]', 1, 0, 0, 0, 0, '', 1, 0, 0, 0, 1491901285),
(52, 0, 1, 0, '88867090314098', 1, 0, 0, '评价', '[]', 0, 0, 5, 0, 0, '', 1, 0, 1, 1, 1491901323),
(53, 0, 1, 0, '88867090314099', 1, 1, 0, '评价', '[\"//aliyun.oss.careyshop.cn/uploads/files/20191113/c7519497-0721-4518-826e-04c558d259ec.jpg?type=aliyun\",\"2\",\"3\",\"4\"]', 1, 0, 5, 1, 11, '127.0.0.1', 1, 0, 0, 1, 1491901346),
(59, 53, 1, 0, '88867090314099', 1, 0, 1, '评价回复A', '[]', 0, 0, 0, 1, 0, '', 1, 0, 0, 0, 1491923137),
(60, 53, 1, 0, '88867090314099', 1, 0, 1, '评价回复B', '[]', 0, 0, 0, 0, 0, '192.168.100.100', 1, 0, 0, 0, 1491923211),
(61, 53, 1, 0, '88867090314099', 1, 0, 1, '评价回复C', '[]', 0, 0, 0, 0, 0, '192.168.100.100', 1, 0, 0, 0, 1491923229),
(62, 53, 1, 0, '88867090314099', 1, 0, 1, '评价回复D', '[\"//aliyun.oss.careyshop.cn/uploads/files/20191113/c7519497-0721-4518-826e-04c558d259ec.jpg?type=aliyun\",\"2\",\"3\",\"4\"]', 1, 0, 0, 0, 0, '192.168.100.100', 1, 0, 0, 0, 1491923246),
(63, 53, 1, 0, '88867090314099', 1, 0, 2, '追加', '[\"//aliyun.oss.careyshop.cn/uploads/files/20191113/c7519497-0721-4518-826e-04c558d259ec.jpg?type=aliyun\",\"2\",\"3\",\"4\"]', 1, 0, 0, 0, 0, '192.168.100.100', 1, 0, 0, 0, 1491924102),
(64, 53, 1, 0, '88867090314099', 1, 0, 3, '追回', '[]', 0, 0, 0, 0, 0, '', 1, 0, 0, 0, 1491924273),
(65, 53, 1, 0, '88867090314099', 1, 0, 3, '追回', '[\"//aliyun.oss.careyshop.cn/uploads/files/20191113/c7519497-0721-4518-826e-04c558d259ec.jpg?type=aliyun\",\"2\",\"3\",\"4\",\"6\"]', 1, 0, 0, 0, 0, '127.0.0.1', 1, 0, 0, 0, 1491924332),
(66, 0, 1, 1, '123', 1, 0, 0, '好', '[]', 0, 0, 5, 0, 0, '', 1, 0, 0, 0, 1492250182),
(67, 0, 1, 1, '1234', 71, 0, 0, '好', '[]', 0, 0, 5, 0, 0, '', 1, 0, 1, 0, 1492250489),
(68, 0, 1, 1, '12344', 1, 0, 0, '好', '[]', 0, 0, 5, 0, 0, '', 1, 0, 1, 0, 1492250764),
(69, 0, 1, 2, '123445', 84, 0, 0, '好', '[]', 0, 0, 5, 0, 0, '', 0, 0, 1, 1, 1492251242),
(70, 0, 1, 0, '1234456', 1, 0, 0, '好', '[]', 0, 0, 5, 0, 0, '', 1, 0, 0, 1, 1492251444),
(72, 0, 1, 1, 'PO_H9140135409870200001', 72, 0, 0, '评价评价评价评价评价评价评价评价评价评价评价评价评价评价评价评价评价', '[{\"name\":\"O1CN01LqDyEL1hpLsINePCa_!!2863054326.jpg\",\"source\":\"aliyun.oss.careyshop.cn\\/uploads\\/files\\/20191230\\/97405ac5-3c64-4d48-b3da-238710c7272b.jpg?type=aliyun\",\"url\":\"\\/\\/aliyun.oss.careyshop.cn\\/uploads\\/files\\/20191230\\/97405ac5-3c64-4d48-b3da-238710c7272b.jpg?type=aliyun\"},{\"name\":\"68d42d66a8a9c565.jpg\",\"source\":\"aliyun.oss.careyshop.cn\\/uploads\\/files\\/20191230\\/32dcbebd-ebad-4d41-96d4-196fd7fe9ac7.jpg?type=aliyun\",\"url\":\"\\/\\/aliyun.oss.careyshop.cn\\/uploads\\/files\\/20191230\\/32dcbebd-ebad-4d41-96d4-196fd7fe9ac7.jpg?type=aliyun\"},{\"name\":\"O1CN01Lm14uN1yXLqqxZuXd_!!0-item_pic.jpg\",\"source\":\"aliyun.oss.careyshop.cn\\/uploads\\/files\\/20191230\\/40267cb9-c022-43d8-adf2-77cdc88fa6d0.jpg?type=aliyun\",\"url\":\"\\/\\/aliyun.oss.careyshop.cn\\/uploads\\/files\\/20191230\\/40267cb9-c022-43d8-adf2-77cdc88fa6d0.jpg?type=aliyun\"},{\"name\":\"O1CN01VtX6IC1PbvFiNvskI_!!0-item_pic.jpg\",\"source\":\"aliyun.oss.careyshop.cn\\/uploads\\/files\\/20191230\\/4aff227f-2673-45bc-81cd-8e79777dbe04.jpg?type=aliyun\",\"url\":\"\\/\\/aliyun.oss.careyshop.cn\\/uploads\\/files\\/20191230\\/4aff227f-2673-45bc-81cd-8e79777dbe04.jpg?type=aliyun\"},{\"name\":\"O1CN01wQOP0c1RdsATKsVgU_!!0-item_pic.jpg\",\"source\":\"aliyun.oss.careyshop.cn\\/uploads\\/files\\/20191230\\/f82ae8dd-ebe4-4397-889e-418adde10a85.jpg?type=aliyun\",\"url\":\"\\/\\/aliyun.oss.careyshop.cn\\/uploads\\/files\\/20191230\\/f82ae8dd-ebe4-4397-889e-418adde10a85.jpg?type=aliyun\"}]', 0, 1, 5, 0, 0, '192.168.1.1', 1, 1, 1, 0, 1505408601),
(76, 72, 93, 0, 'PO_H9140135409870200001', 1, 0, 2, '追评追评追评追评追评追评追评追评追评追评追评追评追评追评追评追评追评', '[{\"name\":\"O1CN01awPGBj1Mqd7qIcu3n_!!0-item_pic.jpg\",\"source\":\"aliyun.oss.careyshop.cn\\/uploads\\/files\\/20191230\\/3c81b780-0510-442c-8ffc-267217735f94.jpg?type=aliyun\",\"url\":\"\\/\\/aliyun.oss.careyshop.cn\\/uploads\\/files\\/20191230\\/3c81b780-0510-442c-8ffc-267217735f94.jpg?type=aliyun\"},{\"name\":\"q03.png\",\"source\":\"aliyun.oss.careyshop.cn\\/uploads\\/files\\/20191112\\/008df859-3318-4b5e-8df3-4193420a3cfd.png?type=aliyun\",\"url\":\"\\/\\/aliyun.oss.careyshop.cn\\/uploads\\/files\\/20191112\\/008df859-3318-4b5e-8df3-4193420a3cfd.png?type=aliyun\"},{\"name\":\"q04.png\",\"source\":\"aliyun.oss.careyshop.cn\\/uploads\\/files\\/20191112\\/c67cd881-6aaf-4caa-89c0-3725cb0dd33d.png?type=aliyun\",\"url\":\"\\/\\/aliyun.oss.careyshop.cn\\/uploads\\/files\\/20191112\\/c67cd881-6aaf-4caa-89c0-3725cb0dd33d.png?type=aliyun\"},{\"name\":\"pdf02.png\",\"source\":\"aliyun.oss.careyshop.cn\\/uploads\\/files\\/20191112\\/24a5e752-d51e-448a-8995-353b16d92345.png?type=aliyun\",\"url\":\"\\/\\/aliyun.oss.careyshop.cn\\/uploads\\/files\\/20191112\\/24a5e752-d51e-448a-8995-353b16d92345.png?type=aliyun\"},{\"name\":\"pdf01.png\",\"source\":\"aliyun.oss.careyshop.cn\\/uploads\\/files\\/20191112\\/0bc6f961-a07b-45ba-8f75-fc55a1c54d1f.png?type=aliyun\",\"url\":\"\\/\\/aliyun.oss.careyshop.cn\\/uploads\\/files\\/20191112\\/0bc6f961-a07b-45ba-8f75-fc55a1c54d1f.png?type=aliyun\"}]', 0, 1, 0, 0, 0, '127.0.0.1', 0, 0, 0, 0, 1505408601),
(77, 1, 2, 1, '1', 1, 1, 2, 'test', '[]', 0, 0, 0, 0, 0, '127.0.0.1', 0, 0, 0, 0, 1484623482),
(78, 69, 1, 2, '123445', 84, 0, 1, '???', '[]', 0, 0, 0, 0, 0, '127.0.0.1', 0, 0, 0, 0, 1492251242),
(79, 68, 1, 1, '12344', 1, 0, 1, '好~', '[]', 0, 0, 0, 0, 0, '127.0.0.1', 0, 0, 0, 0, 1492250764),
(80, 67, 1, 1, '1234', 71, 0, 1, '好`', '[]', 0, 0, 0, 0, 0, '127.0.0.1', 0, 0, 0, 0, 1492250489),
(81, 72, 93, 0, 'PO_H9140135409870200001', 1, 0, 3, 'test', '[]', 0, 0, 0, 0, 0, '127.0.0.1', 0, 0, 0, 0, 1505408601),
(82, 72, 93, 0, 'PO_H9140135409870200001', 1, 0, 3, 'test', '[{\"name\":\"O1CN01awPGBj1Mqd7qIcu3n_!!0-item_pic.jpg\",\"source\":\"aliyun.oss.careyshop.cn\\/uploads\\/files\\/20191230\\/3c81b780-0510-442c-8ffc-267217735f94.jpg?type=aliyun\",\"url\":\"\\/\\/aliyun.oss.careyshop.cn\\/uploads\\/files\\/20191230\\/3c81b780-0510-442c-8ffc-267217735f94.jpg?type=aliyun\"},{\"name\":\"q03.png\",\"source\":\"aliyun.oss.careyshop.cn\\/uploads\\/files\\/20191112\\/008df859-3318-4b5e-8df3-4193420a3cfd.png?type=aliyun\",\"url\":\"\\/\\/aliyun.oss.careyshop.cn\\/uploads\\/files\\/20191112\\/008df859-3318-4b5e-8df3-4193420a3cfd.png?type=aliyun\"},{\"name\":\"q04.png\",\"source\":\"aliyun.oss.careyshop.cn\\/uploads\\/files\\/20191112\\/c67cd881-6aaf-4caa-89c0-3725cb0dd33d.png?type=aliyun\",\"url\":\"\\/\\/aliyun.oss.careyshop.cn\\/uploads\\/files\\/20191112\\/c67cd881-6aaf-4caa-89c0-3725cb0dd33d.png?type=aliyun\"},{\"name\":\"pdf02.png\",\"source\":\"aliyun.oss.careyshop.cn\\/uploads\\/files\\/20191112\\/24a5e752-d51e-448a-8995-353b16d92345.png?type=aliyun\",\"url\":\"\\/\\/aliyun.oss.careyshop.cn\\/uploads\\/files\\/20191112\\/24a5e752-d51e-448a-8995-353b16d92345.png?type=aliyun\"},{\"name\":\"pdf01.png\",\"source\":\"aliyun.oss.careyshop.cn\\/uploads\\/files\\/20191112\\/0bc6f961-a07b-45ba-8f75-fc55a1c54d1f.png?type=aliyun\",\"url\":\"\\/\\/aliyun.oss.careyshop.cn\\/uploads\\/files\\/20191112\\/0bc6f961-a07b-45ba-8f75-fc55a1c54d1f.png?type=aliyun\"}]', 1, 0, 0, 0, 0, '127.0.0.1', 0, 0, 0, 0, 1505408601),
(83, 72, 1, 1, 'PO_H9140135409870200001', 72, 0, 1, 'testAAA', '[]', 0, 0, 0, 0, 0, '127.0.0.1', 0, 0, 0, 0, 1505408601),
(84, 53, 1, 0, '88867090314099', 1, 0, 3, '回复', '[]', 0, 0, 0, 0, 0, '127.0.0.1', 0, 0, 0, 0, 1491924102),
(85, 72, 1, 1, 'PO_H9140135409870200001', 72, 0, 1, '继续测试', '[]', 0, 0, 0, 0, 0, '127.0.0.1', 0, 0, 0, 0, 1505408601),
(86, 0, 288, 1, 'PO_H9140135409870200001', 72, 0, 0, '评价', '[{\"name\":\"O1CN01LqDyEL1hpLsINePCa_!!2863054326.jpg\",\"source\":\"aliyun.oss.careyshop.cn\\/uploads\\/files\\/20191230\\/97405ac5-3c64-4d48-b3da-238710c7272b.jpg?type=aliyun\",\"url\":\"\\/\\/aliyun.oss.careyshop.cn\\/uploads\\/files\\/20191230\\/97405ac5-3c64-4d48-b3da-238710c7272b.jpg?type=aliyun\"}]', 1, 0, 5, 0, 0, '192.168.1.1', 1, 0, 1, 0, 1569486831),
(88, 86, 288, 1, 'PO_H9140135409870200001', 72, 0, 2, '追评', '[]', 0, 0, 0, 0, 0, '127.0.0.1', 0, 0, 0, 0, 1569487403),
(89, 86, 288, 1, 'PO_H9140135409870200001', 72, 0, 3, '追评回复', '[]', 0, 0, 0, 0, 0, '127.0.0.1', 0, 0, 0, 0, 1569487479),
(90, 86, 288, 1, 'PO_H9140135409870200001', 72, 0, 1, '评价回复', '[]', 0, 0, 0, 0, 0, '127.0.0.1', 0, 0, 0, 0, 1569487531),
(91, 86, 288, 1, 'PO_H9140135409870200001', 72, 0, 1, '评价回复带图', '[{\"name\":\"5f44d061b89276848d055cdc37f59a30fdb0254e6550f-wMxD1r_fw658.jpg\",\"source\":\"aliyun.oss.careyshop.cn/uploads/files/20191113/c7519497-0721-4518-826e-04c558d259ec.jpg?type=aliyun\",\"url\":\"//aliyun.oss.careyshop.cn/uploads/files/20191113/c7519497-0721-4518-826e-04c558d259ec.jpg?type=aliyun\"},{\"name\":\"065c3b81673667e7ea512032a5b580ba.jpg\",\"source\":\"aliyun.oss.careyshop.cn/uploads/files/20191113/93a5109a-053d-432e-823d-ceeb3d35942e.jpg?type=aliyun\",\"url\":\"//aliyun.oss.careyshop.cn/uploads/files/20191113/93a5109a-053d-432e-823d-ceeb3d35942e.jpg?type=aliyun\"},{\"name\":\"b02ad3879ba5135ef5dd55f72d869763.jpg\",\"source\":\"aliyun.oss.careyshop.cn/uploads/files/20191113/7b326367-4225-4b03-80a2-4d538c73c594.jpg?type=aliyun\",\"url\":\"//aliyun.oss.careyshop.cn/uploads/files/20191113/7b326367-4225-4b03-80a2-4d538c73c594.jpg?type=aliyun\"}]', 1, 0, 0, 0, 0, '127.0.0.1', 0, 0, 0, 0, 1569487630),
(92, 86, 288, 1, 'PO_H9140135409870200001', 72, 0, 3, '追评回复带图', '[{\"name\":\"5f44d061b89276848d055cdc37f59a30fdb0254e6550f-wMxD1r_fw658.jpg\",\"source\":\"aliyun.oss.careyshop.cn/uploads/files/20191113/c7519497-0721-4518-826e-04c558d259ec.jpg?type=aliyun\",\"url\":\"//aliyun.oss.careyshop.cn/uploads/files/20191113/c7519497-0721-4518-826e-04c558d259ec.jpg?type=aliyun\"},{\"name\":\"065c3b81673667e7ea512032a5b580ba.jpg\",\"source\":\"aliyun.oss.careyshop.cn/uploads/files/20191113/93a5109a-053d-432e-823d-ceeb3d35942e.jpg?type=aliyun\",\"url\":\"//aliyun.oss.careyshop.cn/uploads/files/20191113/93a5109a-053d-432e-823d-ceeb3d35942e.jpg?type=aliyun\"},{\"name\":\"b02ad3879ba5135ef5dd55f72d869763.jpg\",\"source\":\"aliyun.oss.careyshop.cn/uploads/files/20191113/7b326367-4225-4b03-80a2-4d538c73c594.jpg?type=aliyun\",\"url\":\"//aliyun.oss.careyshop.cn/uploads/files/20191113/7b326367-4225-4b03-80a2-4d538c73c594.jpg?type=aliyun\"}]', 1, 0, 0, 0, 0, '127.0.0.1', 0, 0, 0, 0, 1569487656),
(93, 0, 1, 1, 'PO_H9140135409870200001', 72, 0, 0, '评价AAA', '[{\"name\":\"5f44d061b89276848d055cdc37f59a30fdb0254e6550f-wMxD1r_fw658.jpg\",\"source\":\"aliyun.oss.careyshop.cn/uploads/files/20191113/e9ef3c55-7e92-4944-99f2-a7c918fee891.jpg?type=aliyun\",\"url\":\"http://aliyun.oss.careyshop.cn/uploads/files/20191113/e9ef3c55-7e92-4944-99f2-a7c918fee891.jpg?type=aliyun\"},{\"name\":\"065c3b81673667e7ea512032a5b580ba.jpg\",\"source\":\"aliyun.oss.careyshop.cn/uploads/files/20191113/ffccba0b-1b23-4a65-9991-39f9c9c7633b.jpg?type=aliyun\",\"url\":\"http://aliyun.oss.careyshop.cn/uploads/files/20191113/ffccba0b-1b23-4a65-9991-39f9c9c7633b.jpg?type=aliyun\"},{\"name\":\"b02ad3879ba5135ef5dd55f72d869763.jpg\",\"source\":\"aliyun.oss.careyshop.cn/uploads/files/20191113/abafd222-9795-4623-919e-97034d1ffb32.jpg?type=aliyun\",\"url\":\"http://aliyun.oss.careyshop.cn/uploads/files/20191113/abafd222-9795-4623-919e-97034d1ffb32.jpg?type=aliyun\"}]', 1, 1, 5, 0, 0, '192.168.1.1', 0, 0, 1, 0, 1569486831),
(94, 93, 1, 1, 'PO_H9140135409870200001', 72, 0, 2, '追评AAA', '[]', 0, 0, 0, 0, 0, '127.0.0.1', 0, 0, 0, 0, 1569487403),
(95, 93, 1, 1, 'PO_H9140135409870200001', 72, 0, 3, '回复追评AAA', '[]', 0, 0, 0, 0, 0, '127.0.0.1', 0, 0, 0, 0, 1569489890),
(96, 93, 1, 1, 'PO_H9140135409870200001', 72, 0, 1, '回复', '[]', 0, 0, 0, 0, 0, '127.0.0.1', 0, 0, 0, 0, 1569489939),
(97, 93, 1, 1, 'PO_H9140135409870200001', 72, 0, 1, '继续回复', '[]', 0, 0, 0, 0, 0, '127.0.0.1', 0, 0, 0, 0, 1569553028),
(98, 93, 1, 1, 'PO_H9140135409870200001', 72, 0, 1, '继续回复,继续回复', '[{\"name\":\"5f44d061b89276848d055cdc37f59a30fdb0254e6550f-wMxD1r_fw658.jpg\",\"source\":\"aliyun.oss.careyshop.cn/uploads/files/20191113/c7519497-0721-4518-826e-04c558d259ec.jpg?type=aliyun\",\"url\":\"//aliyun.oss.careyshop.cn/uploads/files/20191113/c7519497-0721-4518-826e-04c558d259ec.jpg?type=aliyun\"},{\"name\":\"065c3b81673667e7ea512032a5b580ba.jpg\",\"source\":\"aliyun.oss.careyshop.cn/uploads/files/20191113/93a5109a-053d-432e-823d-ceeb3d35942e.jpg?type=aliyun\",\"url\":\"//aliyun.oss.careyshop.cn/uploads/files/20191113/93a5109a-053d-432e-823d-ceeb3d35942e.jpg?type=aliyun\"},{\"name\":\"b02ad3879ba5135ef5dd55f72d869763.jpg\",\"source\":\"aliyun.oss.careyshop.cn/uploads/files/20191113/7b326367-4225-4b03-80a2-4d538c73c594.jpg?type=aliyun\",\"url\":\"//aliyun.oss.careyshop.cn/uploads/files/20191113/7b326367-4225-4b03-80a2-4d538c73c594.jpg?type=aliyun\"}]', 1, 0, 0, 0, 0, '127.0.0.1', 0, 0, 0, 0, 1569553051),
(99, 93, 1, 1, 'PO_H9140135409870200001', 72, 0, 3, '追评回复', '[]', 0, 0, 0, 0, 0, '127.0.0.1', 0, 0, 0, 0, 1569553082),
(100, 93, 1, 1, 'PO_H9140135409870200001', 72, 0, 3, '追评回复带图', '[{\"name\":\"5f44d061b89276848d055cdc37f59a30fdb0254e6550f-wMxD1r_fw658.jpg\",\"source\":\"aliyun.oss.careyshop.cn/uploads/files/20191113/c7519497-0721-4518-826e-04c558d259ec.jpg?type=aliyun\",\"url\":\"//aliyun.oss.careyshop.cn/uploads/files/20191113/c7519497-0721-4518-826e-04c558d259ec.jpg?type=aliyun\"},{\"name\":\"065c3b81673667e7ea512032a5b580ba.jpg\",\"source\":\"aliyun.oss.careyshop.cn/uploads/files/20191113/93a5109a-053d-432e-823d-ceeb3d35942e.jpg?type=aliyun\",\"url\":\"//aliyun.oss.careyshop.cn/uploads/files/20191113/93a5109a-053d-432e-823d-ceeb3d35942e.jpg?type=aliyun\"},{\"name\":\"b02ad3879ba5135ef5dd55f72d869763.jpg\",\"source\":\"aliyun.oss.careyshop.cn/uploads/files/20191113/7b326367-4225-4b03-80a2-4d538c73c594.jpg?type=aliyun\",\"url\":\"//aliyun.oss.careyshop.cn/uploads/files/20191113/7b326367-4225-4b03-80a2-4d538c73c594.jpg?type=aliyun\"}]', 1, 0, 0, 0, 0, '127.0.0.1', 0, 0, 0, 0, 1569553110),
(101, 93, 1, 1, 'PO_H9140135409870200001', 72, 0, 3, 'test', '[{\"name\":\"5f44d061b89276848d055cdc37f59a30fdb0254e6550f-wMxD1r_fw658.jpg\",\"source\":\"aliyun.oss.careyshop.cn/uploads/files/20191113/c7519497-0721-4518-826e-04c558d259ec.jpg?type=aliyun\",\"url\":\"//aliyun.oss.careyshop.cn/uploads/files/20191113/c7519497-0721-4518-826e-04c558d259ec.jpg?type=aliyun\"},{\"name\":\"065c3b81673667e7ea512032a5b580ba.jpg\",\"source\":\"aliyun.oss.careyshop.cn/uploads/files/20191113/93a5109a-053d-432e-823d-ceeb3d35942e.jpg?type=aliyun\",\"url\":\"//aliyun.oss.careyshop.cn/uploads/files/20191113/93a5109a-053d-432e-823d-ceeb3d35942e.jpg?type=aliyun\"},{\"name\":\"b02ad3879ba5135ef5dd55f72d869763.jpg\",\"source\":\"aliyun.oss.careyshop.cn/uploads/files/20191113/7b326367-4225-4b03-80a2-4d538c73c594.jpg?type=aliyun\",\"url\":\"//aliyun.oss.careyshop.cn/uploads/files/20191113/7b326367-4225-4b03-80a2-4d538c73c594.jpg?type=aliyun\"}]', 1, 0, 0, 0, 0, '127.0.0.1', 0, 0, 0, 0, 1569569459),
(102, 86, 288, 1, 'PO_H9140135409870200001', 72, 0, 3, 'testA', '[{\"name\":\"5f44d061b89276848d055cdc37f59a30fdb0254e6550f-wMxD1r_fw658.jpg\",\"source\":\"aliyun.oss.careyshop.cn/uploads/files/20191113/c7519497-0721-4518-826e-04c558d259ec.jpg?type=aliyun\",\"url\":\"//aliyun.oss.careyshop.cn/uploads/files/20191113/c7519497-0721-4518-826e-04c558d259ec.jpg?type=aliyun\"},{\"name\":\"065c3b81673667e7ea512032a5b580ba.jpg\",\"source\":\"aliyun.oss.careyshop.cn/uploads/files/20191113/93a5109a-053d-432e-823d-ceeb3d35942e.jpg?type=aliyun\",\"url\":\"//aliyun.oss.careyshop.cn/uploads/files/20191113/93a5109a-053d-432e-823d-ceeb3d35942e.jpg?type=aliyun\"},{\"name\":\"b02ad3879ba5135ef5dd55f72d869763.jpg\",\"source\":\"aliyun.oss.careyshop.cn/uploads/files/20191113/7b326367-4225-4b03-80a2-4d538c73c594.jpg?type=aliyun\",\"url\":\"//aliyun.oss.careyshop.cn/uploads/files/20191113/7b326367-4225-4b03-80a2-4d538c73c594.jpg?type=aliyun\"}]', 1, 0, 0, 0, 0, '127.0.0.1', 0, 0, 0, 0, 1569569474),
(103, 69, 1, 2, '123445', 84, 0, 1, 'test', '[]', 0, 0, 0, 0, 0, '127.0.0.1', 0, 0, 0, 0, 1574393043),
(104, 0, 289, 49, 'PO_A3217849839847620009', 1, 0, 0, '', '[{\"name\":\"O1CN01VtX6IC1PbvFiNvskI_!!0-item_pic.jpg\",\"source\":\"aliyun.oss.careyshop.cn\\/uploads\\/files\\/20191230\\/4aff227f-2673-45bc-81cd-8e79777dbe04.jpg?type=aliyun\",\"url\":\"\\/\\/aliyun.oss.careyshop.cn\\/uploads\\/files\\/20191230\\/4aff227f-2673-45bc-81cd-8e79777dbe04.jpg?type=aliyun\"}]', 0, 1, 3, 0, 0, '127.0.0.1', 1, 0, 1, 0, 1586774501),
(105, 104, 289, 49, 'PO_A3217849839847620009', 1, 0, 2, '追加一条', '[]', 0, 0, 0, 0, 0, '127.0.0.1', 0, 0, 0, 0, 1586776014),
(106, 104, 289, 49, 'PO_A3217849839847620009', 1, 0, 1, '感谢惠顾', '[{\"name\":\"nei_05.jpg\",\"source\":\"aliyun.oss.careyshop.cn\\/uploads\\/files\\/20191112\\/f3cdf50f-ba56-40c8-8add-991fb20cf569.jpg?type=aliyun\",\"url\":\"\\/\\/aliyun.oss.careyshop.cn\\/uploads\\/files\\/20191112\\/f3cdf50f-ba56-40c8-8add-991fb20cf569.jpg?type=aliyun\"},{\"name\":\"nei_02.jpg.jpg\",\"source\":\"aliyun.oss.careyshop.cn\\/uploads\\/files\\/20191112\\/8e3101ed-f38a-4a78-8bf0-a3a59e117a8e.jpg?type=aliyun\",\"url\":\"\\/\\/aliyun.oss.careyshop.cn\\/uploads\\/files\\/20191112\\/8e3101ed-f38a-4a78-8bf0-a3a59e117a8e.jpg?type=aliyun\"},{\"name\":\"index7-5.png\",\"source\":\"aliyun.oss.careyshop.cn\\/uploads\\/files\\/20191112\\/da2cf166-91ec-4823-8e21-5032ff9900c6.png?type=aliyun\",\"url\":\"\\/\\/aliyun.oss.careyshop.cn\\/uploads\\/files\\/20191112\\/da2cf166-91ec-4823-8e21-5032ff9900c6.png?type=aliyun\"},{\"name\":\"nei_02.jpg\",\"source\":\"aliyun.oss.careyshop.cn\\/uploads\\/files\\/20191112\\/968cc6c2-b121-4d4c-804e-cf828af7e1fb.jpg?type=aliyun\",\"url\":\"\\/\\/aliyun.oss.careyshop.cn\\/uploads\\/files\\/20191112\\/968cc6c2-b121-4d4c-804e-cf828af7e1fb.jpg?type=aliyun\"}]', 1, 0, 0, 0, 0, '127.0.0.1', 0, 0, 0, 0, 1586782680),
(107, 104, 289, 49, 'PO_A3217849839847620009', 1, 0, 3, '再次光临', '[{\"name\":\"pdf02.png\",\"source\":\"aliyun.oss.careyshop.cn\\/uploads\\/files\\/20191112\\/24a5e752-d51e-448a-8995-353b16d92345.png?type=aliyun\",\"url\":\"\\/\\/aliyun.oss.careyshop.cn\\/uploads\\/files\\/20191112\\/24a5e752-d51e-448a-8995-353b16d92345.png?type=aliyun\"},{\"name\":\"pdf01.png\",\"source\":\"aliyun.oss.careyshop.cn\\/uploads\\/files\\/20191112\\/0bc6f961-a07b-45ba-8f75-fc55a1c54d1f.png?type=aliyun\",\"url\":\"\\/\\/aliyun.oss.careyshop.cn\\/uploads\\/files\\/20191112\\/0bc6f961-a07b-45ba-8f75-fc55a1c54d1f.png?type=aliyun\"}]', 1, 0, 0, 0, 0, '127.0.0.1', 0, 0, 0, 0, 1586782698);

DROP TABLE IF EXISTS `donkey_goods_consult`;
CREATE TABLE `donkey_goods_consult` (
  `goods_consult_id` int(11) UNSIGNED NOT NULL,
  `parent_id` int(11) UNSIGNED NOT NULL DEFAULT '0' COMMENT '父id(回复)',
  `goods_id` int(11) UNSIGNED NOT NULL COMMENT '对应goods表',
  `user_id` int(11) UNSIGNED NOT NULL DEFAULT '0' COMMENT '对应user表 0=游客',
  `is_anon` tinyint(1) NOT NULL DEFAULT '0' COMMENT '是否匿名 0=否 1=是',
  `type` tinyint(3) NOT NULL COMMENT '类型(自定义)',
  `content` varchar(200) COLLATE utf8mb4_unicode_ci NOT NULL COMMENT '内容',
  `is_show` tinyint(1) NOT NULL DEFAULT '1' COMMENT '是否显示 0=否 1=是',
  `status` tinyint(1) NOT NULL DEFAULT '0' COMMENT '0=待回复 1=已回复',
  `is_delete` tinyint(1) NOT NULL DEFAULT '0' COMMENT '0=未删 1=已删',
  `create_time` int(11) NOT NULL DEFAULT '0' COMMENT '创建日期'
) ENGINE=InnoDB DEFAULT CHARSET=utf8mb4 COLLATE=utf8mb4_unicode_ci COMMENT='商品咨询';

INSERT INTO `donkey_goods_consult` (`goods_consult_id`, `parent_id`, `goods_id`, `user_id`, `is_anon`, `type`, `content`, `is_show`, `status`, `is_delete`, `create_time`) VALUES
(1, 0, 1, 1, 1, 0, '这个,那个', 0, 0, 0, 1484186584),
(2, 0, 1, 0, 1, 1, '这里,那里', 0, 0, 0, 1484186622),
(3, 0, 2, 1, 1, 2, '还有,没有', 1, 0, 0, 1484188829),
(4, 0, 2, 1, 0, 1, '还有,没有', 1, 0, 0, 1484188833),
(5, 1, 1, 1, 0, 1, '回复A', 0, 0, 0, 1484190483),
(6, 1, 1, 1, 0, 1, '回复B', 0, 0, 0, 1484190982),
(7, 2, 1, 0, 0, 1, '回复C', 0, 0, 0, 1484191275),
(8, 1, 1, 1, 0, 1, '1111', 0, 0, 0, 1484231591),
(9, 2, 1, 0, 0, 1, '2222', 0, 0, 0, 1484231608),
(10, 3, 2, 0, 0, 1, '2222', 0, 0, 0, 1484231608),
(11, 0, 1, 1, 0, 3, '咨询', 1, 0, 0, 1491812359),
(12, 0, 1, 1, 0, 3, '咨询', 0, 0, 0, 1491812877),
(13, 0, 1, 1, 1, 3, '咨询', 1, 0, 0, 1491812969),
(14, 13, 1, 1, 0, 5, '回复', 1, 0, 0, 1491814597),
(15, 13, 1, 1, 0, 5, '回复A', 1, 0, 0, 1491814597),
(16, 0, 1, 1, 1, 1, '这个,那个', 0, 1, 0, 1484186584),
(17, 0, 1, 0, 1, 1, '这里,那里', 0, 0, 0, 1484186622),
(18, 0, 2, 1, 1, 2, '还有,没有', 1, 0, 1, 1484188829),
(19, 0, 2, 1, 0, 1, '还有,没有', 1, 0, 1, 1484188833),
(20, 1, 1, 1, 0, 1, '回复A', 0, 0, 0, 1484190483),
(21, 1, 1, 1, 0, 1, '回复B', 0, 0, 0, 1484190982),
(22, 2, 1, 0, 0, 1, '回复C', 0, 0, 0, 1484191275),
(23, 1, 1, 1, 0, 1, '1111', 0, 0, 0, 1484231591),
(24, 2, 1, 0, 0, 1, '2222', 0, 0, 0, 1484231608),
(25, 3, 2, 0, 0, 1, '2222', 0, 0, 0, 1484231608),
(26, 0, 1, 1, 0, 3, '咨询', 1, 0, 0, 1491812359),
(27, 0, 1, 1, 0, 3, '咨询', 0, 0, 0, 1491812877),
(28, 0, 1, 1, 1, 3, '咨询', 1, 0, 0, 1491812969),
(29, 13, 1, 1, 0, 5, '回复', 1, 0, 0, 1491814597),
(30, 13, 1, 1, 0, 5, '回复A', 1, 0, 0, 1491814597),
(31, 0, 1, 1, 1, 1, '这个,那个', 0, 0, 0, 1484186584),
(32, 0, 1, 0, 1, 1, '这里,那里', 0, 0, 0, 1484186622),
(33, 0, 2, 1, 1, 2, '还有,没有', 1, 0, 1, 1484188829),
(34, 0, 2, 1, 0, 1, '还有,没有', 1, 0, 1, 1484188833),
(35, 1, 1, 1, 0, 1, '回复A', 0, 0, 0, 1484190483),
(36, 1, 1, 1, 0, 1, '回复B', 0, 0, 0, 1484190982),
(37, 2, 1, 0, 0, 1, '回复C', 0, 0, 0, 1484191275),
(38, 1, 1, 1, 0, 1, '1111', 0, 0, 0, 1484231591),
(39, 2, 1, 0, 0, 1, '2222', 0, 0, 0, 1484231608),
(40, 3, 2, 0, 0, 1, '2222', 0, 0, 0, 1484231608),
(41, 0, 1, 1, 0, 3, '咨询', 1, 0, 0, 1491812359),
(42, 0, 1, 1, 0, 3, '咨询', 0, 0, 0, 1491812877),
(43, 0, 1, 1, 1, 3, '咨询', 1, 0, 0, 1491812969),
(44, 13, 1, 1, 0, 5, '回复', 1, 0, 0, 1491814597),
(45, 13, 1, 1, 0, 5, '回复A', 1, 0, 0, 1491814597),
(46, 0, 1, 1, 1, 1, '这个,那个', 0, 0, 0, 1484186584),
(47, 0, 1, 0, 1, 1, '这里,那里', 0, 0, 0, 1484186622),
(48, 0, 2, 1, 1, 2, '还有,没有', 1, 0, 1, 1484188829),
(49, 0, 2, 1, 0, 1, '还有,没有', 1, 0, 1, 1484188833),
(50, 0, 1, 1, 0, 3, '咨询', 1, 0, 0, 1491812359),
(51, 0, 1, 1, 0, 3, '咨询', 0, 0, 0, 1491812877),
(52, 0, 1, 1, 1, 3, '咨询', 1, 0, 0, 1491812969),
(53, 0, 1, 1, 1, 1, '这个,那个', 0, 0, 0, 1484186584),
(54, 0, 1, 0, 1, 1, '这里,那里', 0, 0, 0, 1484186622),
(55, 0, 2, 1, 1, 2, '还有,没有', 1, 0, 1, 1484188829),
(56, 0, 2, 1, 0, 1, '还有,没有', 1, 0, 1, 1484188833),
(57, 0, 1, 1, 0, 3, '咨询', 1, 0, 0, 1491812359),
(58, 0, 1, 1, 0, 3, '咨询', 0, 0, 0, 1491812877),
(59, 0, 1, 1, 1, 3, '咨询', 1, 0, 0, 1491812969),
(60, 0, 1, 1, 1, 1, '这个,那个', 0, 1, 0, 1484186584),
(61, 0, 1, 0, 1, 1, '这是一段比较长的商品咨询内容,到底有多长,谁也不清楚,主要还是看具体的内容吧.', 0, 1, 0, 1484186622),
(62, 0, 2, 1, 1, 2, '还有,没有', 1, 0, 1, 1484188829),
(63, 0, 2, 1, 0, 1, '这是一段比较长的商品咨询内容,到底有多长,谁也不清楚,主要还是看具体的内容吧.', 1, 0, 1, 1484188833),
(64, 0, 4, 1, 0, 3, '这是顾客的咨询测试,并且不可不匿名\r\n测试', 0, 1, 1, 1491812359),
(65, 0, 3, 72, 1, 3, '这是顾客的咨询测试,并且顾客匿名', 1, 1, 0, 1491812877),
(66, 0, 1, 0, 1, 3, '这是游客的咨询测试,并且游客匿名', 0, 1, 0, 1491812969),
(68, 66, 1, 0, 1, 3, '已回复', 0, 1, 0, 1491812969),
(69, 65, 1, 1, 1, 3, '已回复', 0, 1, 0, 1491812877),
(70, 64, 1, 1, 0, 3, '回复', 0, 1, 0, 1491812359),
(71, 66, 1, 0, 1, 3, '继续回复', 0, 1, 0, 1491811969),
(72, 61, 1, 0, 1, 1, 'test', 0, 1, 0, 1484186622),
(73, 61, 1, 0, 1, 1, 'test', 0, 1, 0, 1484186622),
(74, 60, 1, 1, 1, 1, 'test', 0, 1, 0, 1484186584),
(75, 61, 1, 0, 1, 1, 'test', 0, 1, 0, 1484186622),
(76, 61, 1, 0, 1, 1, '测试', 0, 1, 0, 1484186622),
(77, 61, 1, 0, 1, 1, 'this is a test\n', 0, 1, 0, 1484186622),
(78, 64, 4, 1, 0, 3, '这是顾客的咨询测试,并且不可不匿名\n测试', 0, 1, 0, 1491812359),
(79, 16, 1, 1, 1, 1, '那个,这个', 0, 1, 0, 1484186584),
(80, 66, 1, 0, 1, 3, '???', 0, 1, 0, 1491812969);

DROP TABLE IF EXISTS `donkey_goods_reply`;
CREATE TABLE `donkey_goods_reply` (
  `goods_reply_id` int(11) UNSIGNED NOT NULL,
  `goods_comment_id` int(11) UNSIGNED NOT NULL COMMENT '对应goods_comment表',
  `user_id` int(11) UNSIGNED NOT NULL COMMENT '对应user表',
  `nick_name` varchar(50) COLLATE utf8mb4_unicode_ci NOT NULL DEFAULT '' COMMENT '回复者昵称',
  `to_name` varchar(50) COLLATE utf8mb4_unicode_ci NOT NULL DEFAULT '' COMMENT '回复谁',
  `content` varchar(200) COLLATE utf8mb4_unicode_ci NOT NULL DEFAULT '' COMMENT '内容',
  `create_time` int(11) NOT NULL DEFAULT '0' COMMENT '创建日期'
) ENGINE=InnoDB DEFAULT CHARSET=utf8mb4 COLLATE=utf8mb4_unicode_ci COMMENT='商品评价回复';

DROP TABLE IF EXISTS `donkey_goods_type`;
CREATE TABLE `donkey_goods_type` (
  `goods_type_id` smallint(5) UNSIGNED NOT NULL,
  `type_name` varchar(60) COLLATE utf8mb4_unicode_ci NOT NULL COMMENT '类型名称'
) ENGINE=InnoDB DEFAULT CHARSET=utf8mb4 COLLATE=utf8mb4_unicode_ci COMMENT='商品模型';

INSERT INTO `donkey_goods_type` (`goods_type_id`, `type_name`) VALUES
(1, '手机'),
(2, '笔记本'),
(3, '空调'),
(4, '电视机'),
(5, '电脑'),
(6, '冰箱'),
(7, '洗衣机'),
(9, '平板电脑');

DROP TABLE IF EXISTS `donkey_help`;
CREATE TABLE `donkey_help` (
  `help_id` int(11) UNSIGNED NOT NULL,
  `router` varchar(100) COLLATE utf8mb4_unicode_ci NOT NULL COMMENT '路由',
  `ver` char(16) COLLATE utf8mb4_unicode_ci NOT NULL COMMENT '版本号',
  `module` char(16) COLLATE utf8mb4_unicode_ci NOT NULL COMMENT '所属模块',
  `content` text COLLATE utf8mb4_unicode_ci NOT NULL COMMENT '内容',
  `url` varchar(255) COLLATE utf8mb4_unicode_ci NOT NULL DEFAULT '' COMMENT '外部链接'
) ENGINE=InnoDB DEFAULT CHARSET=utf8mb4 COLLATE=utf8mb4_unicode_ci;

INSERT INTO `donkey_help` (`help_id`, `router`, `ver`, `module`, `content`, `url`) VALUES
(1, '/marketing/card/list', '1.0.1', 'admin', '<span>1、购物卡&ldquo;禁用&rdquo;后，未绑定但已生成的购物卡将无法绑定</span></br>\r\n<span>2、购物卡&ldquo;禁用&rdquo;后，已绑定的购物卡不影响消费使用</span></br>\r\n<span>3、删除购物卡后未绑定的将无法绑定，但已绑定的不影响消费</span></br>\r\n<span>4、删除购物卡将失去对已生成卡的管理</span>', ''),
(2, '/marketing/card/use', '1.0.1', 'admin', '<p>购物卡生成，客户绑定后以下几种情况将影响消费：</p>\r\n<span>1、生成的购物卡被禁用</span></br>\r\n<span>2、可用余额不足</span></br>\r\n<span>3、截至日期已到期</span></br>\r\n<span>4、生成的购物卡未激活</span></br>\r\n<span>5、卡密默认不可见，可在\"<a href=\"./#/setting/setting/system\">系统管理</a>\"中添加可见名单</span>', ''),
(3, '/setting/auth/menu', '1.0.1', 'admin', '<span>操作完成后可在右上角选择&ldquo;重载菜单&rdquo;进行界面刷新</span>', ''),
(4, '/setting/auth/rule', '1.0.1', 'admin', '<span>1、操作完成后可在右上角选择&ldquo;重载菜单&rdquo;进行权限刷新</span></br>\r\n<span>2、API接口授权给&ldquo;游客&rdquo;后，其余用户组不勾选权限也可访问</span></br>\r\n<span>3、&ldquo;操作日志&rdquo;深色表示有权限，浅色表示无权限，主要用于区分</span></br>\r\n<span>4、API接口呈绿色，表示该接口使用游客权限，不勾选也可访问</span>', ''),
(5, '/setting/logistics/delivery', '1.0.1', 'admin', '<span>&ldquo;费用设置&rdquo;将作为 <strong>配送区域 </strong>中的基础费用，如果 <strong>配送区域 </strong>中的区域未单独设置运费，那么此设置将作为计算值</span>', ''),
(6, '/member/withdraw/list', '1.0.1', 'admin', '<span>&ldquo;提现金额&rdquo;为实际需打款给对方的金额</span>', ''),
(7, '/goods/setting/brand', '1.0.1', 'admin', '<span>1、不同的分类下允许品牌名称重复</span></br>\r\n<span>2、分类搜索品牌时，如果子分类下的品牌条件符合也会出现结果</span>', ''),
(9, '/marketing/coupon/list', '1.0.1', 'admin', '<span>1、优惠劵&ldquo;禁用(或删除)&rdquo;后，将不再发放优惠劵</span></br> <span>2、优惠劵&ldquo;禁用(或删除)&rdquo;后，已发放的不影响使用</span></br> <span>3、优惠劵&ldquo;作废&rdquo;后，将不再发放优惠劵</span></br> <span>4、优惠劵&ldquo;作废&rdquo;后，已发放的也将不可使用</span></br> <span>5、删除优惠劵将失去对已发放优惠劵的管理</span></br> <span>6、提示发放数不足时可通过编辑&ldquo;发放数&rdquo;数量进行修改</span>', ''),
(10, '/marketing/coupon/give', '1.0.1', 'admin', '<span>1、管理员删除优惠劵时对&ldquo;已发放未使用&rdquo;的优惠劵会永久删除</span></br> <span>2、管理员删除优惠劵时对&ldquo;已使用&rdquo;的优惠劵会放入&ldquo;回收站&rdquo;</span></br> <span>3、顾客删除优惠劵时无论是否使用都会放入&ldquo;回收站&rdquo;</span></br> <span>4、回收站里的优惠劵都可以&ldquo;恢复&rdquo;</span></br></br> <b>以下几种情况将视优惠劵无效：</b></br> <span>1、优惠劵已作废</span></br> <span>2、使用截至日期已到期</span>', '');

DROP TABLE IF EXISTS `donkey_history`;
CREATE TABLE `donkey_history` (
  `history_id` int(11) UNSIGNED NOT NULL,
  `user_id` int(11) UNSIGNED NOT NULL DEFAULT '0' COMMENT '对应user表',
  `goods_id` int(11) NOT NULL DEFAULT '0' COMMENT '对应goods表',
  `update_time` int(11) NOT NULL DEFAULT '0' COMMENT '更新日期'
) ENGINE=InnoDB DEFAULT CHARSET=utf8mb4 COLLATE=utf8mb4_unicode_ci COMMENT='浏览历史';

DROP TABLE IF EXISTS `donkey_menu`;
CREATE TABLE `donkey_menu` (
  `menu_id` smallint(5) UNSIGNED NOT NULL,
  `parent_id` smallint(5) UNSIGNED NOT NULL DEFAULT '0' COMMENT '父id',
  `name` varchar(32) COLLATE utf8mb4_unicode_ci NOT NULL COMMENT '名称',
  `alias` varchar(16) COLLATE utf8mb4_unicode_ci NOT NULL DEFAULT '' COMMENT '别名',
  `icon` varchar(64) COLLATE utf8mb4_unicode_ci NOT NULL DEFAULT '' COMMENT '图标',
  `remark` varchar(255) COLLATE utf8mb4_unicode_ci NOT NULL DEFAULT '' COMMENT '备注',
  `module` char(16) COLLATE utf8mb4_unicode_ci NOT NULL COMMENT '所属模块',
  `type` tinyint(1) NOT NULL COMMENT '0=模块 1=外链',
  `url` varchar(255) COLLATE utf8mb4_unicode_ci NOT NULL DEFAULT '' COMMENT '链接',
  `params` varchar(255) COLLATE utf8mb4_unicode_ci NOT NULL DEFAULT '' COMMENT '参数',
  `target` enum('_self','_blank') COLLATE utf8mb4_unicode_ci NOT NULL DEFAULT '_self' COMMENT '_self _blank',
  `is_navi` tinyint(1) NOT NULL DEFAULT '0' COMMENT '导航 0=否 1=是',
  `sort` tinyint(3) UNSIGNED NOT NULL DEFAULT '50' COMMENT '排序',
  `status` tinyint(1) NOT NULL DEFAULT '1' COMMENT '0=禁用 1=启用'
) ENGINE=InnoDB DEFAULT CHARSET=utf8mb4 COLLATE=utf8mb4_unicode_ci COMMENT='菜单管理';

INSERT INTO `donkey_menu` (`menu_id`, `parent_id`, `name`, `alias`, `icon`, `remark`, `module`, `type`, `url`, `params`, `target`, `is_navi`, `sort`, `status`) VALUES
(1, 1088, '管理组账户', '', '', '', 'api', 0, '', '', '_self', 0, 1, 1),
(2, 1, '验证账号是否合法', '', '', '', 'api', 0, 'api/v1/admin/check.admin.username', '', '_self', 0, 1, 1),
(3, 1, '验证账号昵称是否合法', '', '', '', 'api', 0, 'api/v1/admin/check.admin.nickname', '', '_self', 0, 2, 1),
(4, 1, '添加一个账号', '', '', '', 'api', 0, 'api/v1/admin/add.admin.item', '', '_self', 0, 3, 1),
(5, 1, '编辑一个账号', '', '', '', 'api', 0, 'api/v1/admin/set.admin.item', '', '_self', 0, 4, 1),
(6, 1, '批量设置账号状态', '', '', '', 'api', 0, 'api/v1/admin/set.admin.status', '', '_self', 0, 5, 1),
(7, 1, '修改一个账号密码', '', '', '', 'api', 0, 'api/v1/admin/set.admin.password', '', '_self', 0, 6, 1),
(8, 1, '重置一个账号密码', '', '', '', 'api', 0, 'api/v1/admin/reset.admin.item', '', '_self', 0, 7, 1),
(9, 1, '批量删除账号', '', '', '', 'api', 0, 'api/v1/admin/del.admin.list', '', '_self', 0, 8, 1),
(10, 1, '获取一个账号', '', '', '', 'api', 0, 'api/v1/admin/get.admin.item', '', '_self', 0, 9, 1),
(11, 1, '获取账号列表', '', '', '', 'api', 0, 'api/v1/admin/get.admin.list', '', '_self', 0, 10, 1),
(12, 1, '注销账号', '', '', '', 'api', 0, 'api/v1/admin/logout.admin.user', '', '_self', 0, 12, 1),
(13, 1, '登录账号', '', '', '', 'api', 0, 'api/v1/admin/login.admin.user', '', '_self', 0, 13, 1),
(14, 1, '刷新Token', '', '', '', 'api', 0, 'api/v1/admin/refresh.admin.token', '', '_self', 0, 14, 1),
(15, 1093, '广告管理', '', '', '', 'api', 0, '', '', '_self', 0, 2, 1),
(16, 15, '添加一个广告', '', '', '', 'api', 0, 'api/v1/ads/add.ads.item', '', '_self', 0, 50, 1),
(17, 15, '编辑一个广告', '', '', '', 'api', 0, 'api/v1/ads/set.ads.item', '', '_self', 0, 50, 1),
(18, 15, '批量删除广告', '', '', '', 'api', 0, 'api/v1/ads/del.ads.list', '', '_self', 0, 50, 1),
(19, 15, '设置广告排序', '', '', '', 'api', 0, 'api/v1/ads/set.ads.sort', '', '_self', 0, 50, 1),
(20, 15, '批量设置广告是否显示', '', '', '', 'api', 0, 'api/v1/ads/set.ads.status', '', '_self', 0, 50, 1),
(21, 15, '获取一个广告', '', '', '', 'api', 0, 'api/v1/ads/get.ads.item', '', '_self', 0, 50, 1),
(22, 15, '获取广告列表', '', '', '', 'api', 0, 'api/v1/ads/get.ads.list', '', '_self', 0, 50, 1),
(23, 1093, '广告位置', '', '', '', 'api', 0, '', '', '_self', 0, 1, 1),
(24, 23, '添加一个广告位置', '', '', '', 'api', 0, 'api/v1/ads_position/add.ads.position.item', '', '_self', 0, 50, 1),
(25, 23, '编辑一个广告位置', '', '', '', 'api', 0, 'api/v1/ads_position/set.ads.position.item', '', '_self', 0, 50, 1),
(26, 23, '批量删除广告位置', '', '', '', 'api', 0, 'api/v1/ads_position/del.ads.position.list', '', '_self', 0, 50, 1),
(27, 23, '验证广告位置名称是否唯一', '', '', '', 'api', 0, 'api/v1/ads_position/unique.ads.position.name', '', '_self', 0, 50, 1),
(28, 23, '获取一个广告位置', '', '', '', 'api', 0, 'api/v1/ads_position/get.ads.position.item', '', '_self', 0, 50, 1),
(29, 23, '获取广告位置列表', '', '', '', 'api', 0, 'api/v1/ads_position/get.ads.position.list', '', '_self', 0, 50, 1),
(30, 23, '批量设置广告位置状态', '', '', '', 'api', 0, 'api/v1/ads_position/set.ads.position.status', '', '_self', 0, 50, 1),
(31, 1102, 'APP应用', '', '', '', 'api', 0, '', '', '_self', 0, 1, 1),
(32, 31, '添加一个应用', '', '', '', 'api', 0, 'api/v1/app/add.app.item', '', '_self', 0, 1, 1),
(33, 31, '编辑一个应用', '', '', '', 'api', 0, 'api/v1/app/set.app.item', '', '_self', 0, 2, 1),
(34, 31, '获取一个应用', '', '', '', 'api', 0, 'api/v1/app/get.app.item', '', '_self', 0, 3, 1),
(35, 31, '获取应用列表', '', '', '', 'api', 0, 'api/v1/app/get.app.list', '', '_self', 0, 4, 1),
(36, 31, '批量删除应用', '', '', '', 'api', 0, 'api/v1/app/del.app.list', '', '_self', 0, 5, 1),
(37, 31, '查询应用名称是否已存在', '', '', '', 'api', 0, 'api/v1/app/unique.app.name', '', '_self', 0, 6, 1),
(38, 31, '更换应用Secret', '', '', '', 'api', 0, 'api/v1/app/replace.app.secret', '', '_self', 0, 7, 1),
(39, 31, '批量设置应用状态', '', '', '', 'api', 0, 'api/v1/app/set.app.status', '', '_self', 0, 8, 1),
(40, 1102, 'APP安装包', '', '', '', 'api', 0, '', '', '_self', 0, 2, 1),
(41, 40, '添加一个应用安装包', '', '', '', 'api', 0, 'api/v1/app_install/add.app.install.item', '', '_self', 0, 50, 1),
(42, 40, '编辑一个应用安装包', '', '', '', 'api', 0, 'api/v1/app_install/set.app.install.item', '', '_self', 0, 50, 1),
(43, 40, '获取一个应用安装包', '', '', '', 'api', 0, 'api/v1/app_install/get.app.install.item', '', '_self', 0, 50, 1),
(44, 40, '批量删除应用安装包', '', '', '', 'api', 0, 'api/v1/app_install/del.app.install.list', '', '_self', 0, 50, 1),
(45, 40, '获取应用安装包列表', '', '', '', 'api', 0, 'api/v1/app_install/get.app.install.list', '', '_self', 0, 50, 1),
(46, 40, '根据请求获取一个应用安装包', '', '', '', 'api', 0, 'api/v1/app_install/request.app.install.item', '', '_self', 0, 50, 1),
(47, 1091, '文章管理', '', '', '', 'api', 0, '', '', '_self', 0, 1, 1),
(48, 47, '添加一篇文章', '', '', '', 'api', 0, 'api/v1/article/add.article.item', '', '_self', 0, 50, 1),
(49, 47, '编辑一篇文章', '', '', '', 'api', 0, 'api/v1/article/set.article.item', '', '_self', 0, 50, 1),
(50, 47, '批量删除文章', '', '', '', 'api', 0, 'api/v1/article/del.article.list', '', '_self', 0, 50, 1),
(51, 47, '获取一篇文章', '', '', '', 'api', 0, 'api/v1/article/get.article.item', '', '_self', 0, 50, 1),
(52, 47, '获取文章列表', '', '', '', 'api', 0, 'api/v1/article/get.article.list', '', '_self', 0, 50, 1),
(53, 47, '批量设置文章置顶', '', '', '', 'api', 0, 'api/v1/article/set.article.top', '', '_self', 0, 50, 1),
(54, 47, '批量设置文章是否显示', '', '', '', 'api', 0, 'api/v1/article/set.article.status', '', '_self', 0, 50, 1),
(55, 1091, '文章分类', '', '', '', 'api', 0, '', '', '_self', 0, 2, 1),
(56, 55, '添加一个文章分类', '', '', '', 'api', 0, 'api/v1/article_cat/add.article.cat.item', '', '_self', 0, 50, 1),
(57, 55, '编辑一个文章分类', '', '', '', 'api', 0, 'api/v1/article_cat/set.article.cat.item', '', '_self', 0, 50, 1),
(58, 55, '批量删除文章分类', '', '', '', 'api', 0, 'api/v1/article_cat/del.article.cat.list', '', '_self', 0, 50, 1),
(59, 55, '根据主Id获取文章分类', '', '', '', 'api', 0, 'api/v1/article_cat/get.article.cat.item', '', '_self', 0, 50, 1),
(60, 55, '获取分类所有列表', '', '', '', 'api', 0, 'api/v1/article_cat/get.article.cat.list', '', '_self', 0, 50, 1),
(61, 55, '根据分类Id生成导航数据', '', '', '', 'api', 0, 'api/v1/article_cat/get.article.cat.navi', '', '_self', 0, 50, 1),
(62, 55, '设置文章分类排序', '', '', '', 'api', 0, 'api/v1/article_cat/set.article.cat.sort', '', '_self', 0, 50, 1),
(63, 55, '批量设置文章分类是否导航', '', '', '', 'api', 0, 'api/v1/article_cat/set.article.cat.navi', '', '_self', 0, 50, 1),
(64, 0, '问答', '', '', '', 'api', 0, '', '', '_self', 0, 5, 1),
(65, 64, '添加一个新的咨询', '', '', '', 'api', 0, 'api/v1/ask/add.ask.item', '', '_self', 0, 50, 1),
(66, 64, '删除一条记录', '', '', '', 'api', 0, 'api/v1/ask/del.ask.item', '', '_self', 0, 50, 1),
(67, 64, '回复一个咨询', '', '', '', 'api', 0, 'api/v1/ask/reply.ask.item', '', '_self', 0, 50, 1),
(68, 64, '在主题上继续提交咨询', '', '', '', 'api', 0, 'api/v1/ask/continue.ask.item', '', '_self', 0, 50, 1),
(69, 64, '根据主题获取一个问答明细', '', '', '', 'api', 0, 'api/v1/ask/get.ask.item', '', '_self', 0, 50, 1),
(70, 64, '获取咨询主题列表', '', '', '', 'api', 0, 'api/v1/ask/get.ask.list', '', '_self', 0, 50, 1),
(71, 1089, '用户组', '', '', '', 'api', 0, '', '', '_self', 0, 1, 1),
(72, 71, '添加一个用户组', '', '', '', 'api', 0, 'api/v1/auth_group/add.auth.group.item', '', '_self', 0, 50, 1),
(73, 71, '编辑一个用户组', '', '', '', 'api', 0, 'api/v1/auth_group/set.auth.group.item', '', '_self', 0, 50, 1),
(74, 71, '获取一个用户组', '', '', '', 'api', 0, 'api/v1/auth_group/get.auth.group.item', '', '_self', 0, 50, 1),
(75, 71, '删除一个用户组', '', '', '', 'api', 0, 'api/v1/auth_group/del.auth.group.item', '', '_self', 0, 50, 1),
(76, 71, '获取用户组列表', '', '', '', 'api', 0, 'api/v1/auth_group/get.auth.group.list', '', '_self', 0, 50, 1),
(77, 71, '批量设置用户组状态', '', '', '', 'api', 0, 'api/v1/auth_group/set.auth.group.status', '', '_self', 0, 50, 1),
(78, 71, '设置用户组排序', '', '', '', 'api', 0, 'api/v1/auth_group/set.auth.group.sort', '', '_self', 0, 50, 1),
(79, 1089, '权限规则', '', '', '', 'api', 0, '', '', '_self', 0, 2, 1),
(80, 79, '添加一条规则', '', '', '', 'api', 0, 'api/v1/auth_rule/add.auth.rule.item', '', '_self', 0, 50, 1),
(81, 79, '获取一条规则', '', '', '', 'api', 0, 'api/v1/auth_rule/get.auth.rule.item', '', '_self', 0, 50, 1),
(82, 79, '编辑一条规则', '', '', '', 'api', 0, 'api/v1/auth_rule/set.auth.rule.item', '', '_self', 0, 50, 1),
(83, 79, '批量删除规则', '', '', '', 'api', 0, 'api/v1/auth_rule/del.auth.rule.list', '', '_self', 0, 50, 1),
(84, 79, '获取规则列表', '', '', '', 'api', 0, 'api/v1/auth_rule/get.auth.rule.list', '', '_self', 0, 50, 1),
(85, 79, '批量设置规则状态', '', '', '', 'api', 0, 'api/v1/auth_rule/set.auth.rule.status', '', '_self', 0, 50, 1),
(86, 79, '设置规则排序', '', '', '', 'api', 0, 'api/v1/auth_rule/set.auth.rule.sort', '', '_self', 0, 50, 1),
(87, 1095, '商品品牌', '', '', '', 'api', 0, '', '', '_self', 0, 2, 1),
(88, 87, '添加一个品牌', '', '', '', 'api', 0, 'api/v1/brand/add.brand.item', '', '_self', 0, 50, 1),
(89, 87, '编辑一个品牌', '', '', '', 'api', 0, 'api/v1/brand/set.brand.item', '', '_self', 0, 50, 1),
(90, 87, '批量删除品牌', '', '', '', 'api', 0, 'api/v1/brand/del.brand.list', '', '_self', 0, 50, 1),
(91, 87, '批量设置品牌是否显示', '', '', '', 'api', 0, 'api/v1/brand/set.brand.status', '', '_self', 0, 50, 1),
(92, 87, '验证品牌名称是否唯一', '', '', '', 'api', 0, 'api/v1/brand/unique.brand.name', '', '_self', 0, 50, 1),
(93, 87, '获取一个品牌', '', '', '', 'api', 0, 'api/v1/brand/get.brand.item', '', '_self', 0, 50, 1),
(94, 87, '获取品牌列表', '', '', '', 'api', 0, 'api/v1/brand/get.brand.list', '', '_self', 0, 50, 1),
(95, 87, '获取品牌选择列表', '', '', '', 'api', 0, 'api/v1/brand/get.brand.select', '', '_self', 0, 50, 1),
(96, 87, '设置品牌排序', '', '', '', 'api', 0, 'api/v1/brand/set.brand.sort', '', '_self', 0, 50, 1),
(97, 1096, '购物卡', '', '', '', 'api', 0, '', '', '_self', 0, 5, 1),
(98, 97, '添加一条购物卡', '', '', '', 'api', 0, 'api/v1/card/add.card.item', '', '_self', 0, 50, 1),
(99, 97, '编辑一条购物卡', '', '', '', 'api', 0, 'api/v1/card/set.card.item', '', '_self', 0, 50, 1),
(100, 97, '获取一条购物卡', '', '', '', 'api', 0, 'api/v1/card/get.card.item', '', '_self', 0, 50, 1),
(101, 97, '批量设置购物卡状态', '', '', '', 'api', 0, 'api/v1/card/set.card.status', '', '_self', 0, 50, 1),
(102, 97, '批量删除购物卡', '', '', '', 'api', 0, 'api/v1/card/del.card.list', '', '_self', 0, 50, 1),
(103, 97, '获取购物卡列表', '', '', '', 'api', 0, 'api/v1/card/get.card.list', '', '_self', 0, 50, 1),
(104, 1096, '购物卡使用', '', '', '', 'api', 0, '', '', '_self', 0, 6, 1),
(105, 104, '绑定购物卡', '', '', '', 'api', 0, 'api/v1/card_use/bind.card.use.item', '', '_self', 0, 50, 1),
(106, 104, '批量设置购物卡是否有效', '', '', '', 'api', 0, 'api/v1/card_use/set.card.use.invalid', '', '_self', 0, 50, 1),
(107, 104, '导出生成的购物卡', '', '', '', 'api', 0, 'api/v1/card_use/get.card.use.export', '', '_self', 0, 50, 1),
(108, 104, '获取可合并的购物卡列表', '', '', '', 'api', 0, 'api/v1/card_use/get.card.use.merge', '', '_self', 0, 50, 1),
(109, 104, '相同购物卡进行余额合并', '', '', '', 'api', 0, 'api/v1/card_use/set.card.use.merge', '', '_self', 0, 50, 1),
(110, 104, '获取已绑定的购物卡', '', '', '', 'api', 0, 'api/v1/card_use/get.card.use.list', '', '_self', 0, 50, 1),
(111, 104, '根据商品Id列出可使用的购物卡', '', '', '', 'api', 0, 'api/v1/card_use/get.card.use.select', '', '_self', 0, 50, 1),
(112, 104, '验证购物卡是否可使用', '', '', '', 'api', 0, 'api/v1/card_use/get.card.use.check', '', '_self', 0, 50, 1),
(113, 1097, '购物车', '', '', '', 'api', 0, '', '', '_self', 0, 1, 1),
(114, 113, '添加或编辑购物车商品', '', '', '', 'api', 0, 'api/v1/cart/set.cart.item', '', '_self', 0, 50, 1),
(115, 113, '验证是否允许添加或编辑购物车', '', '', '', 'api', 0, 'api/v1/cart/check.cart.goods', '', '_self', 0, 50, 1),
(116, 113, '批量添加商品到购物车', '', '', '', 'api', 0, 'api/v1/cart/add.cart.list', '', '_self', 0, 50, 1),
(117, 113, '获取购物车列表', '', '', '', 'api', 0, 'api/v1/cart/get.cart.list', '', '_self', 0, 50, 1),
(118, 113, '获取购物车商品数量', '', '', '', 'api', 0, 'api/v1/cart/get.cart.count', '', '_self', 0, 50, 1),
(119, 113, '设置购物车商品是否选中', '', '', '', 'api', 0, 'api/v1/cart/set.cart.select', '', '_self', 0, 50, 1),
(120, 113, '批量删除购物车商品', '', '', '', 'api', 0, 'api/v1/cart/del.cart.list', '', '_self', 0, 50, 1),
(121, 113, '清空购物车', '', '', '', 'api', 0, 'api/v1/cart/clear.cart.list', '', '_self', 0, 50, 1),
(122, 113, '请求商品立即购买', '', '', '', 'api', 0, 'api/v1/cart/create.cart.buynow', '', '_self', 0, 50, 1),
(123, 1099, '收藏夹', '', '', '', 'api', 0, '', '', '_self', 0, 1, 1),
(124, 123, '添加一个商品收藏', '', '', '', 'api', 0, 'api/v1/collect/add.collect.item', '', '_self', 0, 50, 1),
(125, 123, '批量删除商品收藏', '', '', '', 'api', 0, 'api/v1/collect/del.collect.list', '', '_self', 0, 50, 1),
(126, 123, '清空商品收藏夹', '', '', '', 'api', 0, 'api/v1/collect/clear.collect.list', '', '_self', 0, 50, 1),
(127, 123, '设置收藏商品是否置顶', '', '', '', 'api', 0, 'api/v1/collect/set.collect.top', '', '_self', 0, 50, 1),
(128, 123, '获取商品收藏列表', '', '', '', 'api', 0, 'api/v1/collect/get.collect.list', '', '_self', 0, 50, 1),
(129, 123, '获取商品收藏数量', '', '', '', 'api', 0, 'api/v1/collect/get.collect.count', '', '_self', 0, 50, 1),
(130, 1096, '优惠劵', '', '', '', 'api', 0, '', '', '_self', 0, 1, 1),
(131, 130, '添加一张优惠劵', '', '', '', 'api', 0, 'api/v1/coupon/add.coupon.item', '', '_self', 0, 1, 1),
(132, 130, '编辑一张优惠劵', '', '', '', 'api', 0, 'api/v1/coupon/set.coupon.item', '', '_self', 0, 2, 1),
(133, 130, '获取一张优惠劵', '', '', '', 'api', 0, 'api/v1/coupon/get.coupon.item', '', '_self', 0, 3, 1),
(134, 130, '获取优惠劵列表', '', '', '', 'api', 0, 'api/v1/coupon/get.coupon.list', '', '_self', 0, 4, 1),
(135, 130, '批量删除优惠劵', '', '', '', 'api', 0, 'api/v1/coupon/del.coupon.list', '', '_self', 0, 6, 1),
(136, 130, '批量设置优惠劵状态', '', '', '', 'api', 0, 'api/v1/coupon/set.coupon.status', '', '_self', 0, 7, 1),
(137, 130, '批量设置优惠劵是否失效', '', '', '', 'api', 0, 'api/v1/coupon/set.coupon.invalid', '', '_self', 0, 8, 1),
(138, 130, '获取当前可领取的优惠劵列表', '', '', '', 'api', 0, 'api/v1/coupon/get.coupon.active', '', '_self', 0, 9, 1),
(139, 1096, '优惠劵发放', '', '', '', 'api', 0, '', '', '_self', 0, 2, 1),
(140, 139, '使用优惠劵', '', '', '', 'api', 0, 'api/v1/coupon_give/use.coupon.item', '', '_self', 0, 50, 1),
(141, 139, '指定用户发放优惠劵', '', '', '', 'api', 0, 'api/v1/coupon_give/give.coupon.user', '', '_self', 0, 50, 1),
(142, 139, '生成线下优惠劵', '', '', '', 'api', 0, 'api/v1/coupon_give/give.coupon.live', '', '_self', 0, 50, 1),
(143, 139, '领取码领取优惠劵', '', '', '', 'api', 0, 'api/v1/coupon_give/give.coupon.code', '', '_self', 0, 50, 1),
(144, 139, '获取已领取优惠劵列表', '', '', '', 'api', 0, 'api/v1/coupon_give/get.coupon.give.list', '', '_self', 0, 50, 1),
(145, 139, '批量删除已领取优惠劵', '', '', '', 'api', 0, 'api/v1/coupon_give/del.coupon.give.list', '', '_self', 0, 50, 1),
(146, 139, '批量恢复已删优惠劵', '', '', '', 'api', 0, 'api/v1/coupon_give/rec.coupon.give.list', '', '_self', 0, 50, 1),
(147, 139, '导出线下生成的优惠劵', '', '', '', 'api', 0, 'api/v1/coupon_give/get.coupon.give.export', '', '_self', 0, 50, 1),
(148, 139, '根据商品Id列出可使用的优惠劵', '', '', '', 'api', 0, 'api/v1/coupon_give/get.coupon.give.select', '', '_self', 0, 50, 1),
(149, 139, '验证优惠劵是否可使用', '', '', '', 'api', 0, 'api/v1/coupon_give/get.coupon.give.check', '', '_self', 0, 50, 1),
(150, 1094, '配送方式', '', '', '', 'api', 0, '', '', '_self', 0, 3, 1),
(151, 150, '添加一个配送方式', '', '', '', 'api', 0, 'api/v1/delivery/add.delivery.item', '', '_self', 0, 50, 1),
(152, 150, '编辑一个配送方式', '', '', '', 'api', 0, 'api/v1/delivery/set.delivery.item', '', '_self', 0, 50, 1),
(153, 150, '批量删除配送方式', '', '', '', 'api', 0, 'api/v1/delivery/del.delivery.list', '', '_self', 0, 50, 1),
(154, 150, '获取一个配送方式', '', '', '', 'api', 0, 'api/v1/delivery/get.delivery.item', '', '_self', 0, 50, 1),
(155, 150, '获取配送方式列表', '', '', '', 'api', 0, 'api/v1/delivery/get.delivery.list', '', '_self', 0, 50, 1),
(156, 150, '获取配送方式选择列表', '', '', '', 'api', 0, 'api/v1/delivery/get.delivery.select', '', '_self', 0, 50, 1),
(157, 150, '根据配送方式获取运费', '', '', '', 'api', 0, 'api/v1/delivery/get.delivery.freight', '', '_self', 0, 50, 1),
(158, 150, '批量设置配送方式状态', '', '', '', 'api', 0, 'api/v1/delivery/set.delivery.status', '', '_self', 0, 50, 1),
(159, 150, '验证快递公司编号是否唯一', '', '', '', 'api', 0, 'api/v1/delivery/unique.delivery.item.id', '', '_self', 0, 50, 1),
(160, 150, '设置配送方式排序', '', '', '', 'api', 0, 'api/v1/delivery/set.delivery.sort', '', '_self', 0, 50, 1),
(161, 1094, '配送区域', '', '', '', 'api', 0, '', '', '_self', 0, 4, 1),
(162, 161, '添加一个配送区域', '', '', '', 'api', 0, 'api/v1/delivery_area/add.delivery.area.item', '', '_self', 0, 50, 1),
(163, 161, '编辑一个配送区域', '', '', '', 'api', 0, 'api/v1/delivery_area/set.delivery.area.item', '', '_self', 0, 50, 1),
(164, 161, '批量删除配送区域', '', '', '', 'api', 0, 'api/v1/delivery_area/del.delivery.area.list', '', '_self', 0, 50, 1),
(165, 161, '获取一个配送区域', '', '', '', 'api', 0, 'api/v1/delivery_area/get.delivery.area.item', '', '_self', 0, 50, 1),
(166, 161, '获取配送区域列表', '', '', '', 'api', 0, 'api/v1/delivery_area/get.delivery.area.list', '', '_self', 0, 50, 1),
(167, 1094, '配送轨迹', '', '', '', 'api', 0, '', '', '_self', 0, 5, 1),
(168, 167, '获取配送回调URL接口', '', '', '', 'api', 0, 'api/v1/delivery_dist/get.delivery.dist.callback', '', '_self', 0, 7, 1),
(169, 167, '添加一条配送轨迹', '', '', '', 'api', 0, 'api/v1/delivery_dist/add.delivery.dist.item', '', '_self', 0, 1, 1),
(170, 167, '接收推送过来的配送轨迹', '', '', '', 'api', 0, 'api/v1/delivery_dist/put.delivery.dist.data', '', '_self', 0, 2, 1),
(171, 167, '根据流水号获取配送轨迹', '', '', '', 'api', 0, 'api/v1/delivery_dist/get.delivery.dist.code', '', '_self', 0, 3, 1),
(172, 167, '获取配送轨迹列表', '', '', '', 'api', 0, 'api/v1/delivery_dist/get.delivery.dist.list', '', '_self', 0, 4, 1),
(173, 1094, '快递公司', '', '', '', 'api', 0, '', '', '_self', 0, 2, 1),
(174, 173, '添加一个快递公司', '', '', '', 'api', 0, 'api/v1/delivery_item/add.delivery.company.item', '', '_self', 0, 1, 1),
(175, 173, '编辑一个快递公司', '', '', '', 'api', 0, 'api/v1/delivery_item/set.delivery.company.item', '', '_self', 0, 2, 1),
(176, 173, '批量删除快递公司', '', '', '', 'api', 0, 'api/v1/delivery_item/del.delivery.company.list', '', '_self', 0, 3, 1),
(177, 173, '获取一个快递公司', '', '', '', 'api', 0, 'api/v1/delivery_item/get.delivery.company.item', '', '_self', 0, 4, 1),
(178, 173, '查询快递公司编码是否已存在', '', '', '', 'api', 0, 'api/v1/delivery_item/unique.delivery.company.code', '', '_self', 0, 5, 1),
(179, 173, '获取快递公司列表', '', '', '', 'api', 0, 'api/v1/delivery_item/get.delivery.company.list', '', '_self', 0, 6, 1),
(180, 173, '获取快递公司选择列表', '', '', '', 'api', 0, 'api/v1/delivery_item/get.delivery.company.select', '', '_self', 0, 7, 1),
(181, 173, '复制一个快递公司为\"热门类型\"', '', '', '', 'api', 0, 'api/v1/delivery_item/copy.delivery.company.hot', '', '_self', 0, 9, 1),
(182, 1096, '商品折扣', '', '', '', 'api', 0, '', '', '_self', 0, 3, 1),
(183, 182, '添加一个商品折扣', '', '', '', 'api', 0, 'api/v1/discount/add.discount.item', '', '_self', 0, 50, 1),
(184, 182, '编辑一个商品折扣', '', '', '', 'api', 0, 'api/v1/discount/set.discount.item', '', '_self', 0, 50, 1),
(185, 182, '获取一个商品折扣', '', '', '', 'api', 0, 'api/v1/discount/get.discount.item', '', '_self', 0, 50, 1),
(186, 182, '批量删除商品折扣', '', '', '', 'api', 0, 'api/v1/discount/del.discount.list', '', '_self', 0, 50, 1),
(187, 182, '批量设置商品折扣状态', '', '', '', 'api', 0, 'api/v1/discount/set.discount.status', '', '_self', 0, 50, 1),
(188, 182, '获取商品折扣列表', '', '', '', 'api', 0, 'api/v1/discount/get.discount.list', '', '_self', 0, 50, 1),
(189, 182, '根据商品编号获取折扣信息', '', '', '', 'api', 0, 'api/v1/discount/get.discount.goods.info', '', '_self', 0, 50, 1),
(190, 1099, '友情链接', '', '', '', 'api', 0, '', '', '_self', 0, 5, 1),
(191, 190, '添加一个友情链接', '', '', '', 'api', 0, 'api/v1/friend_link/add.friendlink.item', '', '_self', 0, 50, 1),
(192, 190, '编辑一个友情链接', '', '', '', 'api', 0, 'api/v1/friend_link/set.friendlink.item', '', '_self', 0, 50, 1),
(193, 190, '批量删除友情链接', '', '', '', 'api', 0, 'api/v1/friend_link/del.friendlink.list', '', '_self', 0, 50, 1),
(194, 190, '获取一个友情链接', '', '', '', 'api', 0, 'api/v1/friend_link/get.friendlink.item', '', '_self', 0, 50, 1),
(195, 190, '获取友情链接列表', '', '', '', 'api', 0, 'api/v1/friend_link/get.friendlink.list', '', '_self', 0, 50, 1),
(196, 190, '批量设置友情链接状态', '', '', '', 'api', 0, 'api/v1/friend_link/set.friendlink.status', '', '_self', 0, 50, 1),
(197, 190, '设置友情链接排序', '', '', '', 'api', 0, 'api/v1/friend_link/set.friendlink.sort', '', '_self', 0, 50, 1),
(198, 1095, '商品管理', '', '', '', 'api', 0, '', '', '_self', 0, 9, 1),
(199, 198, '检测商品货号是否唯一', '', '', '', 'api', 0, 'api/v1/goods/unique.goods.code', '', '_self', 0, 50, 1),
(200, 198, '添加一个商品', '', '', '', 'api', 0, 'api/v1/goods/add.goods.item', '', '_self', 0, 50, 1),
(201, 198, '编辑一个商品', '', '', '', 'api', 0, 'api/v1/goods/set.goods.item', '', '_self', 0, 50, 1),
(202, 198, '获取一个商品', '', '', '', 'api', 0, 'api/v1/goods/get.goods.item', '', '_self', 0, 50, 1),
(203, 198, '批量删除或恢复商品(回收站)', '', '', '', 'api', 0, 'api/v1/goods/del.goods.list', '', '_self', 0, 50, 1),
(204, 198, '批量开启或关闭商品可积分抵扣', '', '', '', 'api', 0, 'api/v1/goods/set.integral.goods.list', '', '_self', 0, 50, 1),
(205, 198, '批量设置商品是否推荐', '', '', '', 'api', 0, 'api/v1/goods/set.recommend.goods.list', '', '_self', 0, 50, 1),
(206, 198, '批量设置商品是否为新品', '', '', '', 'api', 0, 'api/v1/goods/set.new.goods.list', '', '_self', 0, 50, 1),
(207, 198, '批量设置商品是否为热卖', '', '', '', 'api', 0, 'api/v1/goods/set.hot.goods.list', '', '_self', 0, 50, 1),
(208, 198, '批量设置商品是否上下架', '', '', '', 'api', 0, 'api/v1/goods/set.shelves.goods.list', '', '_self', 0, 50, 1),
(209, 198, '获取指定商品的属性列表', '', '', '', 'api', 0, 'api/v1/goods/get.goods.attr.list', '', '_self', 0, 50, 1),
(210, 198, '获取指定商品的规格组合列表', '', '', '', 'api', 0, 'api/v1/goods/get.goods.spec.list', '', '_self', 0, 50, 1),
(211, 198, '获取指定商品的规格图', '', '', '', 'api', 0, 'api/v1/goods/get.goods.spec.image', '', '_self', 0, 50, 1),
(212, 198, '获取管理后台商品列表', '', '', '', 'api', 0, 'api/v1/goods/get.goods.admin.list', '', '_self', 0, 50, 1),
(213, 198, '根据商品分类获取指定类型的商品', '', '', '', 'api', 0, 'api/v1/goods/get.goods.index.type', '', '_self', 0, 50, 1),
(214, 198, '根据商品分类获取前台商品列表页', '', '', '', 'api', 0, 'api/v1/goods/get.goods.index.list', '', '_self', 0, 50, 1),
(215, 198, '设置商品排序', '', '', '', 'api', 0, 'api/v1/goods/set.goods.sort', '', '_self', 0, 50, 1),
(216, 198, '获取商品关键词联想词', '', '', '', 'api', 0, 'api/v1/goods/get.goods.keywords.suggest', '', '_self', 0, 50, 1),
(217, 198, '复制一个商品', '', '', '', 'api', 0, 'api/v1/goods/copy.goods.item', '', '_self', 0, 50, 1),
(218, 1095, '商品属性', '', '', '', 'api', 0, '', '', '_self', 0, 4, 1),
(219, 218, '添加一个商品属性主体', '', '', '', 'api', 0, 'api/v1/goods_attribute/add.goods.attribute.body.item', '', '_self', 0, 1, 1),
(220, 218, '编辑一个商品属性主体', '', '', '', 'api', 0, 'api/v1/goods_attribute/set.goods.attribute.body.item', '', '_self', 0, 2, 1),
(221, 218, '获取一个商品属性主体', '', '', '', 'api', 0, 'api/v1/goods_attribute/get.goods.attribute.body.item', '', '_self', 0, 3, 1),
(222, 218, '获取商品属性主体列表', '', '', '', 'api', 0, 'api/v1/goods_attribute/get.goods.attribute.body.list', '', '_self', 0, 4, 1),
(223, 218, '设置商品属性主体排序', '', '', '', 'api', 0, 'api/v1/goods_attribute/set.goods.attribute.body.sort', '', '_self', 0, 5, 1),
(224, 218, '添加一个商品属性', '', '', '', 'api', 0, 'api/v1/goods_attribute/add.goods.attribute.item', '', '_self', 0, 6, 1),
(225, 218, '编辑一个商品属性', '', '', '', 'api', 0, 'api/v1/goods_attribute/set.goods.attribute.item', '', '_self', 0, 7, 1),
(226, 218, '批量删除商品属性', '', '', '', 'api', 0, 'api/v1/goods_attribute/del.goods.attribute.list', '', '_self', 0, 8, 1),
(227, 218, '获取一个商品属性', '', '', '', 'api', 0, 'api/v1/goods_attribute/get.goods.attribute.item', '', '_self', 0, 9, 1),
(228, 218, '获取商品属性列表', '', '', '', 'api', 0, 'api/v1/goods_attribute/get.goods.attribute.list', '', '_self', 0, 10, 1),
(229, 218, '批量设置商品属性检索', '', '', '', 'api', 0, 'api/v1/goods_attribute/set.goods.attribute.key', '', '_self', 0, 12, 1),
(230, 218, '批量设置商品属性是否核心', '', '', '', 'api', 0, 'api/v1/goods_attribute/set.goods.attribute.important', '', '_self', 0, 13, 1),
(231, 218, '设置商品属性排序', '', '', '', 'api', 0, 'api/v1/goods_attribute/set.goods.attribute.sort', '', '_self', 0, 14, 1),
(232, 1095, '商品分类', '', '', '', 'api', 0, '', '', '_self', 0, 1, 1),
(233, 232, '添加一个商品分类', '', '', '', 'api', 0, 'api/v1/goods_category/add.goods.category.item', '', '_self', 0, 50, 1),
(234, 232, '编辑一个商品分类', '', '', '', 'api', 0, 'api/v1/goods_category/set.goods.category.item', '', '_self', 0, 50, 1),
(235, 232, '批量删除商品分类', '', '', '', 'api', 0, 'api/v1/goods_category/del.goods.category.list', '', '_self', 0, 50, 1),
(236, 232, '根据主Id获取商品分类', '', '', '', 'api', 0, 'api/v1/goods_category/get.goods.category.item', '', '_self', 0, 50, 1),
(237, 232, '获取所有商品分类', '', '', '', 'api', 0, 'api/v1/goods_category/get.goods.category.list', '', '_self', 0, 50, 1),
(238, 232, '根据主Id集合获取所有子级', '', '', '', 'api', 0, 'api/v1/goods_category/get.goods.category.son', '', '_self', 0, 50, 1),
(239, 232, '根据分类Id生成导航数据', '', '', '', 'api', 0, 'api/v1/goods_category/get.goods.category.navi', '', '_self', 0, 50, 1),
(240, 232, '批量设置商品分类是否显示', '', '', '', 'api', 0, 'api/v1/goods_category/set.goods.category.status', '', '_self', 0, 50, 1),
(241, 232, '设置商品分类排序', '', '', '', 'api', 0, 'api/v1/goods_category/set.goods.category.sort', '', '_self', 0, 50, 1),
(242, 232, '批量设置商品分类是否导航', '', '', '', 'api', 0, 'api/v1/goods_category/set.goods.category.navi', '', '_self', 0, 50, 1),
(243, 1095, '商品评价', '', '', '', 'api', 0, '', '', '_self', 0, 6, 1),
(244, 243, '添加一条新的商品评价', '', '', '', 'api', 0, 'api/v1/goods_comment/add.goods.comment.item', '', '_self', 0, 50, 1),
(245, 243, '追加一条商品评价', '', '', '', 'api', 0, 'api/v1/goods_comment/add.goods.addition.item', '', '_self', 0, 50, 1),
(246, 243, '回复一条商品评价或追加评价', '', '', '', 'api', 0, 'api/v1/goods_comment/reply.goods.comment.item', '', '_self', 0, 50, 1),
(247, 243, '删除商品评价任意内容', '', '', '', 'api', 0, 'api/v1/goods_comment/del.goods.comment.item', '', '_self', 0, 50, 1),
(248, 243, '点赞一条商品评价', '', '', '', 'api', 0, 'api/v1/goods_comment/add.goods.praise.item', '', '_self', 0, 50, 1),
(249, 243, '获取一个商品评价得分', '', '', '', 'api', 0, 'api/v1/goods_comment/get.goods.comment.score', '', '_self', 0, 50, 1),
(250, 243, '批量设置是否前台显示', '', '', '', 'api', 0, 'api/v1/goods_comment/set.goods.comment.show', '', '_self', 0, 50, 1),
(251, 243, '批量设置是否置顶', '', '', '', 'api', 0, 'api/v1/goods_comment/set.goods.comment.top', '', '_self', 0, 50, 1),
(252, 243, '批量设置商品评价是否已读', '', '', '', 'api', 0, 'api/v1/goods_comment/set.goods.comment.status', '', '_self', 0, 50, 1),
(253, 243, '获取一个商品评价数量', '', '', '', 'api', 0, 'api/v1/goods_comment/get.goods.comment.count', '', '_self', 0, 50, 1),
(254, 243, '获取某个主评价的明细', '', '', '', 'api', 0, 'api/v1/goods_comment/get.goods.comment.item', '', '_self', 0, 50, 1),
(255, 243, '获取评价列表', '', '', '', 'api', 0, 'api/v1/goods_comment/get.goods.comment.list', '', '_self', 0, 50, 1),
(256, 1095, '商品咨询', '', '', '', 'api', 0, '', '', '_self', 0, 8, 1),
(257, 256, '添加一个新的商品咨询', '', '', '', 'api', 0, 'api/v1/goods_consult/add.goods.consult.item', '', '_self', 0, 50, 1),
(258, 256, '批量删除商品咨询', '', '', '', 'api', 0, 'api/v1/goods_consult/del.goods.consult.list', '', '_self', 0, 50, 1),
(259, 256, '批量设置是否前台显示', '', '', '', 'api', 0, 'api/v1/goods_consult/set.goods.consult.show', '', '_self', 0, 50, 1),
(260, 256, '回复一个商品咨询', '', '', '', 'api', 0, 'api/v1/goods_consult/reply.goods.consult.item', '', '_self', 0, 50, 1),
(261, 256, '根据主Id获取一个问答明细', '', '', '', 'api', 0, 'api/v1/goods_consult/get.goods.consult.item', '', '_self', 0, 50, 1),
(262, 256, '获取商品咨询列表', '', '', '', 'api', 0, 'api/v1/goods_consult/get.goods.consult.list', '', '_self', 0, 50, 1),
(263, 1095, '商品评价回复', '', '', '', 'api', 0, '', '', '_self', 0, 7, 1),
(264, 263, '对商品评价添加一个回复', '', '', '', 'api', 0, 'api/v1/goods_reply/add.goods.reply.item', '', '_self', 0, 50, 1),
(265, 263, '批量删除商品评价的回复', '', '', '', 'api', 0, 'api/v1/goods_reply/del.goods.reply.list', '', '_self', 0, 50, 1),
(266, 263, '获取商品评价回复列表', '', '', '', 'api', 0, 'api/v1/goods_reply/get.goods.reply.list', '', '_self', 0, 50, 1),
(267, 1095, '商品模型', '', '', '', 'api', 0, '', '', '_self', 0, 3, 1),
(268, 267, '添加一个商品模型', '', '', '', 'api', 0, 'api/v1/goods_type/add.goods.type.item', '', '_self', 0, 50, 1),
(269, 267, '编辑一个商品模型', '', '', '', 'api', 0, 'api/v1/goods_type/set.goods.type.item', '', '_self', 0, 50, 1),
(270, 267, '批量删除商品模型', '', '', '', 'api', 0, 'api/v1/goods_type/del.goods.type.list', '', '_self', 0, 50, 1),
(271, 267, '查询商品模型名称是否已存在', '', '', '', 'api', 0, 'api/v1/goods_type/unique.goods.type.name', '', '_self', 0, 50, 1),
(272, 267, '获取一个商品模型', '', '', '', 'api', 0, 'api/v1/goods_type/get.goods.type.item', '', '_self', 0, 50, 1),
(273, 267, '获取商品模型列表', '', '', '', 'api', 0, 'api/v1/goods_type/get.goods.type.list', '', '_self', 0, 50, 1),
(274, 267, '获取商品模型选择列表', '', '', '', 'api', 0, 'api/v1/goods_type/get.goods.type.select', '', '_self', 0, 50, 1),
(275, 1099, '我的足迹', '', '', '', 'api', 0, '', '', '_self', 0, 2, 1),
(276, 275, '添加一条我的足迹', '', '', '', 'api', 0, 'api/v1/history/add.history.item', '', '_self', 0, 50, 1),
(277, 275, '批量删除我的足迹', '', '', '', 'api', 0, 'api/v1/history/del.history.list', '', '_self', 0, 50, 1),
(278, 275, '清空我的足迹', '', '', '', 'api', 0, 'api/v1/history/clear.history.list', '', '_self', 0, 50, 1),
(279, 275, '获取我的足迹数量', '', '', '', 'api', 0, 'api/v1/history/get.history.count', '', '_self', 0, 50, 1),
(280, 275, '获取我的足迹列表', '', '', '', 'api', 0, 'api/v1/history/get.history.list', '', '_self', 0, 50, 1),
(281, 1099, 'API协助接口', '', '', '', 'api', 0, '', '', '_self', 0, 6, 1),
(282, 281, 'API访问测试接口', '', '', '', 'api', 0, 'api/v1/index/get.index.host', '', '_self', 0, 50, 1),
(283, 281, '清空缓存', '', '', '', 'api', 0, 'api/v1/index/clear.cache.all', '', '_self', 0, 50, 1),
(284, 281, '正式环境下调整为最优状态', '', '', '', 'api', 0, 'api/v1/index/set.system.optimize', '', '_self', 0, 50, 1),
(285, 1089, '菜单管理', '', '', '', 'api', 0, '', '', '_self', 0, 3, 1),
(286, 285, '添加一个菜单', '', '', '', 'api', 0, 'api/v1/menu/add.menu.item', '', '_self', 0, 50, 1),
(287, 285, '获取一个菜单', '', '', '', 'api', 0, 'api/v1/menu/get.menu.item', '', '_self', 0, 50, 1),
(288, 285, '编辑一个菜单', '', '', '', 'api', 0, 'api/v1/menu/set.menu.item', '', '_self', 0, 50, 1),
(289, 285, '删除一个菜单', '', '', '', 'api', 0, 'api/v1/menu/del.menu.item', '', '_self', 0, 50, 1),
(290, 285, '获取菜单列表', '', '', '', 'api', 0, 'api/v1/menu/get.menu.list', '', '_self', 0, 50, 1),
(291, 285, '根据菜单Id生成导航数据', '', '', '', 'api', 0, 'api/v1/menu/get.menu.id.navi', '', '_self', 0, 50, 1),
(292, 285, '根据菜单url生成导航数据', '', '', '', 'api', 0, 'api/v1/menu/get.menu.url.navi', '', '_self', 0, 50, 1),
(293, 285, '批量设置是否属于导航菜单', '', '', '', 'api', 0, 'api/v1/menu/set.menu.navi', '', '_self', 0, 50, 1),
(294, 285, '设置菜单排序', '', '', '', 'api', 0, 'api/v1/menu/set.menu.sort', '', '_self', 0, 50, 1),
(295, 285, '设置菜单状态', '', '', '', 'api', 0, 'api/v1/menu/set.menu.status', '', '_self', 0, 50, 1),
(296, 285, '根据权限获取菜单列表', '', '', '', 'api', 0, 'api/v1/menu/get.menu.auth.list', '', '_self', 0, 50, 1),
(297, 1101, '消息管理', '', '', '', 'api', 0, '', '', '_self', 0, 4, 1),
(298, 297, '添加一条消息', '', '', '', 'api', 0, 'api/v1/message/add.message.item', '', '_self', 0, 50, 1),
(299, 297, '编辑一条消息', '', '', '', 'api', 0, 'api/v1/message/set.message.item', '', '_self', 0, 50, 1),
(300, 297, '批量删除消息', '', '', '', 'api', 0, 'api/v1/message/del.message.list', '', '_self', 0, 50, 1),
(301, 297, '批量正式发布消息', '', '', '', 'api', 0, 'api/v1/message/set.message.status', '', '_self', 0, 50, 1),
(302, 297, '获取一条消息(后台)', '', '', '', 'api', 0, 'api/v1/message/get.message.item', '', '_self', 0, 50, 1),
(303, 297, '获取消息列表(后台)', '', '', '', 'api', 0, 'api/v1/message/get.message.list', '', '_self', 0, 50, 1),
(304, 297, '用户获取一条消息', '', '', '', 'api', 0, 'api/v1/message/get.message.user.item', '', '_self', 0, 50, 1),
(305, 297, '用户获取消息列表', '', '', '', 'api', 0, 'api/v1/message/get.message.user.list', '', '_self', 0, 50, 1),
(306, 297, '用户获取未读消息数', '', '', '', 'api', 0, 'api/v1/message/get.message.user.unread', '', '_self', 0, 50, 1),
(307, 297, '用户批量设置消息已读', '', '', '', 'api', 0, 'api/v1/message/set.message.user.read', '', '_self', 0, 50, 1),
(308, 297, '用户设置消息全部已读', '', '', '', 'api', 0, 'api/v1/message/set.message.user.allread', '', '_self', 0, 50, 1),
(309, 297, '用户批量删除消息', '', '', '', 'api', 0, 'api/v1/message/del.message.user.list', '', '_self', 0, 50, 1),
(310, 297, '用户删除全部消息', '', '', '', 'api', 0, 'api/v1/message/del.message.user.all', '', '_self', 0, 50, 1),
(311, 1102, '前台导航', '', '', '', 'api', 0, '', '', '_self', 0, 3, 1),
(312, 311, '添加一个导航', '', '', '', 'api', 0, 'api/v1/navigation/add.navigation.item', '', '_self', 0, 50, 1),
(313, 311, '编辑一个导航', '', '', '', 'api', 0, 'api/v1/navigation/set.navigation.item', '', '_self', 0, 50, 1),
(314, 311, '批量删除导航', '', '', '', 'api', 0, 'api/v1/navigation/del.navigation.list', '', '_self', 0, 50, 1),
(315, 311, '获取一个导航', '', '', '', 'api', 0, 'api/v1/navigation/get.navigation.item', '', '_self', 0, 50, 1),
(316, 311, '获取导航列表', '', '', '', 'api', 0, 'api/v1/navigation/get.navigation.list', '', '_self', 0, 50, 1),
(317, 311, '批量设置是否新开窗口', '', '', '', 'api', 0, 'api/v1/navigation/set.navigation.target', '', '_self', 0, 50, 1),
(318, 311, '批量设置是否启用', '', '', '', 'api', 0, 'api/v1/navigation/set.navigation.status', '', '_self', 0, 50, 1),
(319, 311, '设置导航排序', '', '', '', 'api', 0, 'api/v1/navigation/set.navigation.sort', '', '_self', 0, 50, 1),
(320, 1101, '通知系统', '', '', '', 'api', 0, '', '', '_self', 0, 1, 1),
(321, 320, '获取一个通知系统', '', '', '', 'api', 0, 'api/v1/notice/get.notice.item', '', '_self', 0, 50, 1),
(322, 320, '获取通知系统列表', '', '', '', 'api', 0, 'api/v1/notice/get.notice.list', '', '_self', 0, 50, 1),
(323, 320, '批量设置通知系统是否启用', '', '', '', 'api', 0, 'api/v1/notice/set.notice.status', '', '_self', 0, 50, 1),
(324, 320, '设置一个通知系统', '', '', '', 'api', 0, 'api/v1/notice/set.notice.item', '', '_self', 0, 50, 1),
(325, 1101, '通知系统模板', '', '', '', 'api', 0, '', '', '_self', 0, 2, 1),
(326, 325, '获取一个通知系统模板', '', '', '', 'api', 0, 'api/v1/notice_tpl/get.notice.tpl.item', '', '_self', 0, 50, 1),
(327, 325, '获取通知系统模板列表', '', '', '', 'api', 0, 'api/v1/notice_tpl/get.notice.tpl.list', '', '_self', 0, 50, 1),
(328, 325, '编辑一个通知系统模板', '', '', '', 'api', 0, 'api/v1/notice_tpl/set.notice.tpl.item', '', '_self', 0, 50, 1),
(329, 325, '批量设置通知系统模板是否启用', '', '', '', 'api', 0, 'api/v1/notice_tpl/set.notice.tpl.status', '', '_self', 0, 50, 1),
(330, 1097, '订单管理', '', '', '', 'api', 0, '', '', '_self', 0, 2, 1),
(331, 330, '获取订单确认或提交订单', '', '', '', 'api', 0, 'api/v1/order/confirm.order.list', '', '_self', 0, 50, 1),
(332, 330, '调整订单应付金额', '', '', '', 'api', 0, 'api/v1/order/change.price.order.item', '', '_self', 0, 50, 1),
(333, 330, '添加或编辑卖家备注', '', '', '', 'api', 0, 'api/v1/order/remark.order.item', '', '_self', 0, 50, 1),
(334, 330, '编辑一个订单', '', '', '', 'api', 0, 'api/v1/order/set.order.item', '', '_self', 0, 50, 1),
(335, 330, '将订单放入回收站、还原或删除', '', '', '', 'api', 0, 'api/v1/order/recycle.order.item', '', '_self', 0, 50, 1),
(336, 330, '获取一个订单', '', '', '', 'api', 0, 'api/v1/order/get.order.item', '', '_self', 0, 50, 1),
(337, 330, '获取订单列表', '', '', '', 'api', 0, 'api/v1/order/get.order.list', '', '_self', 0, 50, 1),
(338, 330, '获取订单各个状态合计数', '', '', '', 'api', 0, 'api/v1/order/get.order.status.total', '', '_self', 0, 50, 1),
(339, 330, '再次购买与订单相同的商品', '', '', '', 'api', 0, 'api/v1/order/buyagain.order.goods', '', '_self', 0, 50, 1),
(340, 330, '获取可评价或可追评的订单商品列表', '', '', '', 'api', 0, 'api/v1/order/get.order.goods.comment', '', '_self', 0, 50, 1),
(341, 330, '未付款订单超时自动取消', '', '', '', 'api', 0, 'api/v1/order/timeout.order.cancel', '', '_self', 0, 50, 1),
(342, 330, '未确认收货订单超时自动完成', '', '', '', 'api', 0, 'api/v1/order/timeout.order.complete', '', '_self', 0, 50, 1),
(343, 330, '取消一个订单', '', '', '', 'api', 0, 'api/v1/order/cancel.order.item', '', '_self', 0, 50, 1),
(344, 330, '订单批量设为配货状态', '', '', '', 'api', 0, 'api/v1/order/picking.order.list', '', '_self', 0, 50, 1),
(345, 330, '订单设为发货状态', '', '', '', 'api', 0, 'api/v1/order/delivery.order.item', '', '_self', 0, 50, 1),
(346, 330, '订单批量确认收货', '', '', '', 'api', 0, 'api/v1/order/complete.order.list', '', '_self', 0, 50, 1),
(347, 330, '获取一个订单商品明细', '', '', '', 'api', 0, 'api/v1/order/get.order.goods.item', '', '_self', 0, 50, 1),
(348, 1097, '订单退款', '', '', '', 'api', 0, '', '', '_self', 0, 3, 1),
(349, 348, '查询一笔退款记录', '', '', '', 'api', 0, 'api/v1/order_refund/query.refund.item', '', '_self', 0, 50, 1),
(350, 348, '获取退款记录列表', '', '', '', 'api', 0, 'api/v1/order_refund/get.refund.list', '', '_self', 0, 50, 1),
(351, 0, '售后', '', '', '', 'api', 0, '', '', '_self', 0, 11, 1),
(352, 351, '获取订单商品可申请的售后服务', '', '', '', 'api', 0, 'api/v1/order_service/get.order.service.goods', '', '_self', 0, 50, 1),
(353, 351, '客服对售后服务单添加备注(顾客不可见)', '', '', '', 'api', 0, 'api/v1/order_service/set.order.service.remark', '', '_self', 0, 50, 1),
(354, 351, '获取一个售后服务单', '', '', '', 'api', 0, 'api/v1/order_service/get.order.service.item', '', '_self', 0, 50, 1),
(355, 351, '获取售后服务单列表', '', '', '', 'api', 0, 'api/v1/order_service/get.order.service.list', '', '_self', 0, 50, 1),
(356, 351, '添加一个维修售后服务单', '', '', '', 'api', 0, 'api/v1/order_service/add.order.service.maintain', '', '_self', 0, 50, 1),
(357, 351, '添加一个换货售后服务单', '', '', '', 'api', 0, 'api/v1/order_service/add.order.service.exchange', '', '_self', 0, 50, 1),
(358, 351, '添加一个仅退款售后服务单', '', '', '', 'api', 0, 'api/v1/order_service/add.order.service.refund', '', '_self', 0, 50, 1),
(359, 351, '添加一个退款退货售后服务单', '', '', '', 'api', 0, 'api/v1/order_service/add.order.service.refunds', '', '_self', 0, 50, 1),
(360, 351, '添加一条售后服务单留言', '', '', '', 'api', 0, 'api/v1/order_service/add.order.service.message', '', '_self', 0, 50, 1),
(361, 351, '同意(接收)一个售后服务单', '', '', '', 'api', 0, 'api/v1/order_service/set.order.service.agree', '', '_self', 0, 50, 1),
(362, 351, '拒绝一个售后服务单', '', '', '', 'api', 0, 'api/v1/order_service/set.order.service.refused', '', '_self', 0, 50, 1),
(363, 351, '设置退换货、维修商品是否寄还商家', '', '', '', 'api', 0, 'api/v1/order_service/set.order.service.sendback', '', '_self', 0, 50, 1),
(364, 351, '买家上报换货、维修后的快递单号,并填写商家寄回时需要的信息', '', '', '', 'api', 0, 'api/v1/order_service/set.order.service.buyer', '', '_self', 0, 50, 1),
(365, 351, '买家上报退款退货后的快递单号', '', '', '', 'api', 0, 'api/v1/order_service/set.order.service.logistic', '', '_self', 0, 50, 1),
(366, 351, '设置一个售后服务单状态(售后中)', '', '', '', 'api', 0, 'api/v1/order_service/set.order.service.after', '', '_self', 0, 50, 1),
(367, 351, '撤销一个售后服务单', '', '', '', 'api', 0, 'api/v1/order_service/set.order.service.cancel', '', '_self', 0, 50, 1),
(368, 351, '完成一个售后服务单', '', '', '', 'api', 0, 'api/v1/order_service/set.order.service.complete', '', '_self', 0, 50, 1),
(369, 1098, '支付配置', '', '', '', 'api', 0, '', '', '_self', 0, 1, 1),
(370, 369, '编辑一个支付配置', '', '', '', 'api', 0, 'api/v1/payment/set.payment.item', '', '_self', 0, 50, 1),
(371, 369, '获取一个支付配置', '', '', '', 'api', 0, 'api/v1/payment/get.payment.item', '', '_self', 0, 50, 1),
(372, 369, '获取支付配置列表', '', '', '', 'api', 0, 'api/v1/payment/get.payment.list', '', '_self', 0, 50, 1),
(373, 369, '获取支付异步URL接口', '', '', '', 'api', 0, 'api/v1/payment/get.payment.notify', '', '_self', 0, 50, 1),
(374, 369, '获取支付同步URL接口', '', '', '', 'api', 0, 'api/v1/payment/get.payment.return', '', '_self', 0, 50, 1),
(375, 369, '设置支付配置排序', '', '', '', 'api', 0, 'api/v1/payment/set.payment.sort', '', '_self', 0, 50, 1),
(376, 369, '批量设置支付配置状态', '', '', '', 'api', 0, 'api/v1/payment/set.payment.status', '', '_self', 0, 50, 1),
(377, 369, '财务对账号进行资金调整', '', '', '', 'api', 0, 'api/v1/payment/set.payment.finance', '', '_self', 0, 50, 1),
(378, 369, '接收支付返回内容', '', '', '', 'api', 0, 'api/v1/payment/put.payment.data', '', '_self', 0, 50, 1),
(379, 369, '账号在线充值余额', '', '', '', 'api', 0, 'api/v1/payment/user.payment.pay', '', '_self', 0, 50, 1),
(380, 369, '订单付款在线支付', '', '', '', 'api', 0, 'api/v1/payment/order.payment.pay', '', '_self', 0, 50, 1),
(381, 1098, '支付日志', '', '', '', 'api', 0, '', '', '_self', 0, 2, 1),
(382, 381, '关闭一笔充值记录', '', '', '', 'api', 0, 'api/v1/payment_log/close.payment.log.item', '', '_self', 0, 50, 1),
(383, 381, '获取一笔充值记录', '', '', '', 'api', 0, 'api/v1/payment_log/get.payment.log.item', '', '_self', 0, 50, 1),
(384, 381, '获取充值记录列表', '', '', '', 'api', 0, 'api/v1/payment_log/get.payment.log.list', '', '_self', 0, 50, 1),
(385, 1096, '订单促销', '', '', '', 'api', 0, '', '', '_self', 0, 4, 1),
(386, 385, '添加一个订单促销', '', '', '', 'api', 0, 'api/v1/promotion/add.promotion.item', '', '_self', 0, 50, 1),
(387, 385, '编辑一个订单促销', '', '', '', 'api', 0, 'api/v1/promotion/set.promotion.item', '', '_self', 0, 50, 1),
(388, 385, '获取一个订单促销', '', '', '', 'api', 0, 'api/v1/promotion/get.promotion.item', '', '_self', 0, 50, 1),
(389, 385, '批量设置订单促销状态', '', '', '', 'api', 0, 'api/v1/promotion/set.promotion.status', '', '_self', 0, 50, 1),
(390, 385, '批量删除订单促销', '', '', '', 'api', 0, 'api/v1/promotion/del.promotion.list', '', '_self', 0, 50, 1),
(391, 385, '获取订单促销列表', '', '', '', 'api', 0, 'api/v1/promotion/get.promotion.list', '', '_self', 0, 50, 1),
(392, 385, '获取正在进行的促销列表', '', '', '', 'api', 0, 'api/v1/promotion/get.promotion.active', '', '_self', 0, 50, 1),
(393, 1099, '二维码', '', '', '', 'api', 0, '', '', '_self', 0, 3, 1),
(394, 393, '动态生成一个二维码', '', '', '', 'api', 0, 'api/v1/qrcode/get.qrcode.item', '', '_self', 0, 50, 1),
(395, 393, '获取二维码调用地址', '', '', '', 'api', 0, 'api/v1/qrcode/get.qrcode.callurl', '', '_self', 0, 50, 1),
(396, 1094, '区域管理', '', '', '', 'api', 0, '', '', '_self', 0, 1, 1),
(397, 396, '添加一个区域', '', '', '', 'api', 0, 'api/v1/region/add.region.item', '', '_self', 0, 50, 1),
(398, 396, '编辑一个区域', '', '', '', 'api', 0, 'api/v1/region/set.region.item', '', '_self', 0, 50, 1),
(399, 396, '批量删除区域', '', '', '', 'api', 0, 'api/v1/region/del.region.list', '', '_self', 0, 50, 1),
(400, 396, '获取指定区域', '', '', '', 'api', 0, 'api/v1/region/get.region.item', '', '_self', 0, 50, 1),
(401, 396, '获取指定Id下的子节点(不包含本身)', '', '', '', 'api', 0, 'api/v1/region/get.region.list', '', '_self', 0, 50, 1),
(402, 396, '获取指定Id下的所有子节点(包含本身)', '', '', '', 'api', 0, 'api/v1/region/get.region.son.list', '', '_self', 0, 50, 1),
(403, 396, '设置区域排序', '', '', '', 'api', 0, 'api/v1/region/set.region.sort', '', '_self', 0, 50, 1),
(404, 396, '根据区域编号获取区域名称', '', '', '', 'api', 0, 'api/v1/region/get.region.name', '', '_self', 0, 50, 1),
(405, 1102, '系统配置', '', '', '', 'api', 0, '', '', '_self', 0, 4, 1),
(406, 405, '获取某个模块的设置', '', '', '', 'api', 0, 'api/v1/setting/get.setting.list', '', '_self', 0, 50, 1),
(407, 405, '设置配送轨迹', '', '', '', 'api', 0, 'api/v1/setting/set.delivery.dist.list', '', '_self', 0, 50, 1),
(408, 405, '设置支付完成提示页', '', '', '', 'api', 0, 'api/v1/setting/set.payment.list', '', '_self', 0, 50, 1),
(409, 405, '设置配送优惠', '', '', '', 'api', 0, 'api/v1/setting/set.delivery.list', '', '_self', 0, 50, 1),
(410, 405, '设置购物系统', '', '', '', 'api', 0, 'api/v1/setting/set.shopping.list', '', '_self', 0, 50, 1),
(411, 405, '设置售后服务', '', '', '', 'api', 0, 'api/v1/setting/set.service.list', '', '_self', 0, 50, 1),
(412, 405, '设置系统配置', '', '', '', 'api', 0, 'api/v1/setting/set.system.list', '', '_self', 0, 50, 1),
(413, 405, '设置上传配置', '', '', '', 'api', 0, 'api/v1/setting/set.upload.list', '', '_self', 0, 50, 1),
(414, 1095, '商品规格', '', '', '', 'api', 0, '', '', '_self', 0, 5, 1),
(415, 414, '添加一个商品规格', '', '', '', 'api', 0, 'api/v1/spec/add.goods.spec.item', '', '_self', 0, 1, 1),
(416, 414, '编辑一个商品规格', '', '', '', 'api', 0, 'api/v1/spec/set.goods.spec.item', '', '_self', 0, 2, 1),
(417, 414, '批量删除商品规格', '', '', '', 'api', 0, 'api/v1/spec/del.goods.spec.list', '', '_self', 0, 3, 1),
(418, 414, '获取一条商品规格', '', '', '', 'api', 0, 'api/v1/spec/get.goods.spec.item', '', '_self', 0, 4, 1),
(419, 414, '获取商品规格列表', '', '', '', 'api', 0, 'api/v1/spec/get.goods.spec.list', '', '_self', 0, 5, 1),
(420, 414, '批量设置商品规格检索', '', '', '', 'api', 0, 'api/v1/spec/set.goods.spec.key', '', '_self', 0, 8, 1),
(421, 414, '设置商品规格排序', '', '', '', 'api', 0, 'api/v1/spec/set.goods.spec.sort', '', '_self', 0, 9, 1),
(422, 1100, '资源管理', '', '', '', 'api', 0, '', '', '_self', 0, 3, 1),
(423, 422, '添加一个资源目录', '', '', '', 'api', 0, 'api/v1/storage/add.storage.directory.item', '', '_self', 0, 50, 1),
(424, 422, '编辑一个资源目录', '', '', '', 'api', 0, 'api/v1/storage/set.storage.directory.item', '', '_self', 0, 50, 1),
(425, 422, '获取资源目录选择列表', '', '', '', 'api', 0, 'api/v1/storage/get.storage.directory.select', '', '_self', 0, 50, 1),
(426, 422, '将资源目录标记为默认选中', '', '', '', 'api', 0, 'api/v1/storage/set.storage.directory.default', '', '_self', 0, 50, 1),
(427, 422, '获取一个资源或资源目录', '', '', '', 'api', 0, 'api/v1/storage/get.storage.item', '', '_self', 0, 50, 1),
(428, 422, '获取资源列表', '', '', '', 'api', 0, 'api/v1/storage/get.storage.list', '', '_self', 0, 50, 1),
(429, 422, '重命名一个资源', '', '', '', 'api', 0, 'api/v1/storage/rename.storage.item', '', '_self', 0, 50, 1),
(430, 422, '将图片资源设为目录封面', '', '', '', 'api', 0, 'api/v1/storage/set.storage.cover', '', '_self', 0, 50, 1),
(431, 422, '验证资源是否允许移动到指定目录', '', '', '', 'api', 0, 'api/v1/storage/check.storage.move', '', '_self', 0, 50, 1),
(432, 422, '批量移动资源到指定目录', '', '', '', 'api', 0, 'api/v1/storage/move.storage.list', '', '_self', 0, 50, 1),
(433, 422, '获取资源缩略图', '', '', '', 'api', 0, 'api/v1/storage/get.storage.thumb', '', '_self', 0, 50, 1),
(434, 422, '获取资源缩略图实际路径', '', '', '', 'api', 0, 'api/v1/storage/get.storage.thumb.url', '', '_self', 0, 50, 1),
(435, 422, '批量删除资源', '', '', '', 'api', 0, 'api/v1/storage/del.storage.list', '', '_self', 0, 50, 1),
(436, 0, '客服', '', '', '', 'api', 0, '', '', '_self', 0, 14, 1),
(437, 436, '添加一名客服', '', '', '', 'api', 0, 'api/v1/support/add.support.item', '', '_self', 0, 50, 1),
(438, 436, '编辑一名客服', '', '', '', 'api', 0, 'api/v1/support/set.support.item', '', '_self', 0, 50, 1),
(439, 436, '批量删除客服', '', '', '', 'api', 0, 'api/v1/support/del.support.list', '', '_self', 0, 50, 1),
(440, 436, '获取一名客服', '', '', '', 'api', 0, 'api/v1/support/get.support.item', '', '_self', 0, 50, 1),
(441, 436, '获取客服列表', '', '', '', 'api', 0, 'api/v1/support/get.support.list', '', '_self', 0, 50, 1),
(442, 436, '批量设置客服状态', '', '', '', 'api', 0, 'api/v1/support/set.support.status', '', '_self', 0, 50, 1),
(443, 436, '设置客服排序', '', '', '', 'api', 0, 'api/v1/support/set.support.sort', '', '_self', 0, 50, 1),
(444, 1091, '专题管理', '', '', '', 'api', 0, '', '', '_self', 0, 3, 1),
(445, 444, '添加一个专题', '', '', '', 'api', 0, 'api/v1/topic/add.topic.item', '', '_self', 0, 50, 1),
(446, 444, '编辑一个专题', '', '', '', 'api', 0, 'api/v1/topic/set.topic.item', '', '_self', 0, 50, 1),
(447, 444, '批量删除专题', '', '', '', 'api', 0, 'api/v1/topic/del.topic.list', '', '_self', 0, 50, 1),
(448, 444, '获取一个专题', '', '', '', 'api', 0, 'api/v1/topic/get.topic.item', '', '_self', 0, 50, 1),
(449, 444, '获取专题列表', '', '', '', 'api', 0, 'api/v1/topic/get.topic.list', '', '_self', 0, 50, 1),
(450, 444, '批量设置专题是否显示', '', '', '', 'api', 0, 'api/v1/topic/set.topic.status', '', '_self', 0, 50, 1),
(451, 0, '结算', '', '', '', 'api', 0, '', '', '_self', 0, 13, 1),
(452, 451, '获取交易结算列表', '', '', '', 'api', 0, 'api/v1/transaction/get.transaction.list', '', '_self', 0, 50, 1),
(453, 1100, '资源上传', '', '', '', 'api', 0, '', '', '_self', 0, 1, 1),
(454, 453, '获取上传模块列表', '', '', '', 'api', 0, 'api/v1/upload/get.upload.module', '', '_self', 0, 50, 1),
(455, 453, '获取上传地址', '', '', '', 'api', 0, 'api/v1/upload/get.upload.url', '', '_self', 0, 50, 1),
(456, 453, '获取上传Token', '', '', '', 'api', 0, 'api/v1/upload/get.upload.token', '', '_self', 0, 50, 1),
(457, 453, '资源上传请求', '', '', '', 'api', 0, 'api/v1/upload/add.upload.list', '', '_self', 0, 50, 1),
(458, 453, '接收第三方推送数据', '', '', '', 'api', 0, 'api/v1/upload/put.upload.data', '', '_self', 0, 50, 1),
(459, 453, '替换上传资源', '', '', '', 'api', 0, 'api/v1/upload/replace.upload.item', '', '_self', 0, 50, 1),
(460, 1088, '顾客组账号', '', '', '', 'api', 0, '', '', '_self', 0, 2, 1),
(461, 460, '验证账号是否合法', '', '', '', 'api', 0, 'api/v1/user/check.user.username', '', '_self', 0, 1, 1),
(462, 460, '验证账号手机是否合法', '', '', '', 'api', 0, 'api/v1/user/check.user.mobile', '', '_self', 0, 2, 1),
(463, 460, '验证账号昵称是否合法', '', '', '', 'api', 0, 'api/v1/user/check.user.nickname', '', '_self', 0, 3, 1),
(464, 460, '注册一个新账号', '', '', '', 'api', 0, 'api/v1/user/add.user.item', '', '_self', 0, 4, 1),
(465, 460, '编辑一个账号', '', '', '', 'api', 0, 'api/v1/user/set.user.item', '', '_self', 0, 5, 1),
(466, 460, '批量设置账号状态', '', '', '', 'api', 0, 'api/v1/user/set.user.status', '', '_self', 0, 6, 1),
(467, 460, '修改一个账号密码', '', '', '', 'api', 0, 'api/v1/user/set.user.password', '', '_self', 0, 7, 1),
(468, 460, '批量删除账号', '', '', '', 'api', 0, 'api/v1/user/del.user.list', '', '_self', 0, 8, 1),
(469, 460, '获取一个账号', '', '', '', 'api', 0, 'api/v1/user/get.user.item', '', '_self', 0, 9, 1),
(470, 460, '获取账号列表', '', '', '', 'api', 0, 'api/v1/user/get.user.list', '', '_self', 0, 11, 1),
(471, 460, '注销账号', '', '', '', 'api', 0, 'api/v1/user/logout.user.user', '', '_self', 0, 13, 1),
(472, 460, '登录账号', '', '', '', 'api', 0, 'api/v1/user/login.user.user', '', '_self', 0, 14, 1),
(473, 460, '刷新Token', '', '', '', 'api', 0, 'api/v1/user/refresh.user.token', '', '_self', 0, 15, 1),
(474, 460, '忘记密码', '', '', '', 'api', 0, 'api/v1/user/find.user.password', '', '_self', 0, 16, 1),
(475, 1088, '收货地址', '', '', '', 'api', 0, '', '', '_self', 0, 5, 1),
(476, 475, '获取指定账号的收货地址列表', '', '', '', 'api', 0, 'api/v1/user_address/get.user.address.list', '', '_self', 0, 1, 1),
(477, 475, '获取指定账号的一个收货地址', '', '', '', 'api', 0, 'api/v1/user_address/get.user.address.item', '', '_self', 0, 2, 1),
(478, 475, '添加一个收货地址', '', '', '', 'api', 0, 'api/v1/user_address/add.user.address.item', '', '_self', 0, 4, 1),
(479, 475, '编辑一个收货地址', '', '', '', 'api', 0, 'api/v1/user_address/set.user.address.item', '', '_self', 0, 5, 1),
(480, 475, '批量删除收货地址', '', '', '', 'api', 0, 'api/v1/user_address/del.user.address.list', '', '_self', 0, 6, 1),
(481, 475, '设置一个收货地址为默认', '', '', '', 'api', 0, 'api/v1/user_address/set.user.address.default', '', '_self', 0, 7, 1),
(482, 475, '检测是否超出最大添加数量', '', '', '', 'api', 0, 'api/v1/user_address/is.user.address.maximum', '', '_self', 0, 8, 1),
(483, 1088, '账号等级', '', '', '', 'api', 0, '', '', '_self', 0, 4, 1),
(484, 483, '获取一个账号等级', '', '', '', 'api', 0, 'api/v1/user_level/get.user.level.item', '', '_self', 0, 50, 1),
(485, 483, '获取账号等级列表', '', '', '', 'api', 0, 'api/v1/user_level/get.user.level.list', '', '_self', 0, 50, 1),
(486, 483, '添加一个账号等级', '', '', '', 'api', 0, 'api/v1/user_level/add.user.level.item', '', '_self', 0, 50, 1),
(487, 483, '编辑一个账号等级', '', '', '', 'api', 0, 'api/v1/user_level/set.user.level.item', '', '_self', 0, 50, 1),
(488, 483, '批量删除账号等级', '', '', '', 'api', 0, 'api/v1/user_level/del.user.level.list', '', '_self', 0, 50, 1),
(489, 1088, '账号资金', '', '', '', 'api', 0, '', '', '_self', 0, 3, 1),
(490, 489, '获取指定账号资金信息', '', '', '', 'api', 0, 'api/v1/user_money/get.user.money.info', '', '_self', 0, 50, 1),
(491, 1101, '验证码', '', '', '', 'api', 0, '', '', '_self', 0, 3, 1),
(492, 491, '使用验证码', '', '', '', 'api', 0, 'api/v1/verification/use.verification.item', '', '_self', 0, 50, 1);
INSERT INTO `donkey_menu` (`menu_id`, `parent_id`, `name`, `alias`, `icon`, `remark`, `module`, `type`, `url`, `params`, `target`, `is_navi`, `sort`, `status`) VALUES
(493, 491, '发送短信验证码', '', '', '', 'api', 0, 'api/v1/verification/send.verification.sms', '', '_self', 0, 50, 1),
(494, 491, '发送邮件验证码', '', '', '', 'api', 0, 'api/v1/verification/send.verification.email', '', '_self', 0, 50, 1),
(495, 491, '验证短信验证码', '', '', '', 'api', 0, 'api/v1/verification/ver.verification.sms', '', '_self', 0, 50, 1),
(496, 491, '验证邮件验证码', '', '', '', 'api', 0, 'api/v1/verification/ver.verification.email', '', '_self', 0, 50, 1),
(497, 1090, '提现管理', '', '', '', 'api', 0, '', '', '_self', 0, 1, 1),
(498, 497, '获取一个提现请求', '', '', '', 'api', 0, 'api/v1/withdraw/get.withdraw.item', '', '_self', 0, 50, 1),
(499, 497, '获取提现请求列表', '', '', '', 'api', 0, 'api/v1/withdraw/get.withdraw.list', '', '_self', 0, 50, 1),
(500, 497, '申请一个提现请求', '', '', '', 'api', 0, 'api/v1/withdraw/add.withdraw.item', '', '_self', 0, 50, 1),
(501, 497, '取消一个提现请求', '', '', '', 'api', 0, 'api/v1/withdraw/cancel.withdraw.item', '', '_self', 0, 50, 1),
(502, 497, '处理一个提现请求', '', '', '', 'api', 0, 'api/v1/withdraw/process.withdraw.item', '', '_self', 0, 50, 1),
(503, 497, '完成一个提现请求', '', '', '', 'api', 0, 'api/v1/withdraw/complete.withdraw.item', '', '_self', 0, 50, 1),
(504, 497, '拒绝一个提现请求', '', '', '', 'api', 0, 'api/v1/withdraw/refuse.withdraw.item', '', '_self', 0, 50, 1),
(505, 497, '获取提现手续费', '', '', '', 'api', 0, 'api/v1/withdraw/get.withdraw.fee', '', '_self', 0, 50, 1),
(506, 1090, '提现账号', '', '', '', 'api', 0, '', '', '_self', 0, 2, 1),
(507, 506, '添加一个提现账号', '', '', '', 'api', 0, 'api/v1/withdraw_user/add.withdraw.user.item', '', '_self', 0, 50, 1),
(508, 506, '编辑一个提现账号', '', '', '', 'api', 0, 'api/v1/withdraw_user/set.withdraw.user.item', '', '_self', 0, 50, 1),
(509, 506, '批量删除提现账号', '', '', '', 'api', 0, 'api/v1/withdraw_user/del.withdraw.user.list', '', '_self', 0, 50, 1),
(510, 506, '获取指定账号的一个提现账号', '', '', '', 'api', 0, 'api/v1/withdraw_user/get.withdraw.user.item', '', '_self', 0, 50, 1),
(511, 506, '获取指定账号的提现账号列表', '', '', '', 'api', 0, 'api/v1/withdraw_user/get.withdraw.user.list', '', '_self', 0, 50, 1),
(512, 506, '检测是否超出最大添加数量', '', '', '', 'api', 0, 'api/v1/withdraw_user/is.withdraw.user.maximum', '', '_self', 0, 50, 1),
(513, 0, '首页', '', 'shouye', '', 'admin', 0, '/index', '', '_self', 1, 1, 1),
(514, 0, '商品', '', 'gouwu', '', 'admin', 0, '/goods', '', '_self', 1, 2, 1),
(515, 0, '订单', '', 'yemianliu', '', 'admin', 0, '/order', '', '_self', 1, 3, 1),
(516, 0, '营销', '', 'liwu', '', 'admin', 0, '/marketing', '', '_self', 1, 4, 1),
(517, 0, '会员', '', 'CPhezuo', '', 'admin', 0, '/member', '', '_self', 1, 5, 1),
(518, 0, '数据', '', 'zhuzhuangtu', '/data', 'admin', 0, '', '', '_self', 1, 7, 0),
(519, 0, '小程序', '', 'yingyongAPP', '/app', 'admin', 0, '', '', '_self', 1, 8, 0),
(520, 0, '店铺', '', 'baoguo_shounahe', '', 'admin', 0, '/system', '', '_self', 1, 9, 1),
(521, 0, '设置', '', 'kongzhizhongxin', '', 'admin', 0, '/setting', '', '_self', 1, 10, 1),
(522, 0, '云端', '', 'yun', '/cloud', 'admin', 0, 'https://www.careyshop.cn/', '', '_blank', 1, 11, 1),
(523, 521, '运营人员', '', 'guanliyuansousuo_o', '', 'admin', 0, '/setting/admin', '', '_self', 1, 2, 1),
(524, 523, '管理人员', '', 'jingliren_o', '对管理组成员账号进行管理', 'admin', 0, '/setting/admin/member', '', '_self', 1, 1, 1),
(525, 521, '权限分配', '', 'RectangleCopy173', '', 'admin', 0, '/setting/auth', '', '_self', 1, 3, 1),
(526, 525, '用户组', '', 'qunzu_o', '为系统分配前后台用户组', 'admin', 0, '/setting/auth/group', '', '_self', 1, 1, 1),
(527, 525, '权限规则', '', 'RectangleCopy176', '将菜单访问权限分配给不同的用户组', 'admin', 0, '/setting/auth/rule', '', '_self', 1, 3, 1),
(528, 525, '菜单管理', '', 'RectangleCopy51', '为系统配置前后台导航菜单', 'admin', 0, '/setting/auth/menu', '', '_self', 1, 2, 1),
(529, 528, '新增菜单', '', '', '', 'admin', 0, '/setting/auth/menu/add', '', '_self', 0, 2, 1),
(530, 528, '删除菜单', '', '', '', 'admin', 0, '/setting/auth/menu/del', '', '_self', 0, 3, 1),
(531, 528, '编辑菜单', '', '', '', 'admin', 0, '/setting/auth/menu/set', '', '_self', 0, 4, 1),
(532, 528, '修改状态', '', '', '', 'admin', 0, '/setting/auth/menu/status', '', '_self', 0, 5, 1),
(533, 528, '移动排序', '', '', '', 'admin', 0, '/setting/auth/menu/move', '', '_self', 0, 6, 1),
(534, 513, '辅助', '', 'linggan_o', '', 'admin', 0, '/index/help', '', '_self', 0, 50, 1),
(535, 534, '清空缓存', '', '', '', 'admin', 0, '/index/help/cache', '', '_self', 0, 50, 1),
(536, 534, '优化缓存', '', '', '', 'admin', 0, '/index/help/optimize', '', '_self', 0, 50, 1),
(538, 523, '操作日志', '', 'daibanrenwu_o', '访问者的行踪轨迹记录', 'admin', 0, '/setting/admin/action', '', '_self', 1, 2, 1),
(539, 520, '消息管理', '', 'RectangleCopy3', '', 'admin', 0, '/system/message', '', '_self', 1, 4, 1),
(540, 539, '我的消息', '', 'youjian_o', '接收系统发送过来的消息', 'admin', 0, '/system/message/user', '', '_self', 1, 50, 1),
(541, 524, '新增用户', '', '', '', 'admin', 0, '/setting/admin/member/add', '', '_self', 0, 2, 1),
(542, 524, '删除用户', '', '', '', 'admin', 0, '/setting/admin/member/del', '', '_self', 0, 3, 1),
(543, 524, '编辑用户', '', '', '', 'admin', 0, '/setting/admin/member/set', '', '_self', 0, 4, 1),
(544, 524, '设为启用', '', '', '', 'admin', 0, '/setting/admin/member/enable', '', '_self', 0, 5, 1),
(545, 524, '设为禁用', '', '', '', 'admin', 0, '/setting/admin/member/disable', '', '_self', 0, 6, 1),
(546, 524, '重置密码', '', '', '', 'admin', 0, '/setting/admin/member/reset', '', '_self', 0, 7, 1),
(547, 526, '新增用户组', '', '', '', 'admin', 0, '/setting/auth/group/add', '', '_self', 0, 2, 1),
(548, 526, '删除用户组', '', '', '', 'admin', 0, '/setting/auth/group/del', '', '_self', 0, 3, 1),
(549, 526, '编辑用户组', '', '', '', 'admin', 0, '/setting/auth/group/set', '', '_self', 0, 4, 1),
(550, 526, '设为启用', '', '', '', 'admin', 0, '/setting/auth/group/enable', '', '_self', 0, 5, 1),
(551, 526, '设为禁用', '', '', '', 'admin', 0, '/setting/auth/group/disable', '', '_self', 0, 6, 1),
(552, 526, '设置排序', '', '', '', 'admin', 0, '/setting/auth/group/sort', '', '_self', 0, 7, 1),
(553, 527, '新增权限', '', '', '', 'admin', 0, '/setting/auth/rule/add', '', '_self', 0, 2, 1),
(554, 527, '删除权限', '', '', '', 'admin', 0, '/setting/auth/rule/del', '', '_self', 0, 3, 1),
(555, 527, '编辑权限', '', '', '', 'admin', 0, '/setting/auth/rule/set', '', '_self', 0, 4, 1),
(556, 527, '设为启用', '', '', '', 'admin', 0, '/setting/auth/rule/enable', '', '_self', 0, 5, 1),
(557, 527, '设为禁用', '', '', '', 'admin', 0, '/setting/auth/rule/disable', '', '_self', 0, 6, 1),
(558, 527, '移动排序', '', '', '', 'admin', 0, '/setting/auth/rule/move', '', '_self', 0, 7, 1),
(559, 520, '文章发布', '', 'xinwen_o', '', 'admin', 0, '/system/article', '', '_self', 1, 6, 1),
(560, 559, '文章分类', '', 'shuzhuangtu_o', '为文章分配可归类的分类', 'admin', 0, '/system/article/cat', '', '_self', 1, 3, 1),
(561, 559, '文章管理', '', 'tuwen_o', '管理文章的增、删、改等', 'admin', 0, '/system/article/admin', '', '_self', 1, 2, 1),
(562, 1014, '专题管理', '', 'jieshaoxinxi_o', '管理专题的增、删、改等', 'admin', 0, '/system/topic/admin', '', '_self', 1, 2, 1),
(563, 520, '广告发布', '', 'yemianliu_o', '', 'admin', 0, '/system/ads', '', '_self', 1, 5, 1),
(564, 563, '广告位置', '', 'jibao_o', '广告位置是广告列表的母版与集合', 'admin', 0, '/system/ads/position', '', '_self', 1, 1, 1),
(565, 563, '广告列表', '', 'sandengfen_o', '可单独发布或归类到广告位置', 'admin', 0, '/system/ads/ads', '', '_self', 1, 2, 1),
(566, 539, '发布消息', '', 'duanxinqunfa_o', '对外发布消息', 'admin', 0, '/system/message/send', '', '_self', 1, 50, 1),
(567, 560, '新增分类', '', '', '', 'admin', 0, '/system/article/cat/add', '', '_self', 0, 2, 1),
(568, 560, '编辑分类', '', '', '', 'admin', 0, '/system/article/cat/set', '', '_self', 0, 3, 1),
(569, 560, '删除分类', '', '', '', 'admin', 0, '/system/article/cat/del', '', '_self', 0, 4, 1),
(570, 560, '移动排序', '', '', '', 'admin', 0, '/system/article/cat/move', '', '_self', 0, 5, 1),
(571, 520, '附件资源', '', 'tianjiafujian_o', '', 'admin', 0, '/system/storage', '', '_self', 1, 8, 1),
(572, 571, '资源管理', '', 'RectangleCopy256', '对已上传的资源进行管理', 'admin', 0, '/system/storage/storage', '', '_self', 1, 50, 1),
(573, 571, '资源样式', '', 'chizi_o', '动态分配、管理资源样式', 'admin', 0, '/system/storage/style', '', '_self', 1, 50, 1),
(574, 422, '获取资源下载链接', '', '', '', 'api', 0, 'api/v1/storage/get.storage.download', '', '_self', 0, 50, 1),
(575, 1102, '操作日志', '', '', '', 'api', 0, '', '', '_self', 0, 5, 1),
(576, 575, '获取一条操作日志', '', '', '', 'api', 0, 'api/v1/action_log/get.action.log.item', '', '_self', 0, 50, 1),
(577, 575, '获取操作日志列表', '', '', '', 'api', 0, 'api/v1/action_log/get.action.log.list', '', '_self', 0, 50, 1),
(578, 561, '新增文章', '', '', '', 'admin', 0, '/system/article/admin/add', '', '_self', 0, 2, 1),
(579, 561, '删除文章', '', '', '', 'admin', 0, '/system/article/admin/del', '', '_self', 0, 3, 1),
(580, 561, '编辑文章', '', '', '', 'admin', 0, '/system/article/update', '', '_self', 0, 4, 1),
(583, 561, '设为置顶', '', '', '', 'admin', 0, '/system/article/admin/top', '', '_self', 0, 7, 1),
(584, 561, '取消置顶', '', '', '', 'admin', 0, '/system/article/admin/remove_top', '', '_self', 0, 8, 1),
(585, 561, '设为启用', '', '', '', 'admin', 0, '/system/article/admin/enable', '', '_self', 0, 9, 1),
(586, 561, '设为禁用', '', '', '', 'admin', 0, '/system/article/admin/disable', '', '_self', 0, 10, 1),
(587, 524, '查询列表', '', '', '', 'admin', 0, '/setting/admin/member/list', '', '_self', 0, 1, 1),
(588, 526, '查询列表', '', '', '', 'admin', 0, '/setting/auth/group/list', '', '_self', 0, 1, 1),
(589, 528, '查询列表', '', '', '', 'admin', 0, '/setting/auth/menu/list', '', '_self', 0, 1, 1),
(590, 527, '查询列表', '', '', '', 'admin', 0, '/setting/auth/rule/list', '', '_self', 0, 1, 1),
(591, 560, '查询列表', '', '', '', 'admin', 0, '/system/article/cat/list', '', '_self', 0, 1, 1),
(592, 561, '查询列表', '', '', '', 'admin', 0, '/system/article/admin/list', '', '_self', 0, 1, 1),
(593, 562, '查询列表', '', '', '', 'admin', 0, '/system/topic/admin/list', '', '_self', 0, 50, 1),
(594, 562, '新增专题', '', '', '', 'admin', 0, '/system/topic/admin/add', '', '_self', 0, 50, 1),
(595, 562, '删除专题', '', '', '', 'admin', 0, '/system/topic/admin/del', '', '_self', 0, 50, 1),
(596, 562, '编辑专题', '', '', '', 'admin', 0, '/system/topic/update', '', '_self', 0, 50, 1),
(598, 562, '设为启用', '', '', '', 'admin', 0, '/system/topic/admin/enable', '', '_self', 0, 50, 1),
(599, 562, '设为禁用', '', '', '', 'admin', 0, '/system/topic/admin/disable', '', '_self', 0, 50, 1),
(600, 564, '查询列表', '', '', '', 'admin', 0, '/system/ads/position/list', '', '_self', 0, 50, 1),
(601, 564, '新增位置', '', '', '', 'admin', 0, '/system/ads/position/add', '', '_self', 0, 50, 1),
(602, 564, '编辑位置', '', '', '', 'admin', 0, '/system/ads/position/set', '', '_self', 0, 50, 1),
(603, 564, '删除位置', '', '', '', 'admin', 0, '/system/ads/position/del', '', '_self', 0, 50, 1),
(604, 564, '设为启用', '', '', '', 'admin', 0, '/system/ads/position/enable', '', '_self', 0, 50, 1),
(605, 564, '设为禁用', '', '', '', 'admin', 0, '/system/ads/position/disable', '', '_self', 0, 50, 1),
(606, 565, '查询列表', '', '', '', 'admin', 0, '/system/ads/ads/list', '', '_self', 0, 50, 1),
(607, 565, '新增广告', '', '', '', 'admin', 0, '/system/ads/ads/add', '', '_self', 0, 50, 1),
(608, 565, '编辑广告', '', '', '', 'admin', 0, '/system/ads/ads/set', '', '_self', 0, 50, 1),
(609, 565, '删除广告', '', '', '', 'admin', 0, '/system/ads/ads/del', '', '_self', 0, 50, 1),
(610, 565, '排序广告', '', '', '', 'admin', 0, '/system/ads/ads/sort', '', '_self', 0, 50, 1),
(612, 565, '设为启用', '', '', '', 'admin', 0, '/system/ads/ads/enable', '', '_self', 0, 50, 1),
(613, 565, '设为禁用', '', '', '', 'admin', 0, '/system/ads/ads/disable', '', '_self', 0, 50, 1),
(614, 23, '获取广告位置选择列表', '', '', '', 'api', 0, 'api/v1/ads_position/get.ads.position.select', '', '_self', 0, 50, 1),
(615, 15, '验证广告编码是否唯一', '', '', '', 'api', 0, 'api/v1/ads/unique.ads.code', '', '_self', 0, 50, 1),
(616, 23, '根据广告位置编码获取广告列表', '', '', '', 'api', 0, 'api/v1/ads_position/get.ads.position.code', '', '_self', 0, 50, 1),
(617, 15, '根据编码获取一个广告', '', '', '', 'api', 0, 'api/v1/ads/get.ads.code', '', '_self', 0, 50, 1),
(618, 15, '根据编号自动排序', '', '', '', 'api', 0, 'api/v1/ads/set.ads.index', '', '_self', 0, 50, 1),
(619, 55, '根据编号自动排序', '', '', '', 'api', 0, 'api/v1/article_cat/set.article.cat.index', '', '_self', 0, 50, 1),
(620, 71, '根据编号自动排序', '', '', '', 'api', 0, 'api/v1/auth_group/set.auth.group.index', '', '_self', 0, 50, 1),
(621, 79, '根据编号自动排序', '', '', '', 'api', 0, 'api/v1/auth_rule/set.auth.rule.index', '', '_self', 0, 50, 1),
(622, 87, '根据编号自动排序', '', '', '', 'api', 0, 'api/v1/brand/set.brand.index', '', '_self', 0, 50, 1),
(623, 150, '根据编号自动排序', '', '', '', 'api', 0, 'api/v1/delivery/set.delivery.index', '', '_self', 0, 50, 1),
(624, 190, '根据编号自动排序', '', '', '', 'api', 0, 'api/v1/friend_link/set.friendlink.index', '', '_self', 0, 50, 1),
(625, 218, '根据编号自动排序', '', '', '', 'api', 0, 'api/v1/goods_attribute/set.goods.attribute.index', '', '_self', 0, 15, 1),
(626, 232, '根据编号自动排序', '', '', '', 'api', 0, 'api/v1/goods_category/set.goods.category.index', '', '_self', 0, 50, 1),
(627, 285, '根据编号自动排序', '', '', '', 'api', 0, 'api/v1/menu/set.menu.index', '', '_self', 0, 50, 1),
(628, 311, '根据编号自动排序', '', '', '', 'api', 0, 'api/v1/navigation/set.navigation.index', '', '_self', 0, 50, 1),
(629, 369, '根据编号自动排序', '', '', '', 'api', 0, 'api/v1/payment/set.payment.index', '', '_self', 0, 50, 1),
(630, 396, '根据编号自动排序', '', '', '', 'api', 0, 'api/v1/region/set.region.index', '', '_self', 0, 50, 1),
(631, 414, '根据编号自动排序', '', '', '', 'api', 0, 'api/v1/spec/set.goods.spec.index', '', '_self', 0, 10, 1),
(632, 436, '根据编号自动排序', '', '', '', 'api', 0, 'api/v1/support/set.support.index', '', '_self', 0, 50, 1),
(633, 1100, '资源样式', '', '', '', 'api', 0, '', '', '_self', 0, 2, 1),
(634, 633, '验证资源样式编码是否唯一', '', '', '', 'api', 0, 'api/v1/storage_style/unique.storage.style.code', '', '_self', 0, 50, 1),
(635, 633, '添加一个资源样式', '', '', '', 'api', 0, 'api/v1/storage_style/add.storage.style.item', '', '_self', 0, 50, 1),
(636, 633, '编辑一个资源样式', '', '', '', 'api', 0, 'api/v1/storage_style/set.storage.style.item', '', '_self', 0, 50, 1),
(637, 633, '获取一个资源样式', '', '', '', 'api', 0, 'api/v1/storage_style/get.storage.style.item', '', '_self', 0, 50, 1),
(638, 633, '获取资源样式列表', '', '', '', 'api', 0, 'api/v1/storage_style/get.storage.style.list', '', '_self', 0, 50, 1),
(639, 633, '批量删除资源样式', '', '', '', 'api', 0, 'api/v1/storage_style/del.storage.style.list', '', '_self', 0, 50, 1),
(640, 633, '批量设置资源样式状态', '', '', '', 'api', 0, 'api/v1/storage_style/set.storage.style.status', '', '_self', 0, 50, 1),
(641, 422, '获取资源缩略图信息', '', '', '', 'api', 0, 'api/v1/storage/get.storage.thumb.info', '', '_self', 0, 50, 1),
(642, 573, '查询列表', '', '', '', 'admin', 0, '/system/storage/style/list', '', '_self', 0, 50, 1),
(643, 573, '新增样式', '', '', '', 'admin', 0, '/system/storage/style/add', '', '_self', 0, 50, 1),
(644, 573, '编辑样式', '', '', '', 'admin', 0, '/system/storage/style/set', '', '_self', 0, 50, 1),
(645, 573, '删除样式', '', '', '', 'admin', 0, '/system/storage/style/del', '', '_self', 0, 50, 1),
(646, 573, '设为启用', '', '', '', 'admin', 0, '/system/storage/style/enable', '', '_self', 0, 50, 1),
(647, 573, '设为禁用', '', '', '', 'admin', 0, '/system/storage/style/disable', '', '_self', 0, 50, 1),
(648, 422, '获取导航数据', '', '', '', 'api', 0, 'api/v1/storage/get.storage.navi', '', '_self', 0, 50, 1),
(650, 710, '支付日志', '', 'huobiliu_o', '支付行为、结果的流水账', 'admin', 0, '/setting/payment/log', '', '_self', 1, 50, 1),
(651, 812, '交易结算', '', 'RectangleCopy218', '账户资金支出、收入的流水账', 'admin', 0, '/member/user/transaction', '', '_self', 1, 4, 1),
(652, 520, '辅助管理', '', 'zhongkong_o', '', 'admin', 0, '/system/aided', '', '_self', 1, 9, 1),
(653, 652, '客服人员', '', 'kefu_o', '添加自定义代码，供前端调用', 'admin', 0, '/system/aided/support', '', '_self', 1, 1, 1),
(654, 652, '友情链接', '', 'lianjie_o', '友情链接管理', 'admin', 0, '/system/aided/friendlink', '', '_self', 1, 3, 1),
(655, 652, '二维码', '', 'erweima_o', '可作为物料的发布与管理', 'admin', 0, '/system/aided/qrcode', '', '_self', 1, 4, 1),
(656, 711, 'App应用', '', 'yingyongAPP_o', '移动、PC端都属于一个独立的APP', 'admin', 0, '/setting/app/app', '', '_self', 1, 7, 1),
(657, 1102, '帮助文档', '', '', '', 'api', 0, '', '', '_self', 0, 6, 1),
(658, 657, '添加一条帮助文档', '', '', '', 'api', 0, 'api/v1/help/add.help.item', '', '_self', 0, 50, 1),
(659, 657, '编辑一条帮助文档', '', '', '', 'api', 0, 'api/v1/help/set.help.item', '', '_self', 0, 50, 1),
(660, 657, '获取一条帮助文档', '', '', '', 'api', 0, 'api/v1/help/get.help.item', '', '_self', 0, 50, 1),
(661, 657, '验证帮助文档是否唯一', '', '', '', 'api', 0, 'api/v1/help/unique.help.item', '', '_self', 0, 50, 1),
(662, 657, '获取帮助文档列表', '', '', '', 'api', 0, 'api/v1/help/get.help.list', '', '_self', 0, 50, 1),
(663, 657, '根据路由获取帮助文档', '', '', '', 'api', 0, 'api/v1/help/get.help.router', '', '_self', 0, 50, 1),
(664, 422, '清除图片资源缓存', '', '', '', 'api', 0, 'api/v1/storage/clear.storage.thumb', '', '_self', 0, 50, 1),
(665, 422, '清除目录资源的封面', '', '', '', 'api', 0, 'api/v1/storage/clear.storage.cover', '', '_self', 0, 50, 1),
(667, 572, '查询列表', '', '', '', 'admin', 0, '/system/storage/storage/list', '', '_self', 0, 1, 1),
(668, 572, '新增目录', '', '', '', 'admin', 0, '/system/storage/storage/add', '', '_self', 0, 2, 1),
(669, 572, '上传资源', '', '', '', 'admin', 0, '/system/storage/storage/upload', '', '_self', 0, 3, 1),
(670, 572, '重命名', '', '', '', 'admin', 0, '/system/storage/storage/rename', '', '_self', 0, 4, 1),
(671, 572, '替换上传', '', '', '', 'admin', 0, '/system/storage/storage/replace', '', '_self', 0, 5, 1),
(672, 572, '设为封面', '', '', '', 'admin', 0, '/system/storage/storage/cover', '', '_self', 0, 6, 1),
(673, 572, '设为(取消)默认', '', '', '', 'admin', 0, '/system/storage/storage/default', '', '_self', 0, 8, 1),
(674, 572, '取消封面', '', '', '', 'admin', 0, '/system/storage/storage/clear_cover', '', '_self', 0, 7, 1),
(675, 572, '转移目录', '', '', '', 'admin', 0, '/system/storage/storage/move', '', '_self', 0, 9, 1),
(676, 572, '删除资源', '', '', '', 'admin', 0, '/system/storage/storage/del', '', '_self', 0, 10, 1),
(677, 572, '清除缓存', '', '', '', 'admin', 0, '/system/storage/storage/refresh', '', '_self', 0, 11, 1),
(678, 572, '复制外链', '', '', '', 'admin', 0, '/system/storage/storage/link', '', '_self', 0, 12, 1),
(679, 534, '未读消息', '', '', '', 'admin', 0, '/system/message/unread', '', '_self', 0, 50, 1),
(680, 566, '查询列表', '', '', '', 'admin', 0, '/system/message/send/list', '', '_self', 0, 50, 1),
(681, 566, '新增消息', '', '', '', 'admin', 0, '/system/message/send/add', '', '_self', 0, 50, 1),
(682, 566, '编辑消息', '', '', '', 'admin', 0, '/system/message/send/set', '', '_self', 0, 50, 1),
(683, 566, '删除消息', '', '', '', 'admin', 0, '/system/message/send/del', '', '_self', 0, 50, 1),
(684, 566, '正式发布', '', '', '', 'admin', 0, '/system/message/send/status', '', '_self', 0, 50, 1),
(685, 566, '消息预览', '', '', '', 'admin', 0, '/system/message/send/view', '', '_self', 0, 50, 1),
(686, 540, '查询列表', '', '', '', 'admin', 0, '/system/message/user/list', '', '_self', 0, 50, 1),
(687, 540, '标记已读', '', '', '', 'admin', 0, '/system/message/user/read', '', '_self', 0, 50, 1),
(688, 540, '全部已读', '', '', '', 'admin', 0, '/system/message/user/read_all', '', '_self', 0, 50, 1),
(689, 540, '批量删除', '', '', '', 'admin', 0, '/system/message/user/del', '', '_self', 0, 50, 1),
(690, 540, '全部删除', '', '', '', 'admin', 0, '/system/message/user/del_all', '', '_self', 0, 50, 1),
(691, 653, '查询列表', '', '', '', 'admin', 0, '/system/aided/support/list', '', '_self', 0, 1, 1),
(692, 653, '新增客服', '', '', '', 'admin', 0, '/system/aided/support/add', '', '_self', 0, 2, 1),
(693, 653, '删除客服', '', '', '', 'admin', 0, '/system/aided/support/del', '', '_self', 0, 4, 1),
(694, 653, '设为启用', '', '', '', 'admin', 0, '/system/aided/support/enable', '', '_self', 0, 6, 1),
(695, 653, '设为禁用', '', '', '', 'admin', 0, '/system/aided/support/disable', '', '_self', 0, 7, 1),
(696, 653, '编辑客服', '', '', '', 'admin', 0, '/system/aided/support/set', '', '_self', 0, 3, 1),
(697, 653, '排序客服', '', '', '', 'admin', 0, '/system/aided/support/sort', '', '_self', 0, 5, 1),
(698, 711, 'App安装包', '', 'shitujuzhen_o', 'APP安装包的发布与管理', 'admin', 0, '/setting/app/app_install', '', '_self', 1, 7, 1),
(699, 654, '查询列表', '', '', '', 'admin', 0, '/system/aided/friendlink/list', '', '_self', 0, 50, 1),
(700, 654, '新增链接', '', '', '', 'admin', 0, '/system/aided/friendlink/add', '', '_self', 0, 50, 1),
(701, 654, '编辑链接', '', '', '', 'admin', 0, '/system/aided/friendlink/set', '', '_self', 0, 50, 1),
(702, 654, '删除链接', '', '', '', 'admin', 0, '/system/aided/friendlink/del', '', '_self', 0, 50, 1),
(703, 654, '排序链接', '', '', '', 'admin', 0, '/system/aided/friendlink/sort', '', '_self', 0, 50, 1),
(704, 654, '设为启用', '', '', '', 'admin', 0, '/system/aided/friendlink/enable', '', '_self', 0, 50, 1),
(705, 654, '设为禁用', '', '', '', 'admin', 0, '/system/aided/friendlink/disable', '', '_self', 0, 50, 1),
(706, 656, '查询列表', '', '', '', 'admin', 0, '/setting/app/app/list', '', '_self', 0, 50, 1),
(707, 698, '查询列表', '', '', '', 'admin', 0, '/setting/app/app_install/list', '', '_self', 0, 50, 1),
(708, 655, '查询列表', '', '', '', 'admin', 0, '/system/aided/qrcode/list', '', '_self', 0, 50, 1),
(709, 521, '物流管控', '', 'che_o', '', 'admin', 0, '/setting/logistics', '', '_self', 1, 6, 1),
(710, 521, '支付系统', '', 'jinbi_o', '', 'admin', 0, '/setting/payment', '', '_self', 1, 5, 1),
(711, 521, '应用管理', '', 'RectangleCopy16', '', 'admin', 0, '/setting/app', '', '_self', 1, 8, 1),
(712, 521, '店铺设置', '', 'kongzhizhongxin_o', '', 'admin', 0, '/setting/setting', '', '_self', 1, 4, 1),
(713, 712, '系统管理', '', 'quanjushezhi_o', '系统基础的参数设置', 'admin', 0, '/setting/setting/system', '', '_self', 1, 1, 1),
(714, 656, '新增应用', '', '', '', 'admin', 0, '/setting/app/app/add', '', '_self', 0, 50, 1),
(715, 656, '编辑应用', '', '', '', 'admin', 0, '/setting/app/app/set', '', '_self', 0, 50, 1),
(716, 656, '删除应用', '', '', '', 'admin', 0, '/setting/app/app/del', '', '_self', 0, 50, 1),
(717, 656, '重置密钥', '', '', '', 'admin', 0, '/setting/app/app/replace', '', '_self', 0, 50, 1),
(718, 656, '设为启用', '', '', '', 'admin', 0, '/setting/app/app/enable', '', '_self', 0, 50, 1),
(719, 656, '设为禁用', '', '', '', 'admin', 0, '/setting/app/app/disable', '', '_self', 0, 50, 1),
(720, 698, '新增安装包', '', '', '', 'admin', 0, '/setting/app/app_install/add', '', '_self', 0, 50, 1),
(721, 698, '编辑安装包', '', '', '', 'admin', 0, '/setting/app/app_install/set', '', '_self', 0, 50, 1),
(722, 698, '删除安装包', '', '', '', 'admin', 0, '/setting/app/app_install/del', '', '_self', 0, 50, 1),
(723, 393, '添加一个二维码', '', '', '', 'api', 0, 'api/v1/qrcode/add.qrcode.item', '', '_self', 0, 50, 1),
(724, 393, '编辑一个二维码', '', '', '', 'api', 0, 'api/v1/qrcode/set.qrcode.item', '', '_self', 0, 50, 1),
(725, 393, '获取一个二维码', '', '', '', 'api', 0, 'api/v1/qrcode/get.qrcode.config', '', '_self', 0, 50, 1),
(726, 393, '获取二维码列表', '', '', '', 'api', 0, 'api/v1/qrcode/get.qrcode.list', '', '_self', 0, 50, 1),
(727, 393, '批量删除二维码', '', '', '', 'api', 0, 'api/v1/qrcode/del.qrcode.list', '', '_self', 0, 50, 1),
(728, 655, '新增二维码', '', '', '', 'admin', 0, '/system/aided/qrcode/add', '', '_self', 0, 50, 1),
(729, 655, '编辑二维码', '', '', '', 'admin', 0, '/system/aided/qrcode/set', '', '_self', 0, 50, 1),
(730, 655, '删除二维码', '', '', '', 'admin', 0, '/system/aided/qrcode/del', '', '_self', 0, 50, 1),
(731, 655, '预览二维码', '', '', '', 'admin', 0, '/system/aided/qrcode/view', '', '_self', 0, 50, 1),
(732, 712, '前台导航', '', 'daohang_o', '前台主导航栏的管理', 'admin', 0, '/setting/setting/navi', '', '_self', 1, 3, 1),
(733, 712, '系统信息', '', 'guanyu_o', '系统常用信息的显示', 'admin', 0, '/setting/setting/info', '', '_self', 1, 2, 1),
(734, 281, '获取系统版本号', '', '', '', 'api', 0, 'api/v1/index/get.system.version', '', '_self', 0, 50, 1),
(735, 520, '系统首页', '', 'shouye_o', '', 'admin', 0, '/system/index', '', '_self', 1, 1, 1),
(740, 521, '设置首页', '', 'shouye_o', '', 'admin', 0, '/setting/index', '', '_self', 1, 1, 1),
(741, 732, '查询列表', '', '', '', 'admin', 0, '/setting/setting/navi/list', '', '_self', 0, 50, 1),
(742, 732, '新增导航', '', '', '', 'admin', 0, '/setting/setting/navi/add', '', '_self', 0, 50, 1),
(743, 732, '编辑导航', '', '', '', 'admin', 0, '/setting/setting/navi/set', '', '_self', 0, 50, 1),
(744, 732, '删除导航', '', '', '', 'admin', 0, '/setting/setting/navi/del', '', '_self', 0, 50, 1),
(745, 732, '排序导航', '', '', '', 'admin', 0, '/setting/setting/navi/sort', '', '_self', 0, 50, 1),
(746, 732, '设为启用', '', '', '', 'admin', 0, '/setting/setting/navi/enable', '', '_self', 0, 50, 1),
(747, 732, '设为禁用', '', '', '', 'admin', 0, '/setting/setting/navi/disable', '', '_self', 0, 50, 1),
(748, 710, '支付配置', '', 'jinrongguanli_o', '各个支付平台参数的配置', 'admin', 0, '/setting/payment/config', '', '_self', 1, 1, 1),
(751, 748, '查询列表', '', '', '', 'admin', 0, '/setting/payment/config/list', '', '_self', 0, 50, 1),
(752, 748, '编辑支付', '', '', '', 'admin', 0, '/setting/payment/config/set', '', '_self', 0, 50, 1),
(753, 748, '配置参数', '', '', '', 'admin', 0, '/setting/payment/config/setting', '', '_self', 0, 50, 1),
(754, 748, '排序支付', '', '', '', 'admin', 0, '/setting/payment/config/sort', '', '_self', 0, 50, 1),
(755, 748, '设为启用', '', '', '', 'admin', 0, '/setting/payment/config/enable', '', '_self', 0, 50, 1),
(756, 748, '设为禁用', '', '', '', 'admin', 0, '/setting/payment/config/disable', '', '_self', 0, 50, 1),
(757, 709, '区域管理', '', 'ditu_diqiu_o', '对国家、省、市、区等地域进行管理', 'admin', 0, '/setting/logistics/region', '', '_self', 1, 1, 1),
(758, 709, '快递公司', '', 'jianzhu_o', '管理常见的快递公司，供前台调用', 'admin', 0, '/setting/logistics/company', '', '_self', 1, 2, 1),
(759, 652, '配送轨迹', '', 'didiandingwei_o', '物流轨迹流水记录操作', 'admin', 0, '/system/aided/dist', '', '_self', 1, 2, 1),
(760, 709, '配送方式', '', 'paijian_o', '配送区域费用，配送方式等管理', 'admin', 0, '/setting/logistics/delivery', '', '_self', 1, 3, 1),
(764, 757, '查询列表', '', '', '', 'admin', 0, '/setting/logistics/region/list', '', '_self', 0, 50, 1),
(765, 757, '新增区域', '', '', '', 'admin', 0, '/setting/logistics/region/add', '', '_self', 0, 50, 1),
(766, 757, '编辑区域', '', '', '', 'admin', 0, '/setting/logistics/region/set', '', '_self', 0, 50, 1),
(767, 757, '删除区域', '', '', '', 'admin', 0, '/setting/logistics/region/del', '', '_self', 0, 50, 1),
(768, 757, '移动区域', '', '', '', 'admin', 0, '/setting/logistics/region/move', '', '_self', 0, 50, 1),
(769, 758, '查询列表', '', '', '', 'admin', 0, '/setting/logistics/company/list', '', '_self', 0, 50, 1),
(770, 758, '新增公司', '', '', '', 'admin', 0, '/setting/logistics/company/add', '', '_self', 0, 50, 1),
(771, 758, '编辑公司', '', '', '', 'admin', 0, '/setting/logistics/company/set', '', '_self', 0, 50, 1),
(772, 758, '删除公司', '', '', '', 'admin', 0, '/setting/logistics/company/del', '', '_self', 0, 50, 1),
(773, 758, '复制为热门', '', '', '', 'admin', 0, '/setting/logistics/company/copy', '', '_self', 0, 50, 1),
(774, 167, '根据快递单号即时查询配送轨迹', '', '', '', 'api', 0, 'api/v1/delivery_dist/get.delivery.dist.trace', '', '_self', 0, 5, 1),
(777, 173, '根据快递单号识别快递公司', '', '', '', 'api', 0, 'api/v1/delivery_item/get.delivery.company.recognise', '', '_self', 0, 8, 1),
(778, 760, '查询列表', '', '', '', 'admin', 0, '/setting/logistics/delivery/list', '', '_self', 0, 1, 1),
(779, 760, '新增方式', '', '', '', 'admin', 0, '/setting/logistics/delivery/add', '', '_self', 0, 2, 1),
(780, 760, '编辑方式', '', '', '', 'admin', 0, '/setting/logistics/delivery/set', '', '_self', 0, 3, 1),
(781, 760, '删除方式', '', '', '', 'admin', 0, '/setting/logistics/delivery/del', '', '_self', 0, 4, 1),
(782, 760, '配送区域', '', '', '', 'admin', 0, '/setting/logistics/delivery/area', '', '_self', 0, 6, 1),
(783, 760, '设为启用', '', '', '', 'admin', 0, '/setting/logistics/delivery/enable', '', '_self', 0, 7, 1),
(784, 760, '设为禁用', '', '', '', 'admin', 0, '/setting/logistics/delivery/disable', '', '_self', 0, 8, 1),
(785, 760, '排序方式', '', '', '', 'admin', 0, '/setting/logistics/delivery/sort', '', '_self', 0, 5, 1),
(786, 782, '查询列表', '', '', '', 'admin', 0, '/setting/logistics/delivery/area/list', '', '_self', 0, 50, 1),
(787, 782, '新增区域', '', '', '', 'admin', 0, '/setting/logistics/delivery/area/add', '', '_self', 0, 50, 1),
(788, 782, '编辑区域', '', '', '', 'admin', 0, '/setting/logistics/delivery/area/set', '', '_self', 0, 50, 1),
(789, 782, '删除区域', '', '', '', 'admin', 0, '/setting/logistics/delivery/area/del', '', '_self', 0, 50, 1),
(790, 782, '所辖区域', '', '', '', 'admin', 0, '/setting/logistics/delivery/area/region', '', '_self', 0, 50, 1),
(802, 712, '消息模板', '', 'daochu_o', '预设计消息推送内容模板', 'admin', 0, '/setting/setting/template', '', '_self', 1, 50, 1),
(804, 759, '查询列表', '', '', '', 'admin', 0, '/system/aided/dist/list', '', '_self', 0, 50, 1),
(805, 759, '即时查询', '', '', '', 'admin', 0, '/system/aided/dist/trace', '', '_self', 0, 50, 1),
(806, 802, '查询列表', '', '', '', 'admin', 0, '/setting/setting/template/list', '', '_self', 0, 50, 1),
(807, 802, '短信配置', '', '', '', 'admin', 0, '/setting/setting/template/sms_setting', '', '_self', 0, 50, 1),
(808, 802, '邮件配置', '', '', '', 'admin', 0, '/setting/setting/template/email_setting', '', '_self', 0, 50, 1),
(809, 802, '设为启用', '', '', '', 'admin', 0, '/setting/setting/template/enable', '', '_self', 0, 50, 1),
(810, 802, '设为禁用', '', '', '', 'admin', 0, '/setting/setting/template/disable', '', '_self', 0, 50, 1),
(811, 802, '编辑模板', '', '', '', 'admin', 0, '/setting/setting/template/tpl', '', '_self', 0, 50, 1),
(812, 517, '账号管理', '', 'CPhezuo_o', '', 'admin', 0, '/member/user', '', '_self', 1, 2, 1),
(813, 812, '会员账号', '', 'gerentouxiang_o', '对顾客组成员账号进行管理', 'admin', 0, '/member/user/client', '', '_self', 1, 1, 1),
(814, 812, '账号等级', '', 'chengchang_o', '会员等级、折扣额度的管理', 'admin', 0, '/member/user/level', '', '_self', 1, 3, 1),
(815, 517, '提现审批', '', 'jinbi_o', '', 'admin', 0, '/member/withdraw', '', '_self', 1, 4, 1),
(816, 815, '提现列表', '', 'jiekuan_o', '提现申请的审批、拒绝、查询', 'admin', 0, '/member/withdraw/list', '', '_self', 1, 50, 1),
(817, 517, '咨询问答', '', 'RectangleCopy46', '', 'admin', 0, '/member/ask', '', '_self', 1, 5, 1),
(818, 817, '问答列表', '', 'RectangleCopy223', '咨询、售后、投诉、求购问答管理', 'admin', 0, '/member/ask/list', '', '_self', 1, 50, 1),
(819, 517, '会员首页', '', 'shouye_o', '', 'admin', 0, '/member/index', '', '_self', 1, 1, 1),
(820, 814, '查询列表', '', '', '', 'admin', 0, '/member/user/level/list', '', '_self', 0, 50, 1),
(821, 814, '新增等级', '', '', '', 'admin', 0, '/member/user/level/add', '', '_self', 0, 50, 1),
(822, 814, '编辑等级', '', '', '', 'admin', 0, '/member/user/level/set', '', '_self', 0, 50, 1),
(823, 814, '删除等级', '', '', '', 'admin', 0, '/member/user/level/del', '', '_self', 0, 50, 1),
(824, 816, '查询列表', '', '', '', 'admin', 0, '/member/withdraw/list/list', '', '_self', 0, 50, 1),
(825, 816, '处理提现', '', '', '', 'admin', 0, '/member/withdraw/list/process', '', '_self', 0, 50, 1),
(826, 816, '完成提现', '', '', '', 'admin', 0, '/member/withdraw/list/complete', '', '_self', 0, 50, 1),
(827, 816, '拒绝提现', '', '', '', 'admin', 0, '/member/withdraw/list/refuse', '', '_self', 0, 50, 1),
(828, 813, '查询列表', '', '', '', 'admin', 0, '/member/user/client/list', '', '_self', 0, 50, 1),
(829, 813, '新增账号', '', '', '', 'admin', 0, '/member/user/client/add', '', '_self', 0, 50, 1),
(830, 813, '编辑账号', '', '', '', 'admin', 0, '/member/user/client/set', '', '_self', 0, 50, 1),
(831, 813, '删除账号', '', '', '', 'admin', 0, '/member/user/client/del', '', '_self', 0, 50, 1),
(832, 813, '设为启用', '', '', '', 'admin', 0, '/member/user/client/enable', '', '_self', 0, 50, 1),
(833, 813, '设为禁用', '', '', '', 'admin', 0, '/member/user/client/disable', '', '_self', 0, 50, 1),
(834, 813, '更多操作', '', '', '', 'admin', 0, '/member/user/client/more', '', '_self', 0, 50, 1),
(835, 834, '重置密码', '', '', '', 'admin', 0, '/member/user/client/reset', '', '_self', 0, 50, 1),
(836, 834, '提现账户', '', '', '', 'admin', 0, '/member/user/client/withdraw', '', '_self', 0, 50, 1),
(837, 834, '收货地址', '', '', '', 'admin', 0, '/member/user/client/address', '', '_self', 0, 50, 1),
(838, 834, '账户资金', '', '', '', 'admin', 0, '/member/user/client/money', '', '_self', 0, 50, 1),
(839, 834, '调整资金', '', '', '', 'admin', 0, '/member/user/client/finance', '', '_self', 0, 50, 1),
(840, 460, '获取一个账号的简易信息', '', '', '', 'api', 0, 'api/v1/user/get.user.info', '', '_self', 0, 10, 1),
(841, 837, '查询列表', '', '', '', 'admin', 0, '/member/user/address', '', '_self', 0, 50, 1),
(842, 837, '新增地址', '', '', '', 'admin', 0, '/member/user/address/add', '', '_self', 0, 50, 1),
(843, 837, '编辑地址', '', '', '', 'admin', 0, '/member/user/address/set', '', '_self', 0, 50, 1),
(844, 837, '删除地址', '', '', '', 'admin', 0, '/member/user/address/del', '', '_self', 0, 50, 1),
(845, 837, '设为默认', '', '', '', 'admin', 0, '/member/user/address/default', '', '_self', 0, 50, 1),
(846, 836, '查询列表', '', '', '', 'admin', 0, '/member/user/withdraw', '', '_self', 0, 50, 1),
(847, 836, '新增账户', '', '', '', 'admin', 0, '/member/user/withdraw/add', '', '_self', 0, 50, 1),
(848, 836, '编辑账户', '', '', '', 'admin', 0, '/member/user/withdraw/set', '', '_self', 0, 50, 1),
(849, 836, '删除账户', '', '', '', 'admin', 0, '/member/user/withdraw/del', '', '_self', 0, 50, 1),
(850, 818, '问答明细', '', '', '', 'admin', 0, '/member/ask/detail', '', '_self', 0, 3, 1),
(851, 818, '删除问答', '', '', '', 'admin', 0, '/member/ask/list/del', '', '_self', 0, 2, 1),
(852, 818, '查询列表', '', '', '', 'admin', 0, '/member/ask/list/list', '', '_self', 0, 1, 1),
(854, 516, '营销首页', '', 'shouye_o', '', 'admin', 0, '/marketing/index', '', '_self', 1, 1, 1),
(855, 516, '优惠劵', '', 'RectangleCopy42', '', 'admin', 0, '/marketing/coupon', '', '_self', 1, 3, 1),
(856, 516, '购物卡', '', 'yinhangqia_o', '', 'admin', 0, '/marketing/card', '', '_self', 1, 4, 1),
(857, 516, '营销中心', '', 'liwu_o', '', 'admin', 0, '/marketing/marketing', '', '_self', 1, 2, 1),
(858, 857, '商品折扣', '', 'RectangleCopy72', '下单前对商品的折扣优惠', 'admin', 0, '/marketing/marketing/discount', '', '_self', 1, 50, 1),
(859, 857, '订单促销', '', 'RectangleCopy154', '下单后对订单的促销优惠', 'admin', 0, '/marketing/marketing/promotion', '', '_self', 1, 50, 1),
(860, 855, '优惠劵', '', 'RectangleCopy42', '优惠劵的发放与管理', 'admin', 0, '/marketing/coupon/list', '', '_self', 1, 50, 1),
(861, 855, '优惠劵发放', '', 'zhibi_renminbi_o', '对生成的优惠劵进行发放、导出', 'admin', 0, '/marketing/coupon/give', '', '_self', 1, 50, 1),
(862, 856, '购物卡', '', 'yinhangqia_o', '购物卡的生成与管理', 'admin', 0, '/marketing/card/list', '', '_self', 1, 50, 1),
(864, 856, '购物卡使用', '', 'qianbao_o', '对已绑定的购物卡进行管理', 'admin', 0, '/marketing/card/use', '', '_self', 1, 50, 1),
(865, 868, '订单列表', '', 'RectangleCopy153', '订单的常规管理', 'admin', 0, '/order/admin/list', '', '_self', 1, 1, 1),
(866, 868, '退款日志', '', 'cunkuan_o', '订单生成退款后的日志', 'admin', 0, '/order/admin/refund', '', '_self', 1, 4, 1),
(867, 515, '订单首页', '', 'shouye_o', '', 'admin', 0, '/order/index', '', '_self', 1, 1, 1),
(868, 515, '订单管理', '', 'yemianliu_o', '', 'admin', 0, '/order/admin', '', '_self', 1, 2, 1),
(869, 515, '售后中心', '', 'RectangleCopy254', '', 'admin', 0, '/order/service', '', '_self', 1, 50, 1),
(870, 869, '售后列表', '', 'fuwu_o', '买家申请售后服务', 'admin', 0, '/order/service/list', '', '_self', 1, 1, 1),
(871, 514, '商品首页', '', 'shouye_o', '', 'admin', 0, '/goods/index', '', '_self', 1, 1, 1),
(872, 514, '商品管理', '', 'gouwu_o', '', 'admin', 0, '/goods/admin', '', '_self', 1, 2, 1),
(873, 872, '商品列表', '', 'RectangleCopy75', '商品的常规管理', 'admin', 0, '/goods/admin/list', '', '_self', 1, 2, 1),
(874, 882, '商品分类', '', 'cengji_o', '商品分类的常规管理', 'admin', 0, '/goods/setting/category', '', '_self', 1, 1, 1),
(875, 882, '商品品牌', '', 'RectangleCopy175', '商品品牌的常规管理', 'admin', 0, '/goods/setting/brand', '', '_self', 1, 2, 1),
(876, 882, '商品模型', '', 'RectangleCopy233', '商品模型的设置', 'admin', 0, '/goods/setting/type', '', '_self', 1, 3, 1),
(877, 882, '商品属性', '', 'fuzhi_o', '商品属性的设置', 'admin', 0, '/goods/setting/attribute', '', '_self', 1, 5, 1),
(878, 882, '商品规格', '', 'liangliangduibi_o', '商品规格的设置', 'admin', 0, '/goods/setting/spec', '', '_self', 1, 4, 1),
(879, 514, '评价咨询', '', 'jianpan_o', '', 'admin', 0, '/goods/opinion', '', '_self', 1, 6, 1),
(880, 879, '商品评价', '', 'RectangleCopy240', '买家收货后对商品的评价', 'admin', 0, '/goods/opinion/comment', '', '_self', 1, 50, 1),
(881, 879, '商品咨询', '', 'wangwang_o', '买家购买前对商品的咨询', 'admin', 0, '/goods/opinion/consult', '', '_self', 1, 50, 1),
(882, 514, '商品配置', '', 'shebeidadian_o', '', 'admin', 0, '/goods/setting', '', '_self', 1, 5, 1),
(884, 874, '查询列表', '', '', '', 'admin', 0, '/goods/setting/category/list', '', '_self', 0, 50, 1),
(885, 874, '新增分类', '', '', '', 'admin', 0, '/goods/setting/category/add', '', '_self', 0, 50, 1),
(886, 874, '编辑分类', '', '', '', 'admin', 0, '/goods/setting/category/set', '', '_self', 0, 50, 1),
(887, 874, '删除分类', '', '', '', 'admin', 0, '/goods/setting/category/del', '', '_self', 0, 50, 1),
(888, 874, '启用分类', '', '', '', 'admin', 0, '/goods/setting/category/enable', '', '_self', 0, 50, 1),
(889, 874, '禁用分类', '', '', '', 'admin', 0, '/goods/setting/category/disable', '', '_self', 0, 50, 1),
(890, 874, '移动分类', '', '', '', 'admin', 0, '/goods/setting/category/move', '', '_self', 0, 50, 1),
(891, 875, '查询列表', '', '', '', 'admin', 0, '/goods/setting/brand/list', '', '_self', 0, 1, 1),
(892, 875, '新增品牌', '', '', '', 'admin', 0, '/goods/setting/brand/add', '', '_self', 0, 2, 1),
(893, 875, '编辑品牌', '', '', '', 'admin', 0, '/goods/setting/brand/set', '', '_self', 0, 3, 1),
(894, 875, '删除品牌', '', '', '', 'admin', 0, '/goods/setting/brand/del', '', '_self', 0, 4, 1),
(895, 875, '设为启用', '', '', '', 'admin', 0, '/goods/setting/brand/enable', '', '_self', 0, 7, 1),
(896, 875, '设为禁用', '', '', '', 'admin', 0, '/goods/setting/brand/disable', '', '_self', 0, 8, 1),
(897, 875, '排序品牌', '', '', '', 'admin', 0, '/goods/setting/brand/sort', '', '_self', 0, 5, 1),
(898, 875, '打开链接', '', '', '', 'admin', 0, '/goods/setting/brand/url', '', '_self', 0, 6, 1),
(901, 876, '查询列表', '', '', '', 'admin', 0, '/goods/setting/type/list', '', '_self', 0, 50, 1),
(902, 876, '新增模型', '', '', '', 'admin', 0, '/goods/setting/type/add', '', '_self', 0, 50, 1),
(903, 876, '编辑模型', '', '', '', 'admin', 0, '/goods/setting/type/set', '', '_self', 0, 50, 1),
(904, 876, '删除模型', '', '', '', 'admin', 0, '/goods/setting/type/del', '', '_self', 0, 50, 1),
(905, 876, '商品属性', '', '', '', 'admin', 0, '/goods/setting/type/attribute', '', '_self', 0, 50, 1),
(906, 876, '商品规格', '', '', '', 'admin', 0, '/goods/setting/type/spec', '', '_self', 0, 50, 1),
(907, 414, '获取商品规格列表(可翻页)', '', '', '', 'api', 0, 'api/v1/spec/get.goods.spec.page', '', '_self', 0, 6, 1),
(908, 218, '获取商品属性列表(可翻页)', '', '', '', 'api', 0, 'api/v1/goods_attribute/get.goods.attribute.page', '', '_self', 0, 11, 1),
(909, 878, '查询列表', '', '', '', 'admin', 0, '/goods/setting/spec/list', '', '_self', 0, 50, 1),
(910, 878, '新增规则', '', '', '', 'admin', 0, '/goods/setting/spec/add', '', '_self', 0, 50, 1),
(911, 878, '编辑规则', '', '', '', 'admin', 0, '/goods/setting/spec/set', '', '_self', 0, 50, 1),
(912, 878, '删除规则', '', '', '', 'admin', 0, '/goods/setting/spec/del', '', '_self', 0, 50, 1),
(913, 878, '排序规则', '', '', '', 'admin', 0, '/goods/setting/spec/sort', '', '_self', 0, 50, 1),
(914, 878, '设为检索', '', '', '', 'admin', 0, '/goods/setting/spec/index', '', '_self', 0, 50, 1),
(915, 878, '取消检索', '', '', '', 'admin', 0, '/goods/setting/spec/close', '', '_self', 0, 50, 1),
(916, 877, '查询列表', '', '', '', 'admin', 0, '/goods/setting/attribute/list', '', '_self', 0, 50, 1),
(917, 877, '新增主属性', '', '', '', 'admin', 0, '/goods/setting/attribute/add', '', '_self', 0, 50, 1),
(918, 877, '新增子属性', '', '', '', 'admin', 0, '/goods/setting/attribute/add_son', '', '_self', 0, 50, 1),
(919, 877, '编辑属性', '', '', '', 'admin', 0, '/goods/setting/attribute/set', '', '_self', 0, 50, 1),
(920, 877, '删除属性', '', '', '', 'admin', 0, '/goods/setting/attribute/del', '', '_self', 0, 50, 1),
(921, 877, '设置核心', '', '', '', 'admin', 0, '/goods/setting/attribute/important', '', '_self', 0, 50, 1),
(923, 877, '排序属性', '', '', '', 'admin', 0, '/goods/setting/attribute/sort', '', '_self', 0, 50, 1),
(924, 877, '索引方式', '', '', '', 'admin', 0, '/goods/setting/attribute/search', '', '_self', 0, 50, 1),
(927, 881, '查询列表', '', '', '', 'admin', 0, '/goods/opinion/consult/list', '', '_self', 0, 50, 1),
(928, 881, '显示咨询', '', '', '', 'admin', 0, '/goods/opinion/consult/show', '', '_self', 0, 50, 1),
(929, 881, '隐藏咨询', '', '', '', 'admin', 0, '/goods/opinion/consult/hide', '', '_self', 0, 50, 1),
(930, 881, '删除咨询', '', '', '', 'admin', 0, '/goods/opinion/consult/del', '', '_self', 0, 50, 1),
(931, 881, '咨询明细', '', '', '', 'admin', 0, '/goods/opinion/consult/detail', '', '_self', 0, 50, 1),
(932, 880, '查询列表', '', '', '', 'admin', 0, '/goods/opinion/comment/list', '', '_self', 0, 1, 1),
(933, 880, '忽略评论', '', '', '', 'admin', 0, '/goods/opinion/comment/ignore', '', '_self', 0, 2, 1),
(934, 880, '显示评论', '', '', '', 'admin', 0, '/goods/opinion/comment/show', '', '_self', 0, 3, 1),
(935, 880, '隐藏评论', '', '', '', 'admin', 0, '/goods/opinion/comment/hide', '', '_self', 0, 4, 1),
(936, 880, '设为置顶', '', '', '', 'admin', 0, '/goods/opinion/comment/top', '', '_self', 0, 5, 1),
(937, 880, '取消置顶', '', '', '', 'admin', 0, '/goods/opinion/comment/remove_top', '', '_self', 0, 6, 1),
(938, 880, '评论明细', '', '', '', 'admin', 0, '/goods/opinion/comment/detail', '', '_self', 0, 8, 1),
(939, 880, '删除评论', '', '', '', 'admin', 0, '/goods/opinion/comment/del', '', '_self', 0, 7, 1),
(940, 873, '查询列表', '', '', '', 'admin', 0, '/goods/admin/list/list', '', '_self', 0, 1, 1),
(941, 873, '新增商品', '', '', '', 'admin', 0, '/goods/admin/list/add', '', '_self', 0, 2, 1),
(942, 873, '商品上下架', '', '', '', 'admin', 0, '/goods/admin/list/shelves', '', '_self', 0, 8, 1),
(944, 873, '是否推荐', '', '', '', 'admin', 0, '/goods/admin/list/recommend', '', '_self', 0, 10, 1),
(945, 873, '是否新品', '', '', '', 'admin', 0, '/goods/admin/list/new', '', '_self', 0, 11, 1),
(946, 873, '是否热卖', '', '', '', 'admin', 0, '/goods/admin/list/hot', '', '_self', 0, 12, 1),
(947, 873, '删除商品', '', '', '', 'admin', 0, '/goods/admin/list/del', '', '_self', 0, 4, 1),
(948, 873, '编辑商品', '', '', '', 'admin', 0, '/goods/admin/update', '', '_self', 0, 3, 1),
(949, 873, '复制商品', '', '', '', 'admin', 0, '/goods/admin/list/copy', '', '_self', 0, 7, 1),
(950, 873, '排序商品', '', '', '', 'admin', 0, '/goods/admin/list/sort', '', '_self', 0, 13, 1),
(952, 873, '恢复删除', '', '', '', 'admin', 0, '/goods/admin/list/restore', '', '_self', 0, 5, 1),
(954, 873, '快捷改价', '', '', '', 'admin', 0, '/goods/admin/list/price', '', '_self', 0, 50, 1),
(955, 873, '快捷库存', '', '', '', 'admin', 0, '/goods/admin/list/store', '', '_self', 0, 50, 1),
(956, 422, '根据资源编号获取集合', '', '', '', 'api', 0, 'api/v1/storage/get.storage.collection', '', '_self', 0, 50, 1),
(957, 198, '获取指定商品的属性配置数据', '', '', '', 'api', 0, 'api/v1/goods/get.goods.attr.config', '', '_self', 0, 50, 1),
(958, 198, '获取指定商品的规格配置数据', '', '', '', 'api', 0, 'api/v1/goods/get.goods.spec.config', '', '_self', 0, 50, 1),
(959, 198, '获取指定商品的规格菜单数据', '', '', '', 'api', 0, 'api/v1/goods/get.goods.spec.menu', '', '_self', 0, 50, 1),
(960, 872, '新增商品', '', 'RectangleCopy76', '添加新的商品', 'admin', 0, '/goods/admin/create', '', '_self', 1, 1, 1),
(962, 414, '获取所有商品规格及规格项', '', '', '', 'api', 0, 'api/v1/spec/get.goods.spec.all', '', '_self', 0, 7, 1),
(963, 559, '新增文章', '', 'RectangleCopy54', '添加新的文章', 'admin', 0, '/system/article/create', '', '_self', 1, 1, 1),
(964, 1014, '新增专题', '', 'RectangleCopy227', '添加新的专题', 'admin', 0, '/system/topic/create', '', '_self', 1, 1, 1),
(965, 218, '获取基础数据索引列表', '', '', '', 'api', 0, 'api/v1/goods_attribute/get.goods.attribute.data', '', '_self', 0, 50, 1),
(966, 182, '根据编号获取折扣商品明细', '', '', '', 'api', 0, 'api/v1/discount/get.discount.goods.list', '', '_self', 0, 50, 1),
(967, 198, '获取指定编号商品的基础数据', '', '', '', 'api', 0, 'api/v1/goods/get.goods.select', '', '_self', 0, 50, 1),
(968, 130, '获取优惠劵选择列表', '', '', '', 'api', 0, 'api/v1/coupon/get.coupon.select', '', '_self', 0, 5, 1),
(969, 858, '查询列表', '', '', '', 'admin', 0, '/marketing/marketing/discount/list', '', '_self', 0, 50, 1),
(970, 858, '新增折扣', '', '', '', 'admin', 0, '/marketing/marketing/discount/add', '', '_self', 0, 50, 1),
(971, 858, '编辑折扣', '', '', '', 'admin', 0, '/marketing/marketing/discount/set', '', '_self', 0, 50, 1),
(972, 858, '删除折扣', '', '', '', 'admin', 0, '/marketing/marketing/discount/del', '', '_self', 0, 50, 1),
(973, 858, '设为启用', '', '', '', 'admin', 0, '/marketing/marketing/discount/enable', '', '_self', 0, 50, 1),
(974, 858, '设为禁用', '', '', '', 'admin', 0, '/marketing/marketing/discount/disable', '', '_self', 0, 50, 1),
(975, 859, '查询列表', '', '', '', 'admin', 0, '/marketing/marketing/promotion/list', '', '_self', 0, 50, 1),
(976, 859, '新增促销', '', '', '', 'admin', 0, '/marketing/marketing/promotion/add', '', '_self', 0, 50, 1),
(977, 859, '编辑促销', '', '', '', 'admin', 0, '/marketing/marketing/promotion/set', '', '_self', 0, 50, 1),
(978, 859, '删除促销', '', '', '', 'admin', 0, '/marketing/marketing/promotion/del', '', '_self', 0, 50, 1),
(979, 859, '设为启用', '', '', '', 'admin', 0, '/marketing/marketing/promotion/enable', '', '_self', 0, 50, 1),
(980, 859, '设为禁用', '', '', '', 'admin', 0, '/marketing/marketing/promotion/disable', '', '_self', 0, 50, 1),
(981, 862, '查询列表', '', '', '', 'admin', 0, '/marketing/card/list/list', '', '_self', 0, 1, 1),
(982, 862, '新增购物卡', '', '', '', 'admin', 0, '/marketing/card/list/add', '', '_self', 0, 2, 1),
(983, 862, '编辑购物卡', '', '', '', 'admin', 0, '/marketing/card/list/set', '', '_self', 0, 3, 1),
(984, 862, '删除购物卡', '', '', '', 'admin', 0, '/marketing/card/list/del', '', '_self', 0, 4, 1),
(985, 862, '设为启用', '', '', '', 'admin', 0, '/marketing/card/list/enable', '', '_self', 0, 6, 1),
(986, 862, '设为禁用', '', '', '', 'admin', 0, '/marketing/card/list/disable', '', '_self', 0, 7, 1),
(987, 862, '导出购物卡', '', '', '', 'admin', 0, '/marketing/card/list/export', '', '_self', 0, 5, 1),
(988, 864, '查询列表', '', '', '', 'admin', 0, '/marketing/card/use/list', '', '_self', 0, 1, 1),
(989, 864, '设为启用', '', '', '', 'admin', 0, '/marketing/card/use/enable', '', '_self', 0, 3, 1),
(990, 864, '设为禁用', '', '', '', 'admin', 0, '/marketing/card/use/disable', '', '_self', 0, 4, 1),
(991, 864, '购物卡信息', '', '', '', 'admin', 0, '/marketing/card/use/info', '', '_self', 0, 2, 1),
(992, 860, '查询列表', '', '', '', 'admin', 0, '/marketing/coupon/list/list', '', '_self', 0, 50, 1),
(993, 460, '获取指定账号的基础数据', '', '', '', 'api', 0, 'api/v1/user/get.user.select', '', '_self', 0, 12, 1),
(994, 860, '新增优惠劵', '', '', '', 'admin', 0, '/marketing/coupon/list/add', '', '_self', 0, 50, 1),
(995, 860, '编辑优惠劵', '', '', '', 'admin', 0, '/marketing/coupon/list/set', '', '_self', 0, 50, 1),
(996, 860, '删除优惠劵', '', '', '', 'admin', 0, '/marketing/coupon/list/del', '', '_self', 0, 50, 1),
(997, 860, '发放优惠劵', '', '', '', 'admin', 0, '/marketing/coupon/list/give', '', '_self', 0, 50, 1),
(998, 860, '设为启用', '', '', '', 'admin', 0, '/marketing/coupon/list/enable', '', '_self', 0, 50, 1),
(999, 860, '设为禁用', '', '', '', 'admin', 0, '/marketing/coupon/list/disable', '', '_self', 0, 50, 1),
(1000, 860, '设为正常', '', '', '', 'admin', 0, '/marketing/coupon/list/normal', '', '_self', 0, 50, 1),
(1001, 860, '设为作废', '', '', '', 'admin', 0, '/marketing/coupon/list/invalid', '', '_self', 0, 50, 1),
(1002, 861, '查询列表', '', '', '', 'admin', 0, '/marketing/coupon/give/list', '', '_self', 0, 50, 1),
(1003, 861, '优惠劵信息', '', '', '', 'admin', 0, '/marketing/coupon/give/info', '', '_self', 0, 50, 1),
(1004, 861, '删除优惠劵', '', '', '', 'admin', 0, '/marketing/coupon/give/del', '', '_self', 0, 50, 1),
(1005, 861, '恢复优惠劵', '', '', '', 'admin', 0, '/marketing/coupon/give/rec', '', '_self', 0, 50, 1),
(1007, 866, '查询列表', '', '', '', 'admin', 0, '/order/admin/refund/list', '', '_self', 0, 50, 1),
(1008, 866, '退款信息', '', '', '', 'admin', 0, '/order/admin/refund/query', '', '_self', 0, 50, 1),
(1009, 40, '根据条件查询是否有更新', '', '', '', 'api', 0, 'api/v1/app_install/query.app.install.updated', '', '_self', 0, 50, 1),
(1010, 31, '批量设置应用验证码', '', '', '', 'api', 0, 'api/v1/app/set.app.captcha', '', '_self', 0, 9, 1),
(1011, 31, '查询应用验证码状态', '', '', '', 'api', 0, 'api/v1/app/get.app.captcha', '', '_self', 0, 10, 1),
(1012, 31, '获取应用验证码', '', '', '', 'api', 0, 'api/v1/app/image.app.captcha', '', '_self', 0, 12, 1),
(1013, 31, '获取应用验证码调用地址', '', '', '', 'api', 0, 'api/v1/app/get.app.captcha.callurl', '', '_self', 0, 11, 1),
(1014, 520, '专题发布', '', 'baoguo_dabao_o', '', 'admin', 0, '/system/topic', '', '_self', 1, 7, 1),
(1015, 1023, '基础设置', '', '', '', 'admin', 0, '/setting/setting/system/info/basis', '', '_self', 0, 1, 1),
(1016, 1023, '备案许可', '', '', '', 'admin', 0, '/setting/setting/system/info/record', '', '_self', 0, 2, 1),
(1017, 1023, '状态设置', '', '', '', 'admin', 0, '/setting/setting/system/info/status', '', '_self', 0, 3, 1),
(1018, 1023, '定义平台', '', '', '', 'admin', 0, '/setting/setting/system/info/platform', '', '_self', 0, 4, 1),
(1019, 1023, '跨域访问', '', '', '', 'admin', 0, '/setting/setting/system/info/cors', '', '_self', 0, 5, 1),
(1020, 1023, '其他设置', '', '', '', 'admin', 0, '/setting/setting/system/info/other', '', '_self', 0, 6, 1),
(1022, 713, '购物系统', '', '', '', 'admin', 0, '/setting/setting/system/shopping', '', '_self', 0, 2, 1),
(1023, 713, '系统配置', '', '', '', 'admin', 0, '/setting/setting/system/info', '', '_self', 0, 1, 1),
(1024, 1022, '基础设置', '', '', '', 'admin', 0, '/setting/setting/system/shopping/basis', '', '_self', 0, 50, 1),
(1025, 1022, '订单来源', '', '', '', 'admin', 0, '/setting/setting/system/shopping/source', '', '_self', 0, 50, 1),
(1026, 713, '售后服务', '', '', '', 'admin', 0, '/setting/setting/system/service', '', '_self', 0, 50, 1),
(1027, 713, '支付页面', '', '', '', 'admin', 0, '/setting/setting/system/payment', '', '_self', 0, 50, 1),
(1028, 713, '配送优惠', '', '', '', 'admin', 0, '/setting/setting/system/delivery', '', '_self', 0, 50, 1),
(1029, 1028, '满额设置', '', '', '', 'admin', 0, '/setting/setting/system/delivery/money', '', '_self', 0, 50, 1),
(1030, 1028, '满件设置', '', '', '', 'admin', 0, '/setting/setting/system/delivery/amount', '', '_self', 0, 50, 1),
(1031, 1028, '满额减设置', '', '', '', 'admin', 0, '/setting/setting/system/delivery/lower', '', '_self', 0, 50, 1),
(1032, 713, '配送轨迹', '', '', '', 'admin', 0, '/setting/setting/system/dist', '', '_self', 0, 50, 1),
(1033, 713, '上传配置', '', '', '', 'admin', 0, '/setting/setting/system/upload', '', '_self', 0, 50, 1),
(1034, 1033, '基础设置', '', '', '', 'admin', 0, '/setting/setting/system/upload/basis', '', '_self', 0, 50, 1),
(1035, 1033, 'CareyShop(本地上传)', '', '', '', 'admin', 0, '/setting/setting/system/upload/careyshop', '', '_self', 0, 50, 1),
(1036, 1033, '七牛云 KODO', '', '', '', 'admin', 0, '/setting/setting/system/upload/qiniu', '', '_self', 0, 50, 1),
(1037, 1033, '阿里云 OSS', '', '', '', 'admin', 0, '/setting/setting/system/upload/aliyun', '', '_self', 0, 50, 1),
(1038, 1099, '条形码', '', '', '', 'api', 0, '', '', '_self', 0, 4, 1),
(1039, 1038, '获取条形码调用地址', '', '', '', 'api', 0, 'api/v1/barcode/get.barcode.callurl', '', '_self', 0, 50, 1),
(1040, 1038, '动态生成一个二维码', '', '', '', 'api', 0, 'api/v1/barcode/get.barcode.item', '', '_self', 0, 50, 1);
INSERT INTO `donkey_menu` (`menu_id`, `parent_id`, `name`, `alias`, `icon`, `remark`, `module`, `type`, `url`, `params`, `target`, `is_navi`, `sort`, `status`) VALUES
(1041, 0, '财务', '', 'jinbi', '', 'admin', 0, '/finance', '', '_self', 1, 6, 1),
(1042, 1041, '财务首页', '', 'shouye_o', '', 'admin', 0, '/finance/index', '', '_self', 1, 50, 1),
(1043, 1041, '快捷向导', '', 'ding_o', '', 'admin', 0, '/finance/navi', '', '_self', 1, 50, 1),
(1044, 1043, '退款日志', '', 'cunkuan_o', '订单生成退款后的日志', 'admin', 1, '/order/admin/refund', '', '_self', 1, 4, 1),
(1045, 1043, '交易结算', '', 'RectangleCopy218', '账户资金支出、收入的流水账', 'admin', 1, '/member/user/transaction', '', '_self', 1, 1, 1),
(1046, 1043, '提现申请', '', 'jiekuan_o', '提现申请的审批、拒绝、查询', 'admin', 1, '/member/withdraw/list', '', '_self', 1, 3, 1),
(1047, 1043, '支付日志', '', 'huobiliu_o', '支付行为、结果的流水账', 'admin', 1, '/setting/payment/log', '', '_self', 1, 2, 1),
(1048, 812, '访问日志', '', 'daibanrenwu_o', '访问者的行踪轨迹记录', 'admin', 1, '/setting/admin/action', '', '_self', 1, 2, 1),
(1049, 1, '获取指定账号的基础数据', '', '', '', 'api', 0, 'api/v1/admin/get.admin.select', '', '_self', 0, 11, 1),
(1050, 869, '商品评价', '', 'RectangleCopy240', '买家收货后对商品的评价', 'admin', 1, '/goods/opinion/comment', '', '_self', 1, 2, 1),
(1051, 869, '配送轨迹', '', 'didiandingwei_o', '物流轨迹流水记录操作', 'admin', 1, '/system/aided/dist', '', '_self', 1, 5, 1),
(1052, 868, '交易结算', '', 'RectangleCopy218', '账户资金支出、收入的流水账', 'admin', 1, '/member/user/transaction', '', '_self', 1, 2, 1),
(1053, 868, '支付日志', '', 'huobiliu_o', '支付行为、结果的流水账', 'admin', 1, '/setting/payment/log', '', '_self', 1, 3, 1),
(1054, 330, '获取一个订单操作日志', '', '', '', 'api', 0, 'api/v1/order/get.order.log', '', '_self', 0, 50, 1),
(1055, 865, '订单详情', '', '', '', 'admin', 0, '/order/admin/info', '', '_self', 0, 1, 1),
(1057, 865, '订单打印', '', '', '', 'admin', 0, '/order/admin/print', '', '_self', 0, 3, 1),
(1058, 865, '设为配货', '', '', '', 'admin', 0, '/order/admin/list/start_picking', '', '_self', 0, 4, 1),
(1059, 865, '取消配货', '', '', '', 'admin', 0, '/order/admin/list/cancel_picking', '', '_self', 0, 5, 1),
(1060, 865, '确认收货', '', '', '', 'admin', 0, '/order/admin/list/complete', '', '_self', 0, 7, 1),
(1061, 865, '修改金额', '', '', '', 'admin', 0, '/order/admin/list/price', '', '_self', 0, 8, 1),
(1062, 865, '修改订单', '', '', '', 'admin', 0, '/order/admin/list/set', '', '_self', 0, 9, 1),
(1063, 865, '确定发货', '', '', '', 'admin', 0, '/order/admin/list/delivery', '', '_self', 0, 6, 1),
(1064, 865, '物流信息', '', '', '', 'admin', 0, '/order/admin/list/dist', '', '_self', 0, 50, 1),
(1065, 865, '取消订单', '', '', '', 'admin', 0, '/order/admin/list/cancel', '', '_self', 0, 50, 1),
(1066, 865, '删除订单', '', '', '', 'admin', 0, '/order/admin/list/del', '', '_self', 0, 50, 1),
(1067, 865, '恢复订单', '', '', '', 'admin', 0, '/order/admin/list/restore', '', '_self', 0, 50, 1),
(1068, 865, '设置备注', '', '', '', 'admin', 0, '/order/admin/list/remark', '', '_self', 0, 50, 1),
(1070, 870, '售后详情', '', '', '', 'admin', 0, '/order/service/info', '', '_self', 0, 50, 1),
(1071, 870, '添加留言', '', '', '', 'admin', 0, '/order/service/list/message', '', '_self', 0, 50, 1),
(1072, 870, '同意售后', '', '', '', 'admin', 0, '/order/service/list/agree', '', '_self', 0, 50, 1),
(1073, 870, '拒绝售后', '', '', '', 'admin', 0, '/order/service/list/refused', '', '_self', 0, 50, 1),
(1074, 870, '要求寄回', '', '', '', 'admin', 0, '/order/service/list/sendback', '', '_self', 0, 50, 1),
(1075, 870, '设为售后中', '', '', '', 'admin', 0, '/order/service/list/after', '', '_self', 0, 50, 1),
(1076, 870, '撤销售后', '', '', '', 'admin', 0, '/order/service/list/cancel', '', '_self', 0, 50, 1),
(1077, 870, '售后完成', '', '', '', 'admin', 0, '/order/service/list/complete', '', '_self', 0, 50, 1),
(1078, 870, '设置备注', '', '', '', 'admin', 0, '/order/service/list/remark', '', '_self', 0, 50, 1),
(1079, 870, '物流信息', '', '', '', 'admin', 0, '/order/service/list/dist', '', '_self', 0, 50, 1),
(1080, 534, '调试日志', '', '', '', 'admin', 0, '/log', '', '_self', 0, 50, 1),
(1082, 873, '商品预览', '', '', '', 'admin', 0, '/goods/admin/view', '', '_self', 0, 50, 1),
(1083, 561, '文章预览', '', '', '', 'admin', 0, '/system/article/view', '', '_self', 0, 50, 1),
(1084, 562, '专题预览', '', '', '', 'admin', 0, '/system/topic/view', '', '_self', 0, 50, 1),
(1085, 540, '消息预览', '', '', '', 'admin', 0, '/system/message/user/view', '', '_self', 0, 50, 1),
(1086, 711, '商业授权', '', 'careyshop', '商业授权信息查询', 'admin', 0, '/setting/app/authorize', '', '_self', 1, 50, 1),
(1087, 475, '获取指定账号的默认收货地址', '', '', '', 'api', 0, 'api/v1/user_address/get.user.address.default', '', '_self', 0, 3, 1),
(1088, 0, '账号', '', '', '', 'api', 0, '', '', '_self', 0, 1, 1),
(1089, 0, '权限', '', '', '', 'api', 0, '', '', '_self', 0, 2, 1),
(1090, 0, '提现', '', '', '', 'api', 0, '', '', '_self', 0, 3, 1),
(1091, 0, '文章', '', '', '', 'api', 0, '', '', '_self', 0, 4, 1),
(1093, 0, '广告', '', '', '', 'api', 0, '', '', '_self', 0, 6, 1),
(1094, 0, '物流', '', '', '', 'api', 0, '', '', '_self', 0, 7, 1),
(1095, 0, '商品', '', '', '', 'api', 0, '', '', '_self', 0, 8, 1),
(1096, 0, '营销', '', '', '', 'api', 0, '', '', '_self', 0, 9, 1),
(1097, 0, '订单', '', '', '', 'api', 0, '', '', '_self', 0, 10, 1),
(1098, 0, '支付', '', '', '', 'api', 0, '', '', '_self', 0, 12, 1),
(1099, 0, '辅助', '', '', '', 'api', 0, '', '', '_self', 0, 15, 1),
(1100, 0, '上传', '', '', '', 'api', 0, '', '', '_self', 0, 16, 1),
(1101, 0, '消息', '', '', '', 'api', 0, '', '', '_self', 0, 17, 1),
(1102, 0, '配置', '', '', '', 'api', 0, '', '', '_self', 0, 18, 1),
(1103, 123, '检测指定商品是否被收藏', '', '', '', 'api', 0, 'api/v1/collect/is.collect.goods', '', '_self', 0, 50, 1),
(1104, '534', 'API 调试', '', '', '', 'admin', '0', '/rest_api', '', '_self', '0', '50', '1');

DROP TABLE IF EXISTS `donkey_message`;
CREATE TABLE `donkey_message` (
  `message_id` int(11) UNSIGNED NOT NULL,
  `type` tinyint(1) NOT NULL COMMENT '消息类型(自定义)',
  `member` tinyint(1) NOT NULL DEFAULT '0' COMMENT '0=私有函 1=顾客组 2=管理组',
  `title` varchar(200) COLLATE utf8mb4_unicode_ci NOT NULL COMMENT '标题',
  `content` mediumtext COLLATE utf8mb4_unicode_ci NOT NULL COMMENT '内容',
  `url` varchar(255) COLLATE utf8mb4_unicode_ci NOT NULL DEFAULT '' COMMENT '外部链接',
  `target` enum('_self','_blank') COLLATE utf8mb4_unicode_ci NOT NULL DEFAULT '_self' COMMENT '_self _blank',
  `page_views` int(11) NOT NULL DEFAULT '0' COMMENT '游览量',
  `is_top` tinyint(1) NOT NULL DEFAULT '0' COMMENT '是否置顶 0=否 1=是',
  `status` tinyint(1) NOT NULL DEFAULT '0' COMMENT '0=禁用 1=启用',
  `is_delete` tinyint(1) NOT NULL DEFAULT '0' COMMENT '0=未删 1=已删',
  `create_time` int(11) NOT NULL DEFAULT '0' COMMENT '创建日期',
  `update_time` int(11) NOT NULL DEFAULT '0' COMMENT '更新日期'
) ENGINE=InnoDB DEFAULT CHARSET=utf8mb4 COLLATE=utf8mb4_unicode_ci COMMENT='消息管理';

INSERT INTO `donkey_message` (`message_id`, `type`, `member`, `title`, `content`, `url`, `target`, `page_views`, `is_top`, `status`, `is_delete`, `create_time`, `update_time`) VALUES
(1, 1, 1, 'titleAAA', 'content', '', '_self', 10, 1, 1, 0, 1511763386, 1555402749),
(2, 2, 1, 'title-2', 'content', 'http://www.baidu.com', '_blank', 4, 1, 1, 0, 1511763407, 1555402743),
(3, 0, 1, 'title-3', 'content', '', '_self', 0, 0, 1, 0, 1511763409, 1555427090),
(4, 0, 2, '年后开干！看看同行在悄悄做哪些业务布局？', 'content', 'http://www.baidu.com', '_self', 29, 0, 1, 0, 1511763412, 1555427098),
(5, 0, 2, 'title-5', 'content', '', '_self', 15, 0, 0, 1, 1511763412, 1555403744),
(6, 0, 2, 'title-6title-6title-6title-6title-6title-6title-6title-6title-6title-6title-6', 'content', '', '_self', 1, 0, 0, 1, 1511763412, 1555403666),
(7, 0, 0, 'title-7', 'content', '', '_self', 7, 0, 0, 0, 1511770988, 1511770988),
(8, 0, 2, '免费商标数据监控已发布，开启注册/续展/监控等一站式服务！', 'test', '', '_blank', 0, 0, 0, 1, 1555395705, 1555403694),
(9, 3, 2, '免费商标数据监控已发布，开启注册/续展/监控等一站式服务！', 'test', '', '_blank', 0, 1, 1, 1, 1555395784, 1555403694),
(10, 0, 2, '免费商标数据监控已发布，开启注册/续展/监控等一站式服务！', 'test', '', '_blank', 1, 0, 1, 0, 1555395987, 1555402737),
(11, 3, 1, 'AAA', 'AAA', '', '_blank', 0, 0, 1, 0, 1555396072, 1555402354),
(12, 1, 2, 'BBB', 'BBB', 'www.baidu.com', '_blank', 0, 0, 1, 1, 1555396205, 1555403654),
(13, 3, 2, '【0元体验】企业级分布式应用服务EDAS Serverless版，邀你免费公测！', 'CCC', '', '_blank', 7, 0, 1, 0, 1555396240, 1555427080),
(14, 2, 2, 'DDD', 'DDD', '', '_self', 0, 1, 1, 1, 1555404436, 1555427074),
(15, 0, 1, 'BBB', 'BBB', '', '_blank', 0, 0, 1, 0, 1555427120, 1555427123),
(16, 3, 1, 'DDD', '<p>抱歉，新手第一次提交PR，不规范的地方请大佬手下留情，轻喷，感谢</p>\n<p><a href=\"https://open.weixin.qq.com/cgi-bin/showdocument?action=dir_list&amp;t=resource/res_list&amp;verify=1&amp;id=open1489140610_Uavc4&amp;token=&amp;lang=zh_CN\" target=\"_blank\" rel=\"nofollow noopener\">微信文档</a></p>\n<h3>文档中</h3>\n<p>5、将第三方提交的代码包提交审核（仅供第三方开发者代小程序调用）</p>\n<p>请求方式: POST（请使用https协议）&nbsp;<br /><code>https://api.weixin.qq.com/wxa/submit_audit?access_token=TOKEN</code></p>\n<p>POST数据示例:</p>\n<pre><code>{\n\n    \"item_list\": [\n\n    {\n\n        \"address\":\"index\",\n\n        \"tag\":\"学习 生活\",\n\n        \"first_class\": \"文娱\",\n\n        \"second_class\": \"资讯\",\n\n        \"first_id\":1,\n\n        \"second_id\":2,\n\n        \"title\": \"首页\"\n\n    }\n\n    {\n\n        \"address\":\"page/logs/logs\",\n\n        \"tag\":\"学习 工作\",\n\n        \"first_class\": \"教育\",\n\n        \"second_class\": \"学历教育\",\n\n        \"third_class\": \"高等\",\n\n        \"first_id\":3,\n\n        \"second_id\":4,\n\n        \"third_id\":5,\n\n        \"title\": \"日志\"\n\n    }\n\n    ],\n\n    \"feedback_info\": \"blablabla\",\n\n    \"feedback_stuff\": \"xx|yy|zz\"\n\n}\n\n</code></pre>\n<p>文档增加了&nbsp;<code>feedback_info&nbsp;</code>和&nbsp;<code>feedback_stuff&nbsp;</code>2个字段。</p>\n<p><a href=\"https://open.weixin.qq.com/cgi-bin/showdocument?action=dir_list&amp;t=resource/res_list&amp;verify=1&amp;id=open1489140610_Uavc4&amp;token=&amp;lang=zh_CN\" target=\"_blank\" rel=\"nofollow noopener\">微信文档</a></p>\n<h3>文档中</h3>\n<p>5、将第三方提交的代码包提交审核（仅供第三方开发者代小程序调用）</p>\n<p>请求方式: POST（请使用https协议）&nbsp;<br /><code>https://api.weixin.qq.com/wxa/submit_audit?access_token=TOKEN</code></p>\n<p>POST数据示例:</p>\n<pre><code>{\n\n    \"item_list\": [\n\n    {\n\n        \"address\":\"index\",\n\n        \"tag\":\"学习 生活\",\n\n        \"first_class\": \"文娱\",\n\n        \"second_class\": \"资讯\",\n\n        \"first_id\":1,\n\n        \"second_id\":2,\n\n        \"title\": \"首页\"\n\n    }\n\n    {\n\n        \"address\":\"page/logs/logs\",\n\n        \"tag\":\"学习 工作\",\n\n        \"first_class\": \"教育\",\n\n        \"second_class\": \"学历教育\",\n\n        \"third_class\": \"高等\",\n\n        \"first_id\":3,\n\n        \"second_id\":4,\n\n        \"third_id\":5,\n\n        \"title\": \"日志\"\n\n    }\n\n    ],\n\n    \"feedback_info\": \"blablabla\",\n\n    \"feedback_stuff\": \"xx|yy|zz\"\n\n}\n\n</code></pre>\n<p>文档增加了&nbsp;<code>feedback_info&nbsp;</code>和&nbsp;<code>feedback_stuff&nbsp;</code>2个字段。</p>\n<hr />\n<h4>You can view, comment on, or merge this pull request online at:</h4>\n<p><a href=\"https://github.com/overtrue/wechat/pull/1514\" target=\"_blank\" rel=\"noopener\">https://github.com/overtrue/wechat/pull/1514</a></p>\n<h4>Commit Summary</h4>\n<ul>\n<li>将第三方提交的代码包提交审核时增加反馈内容字段</li>\n</ul>\n<h4>File Changes</h4>\n<ul>\n<li><strong>M&nbsp;</strong><a href=\"https://github.com/overtrue/wechat/pull/1514/files#diff-0\" target=\"_blank\" rel=\"noopener\">src/OpenPlatform/Authorizer/MiniProgram/Code/Client.php&nbsp;</a>(6)</li>\n</ul>\n<h4>Patch Links:</h4>\n<ul>\n<li><a href=\"https://github.com/overtrue/wechat/pull/1514.patch\" target=\"_blank\" rel=\"noopener\">https://github.com/overtrue/wechat/pull/1514.patch</a></li>\n<li><a href=\"https://github.com/overtrue/wechat/pull/1514.diff\" target=\"_blank\" rel=\"noopener\">https://github.com/overtrue/wechat/pull/1514.diff</a></li>\n</ul>\n<p>&mdash;&nbsp;<br />You are receiving this because you are subscribed to this thread.&nbsp;<br />Reply to this email directly,&nbsp;<a href=\"https://github.com/overtrue/wechat/pull/1514\" target=\"_blank\" rel=\"noopener\">view it on GitHub&nbsp;</a>, or&nbsp;<a href=\"https://github.com/notifications/unsubscribe-auth/AclPcIW1gNb5mC6BM4o75OsBgQlF-46Oks5vcdK5gaJpZM4cVRF2\" target=\"_blank\" rel=\"noopener\">mute the thread&nbsp;</a>.&nbsp;<img src=\"https://github.com/notifications/beacon/AclPcOyX5gEdCObavk1L-D0kByaJq5Hgks5vcdK5gaJpZM4cVRF2.gif\" alt=\"\" width=\"1\" height=\"1\" /></p>', '', '_blank', 0, 0, 0, 0, 1555429449, 1555469577),
(17, 2, 2, 'EEE', 'EEE', '', '_blank', 0, 0, 1, 1, 1555429460, 1555470031),
(18, 3, 2, 'FFF', '<h4 id=\"h4--\">接口描述：</h4>\n<ul>\n<li>获取一条消息(后台)。</li>\n</ul>\n<h4 id=\"h4--url-\"><a class=\"reference-link\" name=\"请求 URL：\"></a>请求 URL：</h4>\n<ul>\n<li><code>http|https://host/api/v1/message/method/get.message.item/</code></li>\n</ul>\n<h4 id=\"h4--\"><a class=\"reference-link\" name=\"请求方式：\"></a>请求方式：</h4>\n<ul>\n<li>GET</li>\n<li>POST</li>\n</ul>\n<h4 id=\"h4--\"><a class=\"reference-link\" name=\"是否授权：\"></a>是否授权：</h4>\n<ul>\n<li>需要授权</li>\n</ul>\n<h4 id=\"h4--\"><a class=\"reference-link\" name=\"业务参数：\"></a>业务参数：</h4>\n<table>\n<thead>\n<tr>\n<th>参数名</th>\n<th>类型</th>\n<th>是否必须</th>\n<th>范围值</th>\n<th>默认值</th>\n<th>示例值</th>\n<th>描述</th>\n</tr>\n</thead>\n<tbody>\n<tr>\n<td>message_id</td>\n<td>integer</td>\n<td>是</td>\n<td>gt:0</td>\n<td>&nbsp;</td>\n<td>8</td>\n<td>消息编号</td>\n</tr>\n</tbody>\n</table>\n<h4 id=\"h4--\"><a class=\"reference-link\" name=\"响应参数：\"></a>响应参数：</h4>\n<table>\n<thead>\n<tr>\n<th>参数名</th>\n<th>类型</th>\n<th>是否返回</th>\n<th>示例值</th>\n<th>描述</th>\n</tr>\n</thead>\n<tbody>\n<tr>\n<td>status</td>\n<td>integer</td>\n<td>是</td>\n<td>200</td>\n<td>状态码</td>\n</tr>\n<tr>\n<td>message</td>\n<td>string</td>\n<td>是</td>\n<td>success</td>\n<td>消息信息</td>\n</tr>\n<tr>\n<td>data</td>\n<td>object</td>\n<td>否</td>\n<td>[]</td>\n<td>返回对象</td>\n</tr>\n</tbody>\n</table>\n<table>\n<thead>\n<tr>\n<th>data</th>\n<th>类型</th>\n<th>是否返回</th>\n<th>示例值</th>\n<th>描述</th>\n</tr>\n</thead>\n<tbody>\n<tr>\n<td>message_id</td>\n<td>integer</td>\n<td>是</td>\n<td>8</td>\n<td>消息编号</td>\n</tr>\n<tr>\n<td>type</td>\n<td>integer</td>\n<td>是</td>\n<td>0</td>\n<td>消息类型(自定义)</td>\n</tr>\n<tr>\n<td>member</td>\n<td>integer</td>\n<td>是</td>\n<td>1</td>\n<td>消息成员组 1=顾客组 2=管理组</td>\n</tr>\n<tr>\n<td>title</td>\n<td>string</td>\n<td>是</td>\n<td>活动公告</td>\n<td>消息标题</td>\n</tr>\n<tr>\n<td>content</td>\n<td>string</td>\n<td>是</td>\n<td>活动内容</td>\n<td>消息内容</td>\n</tr>\n<tr>\n<td>url</td>\n<td>string</td>\n<td>是</td>\n<td><a href=\"http://careyshop.cn/\" target=\"_blank\" rel=\"noopener\">http://careyshop.cn</a></td>\n<td>外部链接</td>\n</tr>\n<tr>\n<td>target</td>\n<td>string</td>\n<td>是</td>\n<td>_blank</td>\n<td>打开方式</td>\n</tr>\n<tr>\n<td>page_views</td>\n<td>integer</td>\n<td>是</td>\n<td>0</td>\n<td>游览量</td>\n</tr>\n<tr>\n<td>is_top</td>\n<td>integer</td>\n<td>是</td>\n<td>0</td>\n<td>是否置顶 0=否 1=是</td>\n</tr>\n<tr>\n<td>status</td>\n<td>integer</td>\n<td>是</td>\n<td>1</td>\n<td>消息状态 0=禁用 1=启用</td>\n</tr>\n<tr>\n<td>create_time</td>\n<td>datetime</td>\n<td>是</td>\n<td>2018-06-06 22:49:59</td>\n<td>创建时间</td>\n</tr>\n<tr>\n<td>update_time</td>\n<td>datetime</td>\n<td>是</td>\n<td>2018-06-06 22:49:59</td>\n<td>更新时间</td>\n</tr>\n</tbody>\n</table>\n<h4 id=\"h4--\"><a class=\"reference-link\" name=\"响应示例：\"></a>响应示例：</h4>\n<ol class=\"linenums\">\n<li class=\"L0\"><code class=\"lang-json\"><span class=\"pun\">{</span></code></li>\n<li class=\"L1\"><code class=\"lang-json\">  <span class=\"str\">\"status\"</span><span class=\"pun\">:</span> <span class=\"lit\">200</span><span class=\"pun\">,</span></code></li>\n<li class=\"L2\"><code class=\"lang-json\">  <span class=\"str\">\"message\"</span><span class=\"pun\">:</span> <span class=\"str\">\"success\"</span><span class=\"pun\">,</span></code></li>\n<li class=\"L3\"><code class=\"lang-json\">  <span class=\"str\">\"data\"</span><span class=\"pun\">:</span> <span class=\"pun\">{</span></code></li>\n<li class=\"L4\"><code class=\"lang-json\">    <span class=\"str\">\"message_id\"</span><span class=\"pun\">:</span> <span class=\"lit\">8</span><span class=\"pun\">,</span></code></li>\n<li class=\"L5\"><code class=\"lang-json\">    <span class=\"str\">\"type\"</span><span class=\"pun\">:</span> <span class=\"lit\">0</span><span class=\"pun\">,</span></code></li>\n<li class=\"L6\"><code class=\"lang-json\">    <span class=\"str\">\"member\"</span><span class=\"pun\">:</span> <span class=\"lit\">1</span><span class=\"pun\">,</span></code></li>\n<li class=\"L7\"><code class=\"lang-json\">    <span class=\"str\">\"title\"</span><span class=\"pun\">:</span> <span class=\"str\">\"活动公告\"</span><span class=\"pun\">,</span></code></li>\n<li class=\"L8\"><code class=\"lang-json\">    <span class=\"str\">\"content\"</span><span class=\"pun\">:</span> <span class=\"str\">\"活动内容\"</span><span class=\"pun\">,</span></code></li>\n<li class=\"L9\"><code class=\"lang-json\">    <span class=\"str\">\"url\"</span><span class=\"pun\">:</span> <span class=\"str\">\"http://careyshop.cn\"</span><span class=\"pun\">,</span></code></li>\n<li class=\"L0\"><code class=\"lang-json\">    <span class=\"str\">\"target\"</span><span class=\"pun\">:</span> <span class=\"str\">\"_blank\"</span><span class=\"pun\">,</span></code></li>\n<li class=\"L1\"><code class=\"lang-json\">    <span class=\"str\">\"page_views\"</span><span class=\"pun\">:</span> <span class=\"lit\">0</span><span class=\"pun\">,</span></code></li>\n<li class=\"L2\"><code class=\"lang-json\">    <span class=\"str\">\"is_top\"</span><span class=\"pun\">:</span> <span class=\"lit\">0</span><span class=\"pun\">,</span></code></li>\n<li class=\"L3\"><code class=\"lang-json\">    <span class=\"str\">\"status\"</span><span class=\"pun\">:</span> <span class=\"lit\">1</span><span class=\"pun\">,</span></code></li>\n<li class=\"L4\"><code class=\"lang-json\">    <span class=\"str\">\"create_time\"</span><span class=\"pun\">:</span> <span class=\"str\">\"2018-06-06 22:49:59\"</span><span class=\"pun\">,</span></code></li>\n<li class=\"L5\"><code class=\"lang-json\">    <span class=\"str\">\"update_time\"</span><span class=\"pun\">:</span> <span class=\"str\">\"2018-06-06 23:16:52\"</span></code></li>\n<li class=\"L6\"><code class=\"lang-json\">  <span class=\"pun\">}</span></code></li>\n<li class=\"L7\"><code class=\"lang-json\"><span class=\"pun\">}</span></code></li>\n</ol>\n<h4 id=\"h4--\"><a class=\"reference-link\" name=\"备注:\"></a>备注:</h4>\n<ol>\n<li>当<code>url</code>存在值表示跳转到某个地址，<code>target</code>表示目标打开方式。</li>\n</ol>', '', '_blank', 0, 1, 0, 1, 1555429519, 1555470254),
(19, 2, 1, '纳网13周年庆钜惠来袭，域名享1元，主机建站1折起', '<img src=\"http://image.idosend.com/fkImages/13082/Image/137_01.jpg\" width=\"700\" height=\"284\" />&nbsp;<a href=\"http://image.idosend.com/t/dd71037f/9f7e/4cc8/b57a/82ed895aa9a6/2954558-564378.html\" target=\"_blank\" rel=\"noopener\"><img src=\"http://image.idosend.com/fkImages/13082/Image/137_03.jpg\" width=\"651\" height=\"319\" /></a>&nbsp;&nbsp;<a href=\"http://image.idosend.com/t/1722ba26/fc65/4fee/aba9/af2a49cd95fc/2954558-564378.html\" target=\"_blank\" rel=\"noopener\"><img src=\"http://image.idosend.com/fkImages/13082/Image/137_06.jpg\" width=\"651\" height=\"290\" /></a>&nbsp;<a href=\"http://image.idosend.com/t/16cb48d1/9806/4c3e/b4f3/32ef01c8afbc/2954558-564378.html\" target=\"_blank\" rel=\"noopener\"><img src=\"http://image.idosend.com/fkImages/13082/Image/137_08.jpg\" width=\"651\" height=\"250\" /></a>&nbsp;<img src=\"http://image.idosend.com/fkImages/13082/Image/137_10.jpg\" width=\"700\" height=\"111\" />', '', '_blank', 0, 0, 0, 1, 1555470096, 1555470247),
(20, 0, 2, '奔驰维权女车主和西安利之星4S店达成和解协议', '<p>【消费者购买奔驰新车遭遇发动机漏油最新进展：当事双方已达成和解】4月16日晚， W女士（化名）和西安利之星汽车有限公司达成换车补偿等和解协议。</p>\n<p>此外，记者从西安高新区市场监管部门了解到，涉事车辆有关质量问题已进入鉴定程序，该事件涉及的涉嫌违法违规问题，仍将依法依规进行调查处理，结果将及时向社会公布。同时，根据省市部署，将继续开展汽车销售市场经营行为专项整治工作，依法依规净化市场环境、保护消费者合法权益。</p>\n<p><a href=\"https://c.m.163.com/news/s/S1555048489505.html\" target=\"_blank\" rel=\"noopener\">进入专题&gt;&gt;</a></p>\n<p>&nbsp;</p>\n<div class=\"special_tag_wrap\">\n<div class=\"special_tag special_tag_tj\">\n<div class=\"special_tag_ttl\">延伸 &middot; 推荐</div>\n<div class=\"special_tag_cnt\">\n<p><a href=\"https://news.163.com/19/0417/00/ECU57GGU0001899O.html\" target=\"_blank\" rel=\"noopener\">奔驰女车主与4s店和解：换新车退还金融服务费</a></p>\n<p>16日晚，北青报记者从西安市市场监督管理局高新分局刘副局长处获悉，当晚，维权的奔驰车主王女士和西安利之星汽车有限公司已达成换车、补偿等和解协议。</p>\n</div>\n</div>\n</div>\n<p>&nbsp;</p>\n<p>&nbsp;</p>\n<div class=\"special_tag_wrap\">\n<div class=\"special_tag special_tag_hg\">\n<div class=\"special_tag_ttl\">延伸 &middot; 回顾</div>\n<div class=\"special_tag_cnt\">\n<p><a href=\"https://news.163.com/19/0416/21/ECTORA1F0001899O.html\" target=\"_blank\" rel=\"noopener\">奔驰车主维权调查:利之星收3%服务费获利2/3</a></p>\n<p>据税务部门的工作人员介绍，车主所交的&ldquo;金融服务费&rdquo;，实际上是第三方陕西元胜公司派驻在西安利之星4S店的工作人员收取的。</p>\n<p><a href=\"https://news.163.com/19/0416/18/ECTGEMV40001899O.html\" target=\"_self\">奔驰公司:已与车主沟通 将暂停涉事授权店销售运营</a></p>\n<p>针对西安奔驰车漏油、车主维权一事，4月16日下午，北京梅赛德斯-奔驰销售服务有限公司发布情况说明。表示将对相关经销商的经营合规性展开调查。结果明确前，该授权店的销售运营将暂停，立即执行。</p>\n</div>\n</div>\n</div>\n<p class=\"f_center\"><img src=\"http://cms-bucket.ws.126.net/2019/04/17/1f7692db33f6484696660f9d5de82808.jpeg?imageView&amp;thumbnail=550x0\" alt=\"奔驰维权女车主和西安利之星4S店达成和解协议\" /></p>', '', '_blank', 0, 0, 1, 0, 1555470175, 1555678321),
(21, 2, 2, '免费商标数据监控已发布，开启注册/续展/监控等一站式服务！', '<center>免费商标数据监控服务已发布，来阿里云开启您的品牌全面保护！</center>\n<p>&nbsp;</p>\n<p>&nbsp;</p>\n<center>享受注册、续展和监控等一站式在线服务，实时掌握申请进度。</center>\n<p>&nbsp;</p>\n<p>&nbsp;</p>\n<center><a href=\"https://tm.aliyun.com/?&amp;msctype=pmsg&amp;mscareaid=cn&amp;mscsiteid=cn&amp;mscmsgid=6970119011500152429&amp;&amp;spm=a2c4n.12497607.zh-cnc.1&amp;#/\" target=\"_blank\" rel=\"noopener\">点击</a>立即体验最快1分钟极速申报服务。</center><br />\n<p data-spm-anchor-id=\"5176.2020520130.105.i1.7d1b697bJMkXXl\"><img src=\"https://img.alicdn.com/tfs/TB17vTjBPDpK1RjSZFrXXa78VXa-800-326.jpg\" />&nbsp;<img src=\"https://img.alicdn.com/tfs/TB1FETrBHvpK1RjSZPiXXbmwXXa-800-233.jpg\" /></p>', '', '_blank', 29, 1, 1, 0, 1555678416, 1555678416),
(22, 2, 2, '【老用户专享】新购满500元即可享满返代金券', '<a href=\"https://promotion.aliyun.com/ntms/act/memberBenefits.html?&amp;msctype=pmsg&amp;mscareaid=cn&amp;mscsiteid=cn&amp;mscmsgid=7040119011001076350&amp;&amp;spm=a2c4n.12479315.zh-cnc.1&amp;\"><img src=\"https://img.alicdn.com/tfs/TB1oX6SAMHqK1RjSZFkXXX.WFXa-799-1111.png\" alt=\"\" /></a>', '', '_blank', 0, 1, 1, 1, 1555678463, 1555678500),
(23, 2, 2, '【老用户专享】新购满500元即可享满返代金券', '<a href=\"https://promotion.aliyun.com/ntms/act/memberBenefits.html?&amp;msctype=pmsg&amp;mscareaid=cn&amp;mscsiteid=cn&amp;mscmsgid=7040119011001076350&amp;&amp;spm=a2c4n.12479315.zh-cnc.1&amp;\"><img src=\"https://img.alicdn.com/tfs/TB1oX6SAMHqK1RjSZFkXXX.WFXa-799-1111.png\" alt=\"\" /></a>', '', '_blank', 0, 0, 1, 0, 1555678519, 1555678524),
(24, 0, 2, '知道同行在悄悄注册这些商标布局未来吗？', '<img src=\"https://img.alicdn.com/tfs/TB17vTjBPDpK1RjSZFrXXa78VXa-800-326.jpg\" />&nbsp;<img src=\"https://img.alicdn.com/tfs/TB1FETrBHvpK1RjSZPiXXbmwXXa-800-233.jpg\" />', '', '_blank', 0, 0, 1, 1, 1555682527, 1555682540),
(25, 0, 2, '知道同行在悄悄注册这些商标布局未来吗？', '<img src=\"https://img.alicdn.com/tfs/TB17vTjBPDpK1RjSZFrXXa78VXa-800-326.jpg\" />&nbsp;<img src=\"https://img.alicdn.com/tfs/TB1FETrBHvpK1RjSZPiXXbmwXXa-800-233.jpg\" />', '', '_blank', 53, 1, 1, 0, 1555682559, 1555682559),
(26, 0, 2, '年后开干！看看同行在悄悄做哪些业务布局？', 'content', 'http://www.baidu.com', '_self', 29, 0, 1, 0, 1511763412, 1555427098),
(27, 0, 2, '免费商标数据监控已发布，开启注册/续展/监控等一站式服务！', 'test', '', '_blank', 0, 0, 0, 1, 1555395705, 1555403694),
(28, 3, 2, '免费商标数据监控已发布，开启注册/续展/监控等一站式服务！', 'test', '', '_blank', 0, 1, 1, 1, 1555395784, 1555403694),
(29, 0, 2, '免费商标数据监控已发布，开启注册/续展/监控等一站式服务！', 'test', '', '_blank', 0, 0, 1, 0, 1555395987, 1555402737),
(30, 3, 2, '【0元体验】企业级分布式应用服务EDAS Serverless版，邀你免费公测！', 'CCC', '', '_blank', 6, 0, 1, 0, 1555396240, 1555427080),
(31, 2, 1, '纳网13周年庆钜惠来袭，域名享1元，主机建站1折起', '<img src=\"http://image.idosend.com/fkImages/13082/Image/137_01.jpg\" width=\"700\" height=\"284\" />&nbsp;<a href=\"http://image.idosend.com/t/dd71037f/9f7e/4cc8/b57a/82ed895aa9a6/2954558-564378.html\" target=\"_blank\" rel=\"noopener\"><img src=\"http://image.idosend.com/fkImages/13082/Image/137_03.jpg\" width=\"651\" height=\"319\" /></a>&nbsp;&nbsp;<a href=\"http://image.idosend.com/t/1722ba26/fc65/4fee/aba9/af2a49cd95fc/2954558-564378.html\" target=\"_blank\" rel=\"noopener\"><img src=\"http://image.idosend.com/fkImages/13082/Image/137_06.jpg\" width=\"651\" height=\"290\" /></a>&nbsp;<a href=\"http://image.idosend.com/t/16cb48d1/9806/4c3e/b4f3/32ef01c8afbc/2954558-564378.html\" target=\"_blank\" rel=\"noopener\"><img src=\"http://image.idosend.com/fkImages/13082/Image/137_08.jpg\" width=\"651\" height=\"250\" /></a>&nbsp;<img src=\"http://image.idosend.com/fkImages/13082/Image/137_10.jpg\" width=\"700\" height=\"111\" />', '', '_blank', 0, 0, 0, 1, 1555470096, 1555470247),
(32, 0, 2, '奔驰维权女车主和西安利之星4S店达成和解协议', '<p>【消费者购买奔驰新车遭遇发动机漏油最新进展：当事双方已达成和解】4月16日晚， W女士（化名）和西安利之星汽车有限公司达成换车补偿等和解协议。</p>\n<p>此外，记者从西安高新区市场监管部门了解到，涉事车辆有关质量问题已进入鉴定程序，该事件涉及的涉嫌违法违规问题，仍将依法依规进行调查处理，结果将及时向社会公布。同时，根据省市部署，将继续开展汽车销售市场经营行为专项整治工作，依法依规净化市场环境、保护消费者合法权益。</p>\n<p><a href=\"https://c.m.163.com/news/s/S1555048489505.html\" target=\"_blank\" rel=\"noopener\">进入专题&gt;&gt;</a></p>\n<p>&nbsp;</p>\n<div class=\"special_tag_wrap\">\n<div class=\"special_tag special_tag_tj\">\n<div class=\"special_tag_ttl\">延伸 &middot; 推荐</div>\n<div class=\"special_tag_cnt\">\n<p><a href=\"https://news.163.com/19/0417/00/ECU57GGU0001899O.html\" target=\"_blank\" rel=\"noopener\">奔驰女车主与4s店和解：换新车退还金融服务费</a></p>\n<p>16日晚，北青报记者从西安市市场监督管理局高新分局刘副局长处获悉，当晚，维权的奔驰车主王女士和西安利之星汽车有限公司已达成换车、补偿等和解协议。</p>\n</div>\n</div>\n</div>\n<p>&nbsp;</p>\n<p>&nbsp;</p>\n<div class=\"special_tag_wrap\">\n<div class=\"special_tag special_tag_hg\">\n<div class=\"special_tag_ttl\">延伸 &middot; 回顾</div>\n<div class=\"special_tag_cnt\">\n<p><a href=\"https://news.163.com/19/0416/21/ECTORA1F0001899O.html\" target=\"_blank\" rel=\"noopener\">奔驰车主维权调查:利之星收3%服务费获利2/3</a></p>\n<p>据税务部门的工作人员介绍，车主所交的&ldquo;金融服务费&rdquo;，实际上是第三方陕西元胜公司派驻在西安利之星4S店的工作人员收取的。</p>\n<p><a href=\"https://news.163.com/19/0416/18/ECTGEMV40001899O.html\" target=\"_self\">奔驰公司:已与车主沟通 将暂停涉事授权店销售运营</a></p>\n<p>针对西安奔驰车漏油、车主维权一事，4月16日下午，北京梅赛德斯-奔驰销售服务有限公司发布情况说明。表示将对相关经销商的经营合规性展开调查。结果明确前，该授权店的销售运营将暂停，立即执行。</p>\n</div>\n</div>\n</div>\n<p class=\"f_center\"><img src=\"http://cms-bucket.ws.126.net/2019/04/17/1f7692db33f6484696660f9d5de82808.jpeg?imageView&amp;thumbnail=550x0\" alt=\"奔驰维权女车主和西安利之星4S店达成和解协议\" /></p>', '', '_blank', 0, 0, 1, 0, 1555470175, 1555678321),
(33, 0, 2, '年后开干！看看同行在悄悄做哪些业务布局？', 'content', 'http://www.baidu.com', '_self', 29, 0, 1, 0, 1511763412, 1555427098),
(34, 0, 2, '免费商标数据监控已发布，开启注册/续展/监控等一站式服务！', 'test', '', '_blank', 0, 0, 0, 1, 1555395705, 1555403694),
(35, 3, 2, '免费商标数据监控已发布，开启注册/续展/监控等一站式服务！', 'test', '', '_blank', 0, 1, 1, 1, 1555395784, 1555403694),
(36, 0, 2, '免费商标数据监控已发布，开启注册/续展/监控等一站式服务！', 'test', '', '_blank', 0, 0, 1, 0, 1555395987, 1555402737),
(37, 3, 2, '【0元体验】企业级分布式应用服务EDAS Serverless版，邀你免费公测！', 'CCC', '', '_blank', 6, 0, 1, 0, 1555396240, 1555427080),
(38, 2, 1, '纳网13周年庆钜惠来袭，域名享1元，主机建站1折起', '<img src=\"http://image.idosend.com/fkImages/13082/Image/137_01.jpg\" width=\"700\" height=\"284\" />&nbsp;<a href=\"http://image.idosend.com/t/dd71037f/9f7e/4cc8/b57a/82ed895aa9a6/2954558-564378.html\" target=\"_blank\" rel=\"noopener\"><img src=\"http://image.idosend.com/fkImages/13082/Image/137_03.jpg\" width=\"651\" height=\"319\" /></a>&nbsp;&nbsp;<a href=\"http://image.idosend.com/t/1722ba26/fc65/4fee/aba9/af2a49cd95fc/2954558-564378.html\" target=\"_blank\" rel=\"noopener\"><img src=\"http://image.idosend.com/fkImages/13082/Image/137_06.jpg\" width=\"651\" height=\"290\" /></a>&nbsp;<a href=\"http://image.idosend.com/t/16cb48d1/9806/4c3e/b4f3/32ef01c8afbc/2954558-564378.html\" target=\"_blank\" rel=\"noopener\"><img src=\"http://image.idosend.com/fkImages/13082/Image/137_08.jpg\" width=\"651\" height=\"250\" /></a>&nbsp;<img src=\"http://image.idosend.com/fkImages/13082/Image/137_10.jpg\" width=\"700\" height=\"111\" />', '', '_blank', 0, 0, 0, 1, 1555470096, 1555470247),
(39, 0, 2, '奔驰维权女车主和西安利之星4S店达成和解协议', '<p>【消费者购买奔驰新车遭遇发动机漏油最新进展：当事双方已达成和解】4月16日晚， W女士（化名）和西安利之星汽车有限公司达成换车补偿等和解协议。</p>\n<p>此外，记者从西安高新区市场监管部门了解到，涉事车辆有关质量问题已进入鉴定程序，该事件涉及的涉嫌违法违规问题，仍将依法依规进行调查处理，结果将及时向社会公布。同时，根据省市部署，将继续开展汽车销售市场经营行为专项整治工作，依法依规净化市场环境、保护消费者合法权益。</p>\n<p><a href=\"https://c.m.163.com/news/s/S1555048489505.html\" target=\"_blank\" rel=\"noopener\">进入专题&gt;&gt;</a></p>\n<p>&nbsp;</p>\n<div class=\"special_tag_wrap\">\n<div class=\"special_tag special_tag_tj\">\n<div class=\"special_tag_ttl\">延伸 &middot; 推荐</div>\n<div class=\"special_tag_cnt\">\n<p><a href=\"https://news.163.com/19/0417/00/ECU57GGU0001899O.html\" target=\"_blank\" rel=\"noopener\">奔驰女车主与4s店和解：换新车退还金融服务费</a></p>\n<p>16日晚，北青报记者从西安市市场监督管理局高新分局刘副局长处获悉，当晚，维权的奔驰车主王女士和西安利之星汽车有限公司已达成换车、补偿等和解协议。</p>\n</div>\n</div>\n</div>\n<p>&nbsp;</p>\n<p>&nbsp;</p>\n<div class=\"special_tag_wrap\">\n<div class=\"special_tag special_tag_hg\">\n<div class=\"special_tag_ttl\">延伸 &middot; 回顾</div>\n<div class=\"special_tag_cnt\">\n<p><a href=\"https://news.163.com/19/0416/21/ECTORA1F0001899O.html\" target=\"_blank\" rel=\"noopener\">奔驰车主维权调查:利之星收3%服务费获利2/3</a></p>\n<p>据税务部门的工作人员介绍，车主所交的&ldquo;金融服务费&rdquo;，实际上是第三方陕西元胜公司派驻在西安利之星4S店的工作人员收取的。</p>\n<p><a href=\"https://news.163.com/19/0416/18/ECTGEMV40001899O.html\" target=\"_self\">奔驰公司:已与车主沟通 将暂停涉事授权店销售运营</a></p>\n<p>针对西安奔驰车漏油、车主维权一事，4月16日下午，北京梅赛德斯-奔驰销售服务有限公司发布情况说明。表示将对相关经销商的经营合规性展开调查。结果明确前，该授权店的销售运营将暂停，立即执行。</p>\n</div>\n</div>\n</div>\n<p class=\"f_center\"><img src=\"http://cms-bucket.ws.126.net/2019/04/17/1f7692db33f6484696660f9d5de82808.jpeg?imageView&amp;thumbnail=550x0\" alt=\"奔驰维权女车主和西安利之星4S店达成和解协议\" /></p>', '', '_blank', 0, 0, 1, 0, 1555470175, 1555678321),
(40, 0, 2, '年后开干！看看同行在悄悄做哪些业务布局？', 'content', 'http://www.baidu.com', '_self', 29, 0, 1, 0, 1511763412, 1555427098),
(41, 0, 2, '免费商标数据监控已发布，开启注册/续展/监控等一站式服务！', 'test', '', '_blank', 0, 0, 0, 1, 1555395705, 1555403694),
(42, 3, 2, '免费商标数据监控已发布，开启注册/续展/监控等一站式服务！', 'test', '', '_blank', 0, 1, 1, 1, 1555395784, 1555403694),
(43, 0, 2, '免费商标数据监控已发布，开启注册/续展/监控等一站式服务！', 'test', '', '_blank', 0, 0, 1, 0, 1555395987, 1555402737),
(44, 3, 2, '【0元体验】企业级分布式应用服务EDAS Serverless版，邀你免费公测！', 'CCC', '', '_blank', 6, 0, 1, 0, 1555396240, 1555427080),
(45, 2, 1, '纳网13周年庆钜惠来袭，域名享1元，主机建站1折起', '<img src=\"http://image.idosend.com/fkImages/13082/Image/137_01.jpg\" width=\"700\" height=\"284\" />&nbsp;<a href=\"http://image.idosend.com/t/dd71037f/9f7e/4cc8/b57a/82ed895aa9a6/2954558-564378.html\" target=\"_blank\" rel=\"noopener\"><img src=\"http://image.idosend.com/fkImages/13082/Image/137_03.jpg\" width=\"651\" height=\"319\" /></a>&nbsp;&nbsp;<a href=\"http://image.idosend.com/t/1722ba26/fc65/4fee/aba9/af2a49cd95fc/2954558-564378.html\" target=\"_blank\" rel=\"noopener\"><img src=\"http://image.idosend.com/fkImages/13082/Image/137_06.jpg\" width=\"651\" height=\"290\" /></a>&nbsp;<a href=\"http://image.idosend.com/t/16cb48d1/9806/4c3e/b4f3/32ef01c8afbc/2954558-564378.html\" target=\"_blank\" rel=\"noopener\"><img src=\"http://image.idosend.com/fkImages/13082/Image/137_08.jpg\" width=\"651\" height=\"250\" /></a>&nbsp;<img src=\"http://image.idosend.com/fkImages/13082/Image/137_10.jpg\" width=\"700\" height=\"111\" />', '', '_blank', 0, 0, 0, 1, 1555470096, 1555470247),
(46, 0, 2, '奔驰维权女车主和西安利之星4S店达成和解协议', '<p>【消费者购买奔驰新车遭遇发动机漏油最新进展：当事双方已达成和解】4月16日晚， W女士（化名）和西安利之星汽车有限公司达成换车补偿等和解协议。</p>\n<p>此外，记者从西安高新区市场监管部门了解到，涉事车辆有关质量问题已进入鉴定程序，该事件涉及的涉嫌违法违规问题，仍将依法依规进行调查处理，结果将及时向社会公布。同时，根据省市部署，将继续开展汽车销售市场经营行为专项整治工作，依法依规净化市场环境、保护消费者合法权益。</p>\n<p><a href=\"https://c.m.163.com/news/s/S1555048489505.html\" target=\"_blank\" rel=\"noopener\">进入专题&gt;&gt;</a></p>\n<p>&nbsp;</p>\n<div class=\"special_tag_wrap\">\n<div class=\"special_tag special_tag_tj\">\n<div class=\"special_tag_ttl\">延伸 &middot; 推荐</div>\n<div class=\"special_tag_cnt\">\n<p><a href=\"https://news.163.com/19/0417/00/ECU57GGU0001899O.html\" target=\"_blank\" rel=\"noopener\">奔驰女车主与4s店和解：换新车退还金融服务费</a></p>\n<p>16日晚，北青报记者从西安市市场监督管理局高新分局刘副局长处获悉，当晚，维权的奔驰车主王女士和西安利之星汽车有限公司已达成换车、补偿等和解协议。</p>\n</div>\n</div>\n</div>\n<p>&nbsp;</p>\n<p>&nbsp;</p>\n<div class=\"special_tag_wrap\">\n<div class=\"special_tag special_tag_hg\">\n<div class=\"special_tag_ttl\">延伸 &middot; 回顾</div>\n<div class=\"special_tag_cnt\">\n<p><a href=\"https://news.163.com/19/0416/21/ECTORA1F0001899O.html\" target=\"_blank\" rel=\"noopener\">奔驰车主维权调查:利之星收3%服务费获利2/3</a></p>\n<p>据税务部门的工作人员介绍，车主所交的&ldquo;金融服务费&rdquo;，实际上是第三方陕西元胜公司派驻在西安利之星4S店的工作人员收取的。</p>\n<p><a href=\"https://news.163.com/19/0416/18/ECTGEMV40001899O.html\" target=\"_self\">奔驰公司:已与车主沟通 将暂停涉事授权店销售运营</a></p>\n<p>针对西安奔驰车漏油、车主维权一事，4月16日下午，北京梅赛德斯-奔驰销售服务有限公司发布情况说明。表示将对相关经销商的经营合规性展开调查。结果明确前，该授权店的销售运营将暂停，立即执行。</p>\n</div>\n</div>\n</div>\n<p class=\"f_center\"><img src=\"http://cms-bucket.ws.126.net/2019/04/17/1f7692db33f6484696660f9d5de82808.jpeg?imageView&amp;thumbnail=550x0\" alt=\"奔驰维权女车主和西安利之星4S店达成和解协议\" /></p>', '', '_blank', 0, 0, 1, 0, 1555470175, 1555678321),
(47, 0, 2, '年后开干！看看同行在悄悄做哪些业务布局？', 'content', 'http://www.baidu.com', '_self', 29, 0, 1, 0, 1511763412, 1555427098),
(48, 0, 2, '免费商标数据监控已发布，开启注册/续展/监控等一站式服务！', 'test', '', '_blank', 0, 0, 0, 1, 1555395705, 1555403694),
(49, 3, 2, '免费商标数据监控已发布，开启注册/续展/监控等一站式服务！', 'test', '', '_blank', 0, 1, 1, 1, 1555395784, 1555403694),
(50, 0, 2, '免费商标数据监控已发布，开启注册/续展/监控等一站式服务！', 'test', '', '_blank', 0, 0, 1, 0, 1555395987, 1555402737),
(51, 3, 2, '【0元体验】企业级分布式应用服务EDAS Serverless版，邀你免费公测！', 'CCC', '', '_blank', 6, 0, 1, 0, 1555396240, 1555427080),
(52, 2, 1, '纳网13周年庆钜惠来袭，域名享1元，主机建站1折起', '<img src=\"http://image.idosend.com/fkImages/13082/Image/137_01.jpg\" width=\"700\" height=\"284\" />&nbsp;<a href=\"http://image.idosend.com/t/dd71037f/9f7e/4cc8/b57a/82ed895aa9a6/2954558-564378.html\" target=\"_blank\" rel=\"noopener\"><img src=\"http://image.idosend.com/fkImages/13082/Image/137_03.jpg\" width=\"651\" height=\"319\" /></a>&nbsp;&nbsp;<a href=\"http://image.idosend.com/t/1722ba26/fc65/4fee/aba9/af2a49cd95fc/2954558-564378.html\" target=\"_blank\" rel=\"noopener\"><img src=\"http://image.idosend.com/fkImages/13082/Image/137_06.jpg\" width=\"651\" height=\"290\" /></a>&nbsp;<a href=\"http://image.idosend.com/t/16cb48d1/9806/4c3e/b4f3/32ef01c8afbc/2954558-564378.html\" target=\"_blank\" rel=\"noopener\"><img src=\"http://image.idosend.com/fkImages/13082/Image/137_08.jpg\" width=\"651\" height=\"250\" /></a>&nbsp;<img src=\"http://image.idosend.com/fkImages/13082/Image/137_10.jpg\" width=\"700\" height=\"111\" />', '', '_blank', 0, 0, 0, 1, 1555470096, 1555470247),
(53, 0, 2, '奔驰维权女车主和西安利之星4S店达成和解协议', '<p>【消费者购买奔驰新车遭遇发动机漏油最新进展：当事双方已达成和解】4月16日晚， W女士（化名）和西安利之星汽车有限公司达成换车补偿等和解协议。</p>\n<p>此外，记者从西安高新区市场监管部门了解到，涉事车辆有关质量问题已进入鉴定程序，该事件涉及的涉嫌违法违规问题，仍将依法依规进行调查处理，结果将及时向社会公布。同时，根据省市部署，将继续开展汽车销售市场经营行为专项整治工作，依法依规净化市场环境、保护消费者合法权益。</p>\n<p><a href=\"https://c.m.163.com/news/s/S1555048489505.html\" target=\"_blank\" rel=\"noopener\">进入专题&gt;&gt;</a></p>\n<p>&nbsp;</p>\n<div class=\"special_tag_wrap\">\n<div class=\"special_tag special_tag_tj\">\n<div class=\"special_tag_ttl\">延伸 &middot; 推荐</div>\n<div class=\"special_tag_cnt\">\n<p><a href=\"https://news.163.com/19/0417/00/ECU57GGU0001899O.html\" target=\"_blank\" rel=\"noopener\">奔驰女车主与4s店和解：换新车退还金融服务费</a></p>\n<p>16日晚，北青报记者从西安市市场监督管理局高新分局刘副局长处获悉，当晚，维权的奔驰车主王女士和西安利之星汽车有限公司已达成换车、补偿等和解协议。</p>\n</div>\n</div>\n</div>\n<p>&nbsp;</p>\n<p>&nbsp;</p>\n<div class=\"special_tag_wrap\">\n<div class=\"special_tag special_tag_hg\">\n<div class=\"special_tag_ttl\">延伸 &middot; 回顾</div>\n<div class=\"special_tag_cnt\">\n<p><a href=\"https://news.163.com/19/0416/21/ECTORA1F0001899O.html\" target=\"_blank\" rel=\"noopener\">奔驰车主维权调查:利之星收3%服务费获利2/3</a></p>\n<p>据税务部门的工作人员介绍，车主所交的&ldquo;金融服务费&rdquo;，实际上是第三方陕西元胜公司派驻在西安利之星4S店的工作人员收取的。</p>\n<p><a href=\"https://news.163.com/19/0416/18/ECTGEMV40001899O.html\" target=\"_self\">奔驰公司:已与车主沟通 将暂停涉事授权店销售运营</a></p>\n<p>针对西安奔驰车漏油、车主维权一事，4月16日下午，北京梅赛德斯-奔驰销售服务有限公司发布情况说明。表示将对相关经销商的经营合规性展开调查。结果明确前，该授权店的销售运营将暂停，立即执行。</p>\n</div>\n</div>\n</div>\n<p class=\"f_center\"><img src=\"http://cms-bucket.ws.126.net/2019/04/17/1f7692db33f6484696660f9d5de82808.jpeg?imageView&amp;thumbnail=550x0\" alt=\"奔驰维权女车主和西安利之星4S店达成和解协议\" /></p>', '', '_blank', 0, 0, 1, 0, 1555470175, 1555678321),
(54, 0, 2, '年后开干！看看同行在悄悄做哪些业务布局？', 'content', 'http://www.baidu.com', '_self', 29, 0, 1, 0, 1511763412, 1555427098),
(55, 0, 2, '免费商标数据监控已发布，开启注册/续展/监控等一站式服务！', 'test', '', '_blank', 0, 0, 0, 1, 1555395705, 1555403694),
(56, 3, 2, '免费商标数据监控已发布，开启注册/续展/监控等一站式服务！', 'test', '', '_blank', 0, 1, 1, 1, 1555395784, 1555403694),
(57, 0, 2, '免费商标数据监控已发布，开启注册/续展/监控等一站式服务！', 'test', '', '_blank', 0, 0, 1, 0, 1555395987, 1555402737),
(58, 3, 2, '【0元体验】企业级分布式应用服务EDAS Serverless版，邀你免费公测！', 'CCC', '', '_blank', 6, 0, 1, 0, 1555396240, 1555427080),
(59, 2, 1, '纳网13周年庆钜惠来袭，域名享1元，主机建站1折起', '<img src=\"http://image.idosend.com/fkImages/13082/Image/137_01.jpg\" width=\"700\" height=\"284\" />&nbsp;<a href=\"http://image.idosend.com/t/dd71037f/9f7e/4cc8/b57a/82ed895aa9a6/2954558-564378.html\" target=\"_blank\" rel=\"noopener\"><img src=\"http://image.idosend.com/fkImages/13082/Image/137_03.jpg\" width=\"651\" height=\"319\" /></a>&nbsp;&nbsp;<a href=\"http://image.idosend.com/t/1722ba26/fc65/4fee/aba9/af2a49cd95fc/2954558-564378.html\" target=\"_blank\" rel=\"noopener\"><img src=\"http://image.idosend.com/fkImages/13082/Image/137_06.jpg\" width=\"651\" height=\"290\" /></a>&nbsp;<a href=\"http://image.idosend.com/t/16cb48d1/9806/4c3e/b4f3/32ef01c8afbc/2954558-564378.html\" target=\"_blank\" rel=\"noopener\"><img src=\"http://image.idosend.com/fkImages/13082/Image/137_08.jpg\" width=\"651\" height=\"250\" /></a>&nbsp;<img src=\"http://image.idosend.com/fkImages/13082/Image/137_10.jpg\" width=\"700\" height=\"111\" />', '', '_blank', 0, 0, 0, 1, 1555470096, 1555470247),
(60, 0, 2, '奔驰维权女车主和西安利之星4S店达成和解协议', '<p>【消费者购买奔驰新车遭遇发动机漏油最新进展：当事双方已达成和解】4月16日晚， W女士（化名）和西安利之星汽车有限公司达成换车补偿等和解协议。</p>\n<p>此外，记者从西安高新区市场监管部门了解到，涉事车辆有关质量问题已进入鉴定程序，该事件涉及的涉嫌违法违规问题，仍将依法依规进行调查处理，结果将及时向社会公布。同时，根据省市部署，将继续开展汽车销售市场经营行为专项整治工作，依法依规净化市场环境、保护消费者合法权益。</p>\n<p><a href=\"https://c.m.163.com/news/s/S1555048489505.html\" target=\"_blank\" rel=\"noopener\">进入专题&gt;&gt;</a></p>\n<p>&nbsp;</p>\n<div class=\"special_tag_wrap\">\n<div class=\"special_tag special_tag_tj\">\n<div class=\"special_tag_ttl\">延伸 &middot; 推荐</div>\n<div class=\"special_tag_cnt\">\n<p><a href=\"https://news.163.com/19/0417/00/ECU57GGU0001899O.html\" target=\"_blank\" rel=\"noopener\">奔驰女车主与4s店和解：换新车退还金融服务费</a></p>\n<p>16日晚，北青报记者从西安市市场监督管理局高新分局刘副局长处获悉，当晚，维权的奔驰车主王女士和西安利之星汽车有限公司已达成换车、补偿等和解协议。</p>\n</div>\n</div>\n</div>\n<p>&nbsp;</p>\n<p>&nbsp;</p>\n<div class=\"special_tag_wrap\">\n<div class=\"special_tag special_tag_hg\">\n<div class=\"special_tag_ttl\">延伸 &middot; 回顾</div>\n<div class=\"special_tag_cnt\">\n<p><a href=\"https://news.163.com/19/0416/21/ECTORA1F0001899O.html\" target=\"_blank\" rel=\"noopener\">奔驰车主维权调查:利之星收3%服务费获利2/3</a></p>\n<p>据税务部门的工作人员介绍，车主所交的&ldquo;金融服务费&rdquo;，实际上是第三方陕西元胜公司派驻在西安利之星4S店的工作人员收取的。</p>\n<p><a href=\"https://news.163.com/19/0416/18/ECTGEMV40001899O.html\" target=\"_self\">奔驰公司:已与车主沟通 将暂停涉事授权店销售运营</a></p>\n<p>针对西安奔驰车漏油、车主维权一事，4月16日下午，北京梅赛德斯-奔驰销售服务有限公司发布情况说明。表示将对相关经销商的经营合规性展开调查。结果明确前，该授权店的销售运营将暂停，立即执行。</p>\n</div>\n</div>\n</div>\n<p class=\"f_center\"><img src=\"http://cms-bucket.ws.126.net/2019/04/17/1f7692db33f6484696660f9d5de82808.jpeg?imageView&amp;thumbnail=550x0\" alt=\"奔驰维权女车主和西安利之星4S店达成和解协议\" /></p>', '', '_blank', 0, 0, 1, 0, 1555470175, 1555678321),
(61, 0, 2, '年后开干！看看同行在悄悄做哪些业务布局？', 'content', 'http://www.baidu.com', '_self', 29, 0, 1, 0, 1511763412, 1555427098),
(62, 0, 2, '免费商标数据监控已发布，开启注册/续展/监控等一站式服务！', 'test', '', '_blank', 0, 0, 0, 1, 1555395705, 1555403694),
(63, 3, 2, '免费商标数据监控已发布，开启注册/续展/监控等一站式服务！', 'test', '', '_blank', 0, 1, 1, 1, 1555395784, 1555403694),
(64, 0, 2, '免费商标数据监控已发布，开启注册/续展/监控等一站式服务！', 'test', '', '_blank', 1, 0, 1, 0, 1555395987, 1555402737),
(65, 3, 2, '【0元体验】企业级分布式应用服务EDAS Serverless版，邀你免费公测！', 'CCC', '', '_blank', 9, 0, 1, 0, 1555396240, 1555427080),
(66, 2, 1, '纳网13周年庆钜惠来袭，域名享1元，主机建站1折起', '<img src=\"http://image.idosend.com/fkImages/13082/Image/137_01.jpg\" width=\"700\" height=\"284\" />&nbsp;<a href=\"http://image.idosend.com/t/dd71037f/9f7e/4cc8/b57a/82ed895aa9a6/2954558-564378.html\" target=\"_blank\" rel=\"noopener\"><img src=\"http://image.idosend.com/fkImages/13082/Image/137_03.jpg\" width=\"651\" height=\"319\" /></a>&nbsp;&nbsp;<a href=\"http://image.idosend.com/t/1722ba26/fc65/4fee/aba9/af2a49cd95fc/2954558-564378.html\" target=\"_blank\" rel=\"noopener\"><img src=\"http://image.idosend.com/fkImages/13082/Image/137_06.jpg\" width=\"651\" height=\"290\" /></a>&nbsp;<a href=\"http://image.idosend.com/t/16cb48d1/9806/4c3e/b4f3/32ef01c8afbc/2954558-564378.html\" target=\"_blank\" rel=\"noopener\"><img src=\"http://image.idosend.com/fkImages/13082/Image/137_08.jpg\" width=\"651\" height=\"250\" /></a>&nbsp;<img src=\"http://image.idosend.com/fkImages/13082/Image/137_10.jpg\" width=\"700\" height=\"111\" />', '', '_blank', 0, 0, 0, 1, 1555470096, 1555470247),
(67, 0, 2, '奔驰维权女车主和西安利之星4S店达成和解协议', '<p>【消费者购买奔驰新车遭遇发动机漏油最新进展：当事双方已达成和解】4月16日晚， W女士（化名）和西安利之星汽车有限公司达成换车补偿等和解协议。</p>\n<p>此外，记者从西安高新区市场监管部门了解到，涉事车辆有关质量问题已进入鉴定程序，该事件涉及的涉嫌违法违规问题，仍将依法依规进行调查处理，结果将及时向社会公布。同时，根据省市部署，将继续开展汽车销售市场经营行为专项整治工作，依法依规净化市场环境、保护消费者合法权益。</p>\n<p><a href=\"https://c.m.163.com/news/s/S1555048489505.html\" target=\"_blank\" rel=\"noopener\">进入专题&gt;&gt;</a></p>\n<p>&nbsp;</p>\n<div class=\"special_tag_wrap\">\n<div class=\"special_tag special_tag_tj\">\n<div class=\"special_tag_ttl\">延伸 &middot; 推荐</div>\n<div class=\"special_tag_cnt\">\n<p><a href=\"https://news.163.com/19/0417/00/ECU57GGU0001899O.html\" target=\"_blank\" rel=\"noopener\">奔驰女车主与4s店和解：换新车退还金融服务费</a></p>\n<p>16日晚，北青报记者从西安市市场监督管理局高新分局刘副局长处获悉，当晚，维权的奔驰车主王女士和西安利之星汽车有限公司已达成换车、补偿等和解协议。</p>\n</div>\n</div>\n</div>\n<p>&nbsp;</p>\n<p>&nbsp;</p>\n<div class=\"special_tag_wrap\">\n<div class=\"special_tag special_tag_hg\">\n<div class=\"special_tag_ttl\">延伸 &middot; 回顾</div>\n<div class=\"special_tag_cnt\">\n<p><a href=\"https://news.163.com/19/0416/21/ECTORA1F0001899O.html\" target=\"_blank\" rel=\"noopener\">奔驰车主维权调查:利之星收3%服务费获利2/3</a></p>\n<p>据税务部门的工作人员介绍，车主所交的&ldquo;金融服务费&rdquo;，实际上是第三方陕西元胜公司派驻在西安利之星4S店的工作人员收取的。</p>\n<p><a href=\"https://news.163.com/19/0416/18/ECTGEMV40001899O.html\" target=\"_self\">奔驰公司:已与车主沟通 将暂停涉事授权店销售运营</a></p>\n<p>针对西安奔驰车漏油、车主维权一事，4月16日下午，北京梅赛德斯-奔驰销售服务有限公司发布情况说明。表示将对相关经销商的经营合规性展开调查。结果明确前，该授权店的销售运营将暂停，立即执行。</p>\n</div>\n</div>\n</div>\n<p class=\"f_center\"><img src=\"http://cms-bucket.ws.126.net/2019/04/17/1f7692db33f6484696660f9d5de82808.jpeg?imageView&amp;thumbnail=550x0\" alt=\"奔驰维权女车主和西安利之星4S店达成和解协议\" /></p>', '', '_blank', 0, 0, 1, 0, 1555470175, 1555678321),
(68, 0, 2, '年后开干！看看同行在悄悄做哪些业务布局？', 'content', 'http://www.baidu.com', '_self', 30, 0, 1, 0, 1511763412, 1555427098),
(69, 0, 2, '免费商标数据监控已发布，开启注册/续展/监控等一站式服务！', 'test', '', '_blank', 0, 0, 0, 1, 1555395705, 1555403694),
(70, 3, 2, '免费商标数据监控已发布，开启注册/续展/监控等一站式服务！', 'test', '', '_blank', 0, 1, 1, 1, 1555395784, 1555403694),
(71, 0, 2, '免费商标数据监控已发布，开启注册/续展/监控等一站式服务！', 'test', '', '_blank', 1, 0, 1, 0, 1555395987, 1555402737),
(72, 3, 2, '【0元体验】企业级分布式应用服务EDAS Serverless版，邀你免费公测！', 'CCC', '', '_blank', 9, 0, 1, 0, 1555396240, 1555427080),
(73, 2, 1, '纳网13周年庆钜惠来袭，域名享1元，主机建站1折起', '<img src=\"http://image.idosend.com/fkImages/13082/Image/137_01.jpg\" width=\"700\" height=\"284\" />&nbsp;<a href=\"http://image.idosend.com/t/dd71037f/9f7e/4cc8/b57a/82ed895aa9a6/2954558-564378.html\" target=\"_blank\" rel=\"noopener\"><img src=\"http://image.idosend.com/fkImages/13082/Image/137_03.jpg\" width=\"651\" height=\"319\" /></a>&nbsp;&nbsp;<a href=\"http://image.idosend.com/t/1722ba26/fc65/4fee/aba9/af2a49cd95fc/2954558-564378.html\" target=\"_blank\" rel=\"noopener\"><img src=\"http://image.idosend.com/fkImages/13082/Image/137_06.jpg\" width=\"651\" height=\"290\" /></a>&nbsp;<a href=\"http://image.idosend.com/t/16cb48d1/9806/4c3e/b4f3/32ef01c8afbc/2954558-564378.html\" target=\"_blank\" rel=\"noopener\"><img src=\"http://image.idosend.com/fkImages/13082/Image/137_08.jpg\" width=\"651\" height=\"250\" /></a>&nbsp;<img src=\"http://image.idosend.com/fkImages/13082/Image/137_10.jpg\" width=\"700\" height=\"111\" />', '', '_blank', 0, 0, 0, 1, 1555470096, 1555470247),
(74, 0, 2, '奔驰维权女车主和西安利之星4S店达成和解协议', '<p>【消费者购买奔驰新车遭遇发动机漏油最新进展：当事双方已达成和解】4月16日晚， W女士（化名）和西安利之星汽车有限公司达成换车补偿等和解协议。</p>\n<p>此外，记者从西安高新区市场监管部门了解到，涉事车辆有关质量问题已进入鉴定程序，该事件涉及的涉嫌违法违规问题，仍将依法依规进行调查处理，结果将及时向社会公布。同时，根据省市部署，将继续开展汽车销售市场经营行为专项整治工作，依法依规净化市场环境、保护消费者合法权益。</p>\n<p><a href=\"https://c.m.163.com/news/s/S1555048489505.html\" target=\"_blank\" rel=\"noopener\">进入专题&gt;&gt;</a></p>\n<p>&nbsp;</p>\n<div class=\"special_tag_wrap\">\n<div class=\"special_tag special_tag_tj\">\n<div class=\"special_tag_ttl\">延伸 &middot; 推荐</div>\n<div class=\"special_tag_cnt\">\n<p><a href=\"https://news.163.com/19/0417/00/ECU57GGU0001899O.html\" target=\"_blank\" rel=\"noopener\">奔驰女车主与4s店和解：换新车退还金融服务费</a></p>\n<p>16日晚，北青报记者从西安市市场监督管理局高新分局刘副局长处获悉，当晚，维权的奔驰车主王女士和西安利之星汽车有限公司已达成换车、补偿等和解协议。</p>\n</div>\n</div>\n</div>\n<p>&nbsp;</p>\n<p>&nbsp;</p>\n<div class=\"special_tag_wrap\">\n<div class=\"special_tag special_tag_hg\">\n<div class=\"special_tag_ttl\">延伸 &middot; 回顾</div>\n<div class=\"special_tag_cnt\">\n<p><a href=\"https://news.163.com/19/0416/21/ECTORA1F0001899O.html\" target=\"_blank\" rel=\"noopener\">奔驰车主维权调查:利之星收3%服务费获利2/3</a></p>\n<p>据税务部门的工作人员介绍，车主所交的&ldquo;金融服务费&rdquo;，实际上是第三方陕西元胜公司派驻在西安利之星4S店的工作人员收取的。</p>\n<p><a href=\"https://news.163.com/19/0416/18/ECTGEMV40001899O.html\" target=\"_self\">奔驰公司:已与车主沟通 将暂停涉事授权店销售运营</a></p>\n<p>针对西安奔驰车漏油、车主维权一事，4月16日下午，北京梅赛德斯-奔驰销售服务有限公司发布情况说明。表示将对相关经销商的经营合规性展开调查。结果明确前，该授权店的销售运营将暂停，立即执行。</p>\n</div>\n</div>\n</div>\n<p class=\"f_center\"><img src=\"http://cms-bucket.ws.126.net/2019/04/17/1f7692db33f6484696660f9d5de82808.jpeg?imageView&amp;thumbnail=550x0\" alt=\"奔驰维权女车主和西安利之星4S店达成和解协议\" /></p>', '', '_blank', 0, 0, 1, 0, 1555470175, 1555678321),
(75, 0, 2, '年后开干！看看同行在悄悄做哪些业务布局？', 'content', 'http://www.baidu.com', '_self', 29, 0, 1, 0, 1511763412, 1555427098),
(76, 0, 2, '免费商标数据监控已发布，开启注册/续展/监控等一站式服务！', 'test', '', '_blank', 0, 0, 0, 1, 1555395705, 1555403694),
(77, 3, 2, '免费商标数据监控已发布，开启注册/续展/监控等一站式服务！', 'test', '', '_blank', 0, 1, 1, 1, 1555395784, 1555403694),
(78, 0, 2, '免费商标数据监控已发布，开启注册/续展/监控等一站式服务！', 'test', '', '_blank', 2, 0, 1, 0, 1555395987, 1555402737),
(79, 3, 2, '【0元体验】企业级分布式应用服务EDAS Serverless版，邀你免费公测！', 'CCC', '', '_blank', 8, 0, 1, 0, 1555396240, 1555427080),
(80, 2, 1, '纳网13周年庆钜惠来袭，域名享1元，主机建站1折起', '<img src=\"http://image.idosend.com/fkImages/13082/Image/137_01.jpg\" width=\"700\" height=\"284\" />&nbsp;<a href=\"http://image.idosend.com/t/dd71037f/9f7e/4cc8/b57a/82ed895aa9a6/2954558-564378.html\" target=\"_blank\" rel=\"noopener\"><img src=\"http://image.idosend.com/fkImages/13082/Image/137_03.jpg\" width=\"651\" height=\"319\" /></a>&nbsp;&nbsp;<a href=\"http://image.idosend.com/t/1722ba26/fc65/4fee/aba9/af2a49cd95fc/2954558-564378.html\" target=\"_blank\" rel=\"noopener\"><img src=\"http://image.idosend.com/fkImages/13082/Image/137_06.jpg\" width=\"651\" height=\"290\" /></a>&nbsp;<a href=\"http://image.idosend.com/t/16cb48d1/9806/4c3e/b4f3/32ef01c8afbc/2954558-564378.html\" target=\"_blank\" rel=\"noopener\"><img src=\"http://image.idosend.com/fkImages/13082/Image/137_08.jpg\" width=\"651\" height=\"250\" /></a>&nbsp;<img src=\"http://image.idosend.com/fkImages/13082/Image/137_10.jpg\" width=\"700\" height=\"111\" />', '', '_blank', 0, 0, 0, 1, 1555470096, 1555470247),
(81, 0, 2, '奔驰维权女车主和西安利之星4S店达成和解协议', '<p>【消费者购买奔驰新车遭遇发动机漏油最新进展：当事双方已达成和解】4月16日晚， W女士（化名）和西安利之星汽车有限公司达成换车补偿等和解协议。</p>\n<p>此外，记者从西安高新区市场监管部门了解到，涉事车辆有关质量问题已进入鉴定程序，该事件涉及的涉嫌违法违规问题，仍将依法依规进行调查处理，结果将及时向社会公布。同时，根据省市部署，将继续开展汽车销售市场经营行为专项整治工作，依法依规净化市场环境、保护消费者合法权益。</p>\n<p><a href=\"https://c.m.163.com/news/s/S1555048489505.html\" target=\"_blank\" rel=\"noopener\">进入专题&gt;&gt;</a></p>\n<p>&nbsp;</p>\n<div class=\"special_tag_wrap\">\n<div class=\"special_tag special_tag_tj\">\n<div class=\"special_tag_ttl\">延伸 &middot; 推荐</div>\n<div class=\"special_tag_cnt\">\n<p><a href=\"https://news.163.com/19/0417/00/ECU57GGU0001899O.html\" target=\"_blank\" rel=\"noopener\">奔驰女车主与4s店和解：换新车退还金融服务费</a></p>\n<p>16日晚，北青报记者从西安市市场监督管理局高新分局刘副局长处获悉，当晚，维权的奔驰车主王女士和西安利之星汽车有限公司已达成换车、补偿等和解协议。</p>\n</div>\n</div>\n</div>\n<p>&nbsp;</p>\n<p>&nbsp;</p>\n<div class=\"special_tag_wrap\">\n<div class=\"special_tag special_tag_hg\">\n<div class=\"special_tag_ttl\">延伸 &middot; 回顾</div>\n<div class=\"special_tag_cnt\">\n<p><a href=\"https://news.163.com/19/0416/21/ECTORA1F0001899O.html\" target=\"_blank\" rel=\"noopener\">奔驰车主维权调查:利之星收3%服务费获利2/3</a></p>\n<p>据税务部门的工作人员介绍，车主所交的&ldquo;金融服务费&rdquo;，实际上是第三方陕西元胜公司派驻在西安利之星4S店的工作人员收取的。</p>\n<p><a href=\"https://news.163.com/19/0416/18/ECTGEMV40001899O.html\" target=\"_self\">奔驰公司:已与车主沟通 将暂停涉事授权店销售运营</a></p>\n<p>针对西安奔驰车漏油、车主维权一事，4月16日下午，北京梅赛德斯-奔驰销售服务有限公司发布情况说明。表示将对相关经销商的经营合规性展开调查。结果明确前，该授权店的销售运营将暂停，立即执行。</p>\n</div>\n</div>\n</div>\n<p class=\"f_center\"><img src=\"http://cms-bucket.ws.126.net/2019/04/17/1f7692db33f6484696660f9d5de82808.jpeg?imageView&amp;thumbnail=550x0\" alt=\"奔驰维权女车主和西安利之星4S店达成和解协议\" /></p>', '', '_blank', 3, 0, 1, 0, 1555470175, 1555678321),
(82, 0, 2, '年后开干！看看同行在悄悄做哪些业务布局？', 'content', 'http://www.baidu.com', '_self', 30, 0, 1, 0, 1511763412, 1555427098),
(83, 0, 2, '免费商标数据监控已发布，开启注册/续展/监控等一站式服务！', 'test', '', '_blank', 0, 0, 0, 1, 1555395705, 1555403694),
(84, 3, 2, '免费商标数据监控已发布，开启注册/续展/监控等一站式服务！', 'test', '', '_blank', 0, 1, 1, 1, 1555395784, 1555403694),
(85, 0, 2, '免费商标数据监控已发布，开启注册/续展/监控等一站式服务！', 'test', '', '_blank', 1, 0, 1, 0, 1555395987, 1555402737),
(86, 3, 2, '【0元体验】企业级分布式应用服务EDAS Serverless版，邀你免费公测！', 'CCC', '', '_blank', 7, 0, 1, 0, 1555396240, 1555427080),
(87, 2, 1, '纳网13周年庆钜惠来袭，域名享1元，主机建站1折起', '<img src=\"http://image.idosend.com/fkImages/13082/Image/137_01.jpg\" width=\"700\" height=\"284\" />&nbsp;<a href=\"http://image.idosend.com/t/dd71037f/9f7e/4cc8/b57a/82ed895aa9a6/2954558-564378.html\" target=\"_blank\" rel=\"noopener\"><img src=\"http://image.idosend.com/fkImages/13082/Image/137_03.jpg\" width=\"651\" height=\"319\" /></a>&nbsp;&nbsp;<a href=\"http://image.idosend.com/t/1722ba26/fc65/4fee/aba9/af2a49cd95fc/2954558-564378.html\" target=\"_blank\" rel=\"noopener\"><img src=\"http://image.idosend.com/fkImages/13082/Image/137_06.jpg\" width=\"651\" height=\"290\" /></a>&nbsp;<a href=\"http://image.idosend.com/t/16cb48d1/9806/4c3e/b4f3/32ef01c8afbc/2954558-564378.html\" target=\"_blank\" rel=\"noopener\"><img src=\"http://image.idosend.com/fkImages/13082/Image/137_08.jpg\" width=\"651\" height=\"250\" /></a>&nbsp;<img src=\"http://image.idosend.com/fkImages/13082/Image/137_10.jpg\" width=\"700\" height=\"111\" />', '', '_blank', 0, 0, 0, 1, 1555470096, 1555470247),
(88, 0, 2, '奔驰维权女车主和西安利之星4S店达成和解协议', '<p>【消费者购买奔驰新车遭遇发动机漏油最新进展：当事双方已达成和解】4月16日晚， W女士（化名）和西安利之星汽车有限公司达成换车补偿等和解协议。</p>\n<p>此外，记者从西安高新区市场监管部门了解到，涉事车辆有关质量问题已进入鉴定程序，该事件涉及的涉嫌违法违规问题，仍将依法依规进行调查处理，结果将及时向社会公布。同时，根据省市部署，将继续开展汽车销售市场经营行为专项整治工作，依法依规净化市场环境、保护消费者合法权益。</p>\n<p><a href=\"https://c.m.163.com/news/s/S1555048489505.html\" target=\"_blank\" rel=\"noopener\">进入专题&gt;&gt;</a></p>\n<p>&nbsp;</p>\n<div class=\"special_tag_wrap\">\n<div class=\"special_tag special_tag_tj\">\n<div class=\"special_tag_ttl\">延伸 &middot; 推荐</div>\n<div class=\"special_tag_cnt\">\n<p><a href=\"https://news.163.com/19/0417/00/ECU57GGU0001899O.html\" target=\"_blank\" rel=\"noopener\">奔驰女车主与4s店和解：换新车退还金融服务费</a></p>\n<p>16日晚，北青报记者从西安市市场监督管理局高新分局刘副局长处获悉，当晚，维权的奔驰车主王女士和西安利之星汽车有限公司已达成换车、补偿等和解协议。</p>\n</div>\n</div>\n</div>\n<p>&nbsp;</p>\n<p>&nbsp;</p>\n<div class=\"special_tag_wrap\">\n<div class=\"special_tag special_tag_hg\">\n<div class=\"special_tag_ttl\">延伸 &middot; 回顾</div>\n<div class=\"special_tag_cnt\">\n<p><a href=\"https://news.163.com/19/0416/21/ECTORA1F0001899O.html\" target=\"_blank\" rel=\"noopener\">奔驰车主维权调查:利之星收3%服务费获利2/3</a></p>\n<p>据税务部门的工作人员介绍，车主所交的&ldquo;金融服务费&rdquo;，实际上是第三方陕西元胜公司派驻在西安利之星4S店的工作人员收取的。</p>\n<p><a href=\"https://news.163.com/19/0416/18/ECTGEMV40001899O.html\" target=\"_self\">奔驰公司:已与车主沟通 将暂停涉事授权店销售运营</a></p>\n<p>针对西安奔驰车漏油、车主维权一事，4月16日下午，北京梅赛德斯-奔驰销售服务有限公司发布情况说明。表示将对相关经销商的经营合规性展开调查。结果明确前，该授权店的销售运营将暂停，立即执行。</p>\n</div>\n</div>\n</div>\n<p class=\"f_center\"><img src=\"http://cms-bucket.ws.126.net/2019/04/17/1f7692db33f6484696660f9d5de82808.jpeg?imageView&amp;thumbnail=550x0\" alt=\"奔驰维权女车主和西安利之星4S店达成和解协议\" /></p>', '', '_blank', 1, 0, 1, 0, 1555470175, 1555678321),
(89, 0, 2, '年后开干！看看同行在悄悄做哪些业务布局？', 'content', 'http://www.baidu.com', '_self', 31, 0, 1, 0, 1511763412, 1555427098),
(90, 0, 2, '免费商标数据监控已发布，开启注册/续展/监控等一站式服务！', 'test', '', '_blank', 0, 0, 0, 1, 1555395705, 1555403694),
(91, 3, 2, '免费商标数据监控已发布，开启注册/续展/监控等一站式服务！', 'test', '', '_blank', 0, 1, 1, 1, 1555395784, 1555403694),
(92, 0, 2, '免费商标数据监控已发布，开启注册/续展/监控等一站式服务！', 'test', '', '_blank', 1, 0, 1, 1, 1555395987, 1555948469),
(93, 3, 2, '【0元体验】企业级分布式应用服务EDAS Serverless版，邀你免费公测！', 'CCC', '', '_blank', 9, 0, 1, 0, 1555396240, 1555427080),
(94, 2, 1, '纳网13周年庆钜惠来袭，域名享1元，主机建站1折起', '<img src=\"http://image.idosend.com/fkImages/13082/Image/137_01.jpg\" width=\"700\" height=\"284\" />&nbsp;<a href=\"http://image.idosend.com/t/dd71037f/9f7e/4cc8/b57a/82ed895aa9a6/2954558-564378.html\" target=\"_blank\" rel=\"noopener\"><img src=\"http://image.idosend.com/fkImages/13082/Image/137_03.jpg\" width=\"651\" height=\"319\" /></a>&nbsp;&nbsp;<a href=\"http://image.idosend.com/t/1722ba26/fc65/4fee/aba9/af2a49cd95fc/2954558-564378.html\" target=\"_blank\" rel=\"noopener\"><img src=\"http://image.idosend.com/fkImages/13082/Image/137_06.jpg\" width=\"651\" height=\"290\" /></a>&nbsp;<a href=\"http://image.idosend.com/t/16cb48d1/9806/4c3e/b4f3/32ef01c8afbc/2954558-564378.html\" target=\"_blank\" rel=\"noopener\"><img src=\"http://image.idosend.com/fkImages/13082/Image/137_08.jpg\" width=\"651\" height=\"250\" /></a>&nbsp;<img src=\"http://image.idosend.com/fkImages/13082/Image/137_10.jpg\" width=\"700\" height=\"111\" />', '', '_blank', 0, 0, 0, 1, 1555470096, 1555470247),
(95, 0, 2, '奔驰维权女车主和西安利之星4S店达成和解协议', '<p>【消费者购买奔驰新车遭遇发动机漏油最新进展：当事双方已达成和解】4月16日晚， W女士（化名）和西安利之星汽车有限公司达成换车补偿等和解协议。</p>\n<p>此外，记者从西安高新区市场监管部门了解到，涉事车辆有关质量问题已进入鉴定程序，该事件涉及的涉嫌违法违规问题，仍将依法依规进行调查处理，结果将及时向社会公布。同时，根据省市部署，将继续开展汽车销售市场经营行为专项整治工作，依法依规净化市场环境、保护消费者合法权益。</p>\n<p><a href=\"https://c.m.163.com/news/s/S1555048489505.html\" target=\"_blank\" rel=\"noopener\">进入专题&gt;&gt;</a></p>\n<p>&nbsp;</p>\n<div class=\"special_tag_wrap\">\n<div class=\"special_tag special_tag_tj\">\n<div class=\"special_tag_ttl\">延伸 &middot; 推荐</div>\n<div class=\"special_tag_cnt\">\n<p><a href=\"https://news.163.com/19/0417/00/ECU57GGU0001899O.html\" target=\"_blank\" rel=\"noopener\">奔驰女车主与4s店和解：换新车退还金融服务费</a></p>\n<p>16日晚，北青报记者从西安市市场监督管理局高新分局刘副局长处获悉，当晚，维权的奔驰车主王女士和西安利之星汽车有限公司已达成换车、补偿等和解协议。</p>\n</div>\n</div>\n</div>\n<p>&nbsp;</p>\n<p>&nbsp;</p>\n<div class=\"special_tag_wrap\">\n<div class=\"special_tag special_tag_hg\">\n<div class=\"special_tag_ttl\">延伸 &middot; 回顾</div>\n<div class=\"special_tag_cnt\">\n<p><a href=\"https://news.163.com/19/0416/21/ECTORA1F0001899O.html\" target=\"_blank\" rel=\"noopener\">奔驰车主维权调查:利之星收3%服务费获利2/3</a></p>\n<p>据税务部门的工作人员介绍，车主所交的&ldquo;金融服务费&rdquo;，实际上是第三方陕西元胜公司派驻在西安利之星4S店的工作人员收取的。</p>\n<p><a href=\"https://news.163.com/19/0416/18/ECTGEMV40001899O.html\" target=\"_self\">奔驰公司:已与车主沟通 将暂停涉事授权店销售运营</a></p>\n<p>针对西安奔驰车漏油、车主维权一事，4月16日下午，北京梅赛德斯-奔驰销售服务有限公司发布情况说明。表示将对相关经销商的经营合规性展开调查。结果明确前，该授权店的销售运营将暂停，立即执行。</p>\n</div>\n</div>\n</div>\n<p class=\"f_center\"><img src=\"http://cms-bucket.ws.126.net/2019/04/17/1f7692db33f6484696660f9d5de82808.jpeg?imageView&amp;thumbnail=550x0\" alt=\"奔驰维权女车主和西安利之星4S店达成和解协议\" /></p>', '', '_blank', 3, 0, 1, 0, 1555470175, 1555678321),
(96, 0, 2, '年后开干！看看同行在悄悄做哪些业务布局？', 'content', 'http://www.baidu.com', '_self', 31, 0, 1, 0, 1511763412, 1555427098),
(97, 0, 2, '免费商标数据监控已发布，开启注册/续展/监控等一站式服务！', 'test', '', '_blank', 0, 0, 0, 1, 1555395705, 1555403694),
(98, 3, 2, '免费商标数据监控已发布，开启注册/续展/监控等一站式服务！', 'test', '', '_blank', 0, 1, 1, 1, 1555395784, 1555403694),
(99, 0, 2, '免费商标数据监控已发布，开启注册/续展/监控等一站式服务！', 'test', '', '_blank', 2, 0, 1, 0, 1555395987, 1555402737),
(100, 3, 2, '【0元体验】企业级分布式应用服务EDAS Serverless版，邀你免费公测！', 'CCC', '', '_blank', 8, 0, 1, 0, 1555396240, 1555427080);
INSERT INTO `donkey_message` (`message_id`, `type`, `member`, `title`, `content`, `url`, `target`, `page_views`, `is_top`, `status`, `is_delete`, `create_time`, `update_time`) VALUES
(101, 2, 1, '纳网13周年庆钜惠来袭，域名享1元，主机建站1折起', '<img src=\"http://image.idosend.com/fkImages/13082/Image/137_01.jpg\" width=\"700\" height=\"284\" />&nbsp;<a href=\"http://image.idosend.com/t/dd71037f/9f7e/4cc8/b57a/82ed895aa9a6/2954558-564378.html\" target=\"_blank\" rel=\"noopener\"><img src=\"http://image.idosend.com/fkImages/13082/Image/137_03.jpg\" width=\"651\" height=\"319\" /></a>&nbsp;&nbsp;<a href=\"http://image.idosend.com/t/1722ba26/fc65/4fee/aba9/af2a49cd95fc/2954558-564378.html\" target=\"_blank\" rel=\"noopener\"><img src=\"http://image.idosend.com/fkImages/13082/Image/137_06.jpg\" width=\"651\" height=\"290\" /></a>&nbsp;<a href=\"http://image.idosend.com/t/16cb48d1/9806/4c3e/b4f3/32ef01c8afbc/2954558-564378.html\" target=\"_blank\" rel=\"noopener\"><img src=\"http://image.idosend.com/fkImages/13082/Image/137_08.jpg\" width=\"651\" height=\"250\" /></a>&nbsp;<img src=\"http://image.idosend.com/fkImages/13082/Image/137_10.jpg\" width=\"700\" height=\"111\" />', '', '_blank', 0, 0, 0, 1, 1555470096, 1555470247),
(102, 0, 2, '奔驰维权女车主和西安利之星4S店达成和解协议', '<p>【消费者购买奔驰新车遭遇发动机漏油最新进展：当事双方已达成和解】4月16日晚， W女士（化名）和西安利之星汽车有限公司达成换车补偿等和解协议。</p>\n<p>此外，记者从西安高新区市场监管部门了解到，涉事车辆有关质量问题已进入鉴定程序，该事件涉及的涉嫌违法违规问题，仍将依法依规进行调查处理，结果将及时向社会公布。同时，根据省市部署，将继续开展汽车销售市场经营行为专项整治工作，依法依规净化市场环境、保护消费者合法权益。</p>\n<p><a href=\"https://c.m.163.com/news/s/S1555048489505.html\" target=\"_blank\" rel=\"noopener\">进入专题&gt;&gt;</a></p>\n<p>&nbsp;</p>\n<div class=\"special_tag_wrap\">\n<div class=\"special_tag special_tag_tj\">\n<div class=\"special_tag_ttl\">延伸 &middot; 推荐</div>\n<div class=\"special_tag_cnt\">\n<p><a href=\"https://news.163.com/19/0417/00/ECU57GGU0001899O.html\" target=\"_blank\" rel=\"noopener\">奔驰女车主与4s店和解：换新车退还金融服务费</a></p>\n<p>16日晚，北青报记者从西安市市场监督管理局高新分局刘副局长处获悉，当晚，维权的奔驰车主王女士和西安利之星汽车有限公司已达成换车、补偿等和解协议。</p>\n</div>\n</div>\n</div>\n<p>&nbsp;</p>\n<p>&nbsp;</p>\n<div class=\"special_tag_wrap\">\n<div class=\"special_tag special_tag_hg\">\n<div class=\"special_tag_ttl\">延伸 &middot; 回顾</div>\n<div class=\"special_tag_cnt\">\n<p><a href=\"https://news.163.com/19/0416/21/ECTORA1F0001899O.html\" target=\"_blank\" rel=\"noopener\">奔驰车主维权调查:利之星收3%服务费获利2/3</a></p>\n<p>据税务部门的工作人员介绍，车主所交的&ldquo;金融服务费&rdquo;，实际上是第三方陕西元胜公司派驻在西安利之星4S店的工作人员收取的。</p>\n<p><a href=\"https://news.163.com/19/0416/18/ECTGEMV40001899O.html\" target=\"_self\">奔驰公司:已与车主沟通 将暂停涉事授权店销售运营</a></p>\n<p>针对西安奔驰车漏油、车主维权一事，4月16日下午，北京梅赛德斯-奔驰销售服务有限公司发布情况说明。表示将对相关经销商的经营合规性展开调查。结果明确前，该授权店的销售运营将暂停，立即执行。</p>\n</div>\n</div>\n</div>\n<p class=\"f_center\"><img src=\"http://cms-bucket.ws.126.net/2019/04/17/1f7692db33f6484696660f9d5de82808.jpeg?imageView&amp;thumbnail=550x0\" alt=\"奔驰维权女车主和西安利之星4S店达成和解协议\" /></p>', '', '_blank', 5, 0, 1, 0, 1555470175, 1555678321),
(103, 0, 2, 'test', 'test', '', '_blank', 0, 0, 0, 1, 1556018859, 1556018863),
(104, 0, 2, '全景视觉起诉微博用户使用\"孔子画像\"索赔万元 遭法院驳回', '<div>\n<p><img title=\"版权 (2)(1)\" src=\"https://upload.chinaz.com/picmap/201904150932294132_5.jpg\" alt=\"版权 (2)(1)\" /></p>\n<p>图片版权所属：站长之家</p>\n<p><strong>站长之家(ChinaZ.com) 4月23日 消息:</strong>据新京报报道，日前，广州越秀区人民法院发布了一份涉知识产权的白皮书。其中一起典型案例中，原告全景视觉起诉一公司称，对方的微博用了其图库中的孔子画像摄影图片，要求对方停止侵权、公开赔礼道歉、赔偿经济损失 1 万元。</p>\n<p>对此，越秀法院审理认为，该拍摄过程和拍摄成果，不具有新的艺术性和审美意义。涉案照片不具有独创性，不属于受著作权法保护的作品，故驳回全部诉讼请求。</p>\n<br /><br />著作权归作者所有。<br />商业转载请联系作者获得授权，非商业转载请注明出处。<br />作者：站长之家编辑 <br />链接：https://www.chinaz.com/2019/0423/1011401.shtml <br />来源：站长之家</div>', '', '_blank', 2, 1, 1, 0, 1556031118, 1556031118),
(105, 1, 2, 'OPPO签约温网5年背后：全球市场一盘棋', '<div>\n<p><img title=\"Oppo logo\" src=\"https://upload.chinaz.com/picmap/201811191339516597_0.jpg\" alt=\"Oppo logo\" /></p>\n<p>图片版权所属：站长之家</p>\n<p>崔玉贤/文</p>\n<p>进入 2019 年，正当市场对今年手机市场略显悲观的时候，OPPO却&ldquo;逆周期&rdquo;地频频操作：先是发布全球统一全新品牌标志，后又发布全新产品系列Reno;今天更是携手了一项全球顶级赛事IP：温布尔登网球锦标赛，也就是大家俗称的&ldquo;温网&rdquo;。</p>\n<p>英国时间 4 月 25 日(北京时间 4 月 26 日)， OPPO与全英草地网球俱乐部在温布尔登共同宣布，OPPO正式成为温布尔登网球锦标赛全球合作伙伴，也是温网全球唯一的手机行业合作伙伴和唯一的亚洲合作伙伴。</p>\n<p>温网是目前全球最悠久的网球赛事，虽历经百年，仍有着无限生机，也被称为最纯洁、最优雅的大满贯赛事，因为你在温网看不到铺天盖地的赞助商标识，仿佛这些赞助商来到了温网，也透露一丝优雅的气息。在即将到来的 2019 赛季，你将会看到OPPO与劳力士、捷豹、IBM等品牌一同出现在温网赛程。</p>\n<p><strong>四个月努力撬动温网 双方一拍即合</strong></p>\n<p>根据双方透露，OPPO与温网达成了 5 年的合作关系，双方将会有深度的内容共创，包括定制化的内容，以及在转播中出现的OPPO Moment捕捉精彩比赛瞬间和品牌展现。此外，有一个合作细节十分值得留意，双方合作特别为温网特别设立了&ldquo;OPPO突破明星奖&rdquo;，用以褒奖那些才华横溢的年轻球员，不禁让人联想起OPPO一直倡导的&ldquo;大胆启用年轻人&rdquo;。</p>\n<p>双方之所以能够成功牵手，温网看重的是OPPO在新千禧一代中的影响力。事实上，温网近些年来自身也一直在寻求突破，从其&ldquo;In Pursuit of Greatness&rdquo;(追逐伟大)的宣传主题即可以看出，此次或许可以看作温网希望通过与OPPO这样一个年轻科技品牌，能够给这个百年品牌带来更多活力。</p>\n<p>这样重量级别的合作，肯定并非一夜之间达成。当网易科技向OPPO相关人员处了解双方合作细节时，OPPO方面表示&ldquo;我们了解、接触了将近 4 个月，最终达成了合作。&rdquo;此外，OPPO还透露，双方从初次见面时就有了合作意向，并最终顺利达成此次合作。</p>\n<p>由此可见，OPPO在产品之外的品牌维度，已经在全球慢慢被认可;而对于OPPO来说，选择温网可以看做成其将全球视为一个市场的商业哲学背后，进一步开拓海外市场的重要举措。</p>\n<p><strong>全球市场一盘棋 渐变之后的&ldquo;新OPPO&rdquo;</strong></p>\n<p>早在十年前，OPPO就开始了海外市场的征途。十年时间，业务发展成绩得到了行业内外的肯定，现在已经覆盖了已经覆盖了全球 40 多个国家和地区，并在去年进入欧洲市场。</p>\n<p>在屡次面对媒体关于OPPO如何看待海外和中国市场时候，OPPO副总裁沈义人总是这样对媒体说：&ldquo;对我们来说并没有所谓的海外市场和中国市场之分，因为我们始终把全球当做一个市场对待。&rdquo;</p>\n<p>今年是OPPO自己界定的手机业务新十年第一年，OPPO以品牌国际化，运营本地化两者协同，继续将全球为同一个市场，加速全球化品牌建设的步伐。与温网合作，毫无疑问是OPPO&ldquo;全球一个市场&rdquo;策略的新体现。</p>\n<p>除此之外，为了更好的面对这个全球市场，就有了开篇的内容，新的品牌标识、新的产品系列、甚至是新的字体。在北京的朋友，有时间可以去转转OPPO北京超级旗舰店，相信你会有&ldquo;耳目一新&rdquo;的感觉。</p>\n<p><strong>手机厂商&ldquo;出海&rdquo;凭什么? Glocal是&ldquo;指南针&rdquo;</strong></p>\n<p>熟悉手机行业的一定知道，国内手机市场整体发展近年来逐步放缓，并在近两年呈现下跌趋势。分析机构IDC的数据显示， 2018 年全年国内智能机整体市场出货量下滑超过10%。在国内手机市场容量接近天花板时，中国手机厂商纷纷将视线移向海外，品牌走出去、产品走出去、从而寻求让业务长上去。</p>\n<p>根据WPP联合Google发布的《 2019 年BrandZ中国出海品牌 50 强报告》显示，国产品牌在国外影响力比较高的几乎都是科技品牌，而且很多都是手机厂商：华为、OPPO、小米、一加等等。为了维持和加强各自品牌在海外市场的表现，各家厂商一刻不停。这其中，OPPO用不同于国内的发展路径，率先打响了开门红。</p>\n<div id=\"ad_1104309\" class=\"otherContent_01\">&nbsp;</div>\n<p>回顾OPPO在国内的发展路径，主要是通过产品和品牌同步驱动OPPO品牌发展。让消费者通过对产品的认知，产生对OPPO品牌的认知。而在国外市场，OPPO高举高打，利用品牌先行率先树立OPPO的品牌形象。从去年在法国举办发布会，到今年在西班牙举办创新大会，OPPO正在主动向外媒释放企业先进的技术和产品信息，以塑造自身的科技品牌形象。</p>\n<p>&nbsp;</p>\n<p>但不得不承认的是，中国的品牌走上全球舞台时候，似乎我们的企业品牌总是&ldquo;犹抱琵琶半遮面&rdquo;，海外市场似乎认识，又似乎不认识。正因为如此，OPPO大刀阔斧在全球范围内统一更新了品牌视觉，用全新的视觉风格，演绎出OPPO更科技感、更现代的品牌形象。而爆款R系列停止更新，新系列Reno登上舞台，正是面向全球消费者专门设计的一款产品，让消费者对从品牌、产品都有一个统一的认识重要举措。</p>\n<p>回到温网上来，温网曾表示，赛事的合作伙伴要完全符合自己的品牌气质，并且总数不会超过 15 个。对于公认的&ldquo;全球体育大IP&rdquo;，OPPO携手温网，可以说是其&ldquo;Glocal&rdquo;策略，即&ldquo;品牌国际化，运营本地化&rdquo;策略的重要实践。</p>\n<br /><br />著作权归作者所有。<br />商业转载请联系作者获得授权，非商业转载请注明出处。<br />作者：站长之家编辑 <br />链接：https://www.chinaz.com/news/2019/0426/1012456.shtml <br />来源：站长之家</div>', '', '_blank', 1, 1, 1, 0, 1556295190, 1556295215),
(106, 0, 2, '消息发送测试', '消息发送测试', '', '_blank', 1, 0, 1, 1, 1557157761, 1557158463),
(107, 1, 2, '消息发布', '消息发布消息发布消息发布消息发布消息发布', '', '_blank', 1, 0, 1, 1, 1557158344, 1557158463),
(108, 0, 2, 'valvalvalvalval', 'valvalvalvalval', '', '_blank', 1, 0, 1, 1, 1557158504, 1557158573),
(109, 0, 2, 'valvalvalvalval', 'valvalvalval', '', '_blank', 1, 0, 1, 1, 1557158530, 1557158573),
(110, 3, 2, '11111111111111', '11111111111111', '', '_blank', 0, 0, 1, 1, 1557158584, 1557158610),
(111, 3, 2, '《控制》工作室回应Xbox玩家出离愤怒：PS4独占内容不会很久', '<p>此前，我们曾经报道过，由于Remedy工作室的新作《<a href=\"https://www.3dmgame.com/games/control/\" target=\"_blank\" rel=\"noopener\">控制</a>》在PS4上过多的独占内容，<a href=\"https://www.3dmgame.com/news/201904/3759806.html\" target=\"_blank\" rel=\"noopener\">Xbox玩家们在Reddit上出离愤怒</a>。近日，Remedy工作室的公关主管Thomas Puha在与外媒Wccftech的交谈中，被问到了《控制》PS4独占内容时长的问题，Thomas Puha表示，Xbox和PC玩家不会等很久的。</p>\n<p align=\"center\"><img src=\"https://img.3dmgame.com/uploads/images/news/20190516/1557969063_467978.jpg\" alt=\"《控制》工作室回应Xbox玩家出离愤怒：PS4独占内容不会很久\" /></p>\n<p>在与外媒Wccftech的交谈中，被问及PS4独占内容将会持续多久时，Remedy工作室的公关主管Thomas Puha说：&ldquo;PS4数字豪华版《控制》确实有一个独占任务，季票内容也与它紧密相连。但除了一个特定服装、一些直线任务和数字主题之外，剩下的内容全平台都是一样的。而且全平台也都支持季票，我不能准确地告诉大家PS4会独占这些内容多长时间，但是不会很久的。大家要知道，我们这些人在Remedy里也是消费者，大家玩到游戏的核心部分都是一样的，再者发行商们会因为一些商业原因做一些决定。&rdquo;</p>\n<p>虽然Remedy工作室的公关主管Thomas Puha表示，PS4的独占内容不会持续很久，但他似乎也暗示过多独占内容这件事不是由Remedy决定的，所以现在还还不确定。</p>\n<p>Remedy新作《控制》将于2019年8月27日发售，登陆PS4/Xbox One和PC平台，PC版将由Epic独占一年。</p>', '', '_blank', 6, 0, 1, 0, 1557970318, 1557970318),
(112, 3, 2, 'ofo欠债2.5亿多名高管成老赖 法院:已无可执行财产', '<p class=\"otitle\">（原标题：15楼财经 | 2.5亿标的无法执行曝光ofo秘密 法院：名下已&ldquo;无财产&rdquo;）</p>\n<p>&nbsp;</p>\n<p>日前，一份来自天津市高级人民法院的裁判文书显示，天津富士达自行车工业有限公司（天津富士达）因买卖合同纠纷向ofo的运营主体东峡大通（北京）管理咨询有限公司申请执行2.5亿的标的。不过，法院认定，ofo已&ldquo;无财产&rdquo;，其名下无房产及土地使用权、无对外投资、无车辆，虽开设了银行账户，但已被其他法院冻结或账户无余额。此前，ofo的多名管理人员包括陈正江、戴威、杨品杰、陈婧等已被作为失信被执行人限制高消费。</p>\n<p><strong>现状</strong></p>\n<p><strong>法院认定ofo名下已无可供执行财产</strong></p>\n<p class=\"f_center\"><img src=\"http://cms-bucket.ws.126.net/2019/06/18/8cd8fd8b20cb47068b94e8116557549e.jpeg\" alt=\"ofo欠债2.5亿多名高管成老赖 法院:已无可执行财产\" width=\"600\" height=\"400\" /></p>\n<p>今年，天津市高级人民法院曾作出调解，天津富士达与东峡大通的一份民事调解书已经发生法律效力。不过，因东峡大通迟迟不履行义务，天津富士达向天津市高级人民法院申请执行。申请执行标的为人民币2.498亿元。</p>\n<p>法院在裁定书中表示，ofo方面向法院报告了财产，其名下无房产及土地使用权、无对外投资、无车辆，虽开设了银行账户，但已被其他法院冻结或账户无余额。</p>\n<p>通过最高人民法院&ldquo;总对总&rdquo;查控系统对被执行人名下财产进行了查询，系统反馈查询信息为&ldquo;无财产&rdquo;。到被执行人住所地的不动产登记部门、市场监督管理部门、公安车辆管理部门进行传统查控，被执行人名下无可供执行财产。申请执行人亦无被执行人的财产线索提供，本院亦已对被执行人申报的财产进行核对，无财产可供执行，本院已向被执行人发出限制消费令。</p>\n<p>最终，法院裁定终结本次执行程序。申请执行人发现被执行人有可供执行财产的，可以再次申请执行。</p>\n<p><strong>动态</strong></p>\n<p><strong>ofo法定代表人因不履行12万元判决被限制出境</strong></p>\n<p class=\"f_center\"><img src=\"http://cms-bucket.ws.126.net/2019/06/18/a0742147fb3a42b99e99226c29e469a1.jpeg\" alt=\"ofo欠债2.5亿多名高管成老赖 法院:已无可执行财产\" width=\"600\" height=\"400\" /></p>\n<p>6月12日，来自上海市高级人民法院网的信息显示，被执行人东峡大通（北京）管理咨询有限公司，因不履行法律文书确定的义务，法院已依法限制其影响债务履行的直接责任人陈正江出境。并请执行联动机制成员单位，基层协助执行网络成员和社会公众协助法院执行。</p>\n<p>陈正江是东峡大通公司的法定代表人，同时还担任东峡大通全资子公司成都智客出行科技有限公司的法定代表人。</p>\n<p>案件信息显示，该案案号为（2019）沪0110执1121号，申请执行人为仵金科，执行标的为12万元，失信被执行人行为具体情形为：有履行能力而拒不履行生效法律文书确定义务。北青报记者从企查查看到，2018年8月和12月，仵金科与东峡大通（北京）管理咨询有限公司因生命权、健康权、身体权纠纷两次开庭。</p>\n<p><strong>发现</strong></p>\n<p><strong>东峡大通170条执行文书 一个月标的超6000万</strong></p>\n<p class=\"f_center\"><img src=\"http://cms-bucket.ws.126.net/2019/06/18/c6c925ac3d7c491a86098313f866bca3.jpeg\" alt=\"ofo欠债2.5亿多名高管成老赖 法院:已无可执行财产\" width=\"600\" height=\"381\" /></p>\n<p>北青报记者看到，目前在中国执行信息公开网上，东峡大通公司相关的执行文书有170条，大部分的执行时间都在2019年1月以后，被执行标的金额十分巨大。仅今年5月，东峡大通就收到来自北京海淀、北京朝阳、北京丰台、杭州市、天津市、厦门市、上海市等多个法院的近20件执行文书。仅一个月的执行标的，就超过6000万元。</p>\n<p>同时，东峡大通被冻结股权标的6起，被冻结股权超过1700万元。不过，东峡大通(北京)管理咨询有限公司的注册资本达到150000万美元，也就是15亿美元。</p>\n<p><strong>聚焦</strong></p>\n<p><strong>包括ofo创始人戴威在内多名高管成失信被执行人</strong></p>\n<p class=\"f_center\"><img src=\"http://cms-bucket.ws.126.net/2019/06/18/b8c059ebe80a49cdb3b6872635740c4c.jpeg\" alt=\"ofo欠债2.5亿多名高管成老赖 法院:已无可执行财产\" width=\"600\" height=\"400\" /></p>\n<p>在中国执行信息公开网上，陈正江本人已有16条被列为失信人被限制高消费的信息。</p>\n<p>北青报记者还发现，ofo的多名主要管理人员也都被列入了失信被执行人。创始人戴威有16条被列为执行人被限制高消费的信息；ofo联合创始人杨品杰、ofo总经理陈婧也于2019年4月30日被列入失信被执行人。</p>\n<p>按照规定，被采取限制消费措施后，不得有以下高消费及非生活和工作必需的消费行为：乘坐交通工具时，选择飞机、列车软卧、轮船二等以上舱位；在星级以上宾馆、酒店、夜总会、高尔夫球场等场所进行高消费；购买不动产或者新建、扩建、高档装修房屋；租赁高档写字楼、宾馆、公寓等场所办公；购买非经营必需车辆；旅游、度假；子女就读高收费私立学校；支付高额保费购买保险理财产品；乘坐G字头动车组列车全部座位、其他动车组列车一等以上座位等其他非生活和工作必需的消费行为。</p>', '', '_blank', 0, 0, 0, 0, 1560868254, 1560868254),
(113, 2, 2, '光荣《三国志14》曝光 将于今冬登陆PS4/PC', '<h1 class=\"bt\">光荣《三国志14》曝光 将于今冬登陆PS4/PC</h1>', 'https://www.3dmgame.com/news/201907/3767861.html', '_blank', 1, 0, 1, 1, 1564498784, 1564499402),
(114, 2, 2, '光荣《三国志14》曝光 将于今冬登陆PS4/PC', '<h1 class=\"bt\">光荣《三国志14》曝光 将于今冬登陆PS4/PC</h1>', 'https://www.3dmgame.com/news/201907/3767861.html', '_blank', 4, 1, 1, 0, 1564499439, 1564499439);

DROP TABLE IF EXISTS `donkey_message_user`;
CREATE TABLE `donkey_message_user` (
  `message_user_id` int(11) UNSIGNED NOT NULL,
  `message_id` int(11) UNSIGNED NOT NULL DEFAULT '0' COMMENT '对应message表',
  `user_id` int(11) UNSIGNED DEFAULT NULL COMMENT '对应user表',
  `admin_id` int(11) UNSIGNED DEFAULT NULL COMMENT '对应admin表',
  `is_read` tinyint(1) NOT NULL DEFAULT '0' COMMENT '0=未读 1=已读',
  `is_delete` tinyint(1) NOT NULL DEFAULT '0' COMMENT '0=未删 1=已删',
  `create_time` int(11) NOT NULL DEFAULT '0' COMMENT '创建日期'
) ENGINE=InnoDB DEFAULT CHARSET=utf8mb4 COLLATE=utf8mb4_unicode_ci COMMENT='用户消息通知';

INSERT INTO `donkey_message_user` (`message_user_id`, `message_id`, `user_id`, `admin_id`, `is_read`, `is_delete`, `create_time`) VALUES
(1, 100, NULL, 1, 1, 0, 1557190419),
(2, 93, NULL, 1, 1, 0, 1557190423),
(3, 86, NULL, 1, 1, 0, 1557190538),
(4, 79, NULL, 1, 1, 0, 1557190541),
(5, 72, NULL, 1, 1, 0, 1557190546),
(6, 96, NULL, 1, 1, 0, 1557240729),
(7, 99, NULL, 1, 1, 0, 1557240738),
(8, 89, NULL, 1, 1, 0, 1557240744),
(9, 102, NULL, 1, 1, 0, 1557538006),
(10, 111, NULL, 1, 1, 0, 1557970370),
(11, 104, NULL, 1, 0, 1, 1559231135),
(12, 105, NULL, 1, 0, 1, 1559231135),
(13, 25, NULL, 1, 1, 0, 1559231146),
(14, 21, NULL, 1, 1, 0, 1560842833),
(15, 13, NULL, 1, 1, 0, 1564498651),
(16, 10, NULL, 1, 1, 0, 1564498655),
(17, 113, NULL, 1, 1, 0, 1564498796),
(18, 95, NULL, 1, 1, 0, 1564499102),
(19, 81, NULL, 1, 1, 0, 1571102846),
(20, 88, NULL, 1, 1, 0, 1575251025),
(21, 114, NULL, 1, 1, 0, 1577623699),
(22, 65, NULL, 1, 1, 0, 1585147172);

DROP TABLE IF EXISTS `donkey_navigation`;
CREATE TABLE `donkey_navigation` (
  `navigation_id` smallint(5) UNSIGNED NOT NULL,
  `name` varchar(100) COLLATE utf8mb4_unicode_ci NOT NULL COMMENT '名称',
  `url` varchar(255) COLLATE utf8mb4_unicode_ci NOT NULL COMMENT '链接',
  `target` enum('_self','_blank') COLLATE utf8mb4_unicode_ci NOT NULL DEFAULT '_self' COMMENT '_self _blank',
  `sort` tinyint(3) UNSIGNED NOT NULL DEFAULT '50' COMMENT '排序',
  `status` tinyint(1) NOT NULL DEFAULT '1' COMMENT '0=禁用 1=启用'
) ENGINE=InnoDB DEFAULT CHARSET=utf8mb4 COLLATE=utf8mb4_unicode_ci COMMENT='导航';

INSERT INTO `donkey_navigation` (`navigation_id`, `name`, `url`, `target`, `sort`, `status`) VALUES
(4, '秒杀', 'index/goods/info', '_self', 5, 1),
(5, '优惠劵', 'index/goods/info', '_self', 50, 1),
(6, '闪购', 'index/goods/info', '_self', 15, 1),
(7, '拍卖', 'index/goods/info', '_self', 50, 1),
(8, '超市', 'index/goods/info', '_self', 50, 1),
(9, '生鲜', 'index/goods/info', '_self', 10, 1),
(10, '旅游', 'index/goods/info', '_blank', 50, 1),
(11, '特惠', 'index/goods/info', '_blank', 50, 1);

DROP TABLE IF EXISTS `donkey_notice_item`;
CREATE TABLE `donkey_notice_item` (
  `notice_item_id` smallint(5) UNSIGNED NOT NULL,
  `item_name` varchar(30) COLLATE utf8mb4_unicode_ci NOT NULL COMMENT '名称',
  `replace_name` varchar(50) COLLATE utf8mb4_unicode_ci NOT NULL COMMENT '替换变量',
  `type` tinyint(1) UNSIGNED NOT NULL COMMENT '通知类型'
) ENGINE=InnoDB DEFAULT CHARSET=utf8mb4 COLLATE=utf8mb4_unicode_ci COMMENT='通知系统可用变量';

INSERT INTO `donkey_notice_item` (`notice_item_id`, `item_name`, `replace_name`, `type`) VALUES
(1, '{验证码}', 'number', 0),
(2, '{商城名称}', 'shop_name', 1),
(3, '{用户账号}', 'user_name', 1),
(4, '{用户昵称}', 'nick_name', 1),
(5, '{商城名称}', 'shop_name', 2),
(6, '{用户账号}', 'user_name', 2),
(7, '{用户昵称}', 'nick_name', 2),
(8, '{充值金额}', 'recharge_money', 2),
(9, '{商城名称}', 'shop_name', 3),
(10, '{用户账号}', 'user_name', 3),
(11, '{用户昵称}', 'nick_name', 3),
(12, '{主订单号}', 'order_no', 3),
(13, '{订单金额}', 'order_money', 3),
(14, '{商城名称}', 'shop_name', 4),
(15, '{用户账号}', 'user_name', 4),
(16, '{用户昵称}', 'nick_name', 4),
(17, '{主订单号}', 'order_no', 4),
(18, '{订单金额}', 'order_money', 4),
(19, '{商品金额}', 'goods_money', 4),
(20, '{商城名称}', 'shop_name', 5),
(21, '{用户账号}', 'user_name', 5),
(22, '{用户昵称}', 'nick_name', 5),
(23, '{主订单号}', 'order_no', 5),
(24, '{订单金额}', 'order_money', 5),
(25, '{商品金额}', 'goods_money', 5),
(26, '{商城名称}', 'shop_name', 6),
(27, '{用户账号}', 'user_name', 6),
(28, '{用户昵称}', 'nick_name', 6),
(29, '{主订单号}', 'order_no', 6),
(30, '{订单金额}', 'order_money', 6),
(31, '{商品金额}', 'goods_money', 6),
(32, '{商品名称}', 'goods_name', 6),
(33, '{快递公司}', 'delivery_name', 6),
(34, '{快递单号}', 'logistic_code', 6);

DROP TABLE IF EXISTS `donkey_notice_tpl`;
CREATE TABLE `donkey_notice_tpl` (
  `notice_tpl_id` smallint(5) UNSIGNED NOT NULL,
  `name` varchar(30) COLLATE utf8mb4_unicode_ci NOT NULL COMMENT '模板名称',
  `code` varchar(10) COLLATE utf8mb4_unicode_ci NOT NULL COMMENT '通知系统编码',
  `type` tinyint(1) UNSIGNED NOT NULL COMMENT '通知类型',
  `sms_code` varchar(20) COLLATE utf8mb4_unicode_ci NOT NULL DEFAULT '' COMMENT '阿里云短信模板编号',
  `title` varchar(255) COLLATE utf8mb4_unicode_ci NOT NULL DEFAULT '' COMMENT '标题或签名',
  `template` text COLLATE utf8mb4_unicode_ci NOT NULL COMMENT '模板',
  `status` tinyint(1) NOT NULL DEFAULT '1' COMMENT '0=禁用 1=启用'
) ENGINE=InnoDB DEFAULT CHARSET=utf8mb4 COLLATE=utf8mb4_unicode_ci COMMENT='通知系统模板';

INSERT INTO `donkey_notice_tpl` (`notice_tpl_id`, `name`, `code`, `type`, `sms_code`, `title`, `template`, `status`) VALUES
(1, '通用验证', 'sms', 0, 'SMS_78725049', '欧瑞', '您的验证码是{验证码}，在5分钟内有效。如非本人操作请忽略本信息。', 1),
(2, '注册成功', 'sms', 1, 'SMS_78725049', '欧瑞', '尊敬的{用户昵称}先生/女士，您在{商城名称}注册的账号 {用户账号} 已成为我商城会员。', 1),
(3, '充值成功', 'sms', 2, 'SMS_78725049', '欧瑞', '尊敬的{用户昵称}，您已成功充值{充值金额}！如您还有疑问，请与客服人员联系。', 1),
(4, '确认订单', 'sms', 3, 'SMS_78725049', '欧瑞', '尊敬的{用户昵称}，您在{商城名称}创建的订单已确认。订单号：{主订单号}，订单金额：{订单金额}', 1),
(5, '付款成功', 'sms', 4, '', '', '', 1),
(6, '下单成功', 'sms', 5, '', '', '', 1),
(7, '订单发货', 'sms', 6, '', '', '', 1),
(8, '通用验证', 'email', 0, '', '注册验证码', '您的验证码是{验证码}，在5分钟内有效。如非本人操作请忽略本信息。', 1),
(9, '注册成功', 'email', 1, '', '注册成功', '尊敬的{用户昵称}先生/女士，您在{商城名称}注册的账号 {用户账号} 已成为我商城会员。', 1),
(10, '充值成功', 'email', 2, '', '充值成功', '尊敬的{用户昵称}，您已成功充值{充值金额}！如您还有疑问，请与客服人员联系。', 1),
(11, '确认订单', 'email', 3, '', '确认订单', '尊敬的{用户昵称}，您在{商城名称}创建的订单已确认。订单号：{主订单号}，订单金额：{订单金额}', 1),
(12, '付款成功', 'email', 4, '', '', '', 1),
(13, '下单成功', 'email', 5, '', '', '', 1),
(14, '订单发货', 'email', 6, '', '', '', 1);

DROP TABLE IF EXISTS `donkey_order`;
CREATE TABLE `donkey_order` (
  `order_id` int(11) UNSIGNED NOT NULL,
  `parent_id` int(11) UNSIGNED NOT NULL DEFAULT '0' COMMENT '父订单Id',
  `order_no` varchar(50) COLLATE utf8mb4_unicode_ci NOT NULL COMMENT '订单号',
  `user_id` int(11) UNSIGNED NOT NULL COMMENT '对应user表',
  `source` tinyint(3) NOT NULL COMMENT '订单来源(自定义)',
  `pay_amount` decimal(10,2) NOT NULL DEFAULT '0.00' COMMENT '订单金额',
  `goods_amount` decimal(10,2) NOT NULL DEFAULT '0.00' COMMENT '商品金额',
  `total_amount` decimal(10,2) NOT NULL DEFAULT '0.00' COMMENT '应付金额(含运费)',
  `use_money` decimal(10,2) NOT NULL DEFAULT '0.00' COMMENT '余额抵扣',
  `use_level` decimal(10,2) NOT NULL DEFAULT '0.00' COMMENT '会员抵扣',
  `use_integral` decimal(10,2) NOT NULL DEFAULT '0.00' COMMENT '积分抵扣',
  `use_coupon` decimal(10,2) NOT NULL DEFAULT '0.00' COMMENT '优惠劵抵扣',
  `use_discount` decimal(10,2) NOT NULL DEFAULT '0.00' COMMENT '商品折扣抵扣',
  `use_promotion` decimal(10,2) NOT NULL DEFAULT '0.00' COMMENT '订单促销抵扣',
  `use_card` decimal(10,2) NOT NULL DEFAULT '0.00' COMMENT '购物卡抵扣',
  `delivery_fee` decimal(10,2) NOT NULL DEFAULT '0.00' COMMENT '运费',
  `payment_no` varchar(50) COLLATE utf8mb4_unicode_ci NOT NULL DEFAULT '' COMMENT '支付单号(交易流水号)',
  `payment_code` varchar(1) COLLATE utf8mb4_unicode_ci NOT NULL DEFAULT '' COMMENT '支付编码',
  `card_number` varchar(16) COLLATE utf8mb4_unicode_ci NOT NULL DEFAULT '' COMMENT '购物卡号',
  `delivery_id` smallint(5) UNSIGNED NOT NULL DEFAULT '0' COMMENT '配送方式 对应delivery表',
  `consignee` varchar(50) COLLATE utf8mb4_unicode_ci NOT NULL DEFAULT '' COMMENT '收货人姓名',
  `country` int(11) UNSIGNED NOT NULL DEFAULT '0' COMMENT '国家',
  `region_list` varchar(255) COLLATE utf8mb4_unicode_ci NOT NULL DEFAULT '' COMMENT '区域列表',
  `address` varchar(255) COLLATE utf8mb4_unicode_ci NOT NULL DEFAULT '' COMMENT '详细地址',
  `complete_address` varchar(255) COLLATE utf8mb4_unicode_ci NOT NULL DEFAULT '' COMMENT '完整地址',
  `zipcode` varchar(20) COLLATE utf8mb4_unicode_ci NOT NULL DEFAULT '' COMMENT '邮编',
  `tel` varchar(15) COLLATE utf8mb4_unicode_ci NOT NULL DEFAULT '' COMMENT '电话',
  `mobile` varchar(15) COLLATE utf8mb4_unicode_ci NOT NULL DEFAULT '' COMMENT '手机号码',
  `buyer_remark` varchar(255) COLLATE utf8mb4_unicode_ci NOT NULL DEFAULT '' COMMENT '买家备注',
  `invoice_type` tinyint(1) UNSIGNED NOT NULL DEFAULT '0' COMMENT '是否开票 0=否 1=个人 2=企业',
  `invoice_title` varchar(255) COLLATE utf8mb4_unicode_ci NOT NULL DEFAULT '' COMMENT '发票抬头',
  `tax_number` varchar(20) COLLATE utf8mb4_unicode_ci NOT NULL DEFAULT '' COMMENT '纳税人识别号',
  `invoice_amount` decimal(10,2) NOT NULL DEFAULT '0.00' COMMENT '开票费用',
  `trade_status` tinyint(1) NOT NULL DEFAULT '0' COMMENT '交易状态 0=待处理 1=配货中 2=已发货 3=已完成 4=已取消',
  `delivery_status` tinyint(1) NOT NULL DEFAULT '0' COMMENT '配送状态 0=未发 1=已发 2=部分发',
  `payment_status` tinyint(1) NOT NULL DEFAULT '0' COMMENT '支付状态 0=未付 1=已付',
  `create_user_id` int(11) UNSIGNED NOT NULL DEFAULT '0' COMMENT '订单创建者(管理组)',
  `is_give` tinyint(1) NOT NULL DEFAULT '1' COMMENT '收货增 0=否 1=是',
  `sellers_remark` varchar(255) COLLATE utf8mb4_unicode_ci NOT NULL DEFAULT '' COMMENT '卖家备注',
  `adjustment` decimal(10,2) NOT NULL DEFAULT '0.00' COMMENT '调整价格',
  `integral_pct` decimal(10,2) NOT NULL DEFAULT '0.00' COMMENT '积分换算比例',
  `give_integral` int(11) NOT NULL DEFAULT '0' COMMENT '赠送积分',
  `give_coupon` varchar(255) COLLATE utf8mb4_unicode_ci NOT NULL DEFAULT '' COMMENT '赠送优惠劵',
  `payment_time` int(11) NOT NULL DEFAULT '0' COMMENT '支付日期',
  `picking_time` int(11) NOT NULL DEFAULT '0' COMMENT '配货日期',
  `delivery_time` int(11) NOT NULL DEFAULT '0' COMMENT '发货日期',
  `finished_time` int(11) NOT NULL DEFAULT '0' COMMENT '完成日期',
  `create_time` int(11) NOT NULL DEFAULT '0' COMMENT '创建日期',
  `update_time` int(11) NOT NULL DEFAULT '0' COMMENT '更新日期',
  `is_delete` tinyint(1) NOT NULL DEFAULT '0' COMMENT '0=未删 1=回收站 2=删除'
) ENGINE=InnoDB DEFAULT CHARSET=utf8mb4 COLLATE=utf8mb4_unicode_ci COMMENT='订单管理';

INSERT INTO `donkey_order` (`order_id`, `parent_id`, `order_no`, `user_id`, `source`, `pay_amount`, `goods_amount`, `total_amount`, `use_money`, `use_level`, `use_integral`, `use_coupon`, `use_discount`, `use_promotion`, `use_card`, `delivery_fee`, `payment_no`, `payment_code`, `card_number`, `delivery_id`, `consignee`, `country`, `region_list`, `address`, `complete_address`, `zipcode`, `tel`, `mobile`, `buyer_remark`, `invoice_type`, `invoice_title`, `tax_number`, `invoice_amount`, `trade_status`, `delivery_status`, `payment_status`, `create_user_id`, `is_give`, `sellers_remark`, `adjustment`, `integral_pct`, `give_integral`, `give_coupon`, `payment_time`, `picking_time`, `delivery_time`, `finished_time`, `create_time`, `update_time`, `is_delete`) VALUES
(1, 0, 'PO_A1049550470892670001', 1, 0, '290.01', '300.00', '0.10', '694.89', '0.00', '10.01', '10.00', '0.00', '0.00', '780.00', '1195.00', 'ZF_I1049554124677490001', '3', '9971564621172962', 1, 'consignee', 0, '[12,124,4044]', 'address', '浙江省 宁波市 江北区 address', '', '', '15867430425', '', 0, '', '', '0.00', 3, 1, 1, 1, 1, '', '0.00', '100.00', 100, '[]', 0, 1586960947, 1483509865, 1515050273, 1514995504, 1584978396, 1),
(2, 0, 'PO_I1049550470892680001', 1, 0, '290.00', '300.00', '0.10', '694.89', '0.00', '10.01', '10.00', '0.00', '0.00', '780.00', '1195.00', '', '', '9971564621172962', 1, 'consignee', 0, '[12,124,4044]', 'address', '浙江省 宁波市 江北区 address', '', '', '15867430425', '', 0, '', '', '0.00', 4, 0, 0, 1, 1, '', '0.00', '100.00', 100, '[]', 0, 1586960947, 0, 0, 1514995504, 1585209264, 1),
(3, 0, 'PO_I1049550470892670001', 1, 0, '290.00', '300.00', '0.10', '694.89', '0.00', '10.01', '10.00', '0.00', '0.00', '780.00', '1195.00', 'ZF_I1049554124677490001', '3', '9971564621172962', 1, 'consignee', 0, '[12,124,4044]', 'address', '浙江省 宁波市 江北区 address', '', '', '15867430425', '', 0, '', '', '0.00', 3, 1, 1, 1, 1, '', '0.00', '100.00', 100, '[]', 0, 1586960947, 1483509865, 1515050273, 1514995504, 1515050273, 0),
(4, 0, 'PO_I1049550470892680001', 1, 0, '290.00', '300.00', '0.10', '694.89', '0.00', '10.01', '10.00', '0.00', '0.00', '780.00', '1195.00', '', '', '9971564621172962', 1, 'consignee', 0, '[12,124,4044]', 'address', '浙江省 宁波市 江北区 address', '', '', '15867430425', '', 0, '', '', '0.00', 4, 0, 0, 1, 1, '', '0.00', '100.00', 100, '[]', 0, 1586960947, 0, 0, 1514995504, 1515050273, 0),
(5, 0, 'PO_I1049550470892670001', 1, 0, '290.00', '300.00', '0.10', '694.89', '0.00', '10.01', '10.00', '0.00', '0.00', '780.00', '1195.00', 'ZF_I1049554124677490001', '3', '9971564621172962', 1, 'consignee', 0, '[12,124,4044]', 'address', '浙江省 宁波市 江北区 address', '', '', '15867430425', '', 0, '', '', '0.00', 3, 1, 1, 1, 1, '', '0.00', '100.00', 100, '[]', 0, 1586960947, 1483509865, 1515050273, 1514995504, 1515050273, 0),
(6, 0, 'PO_I1049550470892680001', 1, 0, '290.00', '300.00', '0.10', '694.89', '0.00', '10.01', '10.00', '0.00', '0.00', '780.00', '1195.00', '', '', '9971564621172962', 1, 'consignee', 0, '[12,124,4044]', 'address', '浙江省 宁波市 江北区 address', '', '', '15867430425', '', 0, '', '', '0.00', 4, 0, 0, 1, 1, '', '0.00', '100.00', 100, '[]', 0, 1586960947, 0, 0, 1514995504, 1515050273, 0),
(7, 0, 'PO_I1049550470892670001', 1, 0, '290.00', '300.00', '0.10', '694.89', '0.00', '10.01', '10.00', '0.00', '0.00', '780.00', '1195.00', 'ZF_I1049554124677490001', '3', '9971564621172962', 1, 'consignee', 0, '[12,124,4044]', 'address', '浙江省 宁波市 江北区 address', '', '', '15867430425', '', 0, '', '', '0.00', 3, 1, 1, 1, 1, '', '0.00', '100.00', 100, '[]', 0, 1586960947, 1483509865, 1515050273, 1514995504, 1515050273, 0),
(8, 0, 'PO_I1049550470892680001', 1, 0, '290.00', '300.00', '0.10', '694.89', '0.00', '10.01', '10.00', '0.00', '0.00', '780.00', '1195.00', '', '', '9971564621172962', 1, 'consignee', 0, '[12,124,4044]', 'address', '浙江省 宁波市 江北区 address', '', '', '15867430425', '', 0, '', '', '0.00', 4, 0, 0, 1, 1, '', '0.00', '100.00', 100, '[]', 0, 1586960947, 0, 0, 1514995504, 1515050273, 0),
(9, 0, 'PO_I1049550470892670001', 1, 0, '290.00', '300.00', '0.10', '694.89', '0.00', '10.01', '10.00', '0.00', '0.00', '780.00', '1195.00', 'ZF_I1049554124677490001', '3', '9971564621172962', 1, 'consignee', 0, '[12,124,4044]', 'address', '浙江省 宁波市 江北区 address', '', '', '15867430425', '', 0, '', '', '0.00', 3, 1, 1, 1, 1, '', '0.00', '100.00', 100, '[]', 0, 1586960947, 1483509865, 1515050273, 1514995504, 1515050273, 0),
(10, 0, 'PO_I1049550470892680001', 1, 0, '290.00', '300.00', '0.10', '694.89', '0.00', '10.01', '10.00', '0.00', '0.00', '780.00', '1195.00', '', '', '9971564621172962', 1, 'consignee', 0, '[12,124,4044]', 'address', '浙江省 宁波市 江北区 address', '', '', '15867430425', '', 0, '', '', '0.00', 4, 0, 0, 1, 1, '', '0.00', '100.00', 100, '[]', 0, 1586960947, 0, 0, 1514995504, 1515050273, 0),
(11, 0, 'PO_I1049550470892670001', 1, 0, '290.00', '300.00', '0.10', '694.89', '0.00', '10.01', '10.00', '0.00', '0.00', '780.00', '1195.00', 'ZF_I1049554124677490001', '3', '9971564621172962', 1, 'consignee', 0, '[12,124,4044]', 'address', '浙江省 宁波市 江北区 address', '', '', '15867430425', '', 0, '', '', '0.00', 3, 1, 1, 1, 1, '', '0.00', '100.00', 100, '[]', 0, 1586960947, 1483509865, 1515050273, 1514995504, 1515050273, 0),
(12, 0, 'PO_I1049550470892680001', 1, 0, '290.00', '300.00', '0.10', '694.89', '0.00', '10.01', '10.00', '0.00', '0.00', '780.00', '1195.00', '', '', '9971564621172962', 1, 'consignee', 0, '[12,124,4044]', 'address', '浙江省 宁波市 江北区 address', '', '', '15867430425', '', 0, '', '', '0.00', 4, 0, 0, 1, 1, '', '0.00', '100.00', 100, '[]', 0, 1586960947, 0, 0, 1514995504, 1515050273, 0),
(13, 0, 'PO_I1049550470892670001', 1, 0, '290.00', '300.00', '0.10', '694.89', '0.00', '10.01', '10.00', '0.00', '0.00', '780.00', '1195.00', 'ZF_I1049554124677490001', '3', '9971564621172962', 1, 'consignee', 0, '[12,124,4044]', 'address', '浙江省 宁波市 江北区 address', '', '', '15867430425', '', 0, '', '', '0.00', 3, 1, 1, 1, 1, '', '0.00', '100.00', 100, '[]', 0, 1586960947, 1483509865, 1515050273, 1514995504, 1515050273, 0),
(14, 0, 'PO_I1049550470892680001', 1, 0, '290.00', '300.00', '0.10', '694.89', '0.00', '10.01', '10.00', '0.00', '0.00', '780.00', '1195.00', '', '', '9971564621172962', 1, 'consignee', 0, '[12,124,4044]', 'address', '浙江省 宁波市 江北区 address', '', '', '15867430425', '', 0, '', '', '0.00', 4, 0, 0, 1, 1, '', '0.00', '100.00', 100, '[]', 0, 1586960947, 0, 0, 1514995504, 1515050273, 0),
(15, 0, 'PO_I1049550470892670001', 1, 0, '290.00', '300.00', '0.10', '694.89', '0.00', '10.01', '10.00', '0.00', '0.00', '780.00', '1195.00', 'ZF_I1049554124677490001', '3', '9971564621172962', 1, 'consignee', 0, '[12,124,4044]', 'address', '浙江省 宁波市 江北区 address', '', '', '15867430425', '', 0, '', '', '0.00', 3, 1, 1, 1, 1, '', '0.00', '100.00', 100, '[]', 0, 1586960947, 1483509865, 1515050273, 1514995504, 1515050273, 0),
(16, 0, 'PO_I1049550470892680001', 1, 0, '290.00', '300.00', '0.10', '694.89', '0.00', '10.01', '10.00', '0.00', '0.00', '780.00', '1195.00', '', '', '9971564621172962', 1, 'consignee', 0, '[12,124,4044]', 'address', '浙江省 宁波市 江北区 address', '', '', '15867430425', '', 0, '', '', '0.00', 4, 0, 0, 1, 1, '', '0.00', '100.00', 100, '[]', 0, 1586960947, 0, 0, 1514995504, 1515050273, 0),
(17, 0, 'PO_I1049550470892670001', 1, 0, '290.00', '300.00', '0.10', '694.89', '0.00', '10.01', '10.00', '0.00', '0.00', '780.00', '1195.00', 'ZF_I1049554124677490001', '3', '9971564621172962', 1, 'consignee', 0, '[12,124,4044]', 'address', '浙江省 宁波市 江北区 address', '', '', '15867430425', '', 0, '', '', '0.00', 3, 1, 1, 1, 1, '', '0.00', '100.00', 100, '[]', 0, 1586960947, 1483509865, 1515050273, 1514995504, 1515050273, 0),
(18, 0, 'PO_I1049550470892680001', 1, 0, '290.00', '300.00', '0.10', '694.89', '0.00', '10.01', '10.00', '0.00', '0.00', '780.00', '1195.00', '', '', '9971564621172962', 1, 'consignee', 0, '[12,124,4044]', 'address', '浙江省 宁波市 江北区 address', '', '', '15867430425', '', 0, '', '', '0.00', 4, 0, 0, 1, 1, '', '0.00', '100.00', 100, '[]', 0, 1586960947, 0, 0, 1514995504, 1515050273, 0),
(19, 0, 'PO_I1049550470892670001', 1, 0, '290.00', '300.00', '0.10', '694.89', '0.00', '10.01', '10.00', '0.00', '0.00', '780.00', '1195.00', 'ZF_I1049554124677490001', '3', '9971564621172962', 1, 'consignee', 0, '[12,124,4044]', 'address', '浙江省 宁波市 江北区 address', '', '', '15867430425', '', 0, '', '', '0.00', 3, 1, 1, 1, 1, '', '0.00', '100.00', 100, '[]', 0, 1586960947, 1483509865, 1515050273, 1514995504, 1515050273, 0),
(20, 0, 'PO_I1049550470892680001', 1, 0, '290.00', '300.00', '0.10', '694.89', '0.00', '10.01', '10.00', '0.00', '0.00', '780.00', '1195.00', '', '', '9971564621172962', 1, 'consignee', 0, '[12,124,4044]', 'address', '浙江省 宁波市 江北区 address', '', '', '15867430425', '', 0, '', '', '0.00', 4, 0, 0, 1, 1, '', '0.00', '100.00', 100, '[]', 0, 1586960947, 0, 0, 1514995504, 1515050273, 0),
(21, 0, 'PO_I1049550470892670001', 1, 0, '290.00', '300.00', '0.10', '694.89', '0.00', '10.01', '10.00', '0.00', '0.00', '780.00', '1195.00', 'ZF_I1049554124677490001', '3', '9971564621172962', 1, 'consignee', 0, '[12,124,4044]', 'address', '浙江省 宁波市 江北区 address', '', '', '15867430425', '', 0, '', '', '0.00', 3, 1, 1, 1, 1, '', '0.00', '100.00', 100, '[]', 0, 1586960947, 1483509865, 1515050273, 1514995504, 1515050273, 0),
(22, 0, 'PO_I1049550470892680001', 1, 0, '290.00', '300.00', '0.10', '694.89', '0.00', '10.01', '10.00', '0.00', '0.00', '780.00', '1195.00', '', '', '9971564621172962', 1, 'consignee', 0, '[12,124,4044]', 'address', '浙江省 宁波市 江北区 address', '', '', '15867430425', '', 0, '', '', '0.00', 4, 0, 0, 1, 1, '', '0.00', '100.00', 100, '[]', 0, 1586960947, 0, 0, 1514995504, 1515050273, 0),
(23, 0, 'PO_I1049550470892670001', 1, 0, '290.00', '300.00', '0.10', '694.89', '0.00', '10.01', '10.00', '0.00', '0.00', '780.00', '1195.00', 'ZF_I1049554124677490001', '3', '9971564621172962', 1, 'consignee', 0, '[12,124,4044]', 'address', '浙江省 宁波市 江北区 address', '', '', '15867430425', '', 0, '', '', '0.00', 3, 1, 1, 1, 1, '', '0.00', '100.00', 100, '[]', 0, 1586960947, 1483509865, 1515050273, 1514995504, 1515050273, 0),
(24, 0, 'PO_I1049550470892680001', 1, 0, '290.00', '300.00', '0.10', '694.89', '0.00', '10.01', '10.00', '0.00', '0.00', '780.00', '1195.00', '', '', '9971564621172962', 1, 'consignee', 0, '[12,124,4044]', 'address', '浙江省 宁波市 江北区 address', '', '', '15867430425', '', 0, '', '', '0.00', 4, 0, 0, 1, 1, '', '0.00', '100.00', 100, '[]', 0, 1586960947, 0, 0, 1514995504, 1515050273, 0),
(25, 0, 'PO_I1049550470892670001', 1, 0, '290.00', '300.00', '0.10', '694.89', '0.00', '10.01', '10.00', '0.00', '0.00', '780.00', '1195.00', 'ZF_I1049554124677490001', '3', '9971564621172962', 1, 'consignee', 0, '[12,124,4044]', 'address', '浙江省 宁波市 江北区 address', '', '', '15867430425', '', 0, '', '', '0.00', 3, 1, 1, 1, 1, '', '0.00', '100.00', 100, '[]', 0, 1586960947, 1483509865, 1515050273, 1514995504, 1515050273, 0),
(26, 0, 'PO_I1049550470892680001', 1, 0, '290.00', '300.00', '0.10', '694.89', '0.00', '10.01', '10.00', '0.00', '0.00', '780.00', '1195.00', '', '', '9971564621172962', 1, 'consignee', 0, '[12,124,4044]', 'address', '浙江省 宁波市 江北区 address', '', '', '15867430425', '', 0, '', '', '0.00', 4, 0, 0, 1, 1, '', '0.00', '100.00', 100, '[]', 0, 1586960947, 0, 0, 1514995504, 1515050273, 0),
(27, 0, 'PO_I1049550470892670001', 1, 0, '290.00', '300.00', '0.10', '694.89', '0.00', '10.01', '10.00', '0.00', '0.00', '780.00', '1195.00', 'ZF_I1049554124677490001', '3', '9971564621172962', 1, 'consignee', 0, '[12,124,4044]', 'address', '浙江省 宁波市 江北区 address', '', '', '15867430425', '', 0, '', '', '0.00', 3, 1, 1, 1, 1, '', '0.00', '100.00', 100, '[]', 0, 1586960947, 1483509865, 1515050273, 1514995504, 1515050273, 0),
(28, 0, 'PO_I1049550470892680001', 1, 0, '290.00', '300.00', '0.10', '694.89', '0.00', '10.01', '10.00', '0.00', '0.00', '780.00', '1195.00', '', '', '9971564621172962', 1, 'consignee', 0, '[12,124,4044]', 'address', '浙江省 宁波市 江北区 address', '', '', '15867430425', '', 0, '', '', '0.00', 4, 0, 0, 1, 1, '', '0.00', '100.00', 100, '[]', 0, 1586960947, 0, 0, 1514995504, 1515050273, 0),
(29, 0, 'PO_I1049550470892670001', 1, 0, '290.00', '300.00', '0.10', '694.89', '0.00', '10.01', '10.00', '0.00', '0.00', '780.00', '1195.00', 'ZF_I1049554124677490001', '3', '9971564621172962', 1, 'consignee', 0, '[12,124,4044]', 'address', '浙江省 宁波市 江北区 address', '', '', '15867430425', '', 0, '', '', '0.00', 3, 1, 1, 1, 1, '', '0.00', '100.00', 100, '[]', 0, 1586960947, 1483509865, 1515050273, 1514995504, 1515050273, 0),
(30, 0, 'PO_I1049550470892680001', 1, 0, '290.00', '300.00', '0.10', '694.89', '0.00', '10.01', '10.00', '0.00', '0.00', '780.00', '1195.00', '', '', '9971564621172962', 1, 'consignee', 0, '[12,124,4044]', 'address', '浙江省 宁波市 江北区 address', '', '', '15867430425', '', 0, '', '', '0.00', 4, 0, 0, 1, 1, '', '0.00', '100.00', 100, '[]', 0, 1586960947, 0, 0, 1514995504, 1515050273, 0),
(31, 0, 'PO_I1049550470892670001', 1, 0, '290.00', '300.00', '0.10', '694.89', '0.00', '10.01', '10.00', '0.00', '0.00', '780.00', '1195.00', 'ZF_I1049554124677490001', '3', '9971564621172962', 1, 'consignee', 0, '[12,124,4044]', 'address', '浙江省 宁波市 江北区 address', '', '', '15867430425', '', 0, '', '', '0.00', 3, 1, 1, 1, 1, '', '0.00', '100.00', 100, '[]', 0, 1586960947, 1483509865, 1515050273, 1514995504, 1515050273, 0),
(32, 0, 'PO_I1049550470892680001', 1, 0, '290.00', '300.00', '0.10', '694.89', '0.00', '10.01', '10.00', '0.00', '0.00', '780.00', '1195.00', '', '', '9971564621172962', 1, 'consignee', 0, '[12,124,4044]', 'address', '浙江省 宁波市 江北区 address', '', '', '15867430425', '', 0, '', '', '0.00', 4, 0, 0, 1, 1, '', '0.00', '100.00', 100, '[]', 0, 1586960947, 0, 0, 1514995504, 1515050273, 0),
(33, 0, 'PO_I1049550470892670001', 1, 0, '290.00', '300.00', '0.10', '694.89', '0.00', '10.01', '10.00', '0.00', '0.00', '780.00', '1195.00', 'ZF_I1049554124677490001', '3', '9971564621172962', 1, 'consignee', 0, '[12,124,4044]', 'address', '浙江省 宁波市 江北区 address', '', '', '15867430425', '', 0, '', '', '0.00', 3, 1, 1, 1, 1, '', '0.00', '100.00', 100, '[]', 0, 1586960947, 1483509865, 1515050273, 1514995504, 1515050273, 0),
(34, 0, 'PO_I1049550470892680001', 1, 0, '290.00', '300.00', '0.10', '694.89', '0.00', '10.01', '10.00', '0.00', '0.00', '780.00', '1195.00', '', '', '9971564621172962', 1, 'consignee', 0, '[12,124,4044]', 'address', '浙江省 宁波市 江北区 address', '', '', '15867430425', '', 0, '', '', '0.00', 4, 0, 0, 1, 1, '', '0.00', '100.00', 100, '[]', 0, 1586960947, 0, 0, 1514995504, 1515050273, 0),
(35, 0, 'PO_I1049550470892670001', 1, 0, '290.00', '300.00', '0.10', '694.89', '0.00', '10.01', '10.00', '0.00', '0.00', '780.00', '1195.00', 'ZF_I1049554124677490001', '3', '9971564621172962', 1, 'consignee', 0, '[12,124,4044]', 'address', '浙江省 宁波市 江北区 address', '', '', '15867430425', '', 0, '', '', '0.00', 3, 1, 1, 1, 1, '', '0.00', '100.00', 100, '[]', 0, 1586960947, 1483509865, 1515050273, 1514995504, 1515050273, 0),
(36, 0, 'PO_I1049550470892680001', 1, 0, '290.00', '300.00', '0.10', '694.89', '0.00', '10.01', '10.00', '0.00', '0.00', '780.00', '1195.00', '', '', '9971564621172962', 1, 'consignee', 0, '[12,124,4044]', 'address', '浙江省 宁波市 江北区 address', '', '', '15867430425', '', 0, '', '', '0.00', 4, 0, 0, 1, 1, '', '0.00', '100.00', 100, '[]', 0, 1586960947, 0, 0, 1514995504, 1515050273, 0),
(37, 0, 'PO_I1049550470892670001', 1, 0, '290.00', '300.00', '0.10', '694.89', '0.00', '10.01', '10.00', '0.00', '0.00', '780.00', '1195.00', 'ZF_I1049554124677490001', '3', '9971564621172962', 1, 'consignee', 0, '[12,124,4044]', 'address', '浙江省 宁波市 江北区 address', '', '', '15867430425', '', 0, '', '', '0.00', 3, 1, 1, 1, 1, '', '0.00', '100.00', 100, '[]', 0, 1586960947, 1483509865, 1515050273, 1514995504, 1515050273, 0),
(38, 0, 'PO_I1049550470892680001', 1, 0, '290.00', '300.00', '0.10', '694.89', '0.00', '10.01', '10.00', '0.00', '0.00', '780.00', '1195.00', '', '', '9971564621172962', 1, 'consignee', 0, '[12,124,4044]', 'address', '浙江省 宁波市 江北区 address', '', '', '15867430425', '', 0, '', '', '0.00', 4, 0, 0, 1, 1, '', '0.00', '100.00', 100, '[]', 0, 1586960947, 0, 0, 1514995504, 1515050273, 0),
(39, 0, 'PO_I1049550470892670001', 1, 0, '290.00', '300.00', '0.10', '694.89', '0.00', '10.01', '10.00', '0.00', '0.00', '780.00', '1195.00', 'ZF_I1049554124677490001', '3', '9971564621172962', 1, 'consignee', 0, '[12,124,4044]', 'address', '浙江省 宁波市 江北区 address', '', '', '15867430425', '', 0, '', '', '0.00', 3, 1, 1, 1, 1, '', '0.00', '100.00', 100, '[]', 0, 1586960947, 1483509865, 1515050273, 1514995504, 1515050273, 0),
(40, 0, 'PO_I1049550470892680001', 1, 0, '290.00', '300.00', '0.10', '694.89', '0.00', '10.01', '10.00', '0.00', '0.00', '780.00', '1195.00', '', '', '9971564621172962', 1, 'consignee', 0, '[12,124,4044]', 'address', '浙江省 宁波市 江北区 address', '', '', '15867430425', '', 0, '', '', '0.00', 4, 0, 0, 1, 1, '', '0.00', '100.00', 100, '[]', 0, 1586960947, 0, 0, 1514995504, 1515050273, 0),
(41, 0, 'PO_I1049550470892670001', 1, 0, '290.00', '300.00', '0.10', '694.89', '0.00', '10.01', '10.00', '0.00', '0.00', '780.00', '1195.00', 'ZF_I1049554124677490001', '3', '9971564621172962', 1, 'consignee', 0, '[12,124,4044]', 'address', '浙江省 宁波市 江北区 address', '', '', '15867430425', '', 0, '', '', '0.00', 3, 1, 1, 1, 1, '', '0.00', '100.00', 100, '[]', 0, 1586960947, 1483509865, 1515050273, 1514995504, 1515050273, 0),
(42, 0, 'PO_I1049550470892680001', 1, 0, '290.00', '300.00', '0.10', '694.89', '0.00', '10.01', '10.00', '0.00', '0.00', '780.00', '1195.00', '', '', '9971564621172962', 1, 'consignee', 0, '[12,124,4044]', 'address', '浙江省 宁波市 江北区 address', '', '', '15867430425', '', 0, '', '', '0.00', 4, 0, 0, 1, 1, '', '0.00', '100.00', 100, '[]', 0, 1586960947, 0, 0, 1514995504, 1515050273, 0),
(43, 0, 'PO_I1049550470892670001', 1, 0, '290.00', '300.00', '0.10', '694.89', '0.00', '10.01', '10.00', '0.00', '0.00', '780.00', '1195.00', 'ZF_I1049554124677490001', '3', '9971564621172962', 1, 'consignee', 0, '[12,124,4044]', 'address', '浙江省 宁波市 江北区 address', '', '', '15867430425', '', 0, '', '', '0.00', 3, 1, 1, 1, 1, '', '0.00', '100.00', 100, '[]', 0, 1586960947, 1483509865, 1515050273, 1514995504, 1515050273, 0),
(44, 0, 'PO_I1049550470892680001', 1, 0, '290.00', '300.00', '0.10', '694.89', '0.00', '10.01', '10.00', '0.00', '0.00', '780.00', '1195.00', '', '', '9971564621172962', 1, 'consignee', 0, '[12,124,4044]', 'address', '浙江省 宁波市 江北区 address', '', '', '15867430425', '', 0, '', '', '0.00', 4, 0, 0, 1, 1, '', '0.00', '100.00', 100, '[]', 0, 1586960947, 0, 0, 1514995504, 1515050273, 0),
(45, 0, 'PO_I1049550470892670001', 1, 0, '290.00', '300.00', '0.10', '694.89', '0.00', '10.01', '10.00', '0.00', '0.00', '780.00', '1195.00', 'ZF_I1049554124677490001', '3', '9971564621172962', 1, 'consignee', 0, '[12,124,4044]', 'address', '浙江省 宁波市 江北区 address', '', '', '15867430425', '', 0, '', '', '0.00', 3, 1, 1, 1, 1, '', '0.00', '100.00', 100, '[]', 0, 1586960947, 1483509865, 1515050273, 1514995504, 1515050273, 0),
(46, 0, 'PO_I1049550470892680001', 1, 0, '290.00', '300.00', '0.10', '694.89', '0.00', '10.01', '10.00', '0.00', '0.00', '780.00', '1195.00', '', '', '9971564621172962', 1, 'consignee', 0, '[12,124,4044]', 'address', '浙江省 宁波市 江北区 address', '', '', '15867430425', '', 0, '', '', '0.00', 4, 0, 0, 1, 1, '', '0.00', '100.00', 100, '[]', 0, 1586960947, 0, 0, 1514995504, 1515050273, 0),
(47, 0, 'PO_I1049550470892670001', 1, 0, '290.00', '300.00', '0.10', '694.89', '0.00', '10.01', '10.00', '0.00', '0.00', '780.00', '1195.00', 'ZF_I1049554124677490001', '3', '9971564621172962', 1, 'consignee', 0, '[12,124,4044]', 'address', '浙江省 宁波市 江北区 address', '', '', '15867430425', '', 0, '', '', '0.00', 3, 1, 1, 1, 1, '', '0.00', '100.00', 100, '[]', 0, 1586960947, 1483509865, 1515050273, 1514995504, 1515050273, 0),
(48, 0, 'PO_I1049550470892680001', 1, 0, '290.00', '300.00', '0.10', '694.89', '0.00', '10.01', '10.00', '0.00', '0.00', '780.00', '1195.00', '', '', '9971564621172962', 1, 'consignee', 0, '[12,124,4044]', 'address', '浙江省 宁波市 江北区 address', '', '', '15867430425', '', 0, '', '', '0.00', 4, 0, 0, 1, 1, '', '0.00', '100.00', 100, '[]', 0, 1586960947, 0, 0, 1514995504, 1515050273, 0),
(49, 0, 'PO_I1049550470892670001', 1, 0, '290.00', '300.00', '0.10', '694.89', '0.00', '10.01', '10.00', '0.00', '0.00', '780.00', '1195.00', 'ZF_I1049554124677490001', '3', '9971564621172962', 1, 'consignee', 0, '[12,124,4044]', 'address', '浙江省 宁波市 江北区 address', '', '', '15867430425', '', 0, '', '', '0.00', 3, 1, 1, 1, 1, '', '0.00', '100.00', 100, '[]', 0, 1586960947, 1483509865, 1515050273, 1514995504, 1515050273, 0),
(50, 0, 'PO_I1049550470892680001', 1, 0, '290.00', '300.00', '0.10', '694.89', '0.00', '10.01', '10.00', '0.00', '0.00', '780.00', '1195.00', '', '', '9971564621172962', 1, 'consignee', 0, '[12,124,4044]', 'address', '浙江省 宁波市 江北区 address', '', '', '15867430425', '', 0, '', '', '0.00', 4, 0, 0, 1, 1, '', '0.00', '100.00', 100, '[]', 0, 1586960947, 0, 0, 1514995504, 1515050273, 0),
(51, 0, 'PO_I1049550470892670001', 1, 0, '290.00', '300.00', '0.10', '694.89', '0.00', '10.01', '10.00', '0.00', '0.00', '780.00', '1195.00', 'ZF_I1049554124677490001', '3', '9971564621172962', 1, 'consignee', 0, '[12,124,4044]', 'address', '浙江省 宁波市 江北区 address', '', '', '15867430425', '', 0, '', '', '0.00', 3, 1, 1, 1, 1, '', '0.00', '100.00', 100, '[]', 0, 1586960947, 1483509865, 1515050273, 1514995504, 1515050273, 0),
(52, 0, 'PO_I1049550470892680001', 1, 0, '290.00', '300.00', '0.10', '694.89', '0.00', '10.01', '10.00', '0.00', '0.00', '780.00', '1195.00', '', '', '9971564621172962', 1, 'consignee', 0, '[12,124,4044]', 'address', '浙江省 宁波市 江北区 address', '', '', '15867430425', '', 0, '', '', '0.00', 4, 0, 0, 1, 1, '', '0.00', '100.00', 100, '[]', 0, 1586960947, 0, 0, 1514995504, 1515050273, 0),
(53, 0, 'PO_I1049550470892670001', 1, 0, '290.00', '300.00', '0.10', '694.89', '0.00', '10.01', '10.00', '0.00', '0.00', '780.00', '1195.00', 'ZF_I1049554124677490001', '3', '9971564621172962', 1, 'consignee', 0, '[12,124,4044]', 'address', '浙江省 宁波市 江北区 address', '', '', '15867430425', '', 0, '', '', '0.00', 3, 1, 1, 1, 1, '', '0.00', '100.00', 100, '[]', 0, 1586960947, 1483509865, 1515050273, 1514995504, 1515050273, 0),
(54, 0, 'PO_I1049550470892680001', 1, 0, '290.00', '300.00', '0.10', '694.89', '0.00', '10.01', '10.00', '0.00', '0.00', '780.00', '1195.00', '', '', '9971564621172962', 1, 'consignee', 0, '[12,124,4044]', 'address', '浙江省 宁波市 江北区 address', '', '', '15867430425', '', 0, '', '', '0.00', 4, 0, 0, 1, 1, '', '0.00', '100.00', 100, '[]', 0, 1586960947, 0, 0, 1514995504, 1515050273, 0),
(55, 0, 'PO_I1049550470892670001', 1, 0, '290.00', '300.00', '0.10', '694.89', '0.00', '10.01', '10.00', '0.00', '0.00', '780.00', '1195.00', 'ZF_I1049554124677490001', '3', '9971564621172962', 1, 'consignee', 0, '[12,124,4044]', 'address', '浙江省 宁波市 江北区 address', '', '', '15867430425', '', 0, '', '', '0.00', 3, 1, 1, 1, 1, '', '0.00', '100.00', 100, '[]', 0, 1586960947, 1483509865, 1515050273, 1514995504, 1515050273, 0),
(56, 0, 'PO_I1049550470892680001', 1, 0, '290.00', '300.00', '0.10', '694.89', '0.00', '10.01', '10.00', '0.00', '0.00', '780.00', '1195.00', '', '', '9971564621172962', 1, 'consignee', 0, '[12,124,4044]', 'address', '浙江省 宁波市 江北区 address', '', '', '15867430425', '', 0, '', '', '0.00', 4, 0, 0, 1, 1, '', '0.00', '100.00', 100, '[]', 0, 1586960947, 0, 0, 1514995504, 1515050273, 0),
(57, 0, 'PO_I1049550470892670001', 1, 0, '290.00', '300.00', '0.10', '694.89', '0.00', '10.01', '10.00', '0.00', '0.00', '780.00', '1195.00', 'ZF_I1049554124677490001', '3', '9971564621172962', 1, 'consignee', 0, '[12,124,4044]', 'address', '浙江省 宁波市 江北区 address', '', '', '15867430425', '', 0, '', '', '0.00', 3, 1, 1, 1, 1, '', '0.00', '100.00', 100, '[]', 0, 1586960947, 1483509865, 1515050273, 1514995504, 1515050273, 0),
(58, 0, 'PO_I1049550470892680001', 1, 0, '290.00', '300.00', '0.10', '694.89', '0.00', '10.01', '10.00', '0.00', '0.00', '780.00', '1195.00', '', '', '9971564621172962', 1, 'consignee', 0, '[12,124,4044]', 'address', '浙江省 宁波市 江北区 address', '', '', '15867430425', '', 0, '', '', '0.00', 4, 0, 0, 1, 1, '', '0.00', '100.00', 100, '[]', 0, 1586960947, 0, 0, 1514995504, 1515050273, 0),
(59, 0, 'PO_I1049550470892670001', 1, 0, '290.00', '300.00', '0.10', '694.89', '0.00', '10.01', '10.00', '0.00', '0.00', '780.00', '1195.00', 'ZF_I1049554124677490001', '3', '9971564621172962', 1, 'consignee', 0, '[12,124,4044]', 'address', '浙江省 宁波市 江北区 address', '', '', '15867430425', '', 0, '', '', '0.00', 3, 1, 1, 1, 1, '', '0.00', '100.00', 100, '[]', 0, 1586960947, 1483509865, 1515050273, 1514995504, 1515050273, 0),
(60, 0, 'PO_I1049550470892680001', 1, 0, '290.00', '300.00', '0.10', '694.89', '0.00', '10.01', '10.00', '0.00', '0.00', '780.00', '1195.00', '', '', '9971564621172962', 1, 'consignee', 0, '[12,124,4044]', 'address', '浙江省 宁波市 江北区 address', '', '', '15867430425', '', 0, '', '', '0.00', 4, 0, 0, 1, 1, '', '0.00', '100.00', 100, '[]', 0, 1586960947, 0, 0, 1514995504, 1515050273, 0),
(61, 0, 'PO_I1049550470892670001', 1, 0, '290.00', '300.00', '0.10', '694.89', '0.00', '10.01', '10.00', '0.00', '0.00', '780.00', '1195.00', 'ZF_I1049554124677490001', '3', '9971564621172962', 1, 'consignee', 0, '[12,124,4044]', 'address', '浙江省 宁波市 江北区 address', '', '', '15867430425', '', 0, '', '', '0.00', 3, 1, 1, 1, 1, '', '0.00', '100.00', 100, '[]', 0, 1586960947, 1483509865, 1515050273, 1514995504, 1515050273, 0),
(62, 0, 'PO_I1049550470892680001', 1, 0, '290.00', '300.00', '0.10', '694.89', '0.00', '10.01', '10.00', '0.00', '0.00', '780.00', '1195.00', '', '', '9971564621172962', 1, 'consignee', 0, '[12,124,4044]', 'address', '浙江省 宁波市 江北区 address', '', '', '15867430425', '', 0, '', '', '0.00', 4, 0, 0, 1, 1, '', '0.00', '100.00', 100, '[]', 0, 1586960947, 0, 0, 1514995504, 1515050273, 0),
(63, 0, 'PO_I1049550470892670001', 1, 0, '290.00', '300.00', '0.10', '694.89', '0.00', '10.01', '10.00', '0.00', '0.00', '780.00', '1195.00', 'ZF_I1049554124677490001', '3', '9971564621172962', 1, 'consignee', 0, '[12,124,4044]', 'address', '浙江省 宁波市 江北区 address', '', '', '15867430425', '', 0, '', '', '0.00', 3, 1, 1, 1, 1, '', '0.00', '100.00', 100, '[]', 0, 1586960947, 1483509865, 1515050273, 1514995504, 1515050273, 0),
(64, 0, 'PO_I1049550470892680001', 1, 0, '290.00', '300.00', '0.10', '694.89', '0.00', '10.01', '10.00', '0.00', '0.00', '780.00', '1195.00', '', '', '9971564621172962', 1, 'consignee', 0, '[12,124,4044]', 'address', '浙江省 宁波市 江北区 address', '', '', '15867430425', '', 0, '', '', '0.00', 4, 0, 0, 1, 1, '', '0.00', '100.00', 100, '[]', 0, 1586960947, 0, 0, 1514995504, 1515050273, 0),
(65, 0, 'PO_I1049550470892670001', 1, 0, '290.00', '300.00', '0.10', '694.89', '0.00', '10.01', '10.00', '0.00', '0.00', '780.00', '1195.00', 'ZF_I1049554124677490001', '3', '9971564621172962', 1, 'consignee', 0, '[12,124,4044]', 'address', '浙江省 宁波市 江北区 address', '', '', '15867430425', '', 0, '', '', '0.00', 3, 1, 1, 1, 1, '', '0.00', '100.00', 100, '[]', 0, 1586960947, 1483509865, 1515050273, 1514995504, 1515050273, 0),
(66, 0, 'PO_I1049550470892680001', 1, 0, '290.00', '300.00', '0.10', '694.89', '0.00', '10.01', '10.00', '0.00', '0.00', '780.00', '1195.00', '', '', '9971564621172962', 1, 'consignee', 0, '[12,124,4044]', 'address', '浙江省 宁波市 江北区 address', '', '', '15867430425', '', 0, '', '', '0.00', 4, 0, 0, 1, 1, '', '0.00', '100.00', 100, '[]', 0, 1586960947, 0, 0, 1514995504, 1515050273, 0),
(67, 0, 'PO_I1049550470892670001', 1, 0, '290.00', '300.00', '0.10', '694.89', '0.00', '10.01', '10.00', '0.00', '0.00', '780.00', '1195.00', 'ZF_I1049554124677490001', '3', '9971564621172962', 1, 'consignee', 0, '[12,124,4044]', 'address', '浙江省 宁波市 江北区 address', '', '', '15867430425', '', 0, '', '', '0.00', 3, 1, 1, 1, 1, '', '0.00', '100.00', 100, '[]', 0, 1586960947, 1483509865, 1515050273, 1514995504, 1515050273, 0),
(68, 0, 'PO_I1049550470892680001', 1, 0, '290.00', '300.00', '0.10', '694.89', '0.00', '10.01', '10.00', '0.00', '0.00', '780.00', '1195.00', '', '', '9971564621172962', 1, 'consignee', 0, '[12,124,4044]', 'address', '浙江省 宁波市 江北区 address', '', '', '15867430425', '', 0, '', '', '0.00', 4, 0, 0, 1, 1, '', '0.00', '100.00', 100, '[]', 0, 1586960947, 0, 0, 1514995504, 1515050273, 0),
(69, 0, 'PO_I1049550470892670001', 1, 0, '290.00', '300.00', '0.10', '694.89', '0.00', '10.01', '10.00', '0.00', '0.00', '780.00', '1195.00', 'ZF_I1049554124677490001', '3', '9971564621172962', 1, 'consignee', 0, '[12,124,4044]', 'address', '浙江省 宁波市 江北区 address', '', '', '15867430425', '', 0, '', '', '0.00', 3, 1, 1, 1, 1, '', '0.00', '100.00', 100, '[]', 0, 1586960947, 1483509865, 1515050273, 1514995504, 1515050273, 0),
(70, 0, 'PO_I1049550470892680001', 1, 0, '290.00', '300.00', '0.10', '694.89', '0.00', '10.01', '10.00', '0.00', '0.00', '780.00', '1195.00', '', '', '9971564621172962', 1, 'consignee', 0, '[12,124,4044]', 'address', '浙江省 宁波市 江北区 address', '', '', '15867430425', '', 0, '', '', '0.00', 4, 0, 0, 1, 1, '', '0.00', '100.00', 100, '[]', 0, 1586960947, 0, 0, 1514995504, 1515050273, 0),
(71, 0, 'PO_I1049550470892670001', 1, 0, '290.00', '300.00', '0.10', '694.89', '0.00', '10.01', '10.00', '0.00', '0.00', '780.00', '1195.00', 'ZF_I1049554124677490001', '3', '9971564621172962', 1, 'consignee', 0, '[12,124,4044]', 'address', '浙江省 宁波市 江北区 address', '', '', '15867430425', '', 0, '', '', '0.00', 3, 1, 1, 1, 1, '', '0.00', '100.00', 100, '[]', 0, 1586960947, 1483509865, 1515050273, 1514995504, 1515050273, 0),
(72, 0, 'PO_I1049550470892680001', 1, 0, '290.00', '300.00', '0.10', '694.89', '0.00', '10.01', '10.00', '0.00', '0.00', '780.00', '1195.00', '', '', '9971564621172962', 1, 'consignee', 0, '[12,124,4044]', 'address', '浙江省 宁波市 江北区 address', '', '', '15867430425', '', 0, '', '', '0.00', 4, 0, 0, 1, 1, '', '0.00', '100.00', 100, '[]', 0, 1586960947, 0, 0, 1514995504, 1515050273, 0),
(73, 0, 'PO_I1049550470892670001', 1, 0, '290.00', '300.00', '0.10', '694.89', '0.00', '10.01', '10.00', '0.00', '0.00', '780.00', '1195.00', 'ZF_I1049554124677490001', '3', '9971564621172962', 1, 'consignee', 0, '[12,124,4044]', 'address', '浙江省 宁波市 江北区 address', '', '', '15867430425', '', 0, '', '', '0.00', 3, 1, 1, 1, 1, '', '0.00', '100.00', 100, '[]', 0, 1586960947, 1483509865, 1515050273, 1514995504, 1515050273, 0),
(74, 0, 'PO_I1049550470892680001', 1, 0, '290.00', '300.00', '0.10', '694.89', '0.00', '10.01', '10.00', '0.00', '0.00', '780.00', '1195.00', '', '', '9971564621172962', 1, 'consignee', 0, '[12,124,4044]', 'address', '浙江省 宁波市 江北区 address', '', '', '15867430425', '', 0, '', '', '0.00', 4, 0, 0, 1, 1, '', '0.00', '100.00', 100, '[]', 0, 1586960947, 0, 0, 1514995504, 1515050273, 0),
(75, 0, 'PO_I1049550470892670001', 1, 0, '290.00', '300.00', '0.10', '694.89', '0.00', '10.01', '10.00', '0.00', '0.00', '780.00', '1195.00', 'ZF_I1049554124677490001', '3', '9971564621172962', 1, 'consignee', 0, '[12,124,4044]', 'address', '浙江省 宁波市 江北区 address', '', '', '15867430425', '', 0, '', '', '0.00', 3, 1, 1, 1, 1, '', '0.00', '100.00', 100, '[]', 0, 1586960947, 1483509865, 1515050273, 1514995504, 1515050273, 0),
(76, 0, 'PO_I1049550470892680001', 1, 0, '290.00', '300.00', '0.10', '694.89', '0.00', '10.01', '10.00', '0.00', '0.00', '780.00', '1195.00', '', '', '9971564621172962', 1, 'consignee', 0, '[12,124,4044]', 'address', '浙江省 宁波市 江北区 address', '', '', '15867430425', '', 0, '', '', '0.00', 4, 0, 0, 1, 1, '', '0.00', '100.00', 100, '[]', 0, 1586960947, 0, 0, 1514995504, 1515050273, 0),
(77, 0, 'PO_I1049550470892670001', 1, 0, '290.00', '300.00', '0.10', '694.89', '0.00', '10.01', '10.00', '0.00', '0.00', '780.00', '1195.00', 'ZF_I1049554124677490001', '3', '9971564621172962', 1, 'consignee', 0, '[12,124,4044]', 'address', '浙江省 宁波市 江北区 address', '', '', '15867430425', '', 0, '', '', '0.00', 3, 1, 1, 1, 1, '', '0.00', '100.00', 100, '[]', 0, 1586960947, 1483509865, 1515050273, 1514995504, 1515050273, 0),
(78, 0, 'PO_I1049550470892680001', 1, 0, '290.00', '300.00', '0.10', '694.89', '0.00', '10.01', '10.00', '0.00', '0.00', '780.00', '1195.00', '', '', '9971564621172962', 1, 'consignee', 0, '[12,124,4044]', 'address', '浙江省 宁波市 江北区 address', '', '', '15867430425', '', 0, '', '', '0.00', 4, 0, 0, 1, 1, '', '0.00', '100.00', 100, '[]', 0, 1586960947, 0, 0, 1514995504, 1515050273, 0),
(79, 0, 'PO_I1049550470892670001', 1, 0, '290.00', '300.00', '0.10', '694.89', '0.00', '10.01', '10.00', '0.00', '0.00', '780.00', '1195.00', 'ZF_I1049554124677490001', '3', '9971564621172962', 1, 'consignee', 0, '[12,124,4044]', 'address', '浙江省 宁波市 江北区 address', '', '', '15867430425', '', 0, '', '', '0.00', 3, 1, 1, 1, 1, '', '0.00', '100.00', 100, '[]', 0, 1586960947, 1483509865, 1515050273, 1514995504, 1515050273, 0),
(80, 0, 'PO_I1049550470892680001', 1, 0, '290.00', '300.00', '0.10', '694.89', '0.00', '10.01', '10.00', '0.00', '0.00', '780.00', '1195.00', '', '', '9971564621172962', 1, 'consignee', 0, '[12,124,4044]', 'address', '浙江省 宁波市 江北区 address', '', '', '15867430425', '', 0, '', '', '0.00', 4, 0, 0, 1, 1, '', '0.00', '100.00', 100, '[]', 0, 1586960947, 0, 0, 1514995504, 1515050273, 0),
(81, 0, 'PO_I1049550470892670001', 1, 0, '290.00', '300.00', '0.10', '694.89', '0.00', '10.01', '10.00', '0.00', '0.00', '780.00', '1195.00', 'ZF_I1049554124677490001', '3', '9971564621172962', 1, 'consignee', 0, '[12,124,4044]', 'address', '浙江省 宁波市 江北区 address', '', '', '15867430425', '', 0, '', '', '0.00', 3, 1, 1, 1, 1, '', '0.00', '100.00', 100, '[]', 0, 1586960947, 1483509865, 1515050273, 1514995504, 1515050273, 0),
(82, 0, 'PO_I1049550470892680001', 1, 0, '290.00', '300.00', '0.10', '694.89', '0.00', '10.01', '10.00', '0.00', '0.00', '780.00', '1195.00', '', '', '9971564621172962', 1, 'consignee', 0, '[12,124,4044]', 'address', '浙江省 宁波市 江北区 address', '', '', '15867430425', '', 0, '', '', '0.00', 4, 0, 0, 1, 1, '', '0.00', '100.00', 100, '[]', 0, 1586960947, 0, 0, 1514995504, 1515050273, 0),
(83, 0, 'PO_I1049550470892670001', 1, 0, '290.00', '300.00', '0.10', '694.89', '0.00', '10.01', '10.00', '0.00', '0.00', '780.00', '1195.00', 'ZF_I1049554124677490001', '3', '9971564621172962', 1, 'consignee', 0, '[12,124,4044]', 'address', '浙江省 宁波市 江北区 address', '', '', '15867430425', '', 0, '', '', '0.00', 3, 1, 1, 1, 1, '', '0.00', '100.00', 100, '[]', 0, 1586960947, 1483509865, 1515050273, 1514995504, 1515050273, 0),
(84, 0, 'PO_I1049550470892680001', 1, 0, '290.00', '300.00', '0.10', '694.89', '0.00', '10.01', '10.00', '0.00', '0.00', '780.00', '1195.00', '', '', '9971564621172962', 1, 'consignee', 0, '[12,124,4044]', 'address', '浙江省 宁波市 江北区 address', '', '', '15867430425', '', 0, '', '', '0.00', 4, 0, 0, 1, 1, '', '0.00', '100.00', 100, '[]', 0, 1586960947, 0, 0, 1514995504, 1515050273, 0),
(85, 0, 'PO_I1049550470892670001', 1, 0, '290.00', '300.00', '0.10', '694.89', '0.00', '10.01', '10.00', '0.00', '0.00', '780.00', '1195.00', 'ZF_I1049554124677490001', '3', '9971564621172962', 1, 'consignee', 0, '[12,124,4044]', 'address', '浙江省 宁波市 江北区 address', '', '', '15867430425', '', 0, '', '', '0.00', 3, 1, 1, 1, 1, '', '0.00', '100.00', 100, '[]', 0, 1586960947, 1483509865, 1515050273, 1514995504, 1515050273, 0),
(86, 0, 'PO_I1049550470892680001', 1, 0, '290.00', '300.00', '0.10', '694.89', '0.00', '10.01', '10.00', '0.00', '0.00', '780.00', '1195.00', '', '', '9971564621172962', 1, 'consignee', 0, '[12,124,4044]', 'address', '浙江省 宁波市 江北区 address', '', '', '15867430425', '', 0, '', '', '0.00', 4, 0, 0, 1, 1, '', '0.00', '100.00', 100, '[]', 0, 1586960947, 0, 0, 1514995504, 1515050273, 0),
(87, 0, 'PO_I1049550470892670001', 1, 0, '290.00', '300.00', '0.10', '694.89', '0.00', '10.01', '10.00', '0.00', '0.00', '780.00', '1195.00', 'ZF_I1049554124677490001', '3', '9971564621172962', 1, 'consignee', 0, '[12,124,4044]', 'address', '浙江省 宁波市 江北区 address', '', '', '15867430425', '', 0, '', '', '0.00', 3, 1, 1, 1, 1, '', '0.00', '100.00', 100, '[]', 0, 1586960947, 1483509865, 1515050273, 1514995504, 1515050273, 0),
(88, 0, 'PO_I1049550470892680001', 1, 0, '290.00', '300.00', '0.10', '694.89', '0.00', '10.01', '10.00', '0.00', '0.00', '780.00', '1195.00', '', '', '9971564621172962', 1, 'consignee', 0, '[12,124,4044]', 'address', '浙江省 宁波市 江北区 address', '', '', '15867430425', '', 0, '', '', '0.00', 4, 0, 0, 1, 1, '', '0.00', '100.00', 100, '[]', 0, 1586960947, 0, 0, 1514995504, 1515050273, 0),
(89, 0, 'PO_I1049550470892670001', 1, 0, '290.00', '300.00', '0.10', '694.89', '0.00', '10.01', '10.00', '0.00', '0.00', '780.00', '1195.00', 'ZF_I1049554124677490001', '3', '9971564621172962', 1, 'consignee', 0, '[12,124,4044]', 'address', '浙江省 宁波市 江北区 address', '', '', '15867430425', '', 0, '', '', '0.00', 3, 1, 1, 1, 1, '', '0.00', '100.00', 100, '[]', 0, 1586960947, 1483509865, 1515050273, 1514995504, 1515050273, 0),
(90, 0, 'PO_I1049550470892680001', 1, 0, '290.00', '300.00', '0.10', '694.89', '0.00', '10.01', '10.00', '0.00', '0.00', '780.00', '1195.00', '', '', '9971564621172962', 1, 'consignee', 0, '[12,124,4044]', 'address', '浙江省 宁波市 江北区 address', '', '', '15867430425', '', 0, '', '', '0.00', 4, 0, 0, 1, 1, '', '0.00', '100.00', 100, '[]', 0, 1586960947, 0, 0, 1514995504, 1515050273, 0),
(91, 0, 'PO_I1049550470892670001', 1, 0, '290.00', '300.00', '0.10', '694.89', '0.00', '10.01', '10.00', '0.00', '0.00', '780.00', '1195.00', 'ZF_I1049554124677490001', '3', '9971564621172962', 1, 'consignee', 0, '[12,124,4044]', 'address', '浙江省 宁波市 江北区 address', '', '', '15867430425', '', 0, '', '', '0.00', 3, 1, 1, 1, 1, '', '0.00', '100.00', 100, '[]', 0, 1586960947, 1483509865, 1515050273, 1514995504, 1515050273, 0),
(92, 0, 'PO_I1049550470892680001', 1, 0, '290.00', '300.00', '0.10', '694.89', '0.00', '10.01', '10.00', '0.00', '0.00', '780.00', '1195.00', '', '', '9971564621172962', 1, 'consignee', 0, '[12,124,4044]', 'address', '浙江省 宁波市 江北区 address', '', '', '15867430425', '', 0, '', '', '0.00', 4, 0, 0, 1, 1, '', '0.00', '100.00', 100, '[]', 0, 1586960947, 0, 0, 1514995504, 1515050273, 0),
(93, 0, 'PO_I1049550470892670001', 1, 0, '290.00', '300.00', '0.10', '694.89', '0.00', '10.01', '10.00', '0.00', '0.00', '780.00', '1195.00', 'ZF_I1049554124677490001', '3', '9971564621172962', 1, 'consignee', 0, '[12,124,4044]', 'address', '浙江省 宁波市 江北区 address', '', '', '15867430425', '', 0, '', '', '0.00', 3, 1, 1, 1, 1, '', '0.00', '100.00', 100, '[]', 0, 1586960947, 1483509865, 1515050273, 1514995504, 1515050273, 0),
(94, 0, 'PO_I1049550470892680001', 1, 0, '290.00', '300.00', '0.10', '694.89', '0.00', '10.01', '10.00', '0.00', '0.00', '780.00', '1195.00', '', '', '9971564621172962', 1, 'consignee', 0, '[12,124,4044]', 'address', '浙江省 宁波市 江北区 address', '', '', '15867430425', '', 0, '', '', '0.00', 4, 0, 0, 1, 1, '', '0.00', '100.00', 100, '[]', 0, 1586960947, 0, 0, 1514995504, 1515050273, 0),
(95, 0, 'PO_I1049550470892670001', 1, 0, '290.00', '300.00', '0.10', '694.89', '0.00', '10.01', '10.00', '0.00', '0.00', '780.00', '1195.00', 'ZF_I1049554124677490001', '3', '9971564621172962', 1, 'consignee', 0, '[12,124,4044]', 'address', '浙江省 宁波市 江北区 address', '', '', '15867430425', '', 0, '', '', '0.00', 3, 1, 1, 1, 1, '', '0.00', '100.00', 100, '[]', 0, 1586960947, 1483509865, 1515050273, 1514995504, 1515050273, 0),
(96, 0, 'PO_I1049550470892680001', 1, 0, '290.00', '300.00', '0.10', '694.89', '0.00', '10.01', '10.00', '0.00', '0.00', '780.00', '1195.00', '', '', '9971564621172962', 1, 'consignee', 0, '[12,124,4044]', 'address', '浙江省 宁波市 江北区 address', '', '', '15867430425', '', 0, '', '', '0.00', 4, 0, 0, 1, 1, '', '0.00', '100.00', 100, '[]', 0, 1586960947, 0, 0, 1514995504, 1515050273, 0),
(97, 0, 'PO_I1049550470892670001', 1, 0, '290.00', '300.00', '0.10', '694.89', '0.00', '10.01', '10.00', '0.00', '0.00', '780.00', '1195.00', 'ZF_I1049554124677490001', '3', '9971564621172962', 1, 'consignee', 0, '[12,124,4044]', 'address', '浙江省 宁波市 江北区 address', '', '', '15867430425', '', 0, '', '', '0.00', 3, 1, 1, 1, 1, '', '0.00', '100.00', 100, '[]', 0, 1586960947, 1483509865, 1515050273, 1514995504, 1515050273, 0),
(98, 0, 'PO_I1049550470892680001', 1, 0, '290.00', '300.00', '0.10', '694.89', '0.00', '10.01', '10.00', '0.00', '0.00', '780.00', '1195.00', '', '', '9971564621172962', 1, 'consignee', 0, '[12,124,4044]', 'address', '浙江省 宁波市 江北区 address', '', '', '15867430425', '', 0, '', '', '0.00', 4, 0, 0, 1, 1, '', '0.00', '100.00', 100, '[]', 0, 1586960947, 0, 0, 1514995504, 1515050273, 0),
(99, 0, 'PO_I1049550470892670001', 1, 0, '290.00', '300.00', '0.10', '694.89', '0.00', '10.01', '10.00', '0.00', '0.00', '780.00', '1195.00', 'ZF_I1049554124677490001', '3', '9971564621172962', 1, 'consignee', 0, '[12,124,4044]', 'address', '浙江省 宁波市 江北区 address', '', '', '15867430425', '', 0, '', '', '0.00', 3, 1, 1, 1, 1, '', '0.00', '100.00', 100, '[]', 0, 1586960947, 1483509865, 1515050273, 1514995504, 1515050273, 0),
(100, 0, 'PO_I1049550470892680001', 1, 0, '290.00', '300.00', '0.10', '694.89', '0.00', '10.01', '10.00', '0.00', '0.00', '780.00', '1195.00', '', '', '9971564621172962', 1, 'consignee', 0, '[12,124,4044]', 'address', '浙江省 宁波市 江北区 address', '', '', '15867430425', '', 0, '', '', '0.00', 4, 0, 0, 1, 1, '', '0.00', '100.00', 100, '[]', 0, 1586960947, 0, 0, 1514995504, 1515050273, 0),
(101, 0, 'PO_I1049550470892670001', 1, 0, '290.00', '300.00', '0.10', '694.89', '0.00', '10.01', '10.00', '0.00', '0.00', '780.00', '1195.00', 'ZF_I1049554124677490001', '3', '9971564621172962', 1, 'consignee', 0, '[12,124,4044]', 'address', '浙江省 宁波市 江北区 address', '', '', '15867430425', '', 0, '', '', '0.00', 3, 1, 1, 1, 1, '', '0.00', '100.00', 100, '[]', 0, 1586960947, 1483509865, 1515050273, 1514995504, 1515050273, 0),
(102, 0, 'PO_I1049550470892680001', 1, 0, '290.00', '300.00', '0.10', '694.89', '0.00', '10.01', '10.00', '0.00', '0.00', '780.00', '1195.00', '', '', '9971564621172962', 1, 'consignee', 0, '[12,124,4044]', 'address', '浙江省 宁波市 江北区 address', '', '', '15867430425', '', 0, '', '', '0.00', 4, 0, 0, 1, 1, '', '0.00', '100.00', 100, '[]', 0, 1586960947, 0, 0, 1514995504, 1515050273, 0),
(103, 0, 'PO_I1049550470892670001', 1, 0, '290.00', '300.00', '0.10', '694.89', '0.00', '10.01', '10.00', '0.00', '0.00', '780.00', '1195.00', 'ZF_I1049554124677490001', '3', '9971564621172962', 1, 'consignee', 0, '[12,124,4044]', 'address', '浙江省 宁波市 江北区 address', '', '', '15867430425', '', 0, '', '', '0.00', 3, 1, 1, 1, 1, '', '0.00', '100.00', 100, '[]', 0, 1586960947, 1483509865, 1515050273, 1514995504, 1515050273, 0),
(104, 0, 'PO_I1049550470892680001', 1, 0, '290.00', '300.00', '0.10', '694.89', '0.00', '10.01', '10.00', '0.00', '0.00', '780.00', '1195.00', '', '', '9971564621172962', 1, 'consignee', 0, '[12,124,4044]', 'address', '浙江省 宁波市 江北区 address', '', '', '15867430425', '', 0, '', '', '0.00', 4, 0, 0, 1, 1, '', '0.00', '100.00', 100, '[]', 0, 1586960947, 0, 0, 1514995504, 1515050273, 0),
(105, 0, 'PO_I1049550470892670001', 1, 0, '290.00', '300.00', '0.10', '694.89', '0.00', '10.01', '10.00', '0.00', '0.00', '780.00', '1195.00', 'ZF_I1049554124677490001', '3', '9971564621172962', 1, 'consignee', 0, '[12,124,4044]', 'address', '浙江省 宁波市 江北区 address', '', '', '15867430425', '', 0, '', '', '0.00', 3, 1, 1, 1, 1, '', '0.00', '100.00', 100, '[]', 0, 1586960947, 1483509865, 1515050273, 1514995504, 1515050273, 0),
(106, 0, 'PO_I1049550470892680001', 1, 0, '290.00', '300.00', '0.10', '694.89', '0.00', '10.01', '10.00', '0.00', '0.00', '780.00', '1195.00', '', '', '9971564621172962', 1, 'consignee', 0, '[12,124,4044]', 'address', '浙江省 宁波市 江北区 address', '', '', '15867430425', '', 0, '', '', '0.00', 4, 0, 0, 1, 1, '', '0.00', '100.00', 100, '[]', 0, 1586960947, 0, 0, 1514995504, 1515050273, 0),
(107, 0, 'PO_I1049550470892670001', 1, 0, '290.00', '300.00', '0.10', '694.89', '0.00', '10.01', '10.00', '0.00', '0.00', '780.00', '1195.00', 'ZF_I1049554124677490001', '3', '9971564621172962', 1, 'consignee', 0, '[12,124,4044]', 'address', '浙江省 宁波市 江北区 address', '', '', '15867430425', '', 0, '', '', '0.00', 3, 1, 1, 1, 1, '', '0.00', '100.00', 100, '[]', 0, 1586960947, 1483509865, 1515050273, 1514995504, 1515050273, 0),
(108, 0, 'PO_I1049550470892680001', 1, 0, '290.00', '300.00', '0.10', '694.89', '0.00', '10.01', '10.00', '0.00', '0.00', '780.00', '1195.00', '', '', '9971564621172962', 1, 'consignee', 0, '[12,124,4044]', 'address', '浙江省 宁波市 江北区 address', '', '', '15867430425', '', 0, '', '', '0.00', 4, 0, 0, 1, 1, '', '0.00', '100.00', 100, '[]', 0, 1586960947, 0, 0, 1514995504, 1515050273, 0),
(109, 0, 'PO_I1049550470892670001', 1, 0, '290.00', '300.00', '0.10', '694.89', '0.00', '10.01', '10.00', '0.00', '0.00', '780.00', '1195.00', 'ZF_I1049554124677490001', '3', '9971564621172962', 1, 'consignee', 0, '[12,124,4044]', 'address', '浙江省 宁波市 江北区 address', '', '', '15867430425', '', 0, '', '', '0.00', 3, 1, 1, 1, 1, '', '0.00', '100.00', 100, '[]', 0, 1586960947, 1483509865, 1515050273, 1514995504, 1515050273, 0),
(110, 0, 'PO_I1049550470892680004', 1, 0, '290.00', '300.00', '0.10', '694.89', '0.00', '10.01', '10.00', '0.00', '0.00', '780.00', '1195.00', '', '', '9971564621172962', 1, 'consignee', 0, '[12,124,4044]', 'address', '浙江省 宁波市 江北区 address', '', '', '15867430425', '', 0, '', '', '0.00', 4, 0, 0, 1, 1, '', '0.00', '100.00', 100, '[]', 0, 1586960947, 0, 0, 1514995504, 1584895051, 1),
(111, 0, 'PO_I1049550470892670001', 1, 0, '290.00', '300.00', '0.10', '694.89', '0.00', '10.01', '10.00', '0.00', '0.00', '780.00', '1195.00', 'ZF_I1049554124677490001', '3', '9971564621172962', 1, 'consignee', 0, '[12,124,4044]', 'address', '浙江省 宁波市 江北区 address', '', '', '15867430425', '', 0, '', '', '0.00', 3, 1, 1, 1, 1, '', '0.00', '100.00', 100, '[]', 0, 1586960947, 1483509865, 1515050273, 1514995504, 1515050273, 0),
(112, 0, 'PO_I1049550470892680003', 1, 0, '290.00', '300.00', '0.10', '694.89', '0.00', '10.01', '10.00', '0.00', '0.00', '780.00', '1195.00', '', '', '9971564621172962', 1, 'consignee', 0, '[12,124,4044]', 'address', '浙江省 宁波市 江北区 address', '', '', '15867430425', '', 0, '', '', '0.00', 4, 0, 0, 1, 1, '', '0.00', '100.00', 100, '[]', 0, 1586960947, 0, 0, 1514995504, 1584895045, 1),
(113, 0, 'PO_I1049550470892670001', 1, 0, '290.00', '300.00', '0.10', '694.89', '0.00', '10.01', '10.00', '0.00', '0.00', '780.00', '1195.00', 'ZF_I1049554124677490001', '3', '9971564621172962', 1, 'consignee', 0, '[12,124,4044]', 'address', '浙江省 宁波市 江北区 address', '', '', '15867430425', '', 0, '', '', '0.00', 3, 1, 1, 1, 1, '', '0.00', '100.00', 100, '[]', 0, 1586960947, 1483509865, 1515050273, 1514995504, 1515050273, 0),
(114, 0, 'PO_I1049550470892680002', 1, 0, '290.00', '300.00', '0.10', '694.89', '0.00', '10.01', '10.00', '0.00', '0.00', '780.00', '1195.00', '', '', '9971564621172962', 5, 'consignee', 0, '[12,124,4044]', 'address', '浙江省 宁波市 江北区 address', '', '', '15867430425', '', 0, '', '', '0.00', 4, 0, 0, 1, 1, '', '0.00', '100.00', 100, '[]', 0, 1586960947, 0, 0, 1514995504, 1584895039, 1),
(115, 0, 'PO_A3150167102016240001', 1, 0, '30398.62', '31019.00', '30398.62', '0.00', '620.38', '0.00', '0.00', '0.00', '0.00', '0.00', '0.00', '', '', '', 1, '赵四', 0, '[12,124,4044]', 'xxx 新城', '浙江 宁波市 江北区 xxx 新城', '', '', '15867430322', '买家备注', 0, '', '', '0.00', 4, 0, 0, 1, 1, '删除测试标记', '0.00', '100.00', 100, '[]', 0, 1586960947, 0, 0, 1584201671, 1585324930, 0),
(116, 0, 'PO_A3150263011275460001', 1, 0, '30398.62', '31019.00', '0.00', '30398.62', '620.38', '0.00', '0.00', '0.00', '0.00', '0.00', '0.00', 'ZF_A3150283573103810001', '1', '', 1, '赵四', 0, '[12,124,4044]', 'xxx 新城', '浙江 宁波市 江北区 xxx 新城', '', '', '15867430322', '买家备注', 0, '', '', '0.00', 2, 1, 1, 1, 1, '简单的设置', '0.00', '100.00', 100, '[]', 1584202835, 1586960947, 1585492746, 0, 1584202630, 1587047731, 0),
(117, 0, 'PO_A3209322451800150001', 1, 0, '30398.62', '31019.00', '30398.62', '0.00', '620.38', '0.00', '0.00', '0.00', '0.00', '0.00', '0.00', '', '', '', 1, 'consignee', 0, '[12,124,4044]', 'address', '浙江 宁波市 江北区 address', '', '', '15867430425', '', 0, '', '', '0.00', 4, 0, 0, 1, 1, '', '0.00', '100.00', 100, '[]', 0, 1586960947, 0, 0, 1584693224, 1585324927, 0),
(118, 0, 'PO_A3209335861100200001', 1, 0, '30398.62', '31019.00', '50797.24', '0.00', '620.38', '0.00', '0.00', '0.00', '0.00', '0.00', '0.00', '', '', '', 1, 'consignee', 0, '[12,124,4044]', 'address', '浙江 宁波市 江北区 address', '', '', '15867430425', '', 0, '', '', '0.00', 4, 0, 0, 1, 1, '', '20398.62', '100.00', 100, '[]', 0, 1586960947, 0, 0, 1584693358, 1585324924, 0),
(120, 0, 'PO_A3209352609300860001', 1, 3, '30398.62', '31019.00', '30400.00', '0.00', '620.38', '0.00', '0.00', '0.00', '0.00', '0.00', '0.00', '', '', '', 1, '王五', 0, '[12,124,4044]', 'address ads', '重庆 重庆市 万州区 address ads', '', '', '15867430425', '', 0, '', '', '0.00', 4, 0, 0, 1, 1, '', '1.38', '100.00', 100, '[]', 0, 0, 0, 0, 1584693526, 1587143477, 0),
(123, 0, 'PO_A3209397421200030001', 1, 2, '30398.62', '31019.00', '95.00', '0.00', '620.38', '0.00', '0.00', '0.00', '0.00', '0.00', '0.00', '', '', '', 1, 'consignee', 0, '[12,124,4044]', 'address', '北京 北京市 东城区 address', '315000', '87487585', '15867430425', '', 2, 'xxx', '0001', '0.00', 0, 0, 0, 1, 1, 'test0009999000', '-30303.62', '100.00', 100, '[]', 0, 0, 0, 0, 1584693974, 1587057874, 0),
(124, 0, 'PO_A3217849839847620001', 1, 1, '30398.62', '31019.00', '0.00', '30398.62', '620.38', '0.00', '0.00', '0.00', '0.00', '0.00', '0.00', 'ZF_A3234729294500560001', '0', '', 20, '赵四', 0, '[12,124,4044]', 'xxx 新城', '浙江 宁波市 江北区 xxx 新城', '', '87487585', '15867430322', '买家备注', 2, '宁波XXX有限公司', '0001111', '0.00', 3, 1, 1, 1, 1, '售后状态为测试使用,并非实际关联售后数据', '0.00', '100.00', 100, '[]', 1584947293, 1586960947, 1584947680, 1585332222, 1584778498, 1585333195, 0),
(125, 0, 'PO_A3217852987257470001', 1, 0, '30398.62', '31019.00', '0.00', '30398.62', '620.38', '0.00', '0.00', '0.00', '0.00', '0.00', '0.00', 'ZF_A3210230912348670001', '0', '', 20, '张三', 0, '[12,124,4044]', '详细地址', '上海 上海市 黄浦区 详细地址', '315000', '87487585', '13777090387', '买家备注', 1, '个人', '', '0.00', 2, 2, 1, 1, 1, '卖家备注', '0.00', '100.00', 100, '[]', 1584802309, 1587021517, 1587142848, 0, 1584778529, 1587142848, 0);
INSERT INTO `donkey_order` (`order_id`, `parent_id`, `order_no`, `user_id`, `source`, `pay_amount`, `goods_amount`, `total_amount`, `use_money`, `use_level`, `use_integral`, `use_coupon`, `use_discount`, `use_promotion`, `use_card`, `delivery_fee`, `payment_no`, `payment_code`, `card_number`, `delivery_id`, `consignee`, `country`, `region_list`, `address`, `complete_address`, `zipcode`, `tel`, `mobile`, `buyer_remark`, `invoice_type`, `invoice_title`, `tax_number`, `invoice_amount`, `trade_status`, `delivery_status`, `payment_status`, `create_user_id`, `is_give`, `sellers_remark`, `adjustment`, `integral_pct`, `give_integral`, `give_coupon`, `payment_time`, `picking_time`, `delivery_time`, `finished_time`, `create_time`, `update_time`, `is_delete`) VALUES
(126, 0, 'PO_A3260290382300820001', 1, 0, '1.96', '2.00', '12.96', '0.00', '0.04', '0.00', '0.00', '0.00', '0.00', '0.00', '11.00', '', '', '', 1, 'consignee', 0, '[12,124,4044]', 'address', '浙江 宁波市 江北区 address', '', '', '15867430425', '', 0, '', '', '0.00', 4, 0, 0, 1, 1, '', '0.00', '100.00', 0, '[]', 0, 1586960947, 0, 0, 1585202903, 1585209337, 1),
(127, 0, 'PO_A3260296589000320001', 1, 0, '1.96', '2.00', '13.96', '0.00', '0.04', '0.00', '0.00', '0.00', '0.00', '0.00', '11.00', '', '', '', 1, 'consignee', 0, '[12,124,4044]', 'address', '浙江 宁波市 江北区 address', '', '', '15867430425', '', 0, '', '', '0.00', 4, 0, 0, 1, 1, '', '1.00', '100.00', 0, '[]', 0, 1586960947, 0, 0, 1585202965, 1585209317, 1),
(128, 0, 'PO_A3260297662400000001', 1, 0, '1.96', '2.00', '12.96', '0.00', '0.04', '0.00', '0.00', '0.00', '0.00', '0.00', '11.00', '', '', '', 1, 'consignee', 0, '[12,124,4044]', 'address', '浙江 宁波市 江北区 address', '', '', '15867430425', '', 0, '', '', '0.00', 4, 0, 0, 1, 1, '', '0.00', '100.00', 0, '[]', 0, 1586960947, 0, 0, 1585202976, 1585209311, 1),
(129, 0, 'PO_A3260298389700290001', 1, 0, '1.96', '2.00', '12.96', '0.00', '0.04', '0.00', '0.00', '0.00', '0.00', '0.00', '11.00', '', '', '', 1, 'consignee', 0, '[12,124,4044]', 'address', '浙江 宁波市 江北区 address', '', '', '15867430425', '', 0, '', '', '0.00', 4, 0, 0, 1, 1, '', '0.00', '100.00', 0, '[]', 0, 1586960947, 0, 0, 1585202983, 1585324921, 0),
(130, 0, 'PO_A3260299130800630001', 1, 0, '1.96', '2.00', '13.96', '0.00', '0.04', '0.00', '0.00', '0.00', '0.00', '0.00', '11.00', '', '', '', 1, 'consignee', 0, '[12,124,4044]', 'address', '浙江 宁波市 江北区 address', '', '', '15867430425', '', 0, '', '', '0.00', 4, 0, 0, 1, 1, '111', '1.00', '100.00', 0, '[]', 0, 1586960947, 0, 0, 1585202991, 1585324918, 0),
(131, 0, 'PO_A3279938010900330001', 1, 0, '1.96', '2.00', '0.00', '0.00', '0.04', '0.00', '0.00', '0.00', '0.00', '0.00', '11.00', 'ZF_A3279941625600220001', '1', '', 20, 'consignee', 0, '[12,124,4044]', 'address', '浙江 宁波市 江北区 address', '', '', '15867430425', '', 0, '', '', '0.00', 2, 1, 1, 1, 1, '', '-12.96', '100.00', 0, '[]', 1585299416, 1586960947, 1585492628, 0, 1585299380, 1585492628, 0),
(132, 0, 'PO_A3279943676300210001', 1, 0, '1.96', '2.00', '0.00', '0.00', '0.04', '0.00', '0.00', '0.00', '0.00', '0.00', '11.00', 'ZF_A3279947153800210001', '1', '', 1, 'consignee', 0, '[12,124,4044]', 'address', '浙江 宁波市 江北区 address', '', '', '15867430425', '', 0, '', '', '0.00', 0, 0, 1, 1, 1, '', '-12.96', '100.00', 0, '[]', 1585299471, 0, 0, 0, 1585299436, 1587142601, 0),
(133, 0, 'PO_A3279948991700770001', 1, 0, '1.96', '2.00', '0.00', '0.00', '0.04', '0.00', '0.00', '0.00', '0.00', '0.00', '11.00', 'ZF_A3279956752500580001', '1', '', 1, 'consignee', 0, '[12,124,4044]', 'address', '浙江 宁波市 江北区 address', '', '', '15867430425', '', 0, '', '', '0.00', 0, 0, 1, 1, 1, '', '-12.96', '100.00', 0, '[]', 1585299567, 0, 0, 0, 1585299489, 1587142565, 0),
(134, 0, 'PO_A3279969490200760001', 1, 0, '1.96', '2.00', '12.96', '0.00', '0.04', '0.00', '0.00', '0.00', '0.00', '0.00', '11.00', '', '', '', 1, 'consignee', 0, '[12,124,4044]', 'address', '浙江 宁波市 江北区 address', '', '', '15867430425', '', 0, '', '', '0.00', 4, 0, 0, 1, 1, '', '0.00', '100.00', 0, '[]', 0, 1586960947, 0, 0, 1585299694, 1585336037, 0),
(135, 0, 'PO_A3279972399200820001', 1, 0, '30398.62', '31019.00', '30298.62', '0.00', '620.38', '0.00', '0.00', '0.00', '0.00', '0.00', '0.00', '', '', '', 1, 'consignee', 0, '[12,124,4044]', 'address', '浙江 宁波市 江北区 address', '', '', '15867430425', '', 0, '', '', '0.00', 4, 0, 0, 1, 1, '', '-100.00', '100.00', 100, '[]', 0, 0, 0, 0, 1585299724, 1587143870, 0),
(136, 0, 'PO_A3217849839847620002', 1, 1, '30398.62', '31019.00', '0.00', '30398.62', '620.38', '0.00', '0.00', '0.00', '0.00', '0.00', '0.00', 'ZF_A3234729294500560001', '0', '', 20, '赵四', 0, '[12,124,4044]', 'xxx 新城', '浙江 宁波市 江北区 xxx 新城 xxx 新城 xxx 新城 xxx 新城 xxx 新城 xxx 新城 xxx 新城 xxx 新城', '', '87487585', '15867430322', '买家备注', 2, '宁波XXX有限公司', '0001111', '0.00', 2, 1, 1, 1, 1, '售后状态为测试使用,并非实际关联售后数据售后状态为测试使用,并非实际关联售后数据售后状态为测试使用,并非实际关联售后数据售后状态为测试使用,并非实际关联售后数据售后状态为测试使用,并非实际关联售后数据', '0.00', '100.00', 100, '[]', 1584947293, 1586960947, 1584947680, 0, 1584778498, 1587044054, 0),
(137, 0, 'PO_A3217849839847620003', 1, 1, '30398.62', '31019.00', '0.00', '30398.62', '620.38', '0.00', '0.00', '0.00', '0.00', '0.00', '0.00', 'ZF_A3234729294500560001', '0', '', 20, '赵四', 0, '[12,124,4044]', 'xxx 新城', '浙江 宁波市 江北区 xxx 新城', '', '87487585', '15867430322', '买家备注', 2, '宁波XXX有限公司', '0001111', '0.00', 3, 1, 1, 1, 1, '', '0.00', '100.00', 100, '[]', 1584947293, 1586960947, 1584947680, 1585332598, 1584778498, 1585332598, 0),
(138, 0, 'PO_A3217849839847620004', 1, 1, '30398.62', '31019.00', '0.00', '30398.62', '620.38', '0.00', '0.00', '0.00', '0.00', '0.00', '0.00', 'ZF_A3234729294500560001', '0', '', 20, '赵四', 0, '[12,124,4044]', 'xxx 新城', '浙江 宁波市 江北区 xxx 新城', '', '87487585', '15867430322', '买家备注', 2, '宁波XXX有限公司', '0001111', '0.00', 3, 1, 1, 1, 1, '', '0.00', '100.00', 100, '[]', 1584947293, 1586960947, 1584947680, 1585332604, 1584778498, 1585332604, 0),
(139, 0, 'PO_A3217849839847620005', 1, 1, '30398.62', '31019.00', '0.00', '30398.62', '620.38', '0.00', '0.00', '0.00', '0.00', '0.00', '0.00', 'ZF_A3234729294500560001', '0', '', 20, '赵四', 0, '[12,124,4044]', 'xxx 新城', '浙江 宁波市 江北区 xxx 新城', '', '87487585', '15867430322', '买家备注', 2, '宁波XXX有限公司', '0001111', '0.00', 3, 1, 1, 1, 1, '售后状态为测试使用,并非实际关联售后数据', '0.00', '100.00', 100, '[]', 1584947293, 1586960947, 1584947680, 1585337048, 1584778498, 1585337048, 0),
(140, 0, 'PO_A3217849839847620006', 1, 1, '30398.62', '31019.00', '0.00', '30398.62', '620.38', '0.00', '0.00', '0.00', '0.00', '0.00', '0.00', 'ZF_A3234729294500560001', '0', '', 20, '赵四', 0, '[12,124,4044]', 'xxx 新城', '浙江 宁波市 江北区 xxx 新城', '', '87487585', '15867430322', '买家备注', 2, '宁波XXX有限公司', '0001111', '0.00', 1, 0, 1, 1, 1, '', '0.00', '100.00', 100, '[]', 1584947293, 1587142612, 1584947680, 0, 1584778498, 1587142612, 0),
(141, 0, 'PO_A3217849839847620007', 1, 1, '30398.62', '31019.00', '0.00', '30398.62', '620.38', '0.00', '0.00', '0.00', '0.00', '0.00', '0.00', 'ZF_A3234729294500560001', '0', '', 20, '赵四', 0, '[12,124,4044]', 'xxx 新城', '浙江 宁波市 江北区 xxx 新城', '', '87487585', '15867430322', '买家备注', 2, '宁波XXX有限公司', '0001111', '0.00', 3, 1, 1, 1, 1, '售后状态为测试使用,并非实际关联售后数据', '0.00', '100.00', 100, '[]', 1584947293, 1586960947, 1584947680, 1585337048, 1584778498, 1585337049, 0),
(142, 0, 'PO_A3217849839847620008', 1, 1, '30398.62', '31019.00', '0.00', '30398.62', '620.38', '0.00', '0.00', '0.00', '0.00', '0.00', '0.00', 'ZF_A3234729294500560001', '0', '', 20, '赵四', 0, '[12,124,4044]', 'xxx 新城', '浙江 宁波市 江北区 xxx 新城', '', '87487585', '15867430322', '买家备注', 2, '宁波XXX有限公司', '0001111', '0.00', 3, 1, 1, 1, 1, '售后状态为测试使用,并非实际关联售后数据售后状态为测试使用,并非实际关联售后数据售后状态为测试使用,并非实际关联售后数据售后状态为测试使用,并非实际关联售后数据售后状态为测试使用,并非实际关联售后数据', '0.00', '100.00', 100, '[]', 1584947293, 1586960947, 1584947680, 1585335945, 1584778498, 1587043333, 0),
(143, 0, 'PO_A3217849839847620009', 1, 1, '30398.62', '31019.00', '0.00', '30398.62', '620.38', '0.00', '0.00', '0.00', '0.00', '0.00', '0.00', 'ZF_A3234729294500560001', '0', '', 20, '赵四', 0, '[12,124,4044]', 'xxx 新城', '浙江 宁波市 江北区 xxx 新城', '', '87487585', '15867430322', '买家备注', 1, '宁波XXX有限公司', '0001111', '0.00', 3, 1, 1, 1, 0, '简单的设置', '0.00', '100.00', 100, '[]', 1584947293, 1586960947, 1584947680, 1585502045, 1584778498, 1587992724, 0),
(144, 0, 'PO_A4170629109000020001', 1, 0, '27296.72', '31019.00', '26295.72', '1000.00', '3722.28', '1.00', '0.00', '0.00', '0.00', '0.00', '0.00', '', '', '', 1, 'consignee', 0, '[12,124,4044]', 'address', '浙江 宁波市 江北区 address', '', '', '15867430425', '', 0, '', '', '0.00', 4, 0, 0, 1, 0, '', '0.00', '100.00', 100, '[]', 0, 0, 0, 0, 1587106291, 1588050325, 0),
(145, 0, 'PO_A4170750275700700001', 1, 0, '27296.72', '31019.00', '26195.01', '1000.00', '3722.28', '1.00', '0.00', '0.00', '0.00', '0.00', '0.00', '', '', '', 1, 'consignee', 0, '[35,400]', 'address', '澳门 澳门半岛 address', '', '', '15867430425', '', 0, '', '', '0.00', 0, 0, 0, 1, 1, '', '-100.71', '100.00', 100, '[]', 0, 0, 0, 0, 1587107502, 1589249760, 0),
(146, 0, 'PO_A4171039000700310001', 1, 0, '16727.92', '19009.00', '15627.00', '1000.00', '2281.08', '1.00', '0.00', '0.00', '0.00', '0.00', '0.00', '', '', '', 1, 'consignee', 0, '[12,124,4044]', '详细地址', '浙江 宁波市 海曙区 详细地址', '', '', '15867430425', '', 0, '', '', '0.00', 1, 0, 1, 1, 1, '备注\n备注1', '-99.92', '100.00', 100, '[]', 0, 1587185892, 0, 0, 1587110390, 1589126120, 0);

DROP TABLE IF EXISTS `donkey_order_goods`;
CREATE TABLE `donkey_order_goods` (
  `order_goods_id` int(11) UNSIGNED NOT NULL,
  `order_id` int(11) UNSIGNED NOT NULL DEFAULT '0' COMMENT '对应order表',
  `order_no` varchar(50) COLLATE utf8mb4_unicode_ci NOT NULL COMMENT '订单号',
  `user_id` int(11) UNSIGNED NOT NULL COMMENT '对应user表',
  `goods_name` varchar(200) COLLATE utf8mb4_unicode_ci NOT NULL COMMENT '商品名称',
  `goods_id` int(11) UNSIGNED NOT NULL DEFAULT '0' COMMENT '对应goods表',
  `goods_image` varchar(512) COLLATE utf8mb4_unicode_ci NOT NULL DEFAULT '' COMMENT '商品封面',
  `goods_code` varchar(50) COLLATE utf8mb4_unicode_ci NOT NULL DEFAULT '' COMMENT '商品货号',
  `goods_sku` varchar(50) COLLATE utf8mb4_unicode_ci NOT NULL DEFAULT '' COMMENT '商品SKU',
  `bar_code` varchar(60) COLLATE utf8mb4_unicode_ci NOT NULL DEFAULT '' COMMENT '商品条码',
  `key_name` varchar(100) COLLATE utf8mb4_unicode_ci NOT NULL COMMENT '规格键名',
  `key_value` varchar(60) COLLATE utf8mb4_unicode_ci NOT NULL COMMENT '规格值',
  `market_price` decimal(10,2) NOT NULL COMMENT '市场价',
  `shop_price` decimal(10,2) NOT NULL COMMENT '本店价',
  `qty` int(11) UNSIGNED NOT NULL DEFAULT '0' COMMENT '购买数量',
  `is_comment` tinyint(1) NOT NULL DEFAULT '0' COMMENT '0=未评 1=已评 2=追评',
  `is_service` tinyint(1) NOT NULL DEFAULT '0' COMMENT '0=可申请 1=售后中 2=已售后 3=不可申',
  `status` tinyint(1) NOT NULL DEFAULT '0' COMMENT '0=未发 1=已发 2=收货 3=取消'
) ENGINE=InnoDB DEFAULT CHARSET=utf8mb4 COLLATE=utf8mb4_unicode_ci COMMENT='订单商品';

INSERT INTO `donkey_order_goods` (`order_goods_id`, `order_id`, `order_no`, `user_id`, `goods_name`, `goods_id`, `goods_image`, `goods_code`, `goods_sku`, `bar_code`, `key_name`, `key_value`, `market_price`, `shop_price`, `qty`, `is_comment`, `is_service`, `status`) VALUES
(1, 1, 'PO_I1049550470892670001', 1, 'OPPO K5 6GB+128GB 奇幻森林 6400万超清四摄 VOOC闪充4.0 高通骁龙730G 全网通4G 游戏智能手机', 288, 'aliyun.oss.careyshop.cn/uploads/files/20191230/3c81b780-0510-442c-8ffc-267217735f94.jpg?type=aliyun', 'CS27981253', '', '', '1_3', '颜色分类：E14小螺口【单只装】功率：3.5发光颜色：白', '500.00', '200.00', 1, 0, 0, 2),
(2, 1, 'PO_I1049550470892670001', 1, '启蒙积木军舰海军军事航母积木113儿童小颗粒积木玩具春节礼物', 89, 'aliyun.oss.careyshop.cn/uploads/files/20191230/3c81b780-0510-442c-8ffc-267217735f94.jpg?type=aliyun', 'CS27981253', '', '', '1_2', '颜色分类：E14小螺口【单只装】功率：3.5发光颜色：白', '500.00', '100.00', 1, 0, 2, 2),
(4, 2, 'PO_I1049550470892680001', 1, '乐基乌龟饲料高钙幼龟粮 鱼干虾干面包虫巴西龟鳄龟粮食 龟粮通用', 89, '', 'CS27981253', '', '', '1_3', '颜色分类：【E27】5瓦功率：5W发光颜色：白', '500.00', '200.00', 1, 0, 0, 3),
(5, 2, 'PO_I1049550470892680001', 1, '添加一条数据添加一条数据', 89, '', 'CS27981253', '', '', '1_2', '规格A', '500.00', '100.00', 1, 0, 0, 3),
(6, 115, 'PO_A3150167102016240001', 1, 'OPPO K5 6GB+128GB 奇幻森林 6400万超清四摄 VOOC闪充4.0 高通骁龙730G 全网通4G 游戏智能手机', 199, 'aliyun.oss.careyshop.cn/uploads/files/20191230/3c81b780-0510-442c-8ffc-267217735f94.jpg?type=aliyun', 'CS66472556', '', '', '', '', '7000.00', '6005.00', 2, 0, 0, 3),
(7, 115, 'PO_A3150167102016240001', 1, 'Apple 2020新品 MacBook Pro 16【带触控栏】九代六核i7 16G 512G 深空灰 Radeon Pro 5300M显卡', 288, 'https://aliyun.oss.careyshop.cn/uploads/files/20191230/97405ac5-3c64-4d48-b3da-238710c7272b.jpg?type=aliyun', 'CS19938733', '', '', '208_411_414', '颜色:黑色 CPU:I5 屏幕:15寸', '21999.00', '18999.00', 1, 0, 0, 3),
(8, 115, 'PO_A3150167102016240001', 1, '荣耀10青春版 幻彩渐变 2400万AI自拍 全网通版4GB+64GB 渐变蓝 移动联通电信4G全面屏手机', 289, 'aliyun.oss.careyshop.cn/uploads/files/20191230/f82ae8dd-ebe4-4397-889e-418adde10a85.jpg?type=aliyun', 'CS61349218', '', '', '151_158_223_212', '内存:4G 网络:4G 尺码:M 颜色:银色', '3000.00', '5.00', 2, 0, 0, 3),
(9, 116, 'PO_A3150263011275460001', 1, 'OPPO K5 6GB+128GB 奇幻森林 6400万超清四摄 VOOC闪充4.0 高通骁龙730G 全网通4G 游戏智能手机', 199, 'aliyun.oss.careyshop.cn/uploads/files/20191230/3c81b780-0510-442c-8ffc-267217735f94.jpg?type=aliyun', 'CS66472556', '', '', '', '', '7000.00', '6005.00', 2, 0, 0, 1),
(10, 116, 'PO_A3150263011275460001', 1, 'Apple 2020新品 MacBook Pro 16【带触控栏】九代六核i7 16G 512G 深空灰 Radeon Pro 5300M显卡', 288, 'https://aliyun.oss.careyshop.cn/uploads/files/20191230/97405ac5-3c64-4d48-b3da-238710c7272b.jpg?type=aliyun', 'CS19938733', '', '', '208_411_414', '颜色:黑色 CPU:I5 屏幕:15寸', '21999.00', '18999.00', 1, 0, 0, 1),
(11, 116, 'PO_A3150263011275460001', 1, '荣耀10青春版 幻彩渐变 2400万AI自拍 全网通版4GB+64GB 渐变蓝 移动联通电信4G全面屏手机', 289, 'aliyun.oss.careyshop.cn/uploads/files/20191230/f82ae8dd-ebe4-4397-889e-418adde10a85.jpg?type=aliyun', 'CS61349218', '', '', '151_158_223_212', '内存:4G 网络:4G 尺码:M 颜色:银色', '3000.00', '5.00', 2, 0, 0, 1),
(12, 117, 'PO_A3209322451800150001', 1, 'OPPO K5 6GB+128GB 奇幻森林 6400万超清四摄 VOOC闪充4.0 高通骁龙730G 全网通4G 游戏智能手机', 199, 'aliyun.oss.careyshop.cn/uploads/files/20191230/3c81b780-0510-442c-8ffc-267217735f94.jpg?type=aliyun', 'CS66472556', '', '', '', '', '7000.00', '6005.00', 2, 0, 0, 3),
(13, 117, 'PO_A3209322451800150001', 1, 'Apple 2020新品 MacBook Pro 16【带触控栏】九代六核i7 16G 512G 深空灰 Radeon Pro 5300M显卡', 288, 'https://aliyun.oss.careyshop.cn/uploads/files/20191230/97405ac5-3c64-4d48-b3da-238710c7272b.jpg?type=aliyun', 'CS19938733', '', '', '208_411_414', '颜色:黑色 CPU:I5 屏幕:15寸', '21999.00', '18999.00', 1, 0, 0, 3),
(14, 117, 'PO_A3209322451800150001', 1, '荣耀10青春版 幻彩渐变 2400万AI自拍 全网通版4GB+64GB 渐变蓝 移动联通电信4G全面屏手机', 289, 'aliyun.oss.careyshop.cn/uploads/files/20191230/f82ae8dd-ebe4-4397-889e-418adde10a85.jpg?type=aliyun', 'CS61349218', '', '', '151_158_223_212', '内存:4G 网络:4G 尺码:M 颜色:银色', '3000.00', '5.00', 2, 0, 0, 3),
(15, 118, 'PO_A3209335861100200001', 1, 'OPPO K5 6GB+128GB 奇幻森林 6400万超清四摄 VOOC闪充4.0 高通骁龙730G 全网通4G 游戏智能手机', 199, 'aliyun.oss.careyshop.cn/uploads/files/20191230/3c81b780-0510-442c-8ffc-267217735f94.jpg?type=aliyun', 'CS66472556', '', '', '', '', '7000.00', '6005.00', 2, 0, 0, 3),
(16, 118, 'PO_A3209335861100200001', 1, 'Apple 2020新品 MacBook Pro 16【带触控栏】九代六核i7 16G 512G 深空灰 Radeon Pro 5300M显卡', 288, 'https://aliyun.oss.careyshop.cn/uploads/files/20191230/97405ac5-3c64-4d48-b3da-238710c7272b.jpg?type=aliyun', 'CS19938733', '', '', '208_411_414', '颜色:黑色 CPU:I5 屏幕:15寸', '21999.00', '18999.00', 1, 0, 0, 3),
(17, 118, 'PO_A3209335861100200001', 1, '荣耀10青春版 幻彩渐变 2400万AI自拍 全网通版4GB+64GB 渐变蓝 移动联通电信4G全面屏手机', 289, 'aliyun.oss.careyshop.cn/uploads/files/20191230/f82ae8dd-ebe4-4397-889e-418adde10a85.jpg?type=aliyun', 'CS61349218', '', '', '151_158_223_212', '内存:4G 网络:4G 尺码:M 颜色:银色', '3000.00', '5.00', 2, 0, 0, 3),
(18, 120, 'PO_A3209352609300860001', 1, 'OPPO K5 6GB+128GB 奇幻森林 6400万超清四摄 VOOC闪充4.0 高通骁龙730G 全网通4G 游戏智能手机', 199, 'aliyun.oss.careyshop.cn/uploads/files/20191230/3c81b780-0510-442c-8ffc-267217735f94.jpg?type=aliyun', 'CS66472556', '', '', '', '', '7000.00', '6005.00', 2, 0, 0, 3),
(19, 120, 'PO_A3209352609300860001', 1, 'Apple 2020新品 MacBook Pro 16【带触控栏】九代六核i7 16G 512G 深空灰 Radeon Pro 5300M显卡', 288, 'https://aliyun.oss.careyshop.cn/uploads/files/20191230/97405ac5-3c64-4d48-b3da-238710c7272b.jpg?type=aliyun', 'CS19938733', '', '', '208_411_414', '颜色:黑色 CPU:I5 屏幕:15寸', '21999.00', '18999.00', 1, 0, 0, 3),
(20, 120, 'PO_A3209352609300860001', 1, '荣耀10青春版 幻彩渐变 2400万AI自拍 全网通版4GB+64GB 渐变蓝 移动联通电信4G全面屏手机', 289, 'aliyun.oss.careyshop.cn/uploads/files/20191230/f82ae8dd-ebe4-4397-889e-418adde10a85.jpg?type=aliyun', 'CS61349218', '', '', '151_158_223_212', '内存:4G 网络:4G 尺码:M 颜色:银色', '3000.00', '5.00', 2, 0, 0, 3),
(21, 123, 'PO_A3209397421200030001', 1, 'OPPO K5 6GB+128GB 奇幻森林 6400万超清四摄 VOOC闪充4.0 高通骁龙730G 全网通4G 游戏智能手机', 199, 'aliyun.oss.careyshop.cn/uploads/files/20191230/3c81b780-0510-442c-8ffc-267217735f94.jpg?type=aliyun', 'CS66472556', '', '', '', '', '7000.00', '6005.00', 2, 0, 0, 0),
(22, 123, 'PO_A3209397421200030001', 1, 'Apple 2020新品 MacBook Pro 16【带触控栏】九代六核i7 16G 512G 深空灰 Radeon Pro 5300M显卡', 288, 'https://aliyun.oss.careyshop.cn/uploads/files/20191230/97405ac5-3c64-4d48-b3da-238710c7272b.jpg?type=aliyun', 'CS19938733', '', '', '208_411_414', '颜色:黑色 CPU:I5 屏幕:15寸', '21999.00', '18999.00', 1, 0, 0, 0),
(23, 123, 'PO_A3209397421200030001', 1, '荣耀10青春版 幻彩渐变 2400万AI自拍 全网通版4GB+64GB 渐变蓝 移动联通电信4G全面屏手机', 289, 'aliyun.oss.careyshop.cn/uploads/files/20191230/f82ae8dd-ebe4-4397-889e-418adde10a85.jpg?type=aliyun', 'CS61349218', '', '', '151_158_223_212', '内存:4G 网络:4G 尺码:M 颜色:银色', '3000.00', '5.00', 2, 0, 0, 0),
(26, 124, 'PO_A3217849839847620001', 1, '荣耀10青春版 幻彩渐变 2400万AI自拍 全网通版4GB+64GB 渐变蓝 移动联通电信4G全面屏手机', 289, 'aliyun.oss.careyshop.cn/uploads/files/20191230/f82ae8dd-ebe4-4397-889e-418adde10a85.jpg?type=aliyun', 'CS61349218', '', '', '151_158_223_212', '内存:4G 网络:4G 尺码:M 颜色:银色', '3000.00', '5.00', 2, 0, 2, 2),
(27, 125, 'PO_A3217852987257470001', 1, 'OPPO K5 6GB+128GB 奇幻森林 6400万超清四摄 VOOC闪充4.0 高通骁龙730G 全网通4G 游戏智能手机', 199, 'aliyun.oss.careyshop.cn/uploads/files/20191230/3c81b780-0510-442c-8ffc-267217735f94.jpg?type=aliyun', 'CS66472556', '', '', '', '', '7000.00', '6005.00', 2, 0, 0, 1),
(28, 125, 'PO_A3217852987257470001', 1, 'Apple 2020新品 MacBook Pro 16【带触控栏】九代六核i7 16G 512G 深空灰 Radeon Pro 5300M显卡', 288, 'https://aliyun.oss.careyshop.cn/uploads/files/20191230/97405ac5-3c64-4d48-b3da-238710c7272b.jpg?type=aliyun', 'CS19938733', '', '', '208_411_414', '颜色:黑色 CPU:I5 屏幕:15寸', '21999.00', '18999.00', 1, 0, 0, 2),
(29, 125, 'PO_A3217852987257470001', 1, '荣耀10青春版 幻彩渐变 2400万AI自拍 全网通版4GB+64GB 渐变蓝 移动联通电信4G全面屏手机', 289, 'aliyun.oss.careyshop.cn/uploads/files/20191230/f82ae8dd-ebe4-4397-889e-418adde10a85.jpg?type=aliyun', 'CS61349218', '', '', '151_158_223_212', '内存:4G 网络:4G 尺码:M 颜色:银色', '3000.00', '5.00', 2, 0, 0, 3),
(30, 126, 'PO_A3260290382300820001', 1, '美国正品coach女士钱包蔻驰小钱包小卡包钱夹三折搭扣零钱包新款', 192, 'aliyun.oss.careyshop.cn/uploads/files/20191230/40267cb9-c022-43d8-adf2-77cdc88fa6d0.jpg?type=aliyun', 'CS31426865', '', '', '', '', '1.00', '1.00', 2, 0, 0, 3),
(31, 127, 'PO_A3260296589000320001', 1, '美国正品coach女士钱包蔻驰小钱包小卡包钱夹三折搭扣零钱包新款', 192, 'aliyun.oss.careyshop.cn/uploads/files/20191230/40267cb9-c022-43d8-adf2-77cdc88fa6d0.jpg?type=aliyun', 'CS31426865', '', '', '', '', '1.00', '1.00', 2, 0, 0, 3),
(32, 128, 'PO_A3260297662400000001', 1, '美国正品coach女士钱包蔻驰小钱包小卡包钱夹三折搭扣零钱包新款', 192, 'aliyun.oss.careyshop.cn/uploads/files/20191230/40267cb9-c022-43d8-adf2-77cdc88fa6d0.jpg?type=aliyun', 'CS31426865', '', '', '', '', '1.00', '1.00', 2, 0, 0, 3),
(33, 129, 'PO_A3260298389700290001', 1, '美国正品coach女士钱包蔻驰小钱包小卡包钱夹三折搭扣零钱包新款', 192, 'aliyun.oss.careyshop.cn/uploads/files/20191230/40267cb9-c022-43d8-adf2-77cdc88fa6d0.jpg?type=aliyun', 'CS31426865', '', '', '', '', '1.00', '1.00', 2, 0, 0, 3),
(34, 130, 'PO_A3260299130800630001', 1, '美国正品coach女士钱包蔻驰小钱包小卡包钱夹三折搭扣零钱包新款', 192, 'aliyun.oss.careyshop.cn/uploads/files/20191230/40267cb9-c022-43d8-adf2-77cdc88fa6d0.jpg?type=aliyun', 'CS31426865', '', '', '', '', '1.00', '1.00', 2, 0, 0, 3),
(35, 131, 'PO_A3279938010900330001', 1, '美国正品coach女士钱包蔻驰小钱包小卡包钱夹三折搭扣零钱包新款', 192, 'aliyun.oss.careyshop.cn/uploads/files/20191230/40267cb9-c022-43d8-adf2-77cdc88fa6d0.jpg?type=aliyun', 'CS31426865', '', '', '', '', '1.00', '1.00', 2, 0, 0, 1),
(36, 132, 'PO_A3279943676300210001', 1, '美国正品coach女士钱包蔻驰小钱包小卡包钱夹三折搭扣零钱包新款', 192, 'aliyun.oss.careyshop.cn/uploads/files/20191230/40267cb9-c022-43d8-adf2-77cdc88fa6d0.jpg?type=aliyun', 'CS31426865', '', '', '', '', '1.00', '1.00', 2, 0, 0, 0),
(37, 133, 'PO_A3279948991700770001', 1, '美国正品coach女士钱包蔻驰小钱包小卡包钱夹三折搭扣零钱包新款', 192, 'aliyun.oss.careyshop.cn/uploads/files/20191230/40267cb9-c022-43d8-adf2-77cdc88fa6d0.jpg?type=aliyun', 'CS31426865', '', '', '', '', '1.00', '1.00', 2, 0, 0, 0),
(38, 134, 'PO_A3279969490200760001', 1, '美国正品coach女士钱包蔻驰小钱包小卡包钱夹三折搭扣零钱包新款', 192, 'aliyun.oss.careyshop.cn/uploads/files/20191230/40267cb9-c022-43d8-adf2-77cdc88fa6d0.jpg?type=aliyun', 'CS31426865', '', '', '', '', '1.00', '1.00', 2, 0, 0, 3),
(39, 135, 'PO_A3279972399200820001', 1, 'OPPO K5 6GB+128GB 奇幻森林 6400万超清四摄 VOOC闪充4.0 高通骁龙730G 全网通4G 游戏智能手机', 199, 'aliyun.oss.careyshop.cn/uploads/files/20191230/3c81b780-0510-442c-8ffc-267217735f94.jpg?type=aliyun', 'CS66472556', '', '', '', '', '7000.00', '6005.00', 2, 0, 0, 3),
(40, 135, 'PO_A3279972399200820001', 1, 'Apple 2020新品 MacBook Pro 16【带触控栏】九代六核i7 16G 512G 深空灰 Radeon Pro 5300M显卡', 288, 'aliyun.oss.careyshop.cn/uploads/files/20191230/40267cb9-c022-43d8-adf2-77cdc88fa6d0.jpg?type=aliyun', 'CS19938733', '', '', '208_411_414', '颜色:黑色 CPU:I5 屏幕:15寸', '21999.00', '18999.00', 1, 0, 0, 3),
(41, 135, 'PO_A3279972399200820001', 1, '荣耀10青春版 幻彩渐变 2400万AI自拍 全网通版4GB+64GB 渐变蓝 移动联通电信4G全面屏手机', 289, 'aliyun.oss.careyshop.cn/uploads/files/20191230/f82ae8dd-ebe4-4397-889e-418adde10a85.jpg?type=aliyun', 'CS61349218', '', '', '151_158_223_212', '内存:4G 网络:4G 尺码:M 颜色:银色', '3000.00', '5.00', 2, 0, 0, 3),
(42, 136, 'PO_A3217849839847620002', 1, '荣耀10青春版 幻彩渐变 2400万AI自拍 全网通版4GB+64GB 渐变蓝 移动联通电信4G全面屏手机', 289, 'aliyun.oss.careyshop.cn/uploads/files/20191230/f82ae8dd-ebe4-4397-889e-418adde10a85.jpg?type=aliyun', 'CS61349218', '', '', '151_158_223_212', '内存:4G 网络:4G 尺码:M 颜色:银色', '3000.00', '5.00', 2, 0, 2, 1),
(43, 137, 'PO_A3217849839847620003', 1, '荣耀10青春版 幻彩渐变 2400万AI自拍 全网通版4GB+64GB 渐变蓝 移动联通电信4G全面屏手机', 289, 'aliyun.oss.careyshop.cn/uploads/files/20191230/f82ae8dd-ebe4-4397-889e-418adde10a85.jpg?type=aliyun', 'CS61349218', '', '', '151_158_223_212', '内存:4G 网络:4G 尺码:M 颜色:银色', '3000.00', '5.00', 2, 0, 0, 2),
(44, 138, 'PO_A3217849839847620004', 1, '荣耀10青春版 幻彩渐变 2400万AI自拍 全网通版4GB+64GB 渐变蓝 移动联通电信4G全面屏手机', 289, 'aliyun.oss.careyshop.cn/uploads/files/20191230/f82ae8dd-ebe4-4397-889e-418adde10a85.jpg?type=aliyun', 'CS61349218', '', '', '151_158_223_212', '内存:4G 网络:4G 尺码:M 颜色:银色', '3000.00', '5.00', 2, 0, 0, 2),
(45, 139, 'PO_A3217849839847620005', 1, '荣耀10青春版 幻彩渐变 2400万AI自拍 全网通版4GB+64GB 渐变蓝 移动联通电信4G全面屏手机', 289, 'aliyun.oss.careyshop.cn/uploads/files/20191230/f82ae8dd-ebe4-4397-889e-418adde10a85.jpg?type=aliyun', 'CS61349218', '', '', '151_158_223_212', '内存:4G 网络:4G 尺码:M 颜色:银色', '3000.00', '5.00', 2, 0, 1, 2),
(46, 140, 'PO_A3217849839847620006', 1, '荣耀10青春版 幻彩渐变 2400万AI自拍 全网通版4GB+64GB 渐变蓝 移动联通电信4G全面屏手机', 289, 'aliyun.oss.careyshop.cn/uploads/files/20191230/f82ae8dd-ebe4-4397-889e-418adde10a85.jpg?type=aliyun', 'CS61349218', '', '', '151_158_223_212', '内存:4G 网络:4G 尺码:M 颜色:银色', '3000.00', '5.00', 2, 0, 0, 1),
(47, 141, 'PO_A3217849839847620007', 1, '荣耀10青春版 幻彩渐变 2400万AI自拍 全网通版4GB+64GB 渐变蓝 移动联通电信4G全面屏手机', 289, 'aliyun.oss.careyshop.cn/uploads/files/20191230/f82ae8dd-ebe4-4397-889e-418adde10a85.jpg?type=aliyun', 'CS61349218', '', '', '151_158_223_212', '内存:4G 网络:4G 尺码:M 颜色:银色', '3000.00', '5.00', 2, 0, 1, 2),
(48, 142, 'PO_A3217849839847620008', 1, '荣耀10青春版 幻彩渐变 2400万AI自拍 全网通版4GB+64GB 渐变蓝 移动联通电信4G全面屏手机', 289, 'aliyun.oss.careyshop.cn/uploads/files/20191230/f82ae8dd-ebe4-4397-889e-418adde10a85.jpg?type=aliyun', 'CS61349218', '', '', '151_158_223_212', '内存:4G 网络:4G 尺码:M 颜色:银色', '3000.00', '5.00', 2, 0, 1, 2),
(49, 143, 'PO_A3217849839847620009', 1, '荣耀10青春版 幻彩渐变 2400万AI自拍 全网通版4GB+64GB 渐变蓝 移动联通电信4G全面屏手机', 289, 'aliyun.oss.careyshop.cn/uploads/files/20191230/f82ae8dd-ebe4-4397-889e-418adde10a85.jpg?type=aliyun', 'CS61349218', '', '', '151_158_223_212', '内存:4G 网络:4G 尺码:M 颜色:银色', '3000.00', '5.00', 2, 2, 2, 3),
(50, 144, 'PO_A4170629109000020001', 1, 'OPPO K5 6GB+128GB 奇幻森林 6400万超清四摄 VOOC闪充4.0 高通骁龙730G 全网通4G 游戏智能手机', 199, 'aliyun.oss.careyshop.cn/uploads/files/20191230/3c81b780-0510-442c-8ffc-267217735f94.jpg?type=aliyun', 'CS66472556', '', '', '', '', '7000.00', '6005.00', 2, 0, 1, 3),
(51, 144, 'PO_A4170629109000020001', 1, 'Apple 2020新品 MacBook Pro 16【带触控栏】九代六核i7 16G 512G 深空灰 Radeon Pro 5300M显卡', 288, 'aliyun.oss.careyshop.cn/uploads/files/20191112/24a5e752-d51e-448a-8995-353b16d92345.png?type=aliyun', 'CS19938733', '', '', '208_411_414', '颜色:黑色 CPU:I5 屏幕:15寸', '21999.00', '18999.00', 1, 0, 0, 3),
(52, 144, 'PO_A4170629109000020001', 1, '荣耀10青春版 幻彩渐变 2400万AI自拍 全网通版4GB+64GB 渐变蓝 移动联通电信4G全面屏手机', 289, 'aliyun.oss.careyshop.cn/uploads/files/20191230/f82ae8dd-ebe4-4397-889e-418adde10a85.jpg?type=aliyun', 'CS61349218', '', '', '151_158_223_212', '内存:4G 网络:4G 尺码:M 颜色:银色', '3000.00', '5.00', 2, 0, 0, 3),
(53, 145, 'PO_A4170750275700700001', 1, 'OPPO K5 6GB+128GB 奇幻森林 6400万超清四摄 VOOC闪充4.0 高通骁龙730G 全网通4G 游戏智能手机', 199, 'aliyun.oss.careyshop.cn/uploads/files/20191230/3c81b780-0510-442c-8ffc-267217735f94.jpg?type=aliyun', 'CS66472556', '', '', '', '', '7000.00', '6005.00', 2, 0, 0, 0),
(54, 145, 'PO_A4170750275700700001', 1, 'Apple 2020新品 MacBook Pro 16【带触控栏】九代六核i7 16G 512G 深空灰 Radeon Pro 5300M显卡', 288, 'aliyun.oss.careyshop.cn/uploads/files/20191230/97405ac5-3c64-4d48-b3da-238710c7272b.jpg?type=aliyun', 'CS19938733', '', '', '208_411_414', '颜色:黑色 CPU:I5 屏幕:15寸', '21999.00', '18999.00', 1, 0, 0, 0),
(55, 145, 'PO_A4170750275700700001', 1, '荣耀10青春版 幻彩渐变 2400万AI自拍 全网通版4GB+64GB 渐变蓝 移动联通电信4G全面屏手机', 289, 'aliyun.oss.careyshop.cn/uploads/files/20191230/f82ae8dd-ebe4-4397-889e-418adde10a85.jpg?type=aliyun', 'CS61349218', '', '', '151_158_223_212', '内存:4G 网络:4G 尺码:M 颜色:银色', '3000.00', '5.00', 2, 0, 0, 0),
(56, 146, 'PO_A4171039000700310001', 1, '荣耀10青春版 幻彩渐变 2400万AI自拍 全网通版4GB+64GB 渐变蓝 移动联通电信4G全面屏手机', 288, 'aliyun.oss.careyshop.cn/uploads/files/20191230/97405ac5-3c64-4d48-b3da-238710c7272b.jpg?type=aliyun', 'CS19938733', '', '', '208_411_414', '颜色:黑色 CPU:I5 屏幕:15寸', '21999.00', '18999.00', 1, 0, 0, 0),
(57, 146, 'PO_A4171039000700310001', 1, '荣耀10青春版 幻彩渐变 2400万AI自拍 全网通版4GB+64GB 渐变蓝 移动联通电信4G全面屏手机', 289, 'aliyun.oss.careyshop.cn/uploads/files/20191230/f82ae8dd-ebe4-4397-889e-418adde10a85.jpg?type=aliyun', 'CS61349218', '', '', '151_158_223_212', '内存:4G 网络:4G 尺码:M 颜色:银色', '3000.00', '5.00', 2, 0, 0, 0);

DROP TABLE IF EXISTS `donkey_order_log`;
CREATE TABLE `donkey_order_log` (
  `order_log_id` int(11) UNSIGNED NOT NULL,
  `order_id` int(11) UNSIGNED NOT NULL DEFAULT '0' COMMENT '对应order表',
  `order_no` varchar(50) COLLATE utf8mb4_unicode_ci NOT NULL COMMENT '订单号',
  `trade_status` tinyint(1) NOT NULL COMMENT '交易状态',
  `delivery_status` tinyint(1) NOT NULL COMMENT '配送状态',
  `payment_status` tinyint(1) NOT NULL COMMENT '支付状态',
  `action` varchar(80) COLLATE utf8mb4_unicode_ci NOT NULL DEFAULT '' COMMENT '操作者',
  `client_type` tinyint(1) NOT NULL COMMENT '-1=游客 0=顾客 1=管理组',
  `comment` varchar(200) COLLATE utf8mb4_unicode_ci NOT NULL COMMENT '备注',
  `description` varchar(100) COLLATE utf8mb4_unicode_ci NOT NULL COMMENT '描述',
  `create_time` int(11) NOT NULL DEFAULT '0' COMMENT '创建日期'
) ENGINE=InnoDB DEFAULT CHARSET=utf8mb4 COLLATE=utf8mb4_unicode_ci COMMENT='订单日志';

INSERT INTO `donkey_order_log` (`order_log_id`, `order_id`, `order_no`, `trade_status`, `delivery_status`, `payment_status`, `action`, `client_type`, `comment`, `description`, `create_time`) VALUES
(1, 2, 'PO_I1049550470892680001', 4, 0, 0, 'Carey', 1, '付款超时订单已取消', '取消订单', 1515050273),
(2, 1, 'PO_I1049550470892670001', 3, 1, 1, 'Carey', 1, '交易超时，自动确认收货', '确认收货', 1515050273),
(3, 115, 'PO_A3150167102016240001', 0, 0, 0, 'CareyShop', 0, '提交订单成功', '提交订单', 1584201671),
(4, 116, 'PO_A3150263011275460001', 0, 0, 0, 'CareyShop', 0, '提交订单成功', '提交订单', 1584202630),
(5, 116, 'PO_A3150263011275460001', 0, 0, 1, 'CareyShop', 0, '订单付款成功', '订单付款', 1584202835),
(6, 117, 'PO_A3209322451800150001', 0, 0, 0, 'CareyShop', 0, '提交订单成功', '提交订单', 1584693224),
(7, 118, 'PO_A3209335861100200001', 0, 0, 0, 'CareyShop', 0, '提交订单成功', '提交订单', 1584693358),
(8, 120, 'PO_A3209352609300860001', 0, 0, 0, 'CareyShop', 0, '提交订单成功', '提交订单', 1584693526),
(9, 123, 'PO_A3209397421200030001', 0, 0, 0, 'CareyShop', 0, '提交订单成功', '提交订单', 1584693974),
(10, 124, 'PO_A3217849839847620001', 0, 0, 0, 'CareyShop', 0, '提交订单成功', '提交订单', 1584778498),
(11, 125, 'PO_A3217852987257470001', 0, 0, 0, 'CareyShop', 0, '提交订单成功', '提交订单', 1584778530),
(12, 125, 'PO_A3217852987257470001', 0, 0, 1, 'CareyShop', 0, '订单付款成功', '订单付款', 1584802309),
(13, 114, 'PO_I1049550470892680002', 4, 0, 0, 'CareyShop', 0, '删除订单', '订单回收站', 1584895039),
(14, 112, 'PO_I1049550470892680003', 4, 0, 0, 'CareyShop', 0, '删除订单', '订单回收站', 1584895045),
(15, 110, 'PO_I1049550470892680004', 4, 0, 0, 'CareyShop', 0, '删除订单', '订单回收站', 1584895051),
(19, 116, 'PO_A3150263011275460001', 0, 0, 1, 'CareyShop', 0, '订单取消配货', '订单配货', 1584946983),
(20, 116, 'PO_A3150263011275460001', 1, 0, 1, 'CareyShop', 0, '订单开始配货', '订单配货', 1584946994),
(21, 116, 'PO_A3150263011275460001', 0, 0, 1, 'CareyShop', 0, '订单取消配货', '订单配货', 1584947025),
(22, 116, 'PO_A3150263011275460001', 1, 0, 1, 'CareyShop', 0, '订单开始配货', '订单配货', 1584947039),
(23, 124, 'PO_A3217849839847620001', 0, 0, 1, 'CareyShop', 0, '订单付款成功', '订单付款', 1584947293),
(24, 124, 'PO_A3217849839847620001', 1, 0, 1, 'CareyShop', 0, '订单开始配货', '订单配货', 1584947319),
(25, 124, 'PO_A3217849839847620001', 2, 1, 1, 'CareyShop', 0, '订单完成发货', '订单发货', 1584947680),
(26, 115, 'PO_A3150167102016240001', 4, 0, 0, 'CareyShop', 0, '订单已取消', '取消订单', 1584950087),
(27, 117, 'PO_A3209322451800150001', 4, 0, 0, 'CareyShop', 0, '订单已取消', '取消订单', 1584950099),
(28, 117, 'PO_A3209322451800150001', 4, 0, 0, 'CareyShop', 0, '删除订单', '订单回收站', 1584950155),
(29, 1, 'PO_A1049550470892670001', 3, 1, 1, 'CareyShop', 0, '删除订单', '订单回收站', 1584978396),
(30, 123, 'PO_A3209397421200030001', 0, 0, 0, 'admin', 1, '应付金额调整：+0.02', '金额调整', 1585200033),
(31, 123, 'PO_A3209397421200030001', 0, 0, 0, 'admin', 1, '应付金额调整：-30398.64', '金额调整', 1585200071),
(32, 123, 'PO_A3209397421200030001', 0, 0, 0, 'admin', 1, '应付金额调整：+1.00', '金额调整', 1585200112),
(33, 123, 'PO_A3209397421200030001', 0, 0, 0, 'admin', 1, '应付金额调整：+30398.62', '金额调整', 1585200137),
(34, 126, 'PO_A3260290382300820001', 0, 0, 0, 'CareyShop', 0, '提交订单成功', '提交订单', 1585202903),
(35, 127, 'PO_A3260296589000320001', 0, 0, 0, 'CareyShop', 0, '提交订单成功', '提交订单', 1585202966),
(36, 128, 'PO_A3260297662400000001', 0, 0, 0, 'CareyShop', 0, '提交订单成功', '提交订单', 1585202976),
(37, 129, 'PO_A3260298389700290001', 0, 0, 0, 'CareyShop', 0, '提交订单成功', '提交订单', 1585202984),
(38, 130, 'PO_A3260299130800630001', 0, 0, 0, 'CareyShop', 0, '提交订单成功', '提交订单', 1585202991),
(39, 130, 'PO_A3260299130800630001', 4, 0, 0, 'admin', 1, '订单已取消', '取消订单', 1585205132),
(40, 129, 'PO_A3260298389700290001', 4, 0, 0, 'admin', 1, '订单已取消', '取消订单', 1585205245),
(41, 128, 'PO_A3260297662400000001', 4, 0, 0, 'admin', 1, '订单已取消', '取消订单', 1585205984),
(42, 127, 'PO_A3260296589000320001', 4, 0, 0, 'admin', 1, '订单已取消', '取消订单', 1585206013),
(43, 130, 'PO_A3260299130800630001', 0, 0, 0, 'admin', 1, '应付金额调整：+1.00', '金额调整', 1585206235),
(44, 130, 'PO_A3260299130800630001', 4, 0, 0, 'admin', 1, '订单已取消', '取消订单', 1585206254),
(45, 129, 'PO_A3260298389700290001', 4, 0, 0, 'admin', 1, '订单已取消', '取消订单', 1585206599),
(46, 127, 'PO_A3260296589000320001', 0, 0, 0, 'admin', 1, '应付金额调整：+1.00', '金额调整', 1585206619),
(47, 128, 'PO_A3260297662400000001', 4, 0, 0, 'admin', 1, '订单已取消', '取消订单', 1585206624),
(48, 118, 'PO_A3209335861100200001', 0, 0, 0, 'admin', 1, '应付金额调整：+20398.62', '金额调整', 1585206655),
(49, 118, 'PO_A3209335861100200001', 4, 0, 0, 'admin', 1, '订单已取消', '取消订单', 1585206669),
(50, 2, 'PO_I1049550470892680001', 4, 0, 0, 'admin', 1, '删除订单', '订单回收站', 1585209264),
(51, 130, 'PO_A3260299130800630001', 4, 0, 0, 'admin', 1, '删除订单', '订单回收站', 1585209282),
(52, 129, 'PO_A3260298389700290001', 4, 0, 0, 'admin', 1, '删除订单', '订单回收站', 1585209309),
(53, 128, 'PO_A3260297662400000001', 4, 0, 0, 'admin', 1, '删除订单', '订单回收站', 1585209311),
(54, 127, 'PO_A3260296589000320001', 4, 0, 0, 'admin', 1, '订单已取消', '取消订单', 1585209315),
(55, 127, 'PO_A3260296589000320001', 4, 0, 0, 'admin', 1, '删除订单', '订单回收站', 1585209317),
(56, 126, 'PO_A3260290382300820001', 4, 0, 0, 'admin', 1, '订单已取消', '取消订单', 1585209330),
(57, 126, 'PO_A3260290382300820001', 4, 0, 0, 'admin', 1, '删除订单', '订单回收站', 1585209337),
(58, 115, 'PO_A3150167102016240001', 4, 0, 0, 'admin', 1, '删除订单', '订单回收站', 1585210603),
(59, 115, 'PO_A3150167102016240001', 4, 0, 0, 'admin', 1, '还原订单', '订单回收站', 1585210638),
(60, 115, 'PO_A3150167102016240001', 4, 0, 0, 'admin', 1, '删除订单', '订单回收站', 1585210670),
(61, 115, 'PO_A3150167102016240001', 4, 0, 0, 'admin', 1, '还原订单', '订单回收站', 1585210686),
(62, 2, 'PO_I1049550470892680001', 4, 0, 0, 'admin', 1, '删除订单', '订单回收站', 1585232379),
(63, 2, 'PO_I1049550470892680001', 4, 0, 0, 'admin', 1, '删除订单', '订单回收站', 1585232383),
(64, 2, 'PO_I1049550470892680001', 4, 0, 0, 'admin', 1, '删除订单', '订单回收站', 1585232386),
(65, 2, 'PO_I1049550470892680001', 4, 0, 0, 'admin', 1, '删除订单', '订单回收站', 1585232393),
(66, 115, 'PO_A3150167102016240001', 4, 0, 0, 'admin', 1, '删除订单', '订单回收站', 1585232415),
(67, 2, 'PO_I1049550470892680001', 4, 0, 0, 'admin', 1, '删除订单', '订单回收站', 1585232430),
(68, 123, 'PO_A3209397421200030001', 0, 0, 0, 'admin', 1, '应付金额调整：-30299.62', '金额调整', 1585235289),
(69, 123, 'PO_A3209397421200030001', 0, 0, 0, 'admin', 1, '应付金额调整：+1.00', '金额调整', 1585235322),
(70, 123, 'PO_A3209397421200030001', 0, 0, 0, 'admin', 1, '应付金额调整：-1.00', '金额调整', 1585235330),
(71, 125, 'PO_A3217852987257470001', 0, 0, 1, 'CareyShop', 0, '订单部分信息已修改', '修改订单', 1585296214),
(72, 125, 'PO_A3217852987257470001', 0, 0, 1, 'CareyShop', 0, '订单部分信息已修改', '修改订单', 1585296446),
(73, 125, 'PO_A3217852987257470001', 0, 0, 1, 'CareyShop', 0, '订单部分信息已修改', '修改订单', 1585296517),
(74, 125, 'PO_A3217852987257470001', 0, 0, 1, 'admin', 1, '订单部分信息已修改', '修改订单', 1585296682),
(75, 125, 'PO_A3217852987257470001', 0, 0, 1, 'admin', 1, '订单部分信息已修改', '修改订单', 1585296990),
(76, 125, 'PO_A3217852987257470001', 0, 0, 1, 'admin', 1, '订单部分信息已修改', '修改订单', 1585297009),
(77, 125, 'PO_A3217852987257470001', 0, 0, 1, 'admin', 1, '订单部分信息已修改', '修改订单', 1585297024),
(78, 125, 'PO_A3217852987257470001', 0, 0, 1, 'admin', 1, '订单部分信息已修改', '修改订单', 1585297039),
(79, 125, 'PO_A3217852987257470001', 0, 0, 1, 'admin', 1, '订单部分信息已修改', '修改订单', 1585297065),
(80, 125, 'PO_A3217852987257470001', 0, 0, 1, 'admin', 1, '订单部分信息已修改', '修改订单', 1585297088),
(81, 125, 'PO_A3217852987257470001', 0, 0, 1, 'admin', 1, '订单部分信息已修改', '修改订单', 1585297102),
(82, 125, 'PO_A3217852987257470001', 0, 0, 1, 'admin', 1, '订单部分信息已修改', '修改订单', 1585297442),
(83, 120, 'PO_A3209352609300860001', 0, 0, 0, 'admin', 1, '订单部分信息已修改', '修改订单', 1585297484),
(84, 125, 'PO_A3217852987257470001', 0, 0, 1, 'admin', 1, '订单部分信息已修改', '修改订单', 1585297615),
(85, 123, 'PO_A3209397421200030001', 0, 0, 0, 'admin', 1, '订单部分信息已修改', '修改订单', 1585297659),
(86, 120, 'PO_A3209352609300860001', 0, 0, 0, 'admin', 1, '订单部分信息已修改', '修改订单', 1585297668),
(87, 131, 'PO_A3279938010900330001', 0, 0, 0, 'CareyShop', 0, '提交订单成功', '提交订单', 1585299380),
(88, 131, 'PO_A3279938010900330001', 0, 0, 0, 'CareyShop', 0, '应付金额调整：-12.96', '金额调整', 1585299397),
(89, 131, 'PO_A3279938010900330001', 0, 0, 1, 'CareyShop', 0, '订单付款成功', '订单付款', 1585299416),
(90, 132, 'PO_A3279943676300210001', 0, 0, 0, 'CareyShop', 0, '提交订单成功', '提交订单', 1585299437),
(91, 132, 'PO_A3279943676300210001', 0, 0, 0, 'CareyShop', 0, '应付金额调整：-12.96', '金额调整', 1585299455),
(92, 132, 'PO_A3279943676300210001', 0, 0, 1, 'CareyShop', 0, '订单付款成功', '订单付款', 1585299471),
(93, 133, 'PO_A3279948991700770001', 0, 0, 0, 'CareyShop', 0, '提交订单成功', '提交订单', 1585299490),
(94, 133, 'PO_A3279948991700770001', 0, 0, 0, 'CareyShop', 0, '应付金额调整：-12.96', '金额调整', 1585299533),
(95, 123, 'PO_A3209397421200030001', 0, 0, 0, 'CareyShop', 0, '应付金额调整：+1.00', '金额调整', 1585299546),
(96, 133, 'PO_A3279948991700770001', 0, 0, 1, 'CareyShop', 0, '订单付款成功', '订单付款', 1585299567),
(97, 134, 'PO_A3279969490200760001', 0, 0, 0, 'CareyShop', 0, '提交订单成功', '提交订单', 1585299695),
(98, 135, 'PO_A3279972399200820001', 0, 0, 0, 'CareyShop', 0, '提交订单成功', '提交订单', 1585299724),
(99, 118, 'PO_A3209335861100200001', 4, 0, 0, 'admin', 1, '删除订单', '订单回收站', 1585324912),
(100, 130, 'PO_A3260299130800630001', 4, 0, 0, 'admin', 1, '还原订单', '订单回收站', 1585324918),
(101, 129, 'PO_A3260298389700290001', 4, 0, 0, 'admin', 1, '还原订单', '订单回收站', 1585324921),
(102, 118, 'PO_A3209335861100200001', 4, 0, 0, 'admin', 1, '还原订单', '订单回收站', 1585324924),
(103, 117, 'PO_A3209322451800150001', 4, 0, 0, 'admin', 1, '还原订单', '订单回收站', 1585324927),
(104, 115, 'PO_A3150167102016240001', 4, 0, 0, 'admin', 1, '还原订单', '订单回收站', 1585324930),
(105, 133, 'PO_A3279948991700770001', 1, 0, 1, 'admin', 1, '订单开始配货', '订单配货', 1585326761),
(106, 133, 'PO_A3279948991700770001', 0, 0, 1, 'admin', 1, '订单取消配货', '订单配货', 1585326773),
(107, 125, 'PO_A3217852987257470001', 1, 0, 1, 'admin', 1, '订单开始配货', '订单配货', 1585327105),
(108, 132, 'PO_A3279943676300210001', 1, 0, 1, 'admin', 1, '订单开始配货', '订单配货', 1585327105),
(109, 133, 'PO_A3279948991700770001', 1, 0, 1, 'admin', 1, '订单开始配货', '订单配货', 1585327105),
(110, 131, 'PO_A3279938010900330001', 1, 0, 1, 'admin', 1, '订单开始配货', '订单配货', 1585327110),
(111, 131, 'PO_A3279938010900330001', 0, 0, 1, 'admin', 1, '订单取消配货', '订单配货', 1585327139),
(112, 132, 'PO_A3279943676300210001', 0, 0, 1, 'admin', 1, '订单取消配货', '订单配货', 1585327139),
(113, 133, 'PO_A3279948991700770001', 0, 0, 1, 'admin', 1, '订单取消配货', '订单配货', 1585327139),
(114, 132, 'PO_A3279943676300210001', 1, 0, 1, 'admin', 1, '订单开始配货', '订单配货', 1585327245),
(115, 133, 'PO_A3279948991700770001', 1, 0, 1, 'admin', 1, '订单开始配货', '订单配货', 1585327245),
(116, 125, 'PO_A3217852987257470001', 0, 0, 1, 'admin', 1, '订单取消配货', '订单配货', 1585327267),
(117, 132, 'PO_A3279943676300210001', 0, 0, 1, 'admin', 1, '订单取消配货', '订单配货', 1585327267),
(118, 133, 'PO_A3279948991700770001', 0, 0, 1, 'admin', 1, '订单取消配货', '订单配货', 1585327267),
(119, 131, 'PO_A3279938010900330001', 1, 0, 1, 'admin', 1, '订单开始配货', '订单配货', 1585327291),
(120, 133, 'PO_A3279948991700770001', 1, 0, 1, 'admin', 1, '订单开始配货', '订单配货', 1585327296),
(121, 133, 'PO_A3279948991700770001', 0, 0, 1, 'admin', 1, '订单取消配货', '订单配货', 1585327305),
(122, 131, 'PO_A3279938010900330001', 0, 0, 1, 'admin', 1, '订单取消配货', '订单配货', 1585327308),
(123, 133, 'PO_A3279948991700770001', 1, 0, 1, 'admin', 1, '订单开始配货', '订单配货', 1585327312),
(124, 133, 'PO_A3279948991700770001', 0, 0, 1, 'admin', 1, '订单取消配货', '订单配货', 1585327508),
(125, 133, 'PO_A3279948991700770001', 1, 0, 1, 'admin', 1, '订单开始配货', '订单配货', 1585327511),
(126, 133, 'PO_A3279948991700770001', 0, 0, 1, 'admin', 1, '订单取消配货', '订单配货', 1585327517),
(127, 133, 'PO_A3279948991700770001', 1, 0, 1, 'admin', 1, '订单开始配货', '订单配货', 1585327567),
(128, 133, 'PO_A3279948991700770001', 0, 0, 1, 'admin', 1, '订单取消配货', '订单配货', 1585327569),
(129, 131, 'PO_A3279938010900330001', 1, 0, 1, 'admin', 1, '订单开始配货', '订单配货', 1585327628),
(130, 131, 'PO_A3279938010900330001', 0, 0, 1, 'admin', 1, '订单取消配货', '订单配货', 1585327632),
(131, 131, 'PO_A3279938010900330001', 1, 0, 1, 'admin', 1, '订单开始配货', '订单配货', 1585327636),
(132, 131, 'PO_A3279938010900330001', 0, 0, 1, 'admin', 1, '订单取消配货', '订单配货', 1585327638),
(133, 125, 'PO_A3217852987257470001', 1, 0, 1, 'admin', 1, '订单开始配货', '订单配货', 1585327645),
(134, 131, 'PO_A3279938010900330001', 1, 0, 1, 'admin', 1, '订单开始配货', '订单配货', 1585327645),
(135, 132, 'PO_A3279943676300210001', 1, 0, 1, 'admin', 1, '订单开始配货', '订单配货', 1585327645),
(136, 133, 'PO_A3279948991700770001', 1, 0, 1, 'admin', 1, '订单开始配货', '订单配货', 1585327645),
(137, 125, 'PO_A3217852987257470001', 0, 0, 1, 'admin', 1, '订单取消配货', '订单配货', 1585327655),
(138, 131, 'PO_A3279938010900330001', 0, 0, 1, 'admin', 1, '订单取消配货', '订单配货', 1585327655),
(139, 132, 'PO_A3279943676300210001', 0, 0, 1, 'admin', 1, '订单取消配货', '订单配货', 1585327655),
(140, 133, 'PO_A3279948991700770001', 0, 0, 1, 'admin', 1, '订单取消配货', '订单配货', 1585327655),
(141, 132, 'PO_A3279943676300210001', 1, 0, 1, 'admin', 1, '订单开始配货', '订单配货', 1585327673),
(142, 132, 'PO_A3279943676300210001', 0, 0, 1, 'admin', 1, '订单取消配货', '订单配货', 1585327676),
(143, 132, 'PO_A3279943676300210001', 1, 0, 1, 'admin', 1, '订单开始配货', '订单配货', 1585327681),
(144, 132, 'PO_A3279943676300210001', 0, 0, 1, 'admin', 1, '订单取消配货', '订单配货', 1585327687),
(170, 124, 'PO_A3217849839847620001', 3, 1, 1, 'admin', 1, '确认收货，交易已完成', '确认收货', 1585332222),
(171, 137, 'PO_A3217849839847620003', 3, 1, 1, 'admin', 1, '确认收货，交易已完成', '确认收货', 1585332598),
(172, 138, 'PO_A3217849839847620004', 3, 1, 1, 'admin', 1, '确认收货，交易已完成', '确认收货', 1585332604),
(179, 135, 'PO_A3279972399200820001', 0, 0, 0, 'admin', 1, '订单部分信息已修改', '修改订单', 1585334700),
(190, 133, 'PO_A3279948991700770001', 1, 0, 1, 'admin', 1, '订单开始配货', '订单配货', 1585335544),
(191, 133, 'PO_A3279948991700770001', 0, 0, 1, 'admin', 1, '订单取消配货', '订单配货', 1585335561),
(192, 133, 'PO_A3279948991700770001', 1, 0, 1, 'admin', 1, '订单开始配货', '订单配货', 1585335611),
(193, 133, 'PO_A3279948991700770001', 0, 0, 1, 'admin', 1, '订单取消配货', '订单配货', 1585335618),
(194, 133, 'PO_A3279948991700770001', 1, 0, 1, 'admin', 1, '订单开始配货', '订单配货', 1585335725),
(195, 133, 'PO_A3279948991700770001', 0, 0, 1, 'admin', 1, '订单取消配货', '订单配货', 1585335734),
(196, 133, 'PO_A3279948991700770001', 1, 0, 1, 'admin', 1, '订单开始配货', '订单配货', 1585335875),
(200, 142, 'PO_A3217849839847620008', 3, 1, 1, 'admin', 1, '确认收货，交易已完成', '确认收货', 1585335945),
(201, 134, 'PO_A3279969490200760001', 4, 0, 0, 'admin', 1, '订单已取消', '取消订单', 1585336037),
(202, 139, 'PO_A3217849839847620005', 3, 1, 1, 'admin', 1, '确认收货，交易已完成', '确认收货', 1585337048),
(203, 141, 'PO_A3217849839847620007', 3, 1, 1, 'admin', 1, '确认收货，交易已完成', '确认收货', 1585337049),
(250, 116, 'PO_A3150263011275460001', 2, 2, 1, 'admin', 1, '订单部分发货', '订单发货', 1585492336),
(251, 131, 'PO_A3279938010900330001', 1, 0, 1, 'admin', 1, '订单开始配货', '订单配货', 1585492578),
(252, 131, 'PO_A3279938010900330001', 2, 1, 1, 'admin', 1, '订单完成发货', '订单发货', 1585492628),
(253, 116, 'PO_A3150263011275460001', 2, 2, 1, 'admin', 1, '订单部分发货', '订单发货', 1585492727),
(254, 116, 'PO_A3150263011275460001', 2, 1, 1, 'admin', 1, '订单完成发货', '订单发货', 1585492746),
(255, 125, 'PO_A3217852987257470001', 1, 0, 1, 'CareyShop', 0, '订单开始配货', '订单配货', 1585494196),
(256, 125, 'PO_A3217852987257470001', 2, 2, 1, 'CareyShop', 0, '订单部分发货', '订单发货', 1585494256),
(257, 125, 'PO_A3217852987257470001', 2, 1, 1, 'CareyShop', 0, '订单完成发货', '订单发货', 1585494274),
(258, 143, 'PO_A3217849839847620009', 3, 1, 1, 'admin', 1, '确认收货，交易已完成', '确认收货', 1585502045),
(259, 133, 'PO_A3279948991700770001', 0, 0, 1, 'admin', 1, '订单取消配货', '订单配货', 1585920011),
(260, 133, 'PO_A3279948991700770001', 1, 0, 1, 'admin', 1, '订单开始配货', '订单配货', 1586627309),
(261, 133, 'PO_A3279948991700770001', 0, 0, 1, 'admin', 1, '订单取消配货', '订单配货', 1586960930),
(262, 125, 'PO_A3217852987257470001', 1, 0, 1, 'admin', 1, '订单开始配货', '订单配货', 1586960947),
(263, 125, 'PO_A3217852987257470001', 0, 0, 1, 'admin', 1, '订单取消配货', '订单配货', 1587021462),
(264, 125, 'PO_A3217852987257470001', 1, 0, 1, 'admin', 1, '订单开始配货', '订单配货', 1587021468),
(265, 125, 'PO_A3217852987257470001', 0, 0, 1, 'admin3', 1, '订单取消配货', '订单配货', 1587021513),
(266, 125, 'PO_A3217852987257470001', 1, 0, 1, 'admin3', 1, '订单开始配货', '订单配货', 1587021517),
(267, 135, 'PO_A3279972399200820001', 0, 0, 0, 'admin', 1, '应付金额调整：-5.00', '金额调整', 1587047764),
(268, 135, 'PO_A3279972399200820001', 0, 0, 0, 'admin', 1, '应付金额调整：-0.62', '金额调整', 1587047782),
(269, 135, 'PO_A3279972399200820001', 0, 0, 0, 'admin', 1, '应付金额调整：+1.00', '金额调整', 1587048260),
(270, 135, 'PO_A3279972399200820001', 0, 0, 0, 'admin', 1, '应付金额调整：+0.01', '金额调整', 1587048277),
(271, 135, 'PO_A3279972399200820001', 0, 0, 0, 'admin', 1, '应付金额调整：+0.02', '金额调整', 1587052060),
(272, 123, 'PO_A3209397421200030001', 0, 0, 0, 'admin', 1, '应付金额调整：-1.00', '金额调整', 1587054304),
(273, 123, 'PO_A3209397421200030001', 0, 0, 0, 'admin', 1, '应付金额调整：+0.22', '金额调整', 1587054333),
(274, 123, 'PO_A3209397421200030001', 0, 0, 0, 'admin', 1, '应付金额调整：-0.10', '金额调整', 1587054350),
(275, 123, 'PO_A3209397421200030001', 0, 0, 0, 'admin', 1, '应付金额调整：-0.01', '金额调整', 1587054361),
(276, 123, 'PO_A3209397421200030001', 0, 0, 0, 'admin', 1, '应付金额调整：+0.01', '金额调整', 1587054388),
(277, 123, 'PO_A3209397421200030001', 0, 0, 0, 'admin', 1, '应付金额调整：+5.00', '金额调整', 1587056340),
(278, 123, 'PO_A3209397421200030001', 0, 0, 0, 'admin', 1, '应付金额调整：-5.12', '金额调整', 1587056723),
(279, 123, 'PO_A3209397421200030001', 0, 0, 0, 'admin', 1, '应付金额调整：-1.00', '金额调整', 1587056883),
(280, 123, 'PO_A3209397421200030001', 0, 0, 0, 'admin', 1, '应付金额调整：+1.00', '金额调整', 1587056888),
(281, 123, 'PO_A3209397421200030001', 0, 0, 0, 'admin', 1, '应付金额调整：-1.00', '金额调整', 1587056898),
(282, 123, 'PO_A3209397421200030001', 0, 0, 0, 'admin', 1, '应付金额调整：-1.00', '金额调整', 1587056908),
(283, 123, 'PO_A3209397421200030001', 0, 0, 0, 'admin', 1, '应付金额调整：-1.00', '金额调整', 1587056971),
(284, 123, 'PO_A3209397421200030001', 0, 0, 0, 'admin', 1, '应付金额调整：+1.00', '金额调整', 1587057035),
(285, 123, 'PO_A3209397421200030001', 0, 0, 0, 'admin', 1, '应付金额调整：+1.00', '金额调整', 1587057398),
(286, 123, 'PO_A3209397421200030001', 0, 0, 0, 'admin', 1, '应付金额调整：-1.00', '金额调整', 1587057577),
(287, 123, 'PO_A3209397421200030001', 0, 0, 0, 'admin', 1, '应付金额调整：+2.00', '金额调整', 1587057583),
(288, 123, 'PO_A3209397421200030001', 0, 0, 0, 'admin', 1, '应付金额调整：-3.00', '金额调整', 1587057592),
(289, 123, 'PO_A3209397421200030001', 0, 0, 0, 'admin', 1, '应付金额调整：-1.00', '金额调整', 1587057651),
(290, 123, 'PO_A3209397421200030001', 0, 0, 0, 'admin', 1, '应付金额调整：-1.00', '金额调整', 1587057658),
(291, 123, 'PO_A3209397421200030001', 0, 0, 0, 'admin', 1, '应付金额调整：-1.00', '金额调整', 1587057752),
(292, 123, 'PO_A3209397421200030001', 0, 0, 0, 'admin', 1, '应付金额调整：+1.00', '金额调整', 1587057874),
(293, 135, 'PO_A3279972399200820001', 0, 0, 0, 'admin', 1, '应付金额调整：-1.00', '金额调整', 1587058045),
(294, 135, 'PO_A3279972399200820001', 0, 0, 0, 'admin', 1, '应付金额调整：+1.00', '金额调整', 1587058085),
(295, 135, 'PO_A3279972399200820001', 0, 0, 0, 'admin', 1, '应付金额调整：+0.03', '金额调整', 1587058181),
(296, 135, 'PO_A3279972399200820001', 0, 0, 0, 'admin', 1, '应付金额调整：+2.00', '金额调整', 1587058218),
(297, 135, 'PO_A3279972399200820001', 0, 0, 0, 'admin', 1, '应付金额调整：+1.00', '金额调整', 1587058499),
(298, 135, 'PO_A3279972399200820001', 0, 0, 0, 'admin', 1, '应付金额调整：+1.00', '金额调整', 1587058613),
(299, 135, 'PO_A3279972399200820001', 0, 0, 0, 'admin', 1, '应付金额调整：+1.00', '金额调整', 1587058623),
(300, 135, 'PO_A3279972399200820001', 0, 0, 0, 'admin', 1, '应付金额调整：+0.05', '金额调整', 1587058633),
(301, 135, 'PO_A3279972399200820001', 0, 0, 0, 'admin', 1, '应付金额调整：+0.03', '金额调整', 1587058856),
(302, 135, 'PO_A3279972399200820001', 0, 0, 0, 'admin', 1, '应付金额调整：+1.00', '金额调整', 1587058875),
(303, 135, 'PO_A3279972399200820001', 0, 0, 0, 'admin', 1, '应付金额调整：+100.00', '金额调整', 1587058889),
(304, 135, 'PO_A3279972399200820001', 0, 0, 0, 'admin', 1, '应付金额调整：-30500.14', '金额调整', 1587058936),
(305, 135, 'PO_A3279972399200820001', 0, 0, 0, 'admin', 1, '应付金额调整：+1.00', '金额调整', 1587058949),
(306, 135, 'PO_A3279972399200820001', 0, 0, 0, 'admin', 1, '应付金额调整：-1.00', '金额调整', 1587058992),
(307, 135, 'PO_A3279972399200820001', 0, 0, 0, 'admin', 1, '应付金额调整：+1.00', '金额调整', 1587059002),
(308, 135, 'PO_A3279972399200820001', 0, 0, 0, 'admin', 1, '应付金额调整：+1.00', '金额调整', 1587059010),
(309, 135, 'PO_A3279972399200820001', 0, 0, 0, 'admin', 1, '应付金额调整：+3.00', '金额调整', 1587085776),
(310, 120, 'PO_A3209352609300860001', 0, 0, 0, 'admin', 1, '应付金额调整：-0.62', '金额调整', 1587085813),
(311, 120, 'PO_A3209352609300860001', 0, 0, 0, 'admin', 1, '应付金额调整：+0.99', '金额调整', 1587085901),
(312, 120, 'PO_A3209352609300860001', 0, 0, 0, 'admin', 1, '应付金额调整：+2.00', '金额调整', 1587086768),
(313, 135, 'PO_A3279972399200820001', 0, 0, 0, 'admin', 1, '应付金额调整：+1.00', '金额调整', 1587087204),
(314, 135, 'PO_A3279972399200820001', 0, 0, 0, 'admin', 1, '应付金额调整：-6.00', '金额调整', 1587089318),
(315, 135, 'PO_A3279972399200820001', 0, 0, 0, 'admin', 1, '应付金额调整：+30398.62', '金额调整', 1587105019),
(316, 144, 'PO_A4170629109000020001', 0, 0, 0, 'CareyShop', 1, '提交订单成功', '提交订单', 1587106291),
(317, 144, 'PO_A4170629109000020001', 4, 0, 0, 'CareyShop', 1, '订单已取消', '取消订单', 1587106388),
(318, 135, 'PO_A3279972399200820001', 0, 0, 0, 'admin', 1, '应付金额调整：-100.00', '金额调整', 1587107237),
(319, 145, 'PO_A4170750275700700001', 0, 0, 0, 'CareyShop', 1, '提交订单成功', '提交订单', 1587107502),
(320, 145, 'PO_A4170750275700700001', 0, 0, 0, 'admin', 1, '应付金额调整：-99.99', '金额调整', 1587107966),
(321, 145, 'PO_A4170750275700700001', 0, 0, 0, 'admin', 1, '应付金额调整：+0.99', '金额调整', 1587107989),
(322, 145, 'PO_A4170750275700700001', 0, 0, 0, 'admin', 1, '应付金额调整：-0.72', '金额调整', 1587107999),
(323, 146, 'PO_A4171039000700310001', 0, 0, 0, 'CareyShop', 1, '提交订单成功', '提交订单', 1587110390),
(324, 146, 'PO_A4171039000700310001', 0, 0, 0, 'CareyShop', 1, '应付金额调整：-99.92', '金额调整', 1587110413),
(325, 145, 'PO_A4170750275700700001', 0, 0, 0, 'admin', 1, '应付金额调整：-1.00', '金额调整', 1587111469),
(326, 145, 'PO_A4170750275700700001', 0, 0, 0, 'admin', 1, '应付金额调整：+0.01', '金额调整', 1587112506),
(327, 146, 'PO_A4171039000700310001', 0, 0, 1, 'admin', 1, '订单部分信息已修改', '修改订单', 1587114842),
(328, 146, 'PO_A4171039000700310001', 0, 0, 1, 'admin', 1, '订单部分信息已修改', '修改订单', 1587114868),
(329, 146, 'PO_A4171039000700310001', 0, 0, 1, 'admin', 1, '订单部分信息已修改', '修改订单', 1587114888),
(330, 146, 'PO_A4171039000700310001', 0, 0, 1, 'admin', 1, '订单部分信息已修改', '修改订单', 1587114901),
(331, 125, 'PO_A3217852987257470001', 1, 0, 1, 'admin', 1, '订单部分信息已修改', '修改订单', 1587131217),
(332, 125, 'PO_A3217852987257470001', 1, 0, 1, 'admin', 1, '订单部分信息已修改', '修改订单', 1587131236),
(333, 125, 'PO_A3217852987257470001', 1, 0, 1, 'admin', 1, '订单部分信息已修改', '修改订单', 1587131246),
(334, 120, 'PO_A3209352609300860001', 0, 0, 0, 'admin', 1, '应付金额调整：-0.99', '金额调整', 1587134390),
(335, 146, 'PO_A4171039000700310001', 1, 0, 1, 'admin', 1, '订单开始配货', '订单配货', 1587136225),
(336, 146, 'PO_A4171039000700310001', 0, 0, 1, 'admin', 1, '订单取消配货', '订单配货', 1587136235),
(337, 146, 'PO_A4171039000700310001', 1, 0, 1, 'admin', 1, '订单开始配货', '订单配货', 1587136248),
(338, 146, 'PO_A4171039000700310001', 0, 0, 1, 'admin', 1, '订单取消配货', '订单配货', 1587136338),
(339, 146, 'PO_A4171039000700310001', 1, 0, 1, 'admin', 1, '订单开始配货', '订单配货', 1587136345),
(340, 146, 'PO_A4171039000700310001', 0, 0, 1, 'admin', 1, '订单取消配货', '订单配货', 1587136348),
(341, 146, 'PO_A4171039000700310001', 1, 0, 1, 'admin', 1, '订单开始配货', '订单配货', 1587136350),
(342, 146, 'PO_A4171039000700310001', 0, 0, 1, 'admin', 1, '订单取消配货', '订单配货', 1587136353),
(343, 146, 'PO_A4171039000700310001', 1, 0, 1, 'admin', 1, '订单开始配货', '订单配货', 1587136356),
(344, 146, 'PO_A4171039000700310001', 0, 0, 1, 'admin', 1, '订单取消配货', '订单配货', 1587136358),
(345, 146, 'PO_A4171039000700310001', 1, 0, 1, 'admin', 1, '订单开始配货', '订单配货', 1587136363),
(346, 125, 'PO_A3217852987257470001', 2, 2, 1, 'admin', 1, '订单部分发货', '订单发货', 1587140325),
(347, 140, 'PO_A3217849839847620006', 1, 0, 1, 'admin', 1, '订单开始配货', '订单配货', 1587142520),
(348, 132, 'PO_A3279943676300210001', 1, 0, 1, 'admin', 1, '订单开始配货', '订单配货', 1587142520),
(349, 133, 'PO_A3279948991700770001', 1, 0, 1, 'admin', 1, '订单开始配货', '订单配货', 1587142520),
(352, 140, 'PO_A3217849839847620006', 0, 0, 1, 'admin', 1, '订单取消配货', '订单配货', 1587142565),
(353, 133, 'PO_A3279948991700770001', 0, 0, 1, 'admin', 1, '订单取消配货', '订单配货', 1587142565),
(354, 146, 'PO_A4171039000700310001', 0, 0, 1, 'admin', 1, '订单取消配货', '订单配货', 1587142565),
(355, 132, 'PO_A3279943676300210001', 0, 0, 1, 'admin', 1, '订单取消配货', '订单配货', 1587142601),
(356, 140, 'PO_A3217849839847620006', 1, 0, 1, 'admin', 1, '订单开始配货', '订单配货', 1587142612),
(357, 125, 'PO_A3217852987257470001', 2, 2, 1, 'admin', 1, '订单部分发货', '订单发货', 1587142848),
(358, 120, 'PO_A3209352609300860001', 4, 0, 0, 'admin', 1, '订单已取消', '取消订单', 1587143477),
(359, 135, 'PO_A3279972399200820001', 4, 0, 0, 'admin', 1, '订单已取消', '取消订单', 1587143513),
(360, 135, 'PO_A3279972399200820001', 4, 0, 0, 'admin', 1, '删除订单', '订单回收站', 1587143782),
(361, 144, 'PO_A4170629109000020001', 4, 0, 0, 'admin', 1, '删除订单', '订单回收站', 1587143811),
(362, 144, 'PO_A4170629109000020001', 4, 0, 0, 'admin', 1, '还原订单', '订单回收站', 1587143817),
(363, 144, 'PO_A4170629109000020001', 4, 0, 0, 'admin', 1, '删除订单', '订单回收站', 1587143829),
(364, 144, 'PO_A4170629109000020001', 4, 0, 0, 'admin', 1, '还原订单', '订单回收站', 1587143840),
(365, 144, 'PO_A4170629109000020001', 4, 0, 0, 'admin', 1, '删除订单', '订单回收站', 1587143851),
(366, 144, 'PO_A4170629109000020001', 4, 0, 0, 'admin', 1, '还原订单', '订单回收站', 1587143854),
(367, 135, 'PO_A3279972399200820001', 4, 0, 0, 'admin', 1, '还原订单', '订单回收站', 1587143870),
(368, 146, 'PO_A4171039000700310001', 1, 0, 1, 'admin', 1, '订单开始配货', '订单配货', 1587145969),
(369, 146, 'PO_A4171039000700310001', 0, 0, 1, 'admin', 1, '订单取消配货', '订单配货', 1587145972),
(370, 146, 'PO_A4171039000700310001', 1, 0, 1, 'admin', 1, '订单开始配货', '订单配货', 1587185866),
(371, 146, 'PO_A4171039000700310001', 0, 0, 1, 'admin', 1, '订单取消配货', '订单配货', 1587185875),
(372, 146, 'PO_A4171039000700310001', 1, 0, 1, 'admin', 1, '订单开始配货', '订单配货', 1587185892),
(373, 146, 'PO_A4171039000700310001', 1, 0, 1, 'admin', 1, '订单部分信息已修改', '修改订单', 1589037625),
(374, 146, 'PO_A4171039000700310001', 1, 0, 1, 'admin', 1, '订单部分信息已修改', '修改订单', 1589039366),
(375, 146, 'PO_A4171039000700310001', 1, 0, 1, 'admin', 1, '订单部分信息已修改', '修改订单', 1589125973),
(376, 146, 'PO_A4171039000700310001', 1, 0, 1, 'admin', 1, '订单部分信息已修改', '修改订单', 1589125992),
(377, 146, 'PO_A4171039000700310001', 1, 0, 1, 'admin', 1, '订单部分信息已修改', '修改订单', 1589126007),
(378, 146, 'PO_A4171039000700310001', 1, 0, 1, 'admin', 1, '订单部分信息已修改', '修改订单', 1589126038),
(379, 146, 'PO_A4171039000700310001', 1, 0, 1, 'admin', 1, '订单部分信息已修改', '修改订单', 1589126054),
(380, 146, 'PO_A4171039000700310001', 1, 0, 1, 'admin', 1, '订单部分信息已修改', '修改订单', 1589126079),
(381, 146, 'PO_A4171039000700310001', 1, 0, 1, 'admin', 1, '订单部分信息已修改', '修改订单', 1589126087),
(382, 146, 'PO_A4171039000700310001', 1, 0, 1, 'admin', 1, '订单部分信息已修改', '修改订单', 1589126099),
(383, 146, 'PO_A4171039000700310001', 1, 0, 1, 'admin', 1, '订单部分信息已修改', '修改订单', 1589126120),
(384, 145, 'PO_A4170750275700700001', 0, 0, 0, 'admin', 1, '订单部分信息已修改', '修改订单', 1589249760);

DROP TABLE IF EXISTS `donkey_order_refund`;
CREATE TABLE `donkey_order_refund` (
  `order_refund_id` int(11) UNSIGNED NOT NULL,
  `refund_no` varchar(50) COLLATE utf8mb4_unicode_ci NOT NULL COMMENT '退款单号(流水号)',
  `order_no` varchar(50) COLLATE utf8mb4_unicode_ci NOT NULL COMMENT '订单号',
  `out_trade_no` varchar(100) COLLATE utf8mb4_unicode_ci NOT NULL DEFAULT '' COMMENT '退款交易号',
  `out_trade_msg` varchar(200) COLLATE utf8mb4_unicode_ci NOT NULL DEFAULT '' COMMENT '退款返回信息',
  `user_id` int(11) UNSIGNED NOT NULL DEFAULT '0' COMMENT '对应user表',
  `total_amount` decimal(10,2) NOT NULL COMMENT '订单支付总额',
  `amount` decimal(10,2) NOT NULL COMMENT '退款金额',
  `payment_no` varchar(50) COLLATE utf8mb4_unicode_ci NOT NULL COMMENT '支付单号(交易流水号)',
  `to_payment` varchar(1) COLLATE utf8mb4_unicode_ci NOT NULL COMMENT '支付方式',
  `create_time` int(11) NOT NULL DEFAULT '0' COMMENT '创建日期',
  `update_time` int(11) NOT NULL DEFAULT '0' COMMENT '更新日期',
  `status` tinyint(1) NOT NULL DEFAULT '0' COMMENT '0=待处理 1=已处理 2=失败 3=撤销'
) ENGINE=InnoDB DEFAULT CHARSET=utf8mb4 COLLATE=utf8mb4_unicode_ci COMMENT='订单退款';

INSERT INTO `donkey_order_refund` (`order_refund_id`, `refund_no`, `order_no`, `out_trade_no`, `out_trade_msg`, `user_id`, `total_amount`, `amount`, `payment_no`, `to_payment`, `create_time`, `update_time`, `status`) VALUES
(1, 'TK_I6135136017166080001', 'PO_I1049550470892680001', '4200000112201806138875935999', '', 1, '0.10', '0.10', 'ZF_I6135059629848380001', '3', 1581585995, 1581585995, 1),
(2, 'TK_I6135129344929870001', 'PO_I1049550470892680001', '4200000120201806130827213457', '', 1, '0.10', '0.10', 'ZF_I6135078611653400001', '3', 1581586052, 1581586052, 1),
(3, 'TK_I6135119346449680001', 'PO_I1049550470892680001', '2018061321001004680571090420', '', 1, '0.10', '0.10', 'ZF_I6135096089631500001', '2', 1581586103, 1581586103, 1),
(4, 'TK_I6135136017166080001', 'PO_I1049550470892680001', '4200000112201806138875935999', '', 1, '0.10', '0.10', 'ZF_I6135059629848380001', '3', 1581585995, 1581585995, 1),
(5, 'TK_I6135129344929870001', 'PO_I1049550470892680001', '4200000120201806130827213457', '', 1, '0.10', '0.10', 'ZF_I6135078611653400001', '3', 1581586052, 1581586052, 1),
(6, 'TK_I6135119346449680001', 'PO_I1049550470892680001', '2018061321001004680571090420', '', 1, '0.10', '0.10', 'ZF_I6135096089631500001', '2', 1581586103, 1581586103, 1),
(7, 'TK_I6135136017166080001', 'PO_I1049550470892680001', '4200000112201806138875935999', '', 1, '0.10', '0.10', 'ZF_I6135059629848380001', '3', 1581585995, 1581585995, 1),
(8, 'TK_I6135129344929870001', 'PO_I1049550470892680001', '4200000120201806130827213457', '', 1, '0.10', '0.10', 'ZF_I6135078611653400001', '3', 1581586052, 1581586052, 1),
(9, 'TK_I6135119346449680001', 'PO_I1049550470892680001', '2018061321001004680571090420', '', 1, '0.10', '0.10', 'ZF_I6135096089631500001', '2', 1581586103, 1581586103, 1),
(10, 'TK_I6135136017166080001', 'PO_I1049550470892680001', '4200000112201806138875935999', '', 1, '0.10', '0.10', 'ZF_I6135059629848380001', '3', 1581585995, 1581585995, 1),
(11, 'TK_I6135129344929870001', 'PO_I1049550470892680001', '4200000120201806130827213457', '', 1, '0.10', '0.10', 'ZF_I6135078611653400001', '3', 1581586052, 1581586052, 1),
(12, 'TK_I6135119346449680001', 'PO_I1049550470892680001', '2018061321001004680571090420', '', 1, '0.10', '0.10', 'ZF_I6135096089631500001', '2', 1581586103, 1581586103, 1),
(13, 'TK_I6135136017166080001', 'PO_I1049550470892680001', '4200000112201806138875935999', '', 1, '0.10', '0.10', 'ZF_I6135059629848380001', '3', 1581585995, 1581585995, 1),
(14, 'TK_I6135129344929870001', 'PO_I1049550470892680001', '4200000120201806130827213457', '', 1, '0.10', '0.10', 'ZF_I6135078611653400001', '3', 1581586052, 1581586052, 1),
(15, 'TK_I6135119346449680001', 'PO_I1049550470892680001', '2018061321001004680571090420', '', 1, '0.10', '0.10', 'ZF_I6135096089631500001', '2', 1581586103, 1581586103, 1),
(16, 'TK_I6135136017166080001', 'PO_I1049550470892680001', '4200000112201806138875935999', '', 1, '0.10', '0.10', 'ZF_I6135059629848380001', '3', 1581585995, 1581585995, 1),
(17, 'TK_I6135129344929870001', 'PO_I1049550470892680001', '4200000120201806130827213457', '', 1, '0.10', '0.10', 'ZF_I6135078611653400001', '3', 1581586052, 1581586052, 1),
(18, 'TK_I6135119346449680001', 'PO_I1049550470892680001', '2018061321001004680571090420', '', 1, '0.10', '0.10', 'ZF_I6135096089631500001', '2', 1581586103, 1581586103, 1),
(19, 'TK_I6135136017166080001', 'PO_I1049550470892680001', '4200000112201806138875935999', '', 1, '0.10', '0.10', 'ZF_I6135059629848380001', '3', 1581585995, 1581585995, 1),
(20, 'TK_I6135129344929870001', 'PO_I1049550470892680001', '4200000120201806130827213457', '', 1, '0.10', '0.10', 'ZF_I6135078611653400001', '3', 1581586052, 1581586052, 1),
(21, 'TK_I6135119346449680001', 'PO_I1049550470892680001', '2018061321001004680571090420', '', 1, '0.10', '0.10', 'ZF_I6135096089631500001', '2', 1581586103, 1581586103, 1),
(22, 'TK_I6135136017166080001', 'PO_I1049550470892680001', '4200000112201806138875935999', '', 1, '0.10', '0.10', 'ZF_I6135059629848380001', '3', 1581585995, 1581585995, 1),
(23, 'TK_I6135129344929870001', 'PO_I1049550470892680001', '4200000120201806130827213457', '', 1, '0.10', '0.10', 'ZF_I6135078611653400001', '3', 1581586052, 1581586052, 1),
(24, 'TK_I6135119346449680001', 'PO_I1049550470892680001', '2018061321001004680571090420', '', 1, '0.10', '0.10', 'ZF_I6135096089631500001', '2', 1581586103, 1581586103, 1),
(25, 'TK_I6135136017166080001', 'PO_I1049550470892680001', '4200000112201806138875935999', '', 1, '0.10', '0.10', 'ZF_I6135059629848380001', '3', 1581585995, 1581585995, 1),
(26, 'TK_I6135129344929870001', 'PO_I1049550470892680001', '4200000120201806130827213457', '', 1, '0.10', '0.10', 'ZF_I6135078611653400001', '3', 1581586052, 1581586052, 1),
(27, 'TK_I6135119346449680001', 'PO_I1049550470892680001', '2018061321001004680571090420', '', 1, '0.10', '0.10', 'ZF_I6135096089631500001', '2', 1581586103, 1581586103, 1),
(28, 'TK_I6135136017166080001', 'PO_I1049550470892680001', '4200000112201806138875935999', '', 1, '0.10', '0.10', 'ZF_I6135059629848380001', '3', 1581585995, 1581585995, 1),
(29, 'TK_I6135129344929870001', 'PO_I1049550470892680001', '4200000120201806130827213457', '', 1, '0.10', '0.10', 'ZF_I6135078611653400001', '3', 1581586052, 1581586052, 1),
(30, 'TK_I6135119346449680001', 'PO_I1049550470892680001', '2018061321001004680571090420', '', 1, '0.10', '0.10', 'ZF_I6135096089631500001', '2', 1581586103, 1581586103, 1),
(31, 'TK_I6135136017166080001', 'PO_I1049550470892680001', '4200000112201806138875935999', '', 1, '0.10', '0.10', 'ZF_I6135059629848380001', '3', 1581585995, 1581585995, 1),
(32, 'TK_I6135129344929870001', 'PO_I1049550470892680001', '4200000120201806130827213457', '', 1, '0.10', '0.10', 'ZF_I6135078611653400001', '3', 1581586052, 1581586052, 1),
(33, 'TK_I6135119346449680001', 'PO_I1049550470892680001', '2018061321001004680571090420', '', 1, '0.10', '0.10', 'ZF_I6135096089631500001', '2', 1581586103, 1581586103, 1),
(34, 'TK_I6135136017166080001', 'PO_I1049550470892680001', '4200000112201806138875935999', '', 1, '0.10', '0.10', 'ZF_I6135059629848380001', '3', 1581585995, 1581585995, 1),
(35, 'TK_I6135129344929870001', 'PO_I1049550470892680001', '4200000120201806130827213457', '', 1, '0.10', '0.10', 'ZF_I6135078611653400001', '3', 1581586052, 1581586052, 1),
(36, 'TK_I6135119346449680001', 'PO_I1049550470892680001', '2018061321001004680571090420', '', 1, '0.10', '0.10', 'ZF_I6135096089631500001', '2', 1581586103, 1581586103, 1),
(37, 'TK_I6135136017166080001', 'PO_I1049550470892680001', '4200000112201806138875935999', '', 1, '0.10', '0.10', 'ZF_I6135059629848380001', '3', 1581585995, 1581585995, 1),
(38, 'TK_I6135129344929870001', 'PO_I1049550470892680001', '4200000120201806130827213457', '', 1, '0.10', '0.10', 'ZF_I6135078611653400001', '3', 1581586052, 1581586052, 1),
(39, 'TK_I6135119346449680001', 'PO_I1049550470892680001', '2018061321001004680571090420', '', 1, '0.10', '0.10', 'ZF_I6135096089631500001', '2', 1581586103, 1581586103, 1),
(40, 'TK_I6135136017166080001', 'PO_I1049550470892680001', '4200000112201806138875935999', '', 1, '0.10', '0.10', 'ZF_I6135059629848380001', '3', 1581585995, 1581585995, 1),
(41, 'TK_I6135129344929870001', 'PO_I1049550470892680001', '4200000120201806130827213457', '', 1, '0.10', '0.10', 'ZF_I6135078611653400001', '3', 1581586052, 1581586052, 1),
(42, 'TK_I6135119346449680001', 'PO_I1049550470892680001', '2018061321001004680571090420', '', 1, '0.10', '0.10', 'ZF_I6135096089631500001', '2', 1581586103, 1581586103, 1),
(43, 'TK_I6135136017166080001', 'PO_I1049550470892680001', '4200000112201806138875935999', '', 1, '0.10', '0.10', 'ZF_I6135059629848380001', '3', 1581585995, 1581585995, 1),
(44, 'TK_I6135129344929870001', 'PO_I1049550470892680001', '4200000120201806130827213457', '', 1, '0.10', '0.10', 'ZF_I6135078611653400001', '3', 1581586052, 1581586052, 1),
(45, 'TK_I6135119346449680001', 'PO_I1049550470892680001', '2018061321001004680571090420', '', 1, '0.10', '0.10', 'ZF_I6135096089631500001', '2', 1581586103, 1581586103, 1),
(46, 'TK_I6135136017166080001', 'PO_I1049550470892680001', '4200000112201806138875935999', '', 1, '0.10', '0.10', 'ZF_I6135059629848380001', '3', 1581585995, 1581585995, 1),
(47, 'TK_I6135129344929870001', 'PO_I1049550470892680001', '4200000120201806130827213457', '', 1, '0.10', '0.10', 'ZF_I6135078611653400001', '3', 1581586052, 1581586052, 1),
(48, 'TK_I6135119346449680001', 'PO_I1049550470892680001', '2018061321001004680571090420', '', 1, '0.10', '0.10', 'ZF_I6135096089631500001', '2', 1581586103, 1581586103, 1),
(49, 'TK_I6135136017166080001', 'PO_I1049550470892680001', '4200000112201806138875935999', '', 1, '0.10', '0.10', 'ZF_I6135059629848380001', '3', 1581585995, 1581585995, 1),
(50, 'TK_I6135129344929870001', 'PO_I1049550470892680001', '4200000120201806130827213457', '', 1, '0.10', '0.10', 'ZF_I6135078611653400001', '3', 1581586052, 1581586052, 1),
(51, 'TK_I6135119346449680001', 'PO_I1049550470892680001', '2018061321001004680571090420', '', 1, '0.10', '0.10', 'ZF_I6135096089631500001', '2', 1581586103, 1581586103, 1),
(52, 'TK_I6135136017166080001', 'PO_I1049550470892680001', '4200000112201806138875935999', '', 1, '0.10', '0.10', 'ZF_I6135059629848380001', '3', 1581585995, 1581585995, 1),
(53, 'TK_I6135129344929870001', 'PO_I1049550470892680001', '4200000120201806130827213457', '', 1, '0.10', '0.10', 'ZF_I6135078611653400001', '3', 1581586052, 1581586052, 1),
(54, 'TK_I6135119346449680001', 'PO_I1049550470892680001', '2018061321001004680571090420', '', 1, '0.10', '0.10', 'ZF_I6135096089631500001', '2', 1581586103, 1581586103, 1),
(55, 'TK_I6135136017166080001', 'PO_I1049550470892680001', '4200000112201806138875935999', '', 1, '0.10', '0.10', 'ZF_I6135059629848380001', '3', 1581585995, 1581585995, 1),
(56, 'TK_I6135129344929870001', 'PO_I1049550470892680001', '4200000120201806130827213457', '', 1, '0.10', '0.10', 'ZF_I6135078611653400001', '3', 1581586052, 1581586052, 1),
(57, 'TK_I6135119346449680001', 'PO_I1049550470892680001', '2018061321001004680571090420', '', 1, '0.10', '0.10', 'ZF_I6135096089631500001', '2', 1581586103, 1581586103, 1),
(58, 'TK_I6135136017166080001', 'PO_I1049550470892680001', '4200000112201806138875935999', '', 1, '0.10', '0.10', 'ZF_I6135059629848380001', '3', 1581585995, 1581585995, 1),
(59, 'TK_I6135129344929870001', 'PO_I1049550470892680001', '4200000120201806130827213457', '', 1, '0.10', '0.10', 'ZF_I6135078611653400001', '3', 1581586052, 1581586052, 1),
(60, 'TK_I6135119346449680001', 'PO_I1049550470892680001', '2018061321001004680571090420', '', 1, '0.10', '0.10', 'ZF_I6135096089631500001', '2', 1581586103, 1581586103, 1),
(61, 'TK_I6135136017166080001', 'PO_I1049550470892680001', '4200000112201806138875935999', '', 1, '0.10', '0.10', 'ZF_I6135059629848380001', '3', 1581585995, 1581585995, 1),
(62, 'TK_I6135129344929870001', 'PO_I1049550470892680001', '4200000120201806130827213457', '', 1, '0.10', '0.10', 'ZF_I6135078611653400001', '3', 1581586052, 1581586052, 1),
(63, 'TK_I6135119346449680001', 'PO_I1049550470892680001', '2018061321001004680571090420', '', 1, '0.10', '0.10', 'ZF_I6135096089631500001', '2', 1581586103, 1581586103, 1),
(64, 'TK_I6135136017166080001', 'PO_I1049550470892680001', '4200000112201806138875935999', '', 1, '0.10', '0.10', 'ZF_I6135059629848380001', '3', 1581585995, 1581585995, 1),
(65, 'TK_I6135129344929870001', 'PO_I1049550470892680001', '4200000120201806130827213457', '', 1, '0.10', '0.10', 'ZF_I6135078611653400001', '3', 1581586052, 1581586052, 1),
(66, 'TK_I6135119346449680001', 'PO_I1049550470892680001', '2018061321001004680571090420', '', 1, '0.10', '0.10', 'ZF_I6135096089631500001', '2', 1581586103, 1581586103, 1),
(67, 'TK_I6135136017166080001', 'PO_I1049550470892680001', '4200000112201806138875935999', '', 1, '0.10', '0.10', 'ZF_I6135059629848380001', '3', 1581585995, 1581585995, 1),
(68, 'TK_I6135129344929870001', 'PO_I1049550470892680001', '4200000120201806130827213457', '', 1, '0.10', '0.10', 'ZF_I6135078611653400001', '3', 1581586052, 1581586052, 1),
(69, 'TK_I6135119346449680001', 'PO_I1049550470892680001', '2018061321001004680571090420', '', 1, '0.10', '0.10', 'ZF_I6135096089631500001', '2', 1581586103, 1581586103, 1),
(70, 'TK_I6135136017166080001', 'PO_I1049550470892680001', '4200000112201806138875935999', '', 1, '0.10', '0.10', 'ZF_I6135059629848380001', '3', 1581585995, 1581585995, 1),
(71, 'TK_I6135129344929870001', 'PO_I1049550470892680001', '4200000120201806130827213457', '', 1, '0.10', '0.10', 'ZF_I6135078611653400001', '3', 1581586052, 1581586052, 1),
(72, 'TK_I6135119346449680001', 'PO_I1049550470892680001', '2018061321001004680571090420', '', 1, '0.10', '0.10', 'ZF_I6135096089631500001', '2', 1581586103, 1581586103, 1),
(73, 'TK_I6135136017166080001', 'PO_I1049550470892680001', '4200000112201806138875935999', '', 1, '0.10', '0.10', 'ZF_I6135059629848380001', '3', 1581585995, 1581585995, 1),
(74, 'TK_I6135129344929870001', 'PO_I1049550470892680001', '4200000120201806130827213457', '', 1, '0.10', '0.10', 'ZF_I6135078611653400001', '3', 1581586052, 1581586052, 1),
(75, 'TK_I6135119346449680001', 'PO_I1049550470892680001', '2018061321001004680571090420', '', 1, '0.10', '0.10', 'ZF_I6135096089631500001', '2', 1581586103, 1581586103, 1),
(76, 'TK_I6135136017166080001', 'PO_I1049550470892680001', '4200000112201806138875935999', '', 1, '0.10', '0.10', 'ZF_I6135059629848380001', '3', 1581585995, 1581585995, 1),
(77, 'TK_I6135129344929870001', 'PO_I1049550470892680001', '4200000120201806130827213457', '', 1, '0.10', '0.10', 'ZF_I6135078611653400001', '3', 1581586052, 1581586052, 1),
(78, 'TK_I6135119346449680001', 'PO_I1049550470892680001', '2018061321001004680571090420', '', 1, '0.10', '0.10', 'ZF_I6135096089631500001', '2', 1581586103, 1581586103, 1),
(79, 'TK_I6135136017166080001', 'PO_I1049550470892680001', '4200000112201806138875935999', '', 1, '0.10', '0.10', 'ZF_I6135059629848380001', '3', 1581585995, 1581585995, 1),
(80, 'TK_I6135129344929870001', 'PO_I1049550470892680001', '4200000120201806130827213457', '', 1, '0.10', '0.10', 'ZF_I6135078611653400001', '3', 1581586052, 1581586052, 1),
(81, 'TK_I6135119346449680001', 'PO_I1049550470892680001', '2018061321001004680571090420', '', 1, '0.10', '0.10', 'ZF_I6135096089631500001', '2', 1581586103, 1581586103, 1),
(82, 'TK_I6135136017166080001', 'PO_I1049550470892680001', '4200000112201806138875935999', '', 1, '0.10', '0.10', 'ZF_I6135059629848380001', '3', 1581585995, 1581585995, 1),
(83, 'TK_I6135129344929870001', 'PO_I1049550470892680001', '4200000120201806130827213457', '', 1, '0.10', '0.10', 'ZF_I6135078611653400001', '3', 1581586052, 1581586052, 1),
(84, 'TK_I6135119346449680001', 'PO_I1049550470892680001', '2018061321001004680571090420', '', 1, '0.10', '0.10', 'ZF_I6135096089631500001', '2', 1581586103, 1581586103, 1),
(85, 'TK_I6135136017166080001', 'PO_I1049550470892680001', '4200000112201806138875935999', '', 1, '0.10', '0.10', 'ZF_I6135059629848380001', '3', 1581585995, 1581585995, 1),
(86, 'TK_I6135129344929870001', 'PO_I1049550470892680001', '4200000120201806130827213457', '', 1, '0.10', '0.10', 'ZF_I6135078611653400001', '3', 1581586052, 1581586052, 1),
(87, 'TK_I6135119346449680001', 'PO_I1049550470892680001', '2018061321001004680571090420', '', 1, '0.10', '0.10', 'ZF_I6135096089631500001', '2', 1581586103, 1581586103, 1),
(88, 'TK_I6135136017166080001', 'PO_I1049550470892680001', '4200000112201806138875935999', '', 1, '0.10', '0.10', 'ZF_I6135059629848380001', '3', 1581585995, 1581585995, 1),
(89, 'TK_I6135129344929870001', 'PO_I1049550470892680001', '4200000120201806130827213457', '', 1, '0.10', '0.10', 'ZF_I6135078611653400001', '3', 1581586052, 1581586052, 1),
(90, 'TK_I6135119346449680001', 'PO_I1049550470892680001', '2018061321001004680571090420', '', 1, '0.10', '0.10', 'ZF_I6135096089631500001', '2', 1581586103, 1581586103, 1),
(91, 'TK_I6135136017166080001', 'PO_I1049550470892680001', '4200000112201806138875935999', '', 1, '0.10', '0.10', 'ZF_I6135059629848380001', '3', 1581585995, 1581585995, 1),
(92, 'TK_I6135129344929870001', 'PO_I1049550470892680001', '4200000120201806130827213457', '', 1, '0.10', '0.10', 'ZF_I6135078611653400001', '3', 1581586052, 1581586052, 1),
(93, 'TK_I6135119346449680001', 'PO_I1049550470892680001', '2018061321001004680571090420', '', 1, '0.10', '0.10', 'ZF_I6135096089631500001', '2', 1581586103, 1581586103, 1),
(94, 'TK_I6135136017166080001', 'PO_I1049550470892680001', '4200000112201806138875935999', '', 1, '0.10', '0.10', 'ZF_I6135059629848380001', '3', 1581585995, 1581585995, 1),
(95, 'TK_I6135129344929870001', 'PO_I1049550470892680001', '4200000120201806130827213457', '', 1, '0.10', '0.10', 'ZF_I6135078611653400001', '3', 1581586052, 1581586052, 1),
(96, 'TK_I6135119346449680001', 'PO_I1049550470892680001', '2018061321001004680571090420', '', 1, '0.10', '0.10', 'ZF_I6135096089631500001', '2', 1581586103, 1581586103, 3),
(97, 'TK_I6135136017166080001', 'PO_I1049550470892680001', '4200000112201806138875935999', '', 1, '0.10', '0.10', 'ZF_I6135059629848380001', '3', 1581585995, 1581585995, 2),
(98, 'TK_I6135129344929870001', 'PO_I1049550470892680001', '4200000120201806130827213457', '', 1, '0.10', '0.10', 'ZF_I6135078611653400001', '3', 1581586052, 1581586052, 1),
(99, 'TK_I6135119346449680001', 'PO_I1049550470892680001', '2018061321001004680571090420', '', 1, '1.00', '0.20', 'ZF_I6135096089631500001', '2', 1581586103, 1581586103, 0);

DROP TABLE IF EXISTS `donkey_order_service`;
CREATE TABLE `donkey_order_service` (
  `order_service_id` int(11) UNSIGNED NOT NULL,
  `service_no` varchar(50) COLLATE utf8mb4_unicode_ci NOT NULL COMMENT '售后单号(流水号)',
  `order_no` varchar(50) COLLATE utf8mb4_unicode_ci NOT NULL COMMENT '订单号',
  `order_goods_id` int(11) UNSIGNED NOT NULL DEFAULT '0' COMMENT '对应order_goods表',
  `user_id` int(11) UNSIGNED NOT NULL DEFAULT '0' COMMENT '对应user表',
  `admin_id` int(11) UNSIGNED NOT NULL DEFAULT '0' COMMENT '对应admin表',
  `qty` int(11) UNSIGNED NOT NULL DEFAULT '0' COMMENT '数量',
  `type` tinyint(1) NOT NULL COMMENT '0=仅退款 1=退货退款 2=换货 3=维修',
  `reason` varchar(100) COLLATE utf8mb4_unicode_ci NOT NULL DEFAULT '' COMMENT '原因',
  `description` varchar(255) COLLATE utf8mb4_unicode_ci NOT NULL DEFAULT '' COMMENT '说明',
  `goods_status` tinyint(1) NOT NULL DEFAULT '0' COMMENT '货物状态 0=未选择 1=未收到货 2=已收到货',
  `image` text COLLATE utf8mb4_unicode_ci NOT NULL COMMENT '凭证(照片)',
  `status` tinyint(1) NOT NULL DEFAULT '0' COMMENT '0=待处理 1=已同意 2=已拒绝 3=已寄件 4=售后中 5=已撤销 6=已完成',
  `is_return` tinyint(1) NOT NULL DEFAULT '0' COMMENT '寄回到商家 0=否 1=是',
  `result` varchar(100) COLLATE utf8mb4_unicode_ci NOT NULL DEFAULT '' COMMENT '处理结果',
  `remark` varchar(255) COLLATE utf8mb4_unicode_ci NOT NULL DEFAULT '' COMMENT '客服备注',
  `refund_fee` decimal(10,2) NOT NULL DEFAULT '0.00' COMMENT '退款金额',
  `refund_detail` varchar(255) COLLATE utf8mb4_unicode_ci NOT NULL DEFAULT '' COMMENT '退款结构',
  `refund_no` varchar(50) COLLATE utf8mb4_unicode_ci NOT NULL DEFAULT '' COMMENT '退款单号',
  `address` varchar(255) COLLATE utf8mb4_unicode_ci NOT NULL DEFAULT '' COMMENT '返件地址',
  `consignee` varchar(30) COLLATE utf8mb4_unicode_ci NOT NULL DEFAULT '' COMMENT '委托人',
  `zipcode` varchar(20) COLLATE utf8mb4_unicode_ci NOT NULL DEFAULT '' COMMENT '邮编',
  `mobile` varchar(15) COLLATE utf8mb4_unicode_ci NOT NULL DEFAULT '' COMMENT '手机号码',
  `logistic_code` varchar(50) COLLATE utf8mb4_unicode_ci NOT NULL DEFAULT '' COMMENT '快递单号',
  `delivery_fee` decimal(10,2) NOT NULL DEFAULT '0.00' COMMENT '运费',
  `admin_event` tinyint(1) NOT NULL DEFAULT '1' COMMENT '是否有新事件',
  `user_event` tinyint(1) NOT NULL DEFAULT '0' COMMENT '是否有新事件',
  `create_time` int(11) NOT NULL DEFAULT '0' COMMENT '创建日期',
  `update_time` int(11) NOT NULL DEFAULT '0' COMMENT '更新日期'
) ENGINE=InnoDB DEFAULT CHARSET=utf8mb4 COLLATE=utf8mb4_unicode_ci COMMENT='售后服务';

INSERT INTO `donkey_order_service` (`order_service_id`, `service_no`, `order_no`, `order_goods_id`, `user_id`, `admin_id`, `qty`, `type`, `reason`, `description`, `goods_status`, `image`, `status`, `is_return`, `result`, `remark`, `refund_fee`, `refund_detail`, `refund_no`, `address`, `consignee`, `zipcode`, `mobile`, `logistic_code`, `delivery_fee`, `admin_event`, `user_event`, `create_time`, `update_time`) VALUES
(1, 'SH_I3060591166003750001', 'PO_I1049550470892670001', 2, 1, 1, 0, 3, '七天无理由退货', '', 0, '[]', 2, 0, 'ABC', '测试准备', '0.00', '', '', '浙江省 宁波市 江北区 XXX XXX xxx', '张三', '315000', '15867430555', '', '0.00', 0, 1, 1520305911, 1588229587),
(2, 'SH_A4213550720400230002', 'PO_A3217849839847620009', 49, 1, 1, 2, 0, '快递/物流一直未送到', '', 2, '[]', 2, 0, '超额', '', '0.00', '', '', '', '', '', '', '', '0.00', 0, 1, 1587435507, 1588229675),
(3, 'SH_A4213550720400230003', 'PO_A3217849839847620009', 49, 1, 0, 2, 2, '不喜欢/不想要', '', 2, '[]', 0, 0, '', '', '0.00', '', '', '', '', '', '', '', '0.00', 1, 0, 1587435507, 1587715964),
(4, 'SH_A4213550720400230004', 'PO_A3217849839847620009', 49, 1, 1, 2, 1, '货物破损已拒签', '', 2, '[]', 2, 0, '测试', '', '12.00', '', '', '浙江省 宁波市 江北区 XXX XXX xxx', '张三', '315000', '15867430555', '', '0.00', 0, 1, 1587435507, 1588229205),
(5, 'SH_I3060591166003750005', 'PO_I1049550470892670001', 2, 1, 1, 0, 3, '七天无理由退货', '', 0, '[]', 2, 0, '测试', '', '0.00', '', '', '浙江省 宁波市 江北区 XXX XXX xxx', '张三', '315000', '15867430555', '', '0.00', 0, 1, 1520305911, 1588229302),
(6, 'SH_A4213550720400230006', 'PO_A3217849839847620009', 49, 1, 0, 2, 0, '快递/物流一直未送到', '', 2, '[]', 0, 0, '', '', '0.00', '', '', '', '', '', '', '', '0.00', 1, 0, 1587435507, 1587715964),
(7, 'SH_A4213550720400230007', 'PO_A3217849839847620009', 49, 1, 0, 2, 2, '不喜欢/不想要', '', 2, '[]', 0, 0, '', '', '0.00', '', '', '', '', '', '', '', '0.00', 1, 0, 1587435507, 1587715964),
(8, 'SH_A4213550720400230008', 'PO_A3217849839847620009', 49, 1, 0, 2, 1, '货物破损已拒签', '', 2, '[]', 0, 0, '', '', '12.00', '', '', '浙江省 宁波市 江北区 XXX XXX xxx', '张三', '315000', '15867430555', '', '0.00', 1, 0, 1587435507, 1587991949),
(9, 'SH_I3060591166003750009', 'PO_I1049550470892670001', 2, 1, 0, 0, 3, '七天无理由退货', '', 0, '[]', 0, 0, '', '', '0.00', '', '', '浙江省 宁波市 江北区 XXX XXX xxx', '张三', '315000', '15867430555', '', '0.00', 1, 0, 1520305911, 1520306032),
(10, 'SH_A4213550720400230010', 'PO_A3217849839847620009', 49, 1, 0, 2, 0, '快递/物流一直未送到', '', 2, '[]', 0, 0, '', '', '0.00', '', '', '', '', '', '', '', '0.00', 1, 1, 1587435507, 1588224138),
(11, 'SH_A4213550720400230011', 'PO_A3217849839847620009', 49, 1, 0, 2, 2, '不喜欢/不想要', '', 2, '[]', 0, 0, '', '', '0.00', '', '', '', '', '', '', '', '0.00', 1, 1, 1587435507, 1588213954),
(12, 'SH_A4213550720400230012', 'PO_A3217849839847620009', 49, 1, 0, 2, 1, '货物破损已拒签', '', 2, '[]', 0, 0, '', '', '12.00', '', '', '浙江省 宁波市 江北区 XXX XXX xxx', '张三', '315000', '15867430555', '', '0.00', 1, 0, 1587435507, 1587986807),
(13, 'SH_I3060591166003750013', 'PO_I1049550470892670001', 2, 1, 0, 0, 3, '七天无理由退货', '', 0, '[]', 0, 0, '', '', '0.00', '', '', '浙江省 宁波市 江北区 XXX XXX xxx', '张三', '315000', '15867430555', '', '0.00', 1, 1, 1520305911, 1588213912),
(14, 'SH_A4213550720400230014', 'PO_A3217849839847620009', 49, 1, 0, 2, 0, '快递/物流一直未送到', '', 2, '[]', 0, 0, '', '', '0.00', '', '', '', '', '', '', '', '0.00', 1, 0, 1587435507, 1588044070),
(15, 'SH_A4213550720400230015', 'PO_A3217849839847620009', 49, 1, 0, 2, 2, '不喜欢/不想要', '', 2, '[]', 0, 0, '', '', '0.00', '', '', '', '', '', '', '', '0.00', 1, 1, 1587435507, 1588212789),
(16, 'SH_A4213550720400230016', 'PO_A3217849839847620009', 49, 1, 0, 2, 1, '货物破损已拒签', '', 2, '[]', 0, 0, '', '', '12.00', '', '', '浙江省 宁波市 江北区 XXX XXX xxx', '张三', '315000', '15867430555', '', '0.00', 1, 1, 1587435507, 1588212760),
(17, 'SH_I3060591166003750017', 'PO_I1049550470892670001', 2, 1, 0, 0, 3, '七天无理由退货', '', 0, '[]', 0, 0, '', '', '0.00', '', '', '浙江省 宁波市 江北区 XXX XXX xxx', '张三', '315000', '15867430555', '', '0.00', 1, 1, 1520305911, 1588210838),
(18, 'SH_A4213550720400230018', 'PO_A3217849839847620009', 49, 1, 0, 2, 0, '快递/物流一直未送到', '', 2, '[]', 0, 0, '', '', '0.00', '', '', '', '', '', '', '', '0.00', 1, 1, 1587435507, 1588210439),
(19, 'SH_A4213550720400230019', 'PO_A3217849839847620009', 49, 1, 0, 2, 2, '不喜欢/不想要', '', 2, '[]', 0, 0, '', '', '0.00', '', '', '', '', '', '', '', '0.00', 1, 1, 1587435507, 1588176035),
(20, 'SH_A4213550720400230020', 'PO_A3217849839847620009', 49, 1, 0, 2, 1, '货物破损已拒签', '', 2, '[]', 0, 0, '', '', '12.00', '', '', '', '', '', '', '', '0.00', 1, 1, 1587435507, 1588211686),
(21, 'SH_I3060591166003750021', 'PO_I1049550470892670001', 2, 1, 0, 0, 3, '七天无理由退货', '', 0, '[]', 0, 0, '', '', '0.00', '', '', '浙江省 宁波市 江北区 XXX XXX xxx', '张三', '315000', '15867430555', '', '0.00', 1, 1, 1520305911, 1588089171),
(22, 'SH_A4213550720400230022', 'PO_A3217849839847620009', 49, 1, 0, 2, 0, '快递/物流一直未送到', '', 2, '[]', 0, 0, '完成', '', '0.00', '', '', '', '', '', '', '', '0.00', 1, 1, 1587435507, 1588225496),
(23, 'SH_A4213550720400230023', 'PO_A3217849839847620009', 49, 1, 3, 2, 2, '不喜欢/不想要', '', 2, '[]', 2, 0, 'admin2', '', '0.00', '', '', '', '', '', '', '', '0.00', 0, 1, 1587435507, 1588229744),
(24, 'SH_A4213550720400230024', 'PO_A3217849839847620009', 49, 1, 0, 2, 1, '货物破损已拒签', '', 2, '[]', 2, 0, '无理由', '', '12.00', '', '', '浙江省 宁波市 江北区 XXX XXX xxx', '张三', '315000', '15867430555', '', '0.00', 0, 1, 1587435507, 1588228717),
(25, 'SH_I3060591166003750025', 'PO_I1049550470892670001', 2, 1, 1, 1, 3, '七天无理由退货', '', 0, '[]', 5, 0, '', '', '0.00', '', '', '浙江省 宁波市 江北区 XXX XXX xxx', '张三', '315000', '15867430555', '', '0.00', 0, 1, 1520305911, 1588228607),
(26, 'SH_A4213550720400230026', 'PO_A3217849839847620009', 49, 1, 1, 2, 0, '快递/物流一直未送到', '', 2, '[]', 1, 0, '', '', '0.00', '', '', '', '', '', '', '', '0.00', 0, 1, 1587435507, 1588228631),
(27, 'SH_A4213550720400230027', 'PO_A3217849839847620009', 49, 1, 0, 2, 2, '不喜欢/不想要', '', 2, '[{\"name\":\"nei_05.jpg\",\"source\":\"aliyun.oss.careyshop.cn\\/uploads\\/files\\/20191112\\/f3cdf50f-ba56-40c8-8add-991fb20cf569.jpg?type=aliyun\",\"url\":\"\\/\\/aliyun.oss.careyshop.cn\\/uploads\\/files\\/20191112\\/f3cdf50f-ba56-40c8-8add-991fb20cf569.jpg?type=aliyun\"},{\"name\":\"nei_02.jpg.jpg\",\"source\":\"aliyun.oss.careyshop.cn\\/uploads\\/files\\/20191112\\/8e3101ed-f38a-4a78-8bf0-a3a59e117a8e.jpg?type=aliyun\",\"url\":\"\\/\\/aliyun.oss.careyshop.cn\\/uploads\\/files\\/20191112\\/8e3101ed-f38a-4a78-8bf0-a3a59e117a8e.jpg?type=aliyun\"},{\"name\":\"index7-5.png\",\"source\":\"aliyun.oss.careyshop.cn\\/uploads\\/files\\/20191112\\/da2cf166-91ec-4823-8e21-5032ff9900c6.png?type=aliyun\",\"url\":\"\\/\\/aliyun.oss.careyshop.cn\\/uploads\\/files\\/20191112\\/da2cf166-91ec-4823-8e21-5032ff9900c6.png?type=aliyun\"},{\"name\":\"nei_02.jpg\",\"source\":\"aliyun.oss.careyshop.cn\\/uploads\\/files\\/20191112\\/968cc6c2-b121-4d4c-804e-cf828af7e1fb.jpg?type=aliyun\",\"url\":\"\\/\\/aliyun.oss.careyshop.cn\\/uploads\\/files\\/20191112\\/968cc6c2-b121-4d4c-804e-cf828af7e1fb.jpg?type=aliyun\"}]', 2, 0, '无', '顾客不可见', '0.00', '', '', '', '', '', '', '', '0.00', 0, 1, 1587435507, 1588228584),
(28, 'SH_A4213550720400230028', 'PO_A4170629109000020001', 50, 1, 1, 2, 2, '货物破损已拒签', '', 2, '[{\"name\":\"nei_05.jpg\",\"source\":\"aliyun.oss.careyshop.cn/uploads/files/20191230/ebafd330-cb20-4ead-8af5-54ca56c5d5d2.png?type=aliyun\",\"url\":\"//aliyun.oss.careyshop.cn/uploads/files/20191230/ebafd330-cb20-4ead-8af5-54ca56c5d5d2.png?type=aliyun\"},{\"name\":\"nei_02.jpg.jpg\",\"source\":\"aliyun.oss.careyshop.cn/uploads/files/20191230/d95f096e-ffd2-4a5b-a6d7-b4bb00335e37.png?type=aliyun\",\"url\":\"//aliyun.oss.careyshop.cn/uploads/files/20191230/d95f096e-ffd2-4a5b-a6d7-b4bb00335e37.png?type=aliyun\"},{\"name\":\"index7-5.png\",\"source\":\"aliyun.oss.careyshop.cn/uploads/files/20191228/b84ff8cc-8646-40f9-a8dc-4939b935f0f2.jpg?type=aliyun\",\"url\":\"//aliyun.oss.careyshop.cn/uploads/files/20191228/b84ff8cc-8646-40f9-a8dc-4939b935f0f2.jpg?type=aliyun\"},{\"name\":\"nei_02.jpg\",\"source\":\"aliyun.oss.careyshop.cn/uploads/files/20191228/9da40623-7ce4-4568-a11f-a099d604115c.jpg?type=aliyun\",\"url\":\"//aliyun.oss.careyshop.cn/uploads/files/20191228/9da40623-7ce4-4568-a11f-a099d604115c.jpg?type=aliyun\"},{\"name\":\"nei_02.jpg\",\"source\":\"aliyun.oss.careyshop.cn/uploads/files/20191215/e09e4d4f-27f7-4fc3-86c5-c23140cd937d.png?type=aliyun\",\"url\":\"//aliyun.oss.careyshop.cn/uploads/files/20191215/e09e4d4f-27f7-4fc3-86c5-c23140cd937d.png?type=aliyun\"}]', 4, 1, '', '卖家备注,顾客不可见', '12.00', '{\"money_amount\":10,\"integral_amount\":0.9,\"card_amount\":0.01,\"payment_amount\":0.1}', 'TK_I6135129344929870001', '浙江省 宁波市 江北区 XXX XXX xxx', '张三', '315000', '15867430555', '', '0.99', 0, 1, 1587435507, 1588228454);

DROP TABLE IF EXISTS `donkey_payment`;
CREATE TABLE `donkey_payment` (
  `payment_id` smallint(5) UNSIGNED NOT NULL,
  `name` varchar(50) COLLATE utf8mb4_unicode_ci NOT NULL COMMENT '支付名称',
  `code` tinyint(1) NOT NULL COMMENT '支付编码',
  `image` varchar(512) COLLATE utf8mb4_unicode_ci NOT NULL DEFAULT '' COMMENT '图片',
  `is_deposit` tinyint(1) NOT NULL COMMENT '财务充值 0=否 1=是',
  `is_inpour` tinyint(1) NOT NULL COMMENT '账号充值 0=否 1=是',
  `is_payment` tinyint(1) NOT NULL COMMENT '订单支付 0=否 1=是',
  `is_refund` tinyint(1) NOT NULL COMMENT '原路返回 0=否 1=是',
  `setting` text COLLATE utf8mb4_unicode_ci NOT NULL COMMENT '配置',
  `model` varchar(50) COLLATE utf8mb4_unicode_ci NOT NULL DEFAULT '' COMMENT '对应模型',
  `sort` tinyint(3) UNSIGNED NOT NULL DEFAULT '50' COMMENT '排序',
  `status` tinyint(1) NOT NULL DEFAULT '1' COMMENT '0=禁用 1=启用'
) ENGINE=InnoDB DEFAULT CHARSET=utf8mb4 COLLATE=utf8mb4_unicode_ci COMMENT='支付配置';

INSERT INTO `donkey_payment` (`payment_id`, `name`, `code`, `image`, `is_deposit`, `is_inpour`, `is_payment`, `is_refund`, `setting`, `model`, `sort`, `status`) VALUES
(1, '账户资金', 0, 'aliyun.oss.careyshop.cn/支付图标/yezf.gif?type=aliyun', 1, 0, 0, 0, '[]', '', 50, 1),
(2, '货到付款', 1, 'aliyun.oss.careyshop.cn/支付图标/hdfk.gif?type=aliyun', 0, 0, 1, 0, '[]', 'cod', 50, 1),
(3, '支付宝', 2, 'aliyun.oss.careyshop.cn/支付图标/zhifubao.png?type=aliyun', 1, 1, 1, 1, '{\"appId\":{\"name\":\"APPID\",\"value\":\"\",\"remark\":\"开放平台密钥中的 <span style=\\\"color:#F56C6C;\\\">APPID<\\/span>\"},\"merchantPrivateKey\":{\"name\":\"应用私钥\",\"value\":\"\",\"remark\":\"开放平台密钥中的 <span style=\\\"color:#F56C6C;\\\">RSA(SHA1)密钥<\\/span>\"},\"alipayPublicKey\":{\"name\":\"支付宝公钥\",\"value\":\"\",\"remark\":\"开放平台密钥中的 <span style=\\\"color:#F56C6C;\\\">支付宝公钥<\\/span>\"},\"signType\":{\"name\":\"签名方式\",\"value\":\"\",\"remark\":\"可使用RSA2、SHA256等签名方式，推荐使用 <span style=\\\"color:#F56C6C;\\\">RSA2<\\/span>\"},\"httpMethod\":{\"name\":\"页面接口方式\",\"value\":\"\",\"remark\":\"推荐使用 <span style=\\\"color:#F56C6C;\\\">post<\\/span>\"}}', 'alipay', 50, 1),
(4, '微信支付', 3, 'aliyun.oss.careyshop.cn/支付图标/weixin.png?type=aliyun', 1, 1, 1, 1, '{\"appid\":{\"name\":\"APPID\",\"value\":\"\",\"remark\":\"微信支付APPID，对应 <span style=\\\"color:#F56C6C;\\\">appid<\\/span>\"},\"mchid\":{\"name\":\"商户号\",\"value\":\"\",\"remark\":\"微信支付商户号，对应 <span style=\\\"color:#F56C6C;\\\">mchid<\\/span>\"},\"key\":{\"name\":\"商户支付密钥\",\"value\":\"\",\"remark\":\"微信支付商户支付密钥，对应 <span style=\\\"color:#F56C6C;\\\">key<\\/span>\"},\"appsecret\":{\"name\":\"公众帐号Secert\",\"value\":\"\",\"remark\":\"微信支付公众帐号Secert，对应 <span style=\\\"color:#F56C6C;\\\">appsecret<\\/span>\"},\"sslcert\":{\"name\":\"apiclient_cert\",\"value\":\"\",\"remark\":\"<span style=\\\"color:#F56C6C;\\\">apiclient_cert.pem<\\/span> 文件的绝对路径\"},\"sslkey\":{\"name\":\"apiclient_key\",\"value\":\"\",\"remark\":\"<span style=\\\"color:#F56C6C;\\\">apiclient_key.pem<\\/span> 文件的绝对路径\"}}', 'weixin', 50, 1),
(5, '银行转账', 4, 'aliyun.oss.careyshop.cn/支付图标/yinlian.png?type=aliyun', 1, 0, 0, 0, '[]', '', 50, 1),
(6, '购物卡', 5, '', 0, 0, 0, 0, '[]', '', 50, 1),
(7, '其他', 6, '', 1, 0, 0, 0, '[]', '', 50, 1);

DROP TABLE IF EXISTS `donkey_payment_log`;
CREATE TABLE `donkey_payment_log` (
  `payment_log_id` int(11) UNSIGNED NOT NULL,
  `payment_no` varchar(50) COLLATE utf8mb4_unicode_ci NOT NULL COMMENT '流水号',
  `out_trade_no` varchar(100) COLLATE utf8mb4_unicode_ci NOT NULL DEFAULT '' COMMENT '交易号',
  `order_no` varchar(50) COLLATE utf8mb4_unicode_ci NOT NULL DEFAULT '' COMMENT '订单号',
  `user_id` int(11) UNSIGNED NOT NULL DEFAULT '0' COMMENT '对应user表',
  `amount` decimal(10,2) NOT NULL COMMENT '支付金额',
  `payment_time` varchar(20) COLLATE utf8mb4_unicode_ci NOT NULL DEFAULT '' COMMENT '支付日期',
  `to_payment` varchar(1) COLLATE utf8mb4_unicode_ci NOT NULL DEFAULT '' COMMENT '支付方式',
  `type` tinyint(1) NOT NULL COMMENT '0=充值 1=订单',
  `create_time` int(11) NOT NULL DEFAULT '0' COMMENT '创建日期',
  `update_time` int(11) NOT NULL DEFAULT '0' COMMENT '更新日期',
  `status` tinyint(1) NOT NULL DEFAULT '0' COMMENT '0=待付款 1=已完成 2=已关闭'
) ENGINE=InnoDB DEFAULT CHARSET=utf8mb4 COLLATE=utf8mb4_unicode_ci COMMENT='支付日志';

INSERT INTO `donkey_payment_log` (`payment_log_id`, `payment_no`, `out_trade_no`, `order_no`, `user_id`, `amount`, `payment_time`, `to_payment`, `type`, `create_time`, `update_time`, `status`) VALUES
(3, 'ZF_I1049554124677490001', '4200000013201801047643752535', 'PO_I1049550470892670001', 1, '0.10', '2018-01-04 00:06:17', '3', 1, 1514995541, 1514995578, 1),
(4, 'ZF_I3214089531968020001', '', '', 1, '0.01', '2018-01-04 00:06:17', '0', 0, 1521640895, 1521640895, 0),
(5, 'ZF_I3271779247864060001', '', '', 1, '0.01', '2018-01-04 00:06:17', '3', 0, 1522117792, 1522117792, 0),
(6, 'ZF_I3271781158763900001', '', '', 1, '0.01', '2018-01-04 00:06:17', '2', 0, 1522117811, 1522117811, 0),
(7, 'ZF_I4031951688940590001', '', '', 1, '0.01', '2018-01-04 00:06:17', '3', 0, 1522719516, 1522719516, 0),
(8, 'ZF_I4031952303348170001', '', '', 1, '0.01', '2018-01-04 00:06:17', '1', 0, 1522719523, 1522719523, 0),
(9, 'ZF_I4031952416608270001', '', '', 1, '0.01', '2018-01-04 00:06:17', '4', 0, 1522719524, 1522719524, 0),
(10, 'ZF_I4031952540192220001', '', '', 1, '0.01', '2018-01-04 00:06:17', '5', 0, 1522719525, 1522719525, 0),
(11, 'ZF_I4031954680808830001', '', '', 1, '0.01', '2018-01-04 00:06:17', '', 0, 1522719546, 1522719546, 0),
(12, 'ZF_I4031954971632090001', '', '', 1, '0.01', '2018-01-04 00:06:17', '', 0, 1522719549, 1522719549, 0),
(13, 'ZF_I1049554124677490001', '4200000013201801047643752535', 'PO_I1049550470892670001', 1, '0.10', '2018-01-04 00:06:17', '3', 1, 1514995541, 1514995578, 1),
(14, 'ZF_I3214089531968020001', '', '', 1, '0.01', '2018-01-04 00:06:17', '2', 0, 1521640895, 1521640895, 0),
(15, 'ZF_I3271779247864060001', '', '', 1, '0.01', '2018-01-04 00:06:17', '3', 0, 1522117792, 1522117792, 0),
(16, 'ZF_I3271781158763900001', '', '', 1, '0.01', '2018-01-04 00:06:17', '2', 0, 1522117811, 1522117811, 0),
(17, 'ZF_I4031951688940590001', '', '', 1, '0.01', '2018-01-04 00:06:17', '3', 0, 1522719516, 1522719516, 0),
(18, 'ZF_I4031952303348170001', '', '', 1, '0.01', '2018-01-04 00:06:17', '1', 0, 1522719523, 1522719523, 0),
(19, 'ZF_I4031952416608270001', '', '', 1, '0.01', '2018-01-04 00:06:17', '4', 0, 1522719524, 1522719524, 0),
(20, 'ZF_I4031952540192220001', '', '', 1, '0.01', '2018-01-04 00:06:17', '5', 0, 1522719525, 1522719525, 0),
(21, 'ZF_I4031954680808830001', '', '', 1, '0.01', '2018-01-04 00:06:17', '', 0, 1522719546, 1522719546, 0),
(22, 'ZF_I4031954971632090001', '', '', 1, '0.01', '2018-01-04 00:06:17', '', 0, 1522719549, 1522719549, 0),
(23, 'ZF_I1049554124677490001', '4200000013201801047643752535', 'PO_I1049550470892670001', 1, '0.10', '2018-01-04 00:06:17', '3', 1, 1514995541, 1514995578, 1),
(24, 'ZF_I3214089531968020001', '', '', 1, '0.01', '2018-01-04 00:06:17', '2', 0, 1521640895, 1521640895, 0),
(25, 'ZF_I3271779247864060001', '', '', 1, '0.01', '2018-01-04 00:06:17', '3', 0, 1522117792, 1522117792, 0),
(26, 'ZF_I3271781158763900001', '', '', 1, '0.01', '2018-01-04 00:06:17', '2', 0, 1522117811, 1522117811, 0),
(27, 'ZF_I4031951688940590001', '', '', 1, '0.01', '2018-01-04 00:06:17', '3', 0, 1522719516, 1522719516, 0),
(28, 'ZF_I4031952303348170001', '', '', 1, '0.01', '2018-01-04 00:06:17', '1', 0, 1522719523, 1522719523, 0),
(29, 'ZF_I4031952416608270001', '', '', 1, '0.01', '2018-01-04 00:06:17', '4', 0, 1522719524, 1522719524, 0),
(30, 'ZF_I4031952540192220001', '', '', 1, '0.01', '2018-01-04 00:06:17', '5', 0, 1522719525, 1522719525, 0),
(31, 'ZF_I4031954680808830001', '', '', 1, '0.01', '2018-01-04 00:06:17', '', 0, 1522719546, 1522719546, 0),
(32, 'ZF_I4031954971632090001', '', '', 1, '0.01', '2018-01-04 00:06:17', '', 0, 1522719549, 1522719549, 0),
(33, 'ZF_I1049554124677490001', '4200000013201801047643752535', 'PO_I1049550470892670001', 1, '0.10', '2018-01-04 00:06:17', '3', 1, 1514995541, 1514995578, 1),
(34, 'ZF_I3214089531968020001', '', '', 1, '0.01', '2018-01-04 00:06:17', '2', 0, 1521640895, 1521640895, 0),
(35, 'ZF_I3271779247864060001', '', '', 1, '0.01', '2018-01-04 00:06:17', '3', 0, 1522117792, 1522117792, 0),
(36, 'ZF_I3271781158763900001', '', '', 1, '0.01', '2018-01-04 00:06:17', '2', 0, 1522117811, 1522117811, 0),
(37, 'ZF_I4031951688940590001', '', '', 1, '0.01', '2018-01-04 00:06:17', '3', 0, 1522719516, 1522719516, 0),
(38, 'ZF_I4031952303348170001', '', '', 1, '0.01', '2018-01-04 00:06:17', '1', 0, 1522719523, 1522719523, 0),
(39, 'ZF_I4031952416608270001', '', '', 1, '0.01', '2018-01-04 00:06:17', '4', 0, 1522719524, 1522719524, 0),
(40, 'ZF_I4031952540192220001', '', '', 1, '0.01', '2018-01-04 00:06:17', '5', 0, 1522719525, 1522719525, 0),
(41, 'ZF_I4031954680808830001', '', '', 1, '0.01', '2018-01-04 00:06:17', '', 0, 1522719546, 1522719546, 0),
(42, 'ZF_I4031954971632090001', '', '', 1, '0.01', '2018-01-04 00:06:17', '', 0, 1522719549, 1522719549, 0),
(43, 'ZF_I1049554124677490001', '4200000013201801047643752535', 'PO_I1049550470892670001', 1, '0.10', '2018-01-04 00:06:17', '3', 1, 1514995541, 1514995578, 1),
(44, 'ZF_I3214089531968020001', '', '', 1, '0.01', '2018-01-04 00:06:17', '2', 0, 1521640895, 1521640895, 0),
(45, 'ZF_I3271779247864060001', '', '', 1, '0.01', '2018-01-04 00:06:17', '3', 0, 1522117792, 1522117792, 0),
(46, 'ZF_I3271781158763900001', '', '', 1, '0.01', '2018-01-04 00:06:17', '2', 0, 1522117811, 1522117811, 0),
(47, 'ZF_I4031951688940590001', '', '', 1, '0.01', '2018-01-04 00:06:17', '3', 0, 1522719516, 1522719516, 0),
(48, 'ZF_I4031952303348170001', '', '', 1, '0.01', '2018-01-04 00:06:17', '1', 0, 1522719523, 1522719523, 0),
(49, 'ZF_I4031952416608270001', '', '', 1, '0.01', '2018-01-04 00:06:17', '4', 0, 1522719524, 1522719524, 0),
(50, 'ZF_I4031952540192220001', '', '', 1, '0.01', '2018-01-04 00:06:17', '5', 0, 1522719525, 1522719525, 0),
(51, 'ZF_I4031954680808830001', '', '', 1, '0.01', '2018-01-04 00:06:17', '', 0, 1522719546, 1522719546, 0),
(52, 'ZF_I4031954971632090001', '', '', 1, '0.01', '2018-01-04 00:06:17', '', 0, 1522719549, 1522719549, 0),
(53, 'ZF_I1049554124677490001', '4200000013201801047643752535', 'PO_I1049550470892670001', 1, '0.10', '2018-01-04 00:06:17', '3', 1, 1514995541, 1514995578, 1),
(54, 'ZF_I3214089531968020001', '', '', 1, '0.01', '2018-01-04 00:06:17', '2', 0, 1521640895, 1521640895, 0),
(55, 'ZF_I3271779247864060001', '', '', 1, '0.01', '2018-01-04 00:06:17', '3', 0, 1522117792, 1522117792, 0),
(56, 'ZF_I3271781158763900001', '', '', 1, '0.01', '2018-01-04 00:06:17', '2', 0, 1522117811, 1522117811, 0),
(57, 'ZF_I4031951688940590001', '', '', 1, '0.01', '2018-01-04 00:06:17', '3', 0, 1522719516, 1522719516, 0),
(58, 'ZF_I4031952303348170001', '', '', 1, '0.01', '2018-01-04 00:06:17', '1', 0, 1522719523, 1522719523, 0),
(59, 'ZF_I4031952416608270001', '', '', 1, '0.01', '2018-01-04 00:06:17', '4', 0, 1522719524, 1522719524, 0),
(60, 'ZF_I4031952540192220001', '', '', 1, '0.01', '2018-01-04 00:06:17', '5', 0, 1522719525, 1522719525, 0),
(61, 'ZF_I4031954680808830001', '', '', 1, '0.01', '2018-01-04 00:06:17', '', 0, 1522719546, 1522719546, 0),
(62, 'ZF_I4031954971632090001', '', '', 1, '0.01', '2018-01-04 00:06:17', '', 0, 1522719549, 1522719549, 0),
(63, 'ZF_I1049554124677490001', '4200000013201801047643752535', 'PO_I1049550470892670001', 1, '0.10', '2018-01-04 00:06:17', '3', 1, 1514995541, 1514995578, 1),
(64, 'ZF_I3214089531968020001', '', '', 1, '0.01', '2018-01-04 00:06:17', '2', 0, 1521640895, 1521640895, 0),
(65, 'ZF_I3271779247864060001', '', '', 1, '0.01', '2018-01-04 00:06:17', '3', 0, 1522117792, 1522117792, 0),
(66, 'ZF_I3271781158763900001', '', '', 1, '0.01', '2018-01-04 00:06:17', '2', 0, 1522117811, 1522117811, 0),
(67, 'ZF_I4031951688940590001', '', '', 1, '0.01', '2018-01-04 00:06:17', '3', 0, 1522719516, 1522719516, 0),
(68, 'ZF_I4031952303348170001', '', '', 1, '0.01', '2018-01-04 00:06:17', '1', 0, 1522719523, 1522719523, 0),
(69, 'ZF_I4031952416608270001', '', '', 1, '0.01', '2018-01-04 00:06:17', '4', 0, 1522719524, 1522719524, 0),
(70, 'ZF_I4031952540192220001', '', '', 1, '0.01', '2018-01-04 00:06:17', '5', 0, 1522719525, 1522719525, 0),
(71, 'ZF_I4031954680808830001', '', '', 1, '0.01', '2018-01-04 00:06:17', '', 0, 1522719546, 1522719546, 0),
(72, 'ZF_I4031954971632090001', '', '', 1, '0.01', '2018-01-04 00:06:17', '', 0, 1522719549, 1522719549, 0),
(73, 'ZF_I1049554124677490001', '4200000013201801047643752535', 'PO_I1049550470892670001', 1, '0.10', '2018-01-04 00:06:17', '3', 1, 1514995541, 1514995578, 1),
(74, 'ZF_I3214089531968020001', '', '', 1, '0.01', '2018-01-04 00:06:17', '2', 0, 1521640895, 1521640895, 0),
(75, 'ZF_I3271779247864060001', '', '', 1, '0.01', '2018-01-04 00:06:17', '3', 0, 1522117792, 1522117792, 0),
(76, 'ZF_I3271781158763900001', '', '', 1, '0.01', '2018-01-04 00:06:17', '2', 0, 1522117811, 1522117811, 0),
(77, 'ZF_I4031951688940590001', '', '', 1, '0.01', '2018-01-04 00:06:17', '3', 0, 1522719516, 1522719516, 0),
(78, 'ZF_I4031952303348170001', '', '', 1, '0.01', '2018-01-04 00:06:17', '1', 0, 1522719523, 1522719523, 0),
(79, 'ZF_I4031952416608270001', '', '', 1, '0.01', '2018-01-04 00:06:17', '4', 0, 1522719524, 1522719524, 0),
(80, 'ZF_I4031952540192220001', '', '', 1, '0.01', '2018-01-04 00:06:17', '5', 0, 1522719525, 1522719525, 0),
(81, 'ZF_I4031954680808830001', '', '', 1, '0.01', '2018-01-04 00:06:17', '', 0, 1522719546, 1522719546, 0),
(82, 'ZF_I4031954971632090001', '', '', 1, '0.01', '2018-01-04 00:06:17', '', 0, 1522719549, 1522719549, 0),
(83, 'ZF_I1049554124677490001', '4200000013201801047643752535', 'PO_I1049550470892670001', 1, '0.10', '2018-01-04 00:06:17', '3', 1, 1514995541, 1514995578, 1),
(84, 'ZF_I3214089531968020001', '', '', 1, '0.01', '2018-01-04 00:06:17', '2', 0, 1521640895, 1521640895, 0),
(85, 'ZF_I3271779247864060001', '', '', 1, '0.01', '2018-01-04 00:06:17', '3', 0, 1522117792, 1522117792, 0),
(86, 'ZF_I3271781158763900001', '', '', 1, '0.01', '2018-01-04 00:06:17', '2', 0, 1522117811, 1522117811, 0),
(87, 'ZF_I4031951688940590001', '', '', 1, '0.01', '2018-01-04 00:06:17', '3', 0, 1522719516, 1522719516, 0),
(88, 'ZF_I4031952303348170001', '', '', 1, '0.01', '2018-01-04 00:06:17', '1', 0, 1522719523, 1522719523, 0),
(89, 'ZF_I4031952416608270001', '', '', 1, '0.01', '2018-01-04 00:06:17', '4', 0, 1522719524, 1522719524, 0),
(90, 'ZF_I4031952540192220001', '', '', 1, '0.01', '2018-01-04 00:06:17', '5', 0, 1522719525, 1522719525, 0),
(91, 'ZF_I4031954680808830001', '', '', 1, '0.01', '2018-01-04 00:06:17', '', 0, 1522719546, 1522719546, 0),
(92, 'ZF_I4031954971632090001', '', '', 1, '0.01', '2018-01-04 00:06:17', '', 0, 1522719549, 1522719549, 0),
(93, 'ZF_I1049554124677490001', '4200000013201801047643752535', 'PO_I1049550470892670001', 1, '0.10', '2018-01-04 00:06:17', '3', 1, 1514995541, 1514995578, 1),
(94, 'ZF_I3214089531968020001', '', '', 1, '0.01', '2018-01-04 00:06:17', '2', 0, 1521640895, 1521640895, 0),
(95, 'ZF_I3271779247864060001', '', '', 1, '0.01', '2018-01-04 00:06:17', '3', 0, 1522117792, 1522117792, 0),
(96, 'ZF_I3271781158763900001', '', '', 1, '0.01', '2018-01-04 00:06:17', '2', 0, 1522117811, 1522117811, 0),
(97, 'ZF_I4031951688940590001', '', '', 1, '0.01', '2018-01-04 00:06:17', '3', 0, 1522719516, 1522719516, 0),
(98, 'ZF_I4031952303348170001', '', '', 1, '0.01', '2018-01-04 00:06:17', '1', 0, 1522719523, 1522719523, 0),
(99, 'ZF_I4031952416608270001', '', '', 1, '0.01', '2018-01-04 00:06:17', '4', 0, 1522719524, 1522719524, 0),
(100, 'ZF_I4031952540192220001', '', '', 1, '0.01', '2018-01-04 00:06:17', '5', 0, 1522719525, 1522719525, 0),
(101, 'ZF_I4031954680808830001', '', '', 1, '0.01', '2018-01-04 00:06:17', '', 0, 1522719546, 1522719546, 0),
(102, 'ZF_I4031954971632090001', '', '', 1, '0.01', '2018-01-04 00:06:17', '', 0, 1522719549, 1522719549, 0),
(103, 'ZF_I1049554124677490001', '4200000013201801047643752535', 'PO_I1049550470892670001', 1, '0.10', '2018-01-04 00:06:17', '3', 1, 1514995541, 1514995578, 1),
(104, 'ZF_I3214089531968020001', '', '', 1, '0.01', '2018-01-04 00:06:17', '2', 0, 1521640895, 1521640895, 0),
(105, 'ZF_I3271779247864060001', '', '', 1, '0.01', '2018-01-04 00:06:17', '3', 0, 1522117792, 1522117792, 0),
(106, 'ZF_I3271781158763900001', '', '', 1, '0.01', '2018-01-04 00:06:17', '2', 0, 1522117811, 1522117811, 0),
(107, 'ZF_I4031951688940590001', '', '', 1, '0.01', '2018-01-04 00:06:17', '3', 0, 1522719516, 1522719516, 0),
(108, 'ZF_I4031952303348170001', '', '', 1, '0.01', '2018-01-04 00:06:17', '1', 0, 1522719523, 1522719523, 0),
(109, 'ZF_I4031952416608270001', '', '', 1, '0.01', '2018-01-04 00:06:17', '4', 0, 1522719524, 1522719524, 0),
(110, 'ZF_I4031952540192220001', '', '', 1, '0.01', '2018-01-04 00:06:17', '5', 0, 1522719525, 1522719525, 0),
(111, 'ZF_I4031954680808830001', '', '', 1, '0.01', '2018-01-04 00:06:17', '', 0, 1522719546, 1522719546, 0),
(112, 'ZF_I4031954971632090001', '', '', 1, '0.01', '2018-01-04 00:06:17', '', 0, 1522719549, 1522719549, 0),
(113, 'ZF_I1049554124677490001', '4200000013201801047643752535', 'PO_I1049550470892670001', 1, '0.10', '2018-01-04 00:06:17', '3', 1, 1514995541, 1514995578, 1),
(114, 'ZF_I3214089531968020001', '', '', 1, '0.01', '2018-01-04 00:06:17', '2', 0, 1521640895, 1521640895, 0),
(115, 'ZF_I3271779247864060001', '', '', 1, '0.01', '2018-01-04 00:06:17', '3', 0, 1522117792, 1522117792, 0),
(116, 'ZF_I3271781158763900001', '', '', 1, '0.01', '2018-01-04 00:06:17', '2', 0, 1522117811, 1522117811, 0),
(117, 'ZF_I4031951688940590001', '', '', 1, '0.01', '2018-01-04 00:06:17', '3', 0, 1522719516, 1522719516, 0),
(118, 'ZF_I4031952303348170001', '', '', 1, '0.01', '2018-01-04 00:06:17', '1', 0, 1522719523, 1522719523, 0),
(119, 'ZF_I4031952416608270001', '', '', 1, '0.01', '2018-01-04 00:06:17', '4', 0, 1522719524, 1522719524, 0),
(120, 'ZF_I4031952540192220001', '', '', 1, '0.01', '2018-01-04 00:06:17', '5', 0, 1522719525, 1522719525, 0),
(121, 'ZF_I4031954680808830001', '', '', 1, '0.01', '2018-01-04 00:06:17', '', 0, 1522719546, 1522719546, 0),
(122, 'ZF_I4031954971632090001', '', '', 1, '0.01', '2018-01-04 00:06:17', '', 0, 1522719549, 1522719549, 0),
(123, 'ZF_I1049554124677490001', '4200000013201801047643752535', 'PO_I1049550470892670001', 1, '0.10', '2018-01-04 00:06:17', '3', 1, 1514995541, 1514995578, 1),
(124, 'ZF_I3214089531968020001', '', '', 1, '0.01', '2018-01-04 00:06:17', '2', 0, 1521640895, 1521640895, 0),
(125, 'ZF_I3271779247864060001', '', '', 1, '0.01', '2018-01-04 00:06:17', '3', 0, 1522117792, 1522117792, 0),
(126, 'ZF_I3271781158763900001', '', '', 1, '0.01', '2018-01-04 00:06:17', '2', 0, 1522117811, 1522117811, 0),
(127, 'ZF_I4031951688940590001', '', '', 1, '0.01', '2018-01-04 00:06:17', '3', 0, 1522719516, 1522719516, 0),
(128, 'ZF_I4031952303348170001', '', '', 1, '0.01', '2018-01-04 00:06:17', '1', 0, 1522719523, 1522719523, 0),
(129, 'ZF_I4031952416608270001', '', '', 1, '0.01', '2018-01-04 00:06:17', '4', 0, 1522719524, 1522719524, 0),
(130, 'ZF_I4031952540192220001', '', '', 1, '0.01', '2018-01-04 00:06:17', '5', 0, 1522719525, 1522719525, 0),
(131, 'ZF_I4031954680808830001', '', '', 1, '0.01', '2018-01-04 00:06:17', '', 0, 1522719546, 1522719546, 0),
(132, 'ZF_I4031954971632090001', '', '', 1, '0.01', '2018-01-04 00:06:17', '', 0, 1522719549, 1522719549, 0),
(133, 'ZF_I1049554124677490001', '4200000013201801047643752535', 'PO_I1049550470892670001', 1, '0.10', '2018-01-04 00:06:17', '3', 1, 1514995541, 1514995578, 1),
(134, 'ZF_I3214089531968020001', '', '', 1, '0.01', '2018-01-04 00:06:17', '2', 0, 1521640895, 1521640895, 0),
(135, 'ZF_I3271779247864060001', '', '', 1, '0.01', '2018-01-04 00:06:17', '3', 0, 1522117792, 1522117792, 0),
(136, 'ZF_I3271781158763900001', '', '', 1, '0.01', '2018-01-04 00:06:17', '2', 0, 1522117811, 1522117811, 0),
(137, 'ZF_I4031951688940590001', '', '', 1, '0.01', '2018-01-04 00:06:17', '3', 0, 1522719516, 1522719516, 0),
(138, 'ZF_I4031952303348170001', '', '', 1, '0.01', '2018-01-04 00:06:17', '1', 0, 1522719523, 1522719523, 0),
(139, 'ZF_I4031952416608270001', '', '', 1, '0.01', '2018-01-04 00:06:17', '4', 0, 1522719524, 1522719524, 0),
(140, 'ZF_I4031952540192220001', '', '', 1, '0.01', '2018-01-04 00:06:17', '5', 0, 1522719525, 1522719525, 0),
(141, 'ZF_I4031954680808830001', '', '', 1, '0.01', '2018-01-04 00:06:17', '', 0, 1522719546, 1522719546, 0),
(142, 'ZF_I4031954971632090001', '', '', 1, '0.01', '2018-01-04 00:06:17', '', 0, 1522719549, 1522719549, 0),
(143, 'ZF_I1049554124677490001', '4200000013201801047643752535', 'PO_I1049550470892670001', 1, '0.10', '2018-01-04 00:06:17', '3', 1, 1514995541, 1514995578, 1),
(144, 'ZF_I3214089531968020001', '', '', 1, '0.01', '2018-01-04 00:06:17', '2', 0, 1521640895, 1521640895, 0),
(145, 'ZF_I3271779247864060001', '', '', 1, '0.01', '2018-01-04 00:06:17', '3', 0, 1522117792, 1522117792, 0),
(146, 'ZF_I3271781158763900001', '', '', 1, '0.01', '2018-01-04 00:06:17', '2', 0, 1522117811, 1522117811, 0),
(147, 'ZF_I4031951688940590001', '', '', 1, '0.01', '2018-01-04 00:06:17', '3', 0, 1522719516, 1522719516, 0),
(148, 'ZF_I4031952303348170001', '', '', 1, '0.01', '2018-01-04 00:06:17', '1', 0, 1522719523, 1522719523, 0),
(149, 'ZF_I4031952416608270001', '', '', 1, '0.01', '2018-01-04 00:06:17', '4', 0, 1522719524, 1522719524, 0),
(150, 'ZF_I4031952540192220001', '', '', 1, '0.01', '2018-01-04 00:06:17', '5', 0, 1522719525, 1522719525, 0),
(151, 'ZF_I4031954680808830001', '', '', 1, '0.01', '2018-01-04 00:06:17', '', 0, 1522719546, 1522719546, 0),
(152, 'ZF_I4031954971632090001', '', '', 1, '0.01', '2018-01-04 00:06:17', '', 0, 1522719549, 1522719549, 0),
(153, 'ZF_I1049554124677490001', '4200000013201801047643752535', 'PO_I1049550470892670001', 1, '0.10', '2018-01-04 00:06:17', '3', 1, 1514995541, 1514995578, 1),
(154, 'ZF_I3214089531968020001', '', '', 1, '0.01', '2018-01-04 00:06:17', '2', 0, 1521640895, 1521640895, 0),
(155, 'ZF_I3271779247864060001', '', '', 1, '0.01', '2018-01-04 00:06:17', '3', 0, 1522117792, 1522117792, 0),
(156, 'ZF_I3271781158763900001', '', '', 1, '0.01', '2018-01-04 00:06:17', '2', 0, 1522117811, 1522117811, 0),
(157, 'ZF_I4031951688940590001', '', '', 1, '0.01', '2018-01-04 00:06:17', '3', 0, 1522719516, 1522719516, 0),
(158, 'ZF_I4031952303348170001', '', '', 1, '0.01', '2018-01-04 00:06:17', '1', 0, 1522719523, 1522719523, 0),
(159, 'ZF_I4031952416608270001', '', '', 1, '0.01', '2018-01-04 00:06:17', '4', 0, 1522719524, 1522719524, 0),
(160, 'ZF_I4031952540192220001', '', '', 1, '0.01', '2018-01-04 00:06:17', '5', 0, 1522719525, 1522719525, 0),
(161, 'ZF_I4031954680808830001', '', '', 1, '0.01', '2018-01-04 00:06:17', '', 0, 1522719546, 1522719546, 0),
(162, 'ZF_I4031954971632090001', '', '', 1, '0.01', '2018-01-04 00:06:17', '', 0, 1522719549, 1522719549, 0),
(163, 'ZF_I1049554124677490001', '4200000013201801047643752535', 'PO_I1049550470892670001', 1, '0.10', '2018-01-04 00:06:17', '3', 1, 1514995541, 1514995578, 1),
(164, 'ZF_I3214089531968020001', '', '', 1, '0.01', '2018-01-04 00:06:17', '2', 0, 1521640895, 1521640895, 0),
(165, 'ZF_I3271779247864060001', '', '', 1, '0.01', '2018-01-04 00:06:17', '3', 0, 1522117792, 1522117792, 0),
(166, 'ZF_I3271781158763900001', '', '', 1, '0.01', '2018-01-04 00:06:17', '2', 0, 1522117811, 1522117811, 0),
(167, 'ZF_I4031951688940590001', '', '', 1, '0.01', '2018-01-04 00:06:17', '3', 0, 1522719516, 1522719516, 0),
(168, 'ZF_I4031952303348170001', '', '', 1, '0.01', '2018-01-04 00:06:17', '1', 0, 1522719523, 1522719523, 0),
(169, 'ZF_I4031952416608270001', '', '', 1, '0.01', '2018-01-04 00:06:17', '4', 0, 1522719524, 1522719524, 0),
(170, 'ZF_I4031952540192220001', '', '', 1, '0.01', '2018-01-04 00:06:17', '5', 0, 1522719525, 1522719525, 0),
(171, 'ZF_I4031954680808830001', '', '', 1, '0.01', '2018-01-04 00:06:17', '', 0, 1522719546, 1522719546, 0),
(172, 'ZF_I4031954971632090001', '', '', 1, '0.01', '2018-01-04 00:06:17', '', 0, 1522719549, 1522719549, 0),
(173, 'ZF_I1049554124677490001', '4200000013201801047643752535', 'PO_I1049550470892670001', 1, '0.10', '2018-01-04 00:06:17', '3', 1, 1514995541, 1514995578, 1),
(174, 'ZF_I3214089531968020001', '', '', 1, '0.01', '2018-01-04 00:06:17', '2', 0, 1521640895, 1521640895, 0),
(175, 'ZF_I3271779247864060001', '', '', 1, '0.01', '2018-01-04 00:06:17', '3', 0, 1522117792, 1522117792, 0),
(176, 'ZF_I3271781158763900001', '', '', 1, '0.01', '2018-01-04 00:06:17', '2', 0, 1522117811, 1522117811, 0),
(177, 'ZF_I4031951688940590001', '', '', 1, '0.01', '2018-01-04 00:06:17', '3', 0, 1522719516, 1522719516, 0),
(178, 'ZF_I4031952303348170001', '', '', 1, '0.01', '2018-01-04 00:06:17', '1', 0, 1522719523, 1522719523, 0),
(179, 'ZF_I4031952416608270001', '', '', 1, '0.04', '2018-01-04 00:06:17', '4', 0, 1522719524, 1522719524, 0),
(180, 'ZF_I4031952540192220001', '', '', 1, '0.03', '2018-01-04 00:06:17', '5', 0, 1522719525, 1522719525, 0),
(181, 'ZF_I4031954680808830001', '', '', 1, '0.02', '2018-01-04 00:06:17', '', 0, 1522719546, 1522719546, 2),
(182, 'ZF_I4031954971632090001', '', '', 1, '1.00', '2018-01-04 00:06:17', '', 0, 1522719549, 1522719549, 0),
(183, 'ZF_A3150283573103810001', '1549317454625793782626879935', 'PO_A3150263011275460001', 1, '0.00', '2020-03-15 00:20:35', '1', 1, 1584202835, 1584202835, 1),
(184, 'ZF_A3150294651873940001', '', 'PO_A3150167102016240001', 1, '30398.62', '', '', 1, 1584202946, 1584202946, 0),
(185, 'ZF_A3150298800470520001', '', 'PO_A3150167102016240001', 1, '30398.62', '', '', 1, 1584202988, 1584202988, 0),
(186, 'ZF_A3150305130735120001', '', 'PO_A3150167102016240001', 1, '30398.62', '', '', 1, 1584203051, 1584203051, 0),
(187, 'ZF_A3150328374559360001', '', 'PO_A3150167102016240001', 1, '30398.62', '', '', 1, 1584203283, 1584203283, 0),
(188, 'ZF_A3150329026026880001', '', 'PO_A3150167102016240001', 1, '30398.62', '', '', 1, 1584203290, 1584203290, 0),
(189, 'ZF_A3150329405243220001', '', 'PO_A3150167102016240001', 1, '30398.62', '', '', 1, 1584203294, 1584203294, 0),
(190, 'ZF_A3150330060449950001', '', 'PO_A3150167102016240001', 1, '30398.62', '', '', 1, 1584203300, 1584203300, 0),
(191, 'ZF_A3150331265292720001', '', 'PO_A3150167102016240001', 1, '30398.62', '', '', 1, 1584203312, 1584203312, 0),
(192, 'ZF_A3150339346061060001', '', 'PO_A3150167102016240001', 1, '30398.62', '', '', 1, 1584203393, 1584203393, 0),
(193, 'ZF_A3150341275393100001', '', 'PO_A3150167102016240001', 1, '30398.62', '', '', 1, 1584203412, 1584203412, 0),
(194, 'ZF_A3150370639194420001', '', 'PO_A3150167102016240001', 1, '30398.62', '', '', 1, 1584203706, 1584203706, 0),
(195, 'ZF_A3150398144145110001', '', 'PO_A3150167102016240001', 1, '30398.62', '', '', 1, 1584203981, 1584203981, 0),
(196, 'ZF_A3150402480410810001', '', 'PO_A3150167102016240001', 1, '30398.62', '', '', 1, 1584204024, 1584204024, 0),
(197, 'ZF_A3150405012242620001', '', 'PO_A3150167102016240001', 1, '30398.62', '', '', 1, 1584204050, 1584204050, 0),
(198, 'ZF_A3150413881728710001', '', 'PO_A3150167102016240001', 1, '30398.62', '', '', 1, 1584204138, 1584204138, 0),
(199, 'ZF_A3150418344015980001', '', 'PO_A3150167102016240001', 1, '30398.62', '', '', 1, 1584204183, 1584204183, 0),
(200, 'ZF_A3150424618536510001', '', 'PO_A3150167102016240001', 1, '30398.62', '', '', 1, 1584204246, 1584204246, 0),
(201, 'ZF_A3150450838402040001', '', 'PO_A3150167102016240001', 1, '30398.62', '', '', 1, 1584204508, 1584204508, 0),
(202, 'ZF_A3150454416939320001', '', 'PO_A3150167102016240001', 1, '30398.62', '', '', 1, 1584204544, 1584204544, 0),
(203, 'ZF_A3150455907235890001', '', 'PO_A3150167102016240001', 1, '30398.62', '', '', 1, 1584204559, 1584204559, 0),
(204, 'ZF_A3210230912348670001', '4421588861322852167482489119', 'PO_A3217852987257470001', 1, '0.00', '2020-03-21 22:51:49', '0', 1, 1584802309, 1584802309, 1),
(205, 'ZF_A3234729294500560001', '1865591386848881939734185234', 'PO_A3217849839847620001', 1, '0.00', '2020-03-23 15:08:13', '0', 1, 1584947292, 1584947293, 1),
(206, 'ZF_A3279941625600220001', '3256615212436233975514626447', 'PO_A3279938010900330001', 1, '0.00', '2020-03-27 16:56:56', '1', 1, 1585299416, 1585299416, 1),
(207, 'ZF_A3279947153800210001', '1458337322445961911699772756', 'PO_A3279943676300210001', 1, '0.00', '2020-03-27 16:57:51', '1', 1, 1585299471, 1585299471, 1),
(208, 'ZF_A3279956752500580001', '6151635927743914721463557834', 'PO_A3279948991700770001', 1, '0.00', '2020-03-27 16:59:27', '1', 1, 1585299567, 1585299567, 1);

DROP TABLE IF EXISTS `donkey_praise`;
CREATE TABLE `donkey_praise` (
  `praise_id` int(11) UNSIGNED NOT NULL,
  `user_id` int(11) UNSIGNED NOT NULL COMMENT '对应user表',
  `goods_comment_id` int(11) UNSIGNED NOT NULL COMMENT '对应goods_comment表'
) ENGINE=InnoDB DEFAULT CHARSET=utf8mb4 COLLATE=utf8mb4_unicode_ci COMMENT='点赞记录';

DROP TABLE IF EXISTS `donkey_promotion`;
CREATE TABLE `donkey_promotion` (
  `promotion_id` int(11) UNSIGNED NOT NULL,
  `name` varchar(100) COLLATE utf8mb4_unicode_ci NOT NULL COMMENT '促销名称',
  `begin_time` int(11) NOT NULL DEFAULT '0' COMMENT '开始日期',
  `end_time` int(11) NOT NULL DEFAULT '0' COMMENT '结束日期',
  `status` tinyint(1) NOT NULL DEFAULT '1' COMMENT '0=禁用 1=启用'
) ENGINE=InnoDB DEFAULT CHARSET=utf8mb4 COLLATE=utf8mb4_unicode_ci COMMENT='订单促销';

INSERT INTO `donkey_promotion` (`promotion_id`, `name`, `begin_time`, `end_time`, `status`) VALUES
(23, '促销名称', 1497282900, 1497542100, 0),
(40, '促销名称', 1497542100, 1497542100, 1),
(42, '促销名称', 1497628500, 1497628500, 1),
(43, '促销名称', 1497801300, 1497974100, 1),
(44, '促销名称', 1497801360, 1497974100, 1),
(45, '促销名称', 1497974160, 1498060500, 1),
(54, '促销名称', 1498060560, 1498233300, 1),
(55, '促销名称', 1498060560, 1498233300, 1),
(56, '促销名称', 1498060560, 1498233300, 1),
(58, '促销名称', 1498233360, 1498319700, 1),
(59, '促销名称', 1498233360, 1498319700, 1),
(61, '促销名称', 1498233360, 1498319700, 1),
(62, '促销名称', 1498233360, 1498319700, 1),
(63, '促销名称', 1498233360, 1498319700, 1),
(64, '促销名称', 1498233360, 1498319700, 1),
(66, '促销名称', 1498233360, 1498319700, 1),
(68, '促销名称', 1502553300, 1509541626, 1),
(70, '促销名称', 1502553300, 1502812500, 1),
(71, '促销名称', 1501602960, 1501603140, 1),
(72, '促销名称', 1501689360, 1501689540, 1),
(73, '促销名称', 1501775760, 1501775940, 1),
(74, '促销名称', 1501775760, 1501775940, 1),
(75, '促销名称', 1501862160, 1501862340, 1),
(76, '促销名称', 1501948560, 1501948740, 1),
(77, '促销名称', 1497282960, 1497455940, 0),
(96, '优惠劵赠送', 1581009722, 1582905600, 1);

DROP TABLE IF EXISTS `donkey_promotion_item`;
CREATE TABLE `donkey_promotion_item` (
  `promotion_id` int(11) UNSIGNED NOT NULL DEFAULT '0' COMMENT '对应promotion表',
  `quota` decimal(10,2) NOT NULL COMMENT '限额',
  `settings` text COLLATE utf8mb4_unicode_ci NOT NULL COMMENT '0=减价 1=打折 2=免邮 3=送积分 4=送优惠劵',
  `description` varchar(255) COLLATE utf8mb4_unicode_ci NOT NULL DEFAULT '' COMMENT '描述'
) ENGINE=InnoDB DEFAULT CHARSET=utf8mb4 COLLATE=utf8mb4_unicode_ci COMMENT='订单促销项';

INSERT INTO `donkey_promotion_item` (`promotion_id`, `quota`, `settings`, `description`) VALUES
(6, '100.00', '[{\"type\":\"0\",\"value\":\"90\"},{\"type\":\"1\",\"value\":\"80\"}]', ''),
(23, '200.00', '[{\"type\":\"0\",\"value\":\"90\"},{\"type\":\"1\",\"value\":\"80\"}]', ''),
(34, '200.00', '[{\"type\":\"0\",\"value\":\"90\"}]', ''),
(39, '200.00', '[{\"type\":\"0\",\"value\":\"90\"}]', ''),
(39, '300.00', '[{\"type\":\"0\",\"value\":\"75\"},{\"type\":\"1\",\"value\":\"70\"}]', ''),
(40, '200.00', '[{\"type\":\"0\",\"value\":\"90\"}]', ''),
(40, '300.00', '[{\"type\":\"0\",\"value\":\"75\"},{\"type\":\"1\",\"value\":\"70\"}]', ''),
(42, '200.00', '[{\"type\":\"0\",\"value\":\"90\"}]', ''),
(43, '200.00', '[{\"type\":\"0\",\"value\":\"90\"}]', ''),
(43, '300.00', '[{\"type\":\"0\",\"value\":\"75\"},{\"type\":\"1\",\"value\":\"70\"}]', ''),
(44, '200.00', '[{\"type\":\"0\",\"value\":\"90\"}]', ''),
(44, '300.00', '[{\"type\":\"0\",\"value\":\"75\"},{\"type\":\"1\",\"value\":\"70\"}]', ''),
(45, '200.00', '[{\"type\":\"0\",\"value\":\"90\"}]', ''),
(45, '300.00', '[{\"type\":\"0\",\"value\":\"75\"},{\"type\":\"1\",\"value\":\"70\"}]', ''),
(49, '200.00', '[{\"type\":\"0\",\"value\":\"90\"}]', ''),
(49, '300.00', '[{\"type\":\"0\",\"value\":\"75\"},{\"type\":\"1\",\"value\":\"70\"}]', ''),
(54, '200.00', '[{\"type\":\"0\",\"value\":\"90\"}]', ''),
(54, '300.00', '[{\"type\":\"0\",\"value\":\"75\"},{\"type\":\"1\",\"value\":\"70\"}]', ''),
(55, '200.00', '[{\"type\":\"0\",\"value\":\"90\"}]', ''),
(55, '300.00', '[{\"type\":\"0\",\"value\":\"75\"},{\"type\":\"1\",\"value\":\"70\"}]', ''),
(56, '200.00', '[{\"type\":\"0\",\"value\":\"90\"}]', ''),
(56, '300.00', '[{\"type\":\"0\",\"value\":\"75\"},{\"type\":\"1\",\"value\":\"70\"}]', ''),
(58, '200.00', '[{\"type\":\"0\",\"value\":\"90\"}]', ''),
(58, '300.00', '[{\"type\":\"0\",\"value\":\"75\"},{\"type\":\"1\",\"value\":\"70\"}]', ''),
(59, '200.00', '[{\"type\":\"0\",\"value\":\"90\"}]', ''),
(59, '300.00', '[{\"type\":\"0\",\"value\":\"75\"},{\"type\":\"1\",\"value\":\"70\"}]', ''),
(61, '200.00', '[{\"type\":\"0\",\"value\":\"90\"}]', ''),
(61, '300.00', '[{\"type\":\"0\",\"value\":\"75\"},{\"type\":\"1\",\"value\":\"70\"}]', ''),
(62, '200.00', '[{\"type\":\"0\",\"value\":\"90\"}]', ''),
(62, '300.00', '[{\"type\":\"0\",\"value\":\"75\"},{\"type\":\"1\",\"value\":\"70\"}]', ''),
(63, '200.00', '[{\"type\":\"0\",\"value\":\"90\"}]', ''),
(63, '300.00', '[{\"type\":\"0\",\"value\":\"75\"},{\"type\":\"1\",\"value\":\"70\"}]', ''),
(64, '200.00', '[{\"type\":\"0\",\"value\":\"90\"}]', ''),
(64, '300.00', '[{\"type\":\"0\",\"value\":\"75\"},{\"type\":\"1\",\"value\":\"70\"}]', ''),
(68, '200.00', '[{\"type\":\"0\",\"value\":\"90\"},{\"type\":\"1\",\"value\":\"80\"}]', ''),
(68, '300.00', '[{\"type\":\"0\",\"value\":\"90\"},{\"type\":\"1\",\"value\":\"80\"}]', ''),
(70, '200.00', '[{\"type\":\"0\",\"value\":\"90\"},{\"type\":\"1\",\"value\":\"80\"}]', ''),
(71, '200.00', '[{\"type\":\"0\",\"value\":\"90\"}]', ''),
(71, '300.00', '[{\"type\":\"0\",\"value\":\"75\"},{\"type\":\"1\",\"value\":\"70\"}]', ''),
(72, '200.00', '[{\"type\":\"0\",\"value\":\"90\"}]', ''),
(72, '300.00', '[{\"type\":\"0\",\"value\":\"75\"},{\"type\":\"1\",\"value\":\"70\"}]', ''),
(73, '200.00', '[{\"type\":\"0\",\"value\":\"90\"}]', ''),
(73, '300.00', '[{\"type\":\"0\",\"value\":\"75\"},{\"type\":\"1\",\"value\":\"70\"}]', ''),
(74, '200.00', '[{\"type\":\"0\",\"value\":\"90\"}]', ''),
(74, '300.00', '[{\"type\":\"0\",\"value\":\"75\"},{\"type\":\"1\",\"value\":\"70\"}]', ''),
(75, '200.00', '[{\"type\":\"0\",\"value\":\"90\"}]', ''),
(75, '300.00', '[{\"type\":\"0\",\"value\":\"75\"},{\"type\":\"1\",\"value\":\"70\"}]', ''),
(76, '200.00', '[{\"type\":\"0\",\"value\":\"90\"}]', ''),
(76, '300.00', '[{\"type\":\"0\",\"value\":\"75\"},{\"type\":\"1\",\"value\":\"70\"}]', ''),
(77, '200.00', '[{\"type\":\"0\",\"value\":\"90\"}]', ''),
(77, '300.00', '[{\"type\":\"0\",\"value\":\"75\"},{\"type\":\"1\",\"value\":\"70\"}]', ''),
(95, '10.00', '[{\"type\":\"4\",\"value\":\"10\"}]', ''),
(96, '200.00', '[{\"type\":\"4\",\"value\":68}]', '');

DROP TABLE IF EXISTS `donkey_qrcode`;
CREATE TABLE `donkey_qrcode` (
  `qrcode_id` mediumint(8) UNSIGNED NOT NULL,
  `name` varchar(64) COLLATE utf8mb4_unicode_ci NOT NULL DEFAULT '' COMMENT '名称',
  `text` varchar(255) COLLATE utf8mb4_unicode_ci NOT NULL DEFAULT '' COMMENT '内容',
  `size` smallint(5) UNSIGNED NOT NULL DEFAULT '75' COMMENT '大小',
  `suffix` enum('png','jpg','gif') COLLATE utf8mb4_unicode_ci NOT NULL DEFAULT 'png' COMMENT '后缀',
  `logo` varchar(512) COLLATE utf8mb4_unicode_ci NOT NULL DEFAULT '' COMMENT 'logo'
) ENGINE=InnoDB DEFAULT CHARSET=utf8mb4 COLLATE=utf8mb4_unicode_ci COMMENT='二维码管理';

INSERT INTO `donkey_qrcode` (`qrcode_id`, `name`, `text`, `size`, `suffix`, `logo`) VALUES
(2, 'testAAA', 'testaaa', 75, 'jpg', ''),
(3, 'test', 'test', 75, 'gif', ''),
(4, 'AAA', 'AAA', 75, 'png', ''),
(5, 'BBB1', 'bbb1', 75, 'png', ''),
(6, 'ccc', 'ccc', 75, 'png', ''),
(8, 'AAAAAA', 'AAAAAA', 75, 'png', ''),
(9, 'AAAAAAAbbbbbb', 'AAAAAAAbbbbbb', 75, 'png', ''),
(10, 'AAA', 'AAA', 75, 'png', ''),
(11, '1', '2', 75, 'gif', ''),
(12, '2', '2', 75, 'jpg', ''),
(13, '3', 'test ok ok', 75, 'png', 'http://aliyun.oss.careyshop.cn/uploads/files/20191112/24a5e752-d51e-448a-8995-353b16d92345.png?type=aliyun'),
(14, '线下物料', '五一活动,门店线下物料', 300, 'png', 'http://aliyun.oss.careyshop.cn/uploads/files/20200330/4dd3960b-486c-4dfb-8c86-0e424ac61c32.png?type=aliyun');

DROP TABLE IF EXISTS `donkey_region`;
CREATE TABLE `donkey_region` (
  `region_id` smallint(5) UNSIGNED NOT NULL,
  `parent_id` smallint(5) UNSIGNED NOT NULL DEFAULT '0' COMMENT '父节点id',
  `region_name` varchar(120) COLLATE utf8mb4_unicode_ci NOT NULL DEFAULT '' COMMENT '区域名称',
  `sort` tinyint(3) UNSIGNED NOT NULL DEFAULT '50' COMMENT '排序',
  `is_delete` tinyint(1) NOT NULL DEFAULT '0' COMMENT '0=未删 1=已删'
) ENGINE=InnoDB DEFAULT CHARSET=utf8mb4 COLLATE=utf8mb4_unicode_ci COMMENT='区域';

INSERT INTO `donkey_region` (`region_id`, `parent_id`, `region_name`, `sort`, `is_delete`) VALUES
(1, 0, '中国', 50, 0),
(2, 1, '北京', 1, 0),
(3, 1, '天津', 3, 0),
(4, 1, '河北', 5, 0),
(5, 1, '山西', 6, 0),
(6, 1, '内蒙古', 11, 0),
(7, 1, '辽宁', 8, 0),
(8, 1, '吉林', 9, 0),
(9, 1, '黑龙江', 10, 0),
(10, 1, '上海', 2, 0),
(11, 1, '江苏', 12, 0),
(12, 1, '浙江', 15, 0),
(13, 1, '安徽', 14, 0),
(14, 1, '福建', 16, 0),
(15, 1, '江西', 21, 0),
(16, 1, '山东', 13, 0),
(17, 1, '河南', 7, 0),
(18, 1, '湖北', 17, 0),
(19, 1, '湖南', 18, 0),
(20, 1, '广东', 19, 0),
(21, 1, '广西', 20, 0),
(22, 1, '海南', 23, 0),
(23, 1, '重庆', 4, 0),
(24, 1, '四川', 22, 0),
(25, 1, '贵州', 24, 0),
(26, 1, '云南', 25, 0),
(27, 1, '西藏', 26, 0),
(28, 1, '陕西', 27, 0),
(29, 1, '甘肃', 28, 0),
(30, 1, '青海', 29, 0),
(31, 1, '宁夏', 30, 0),
(32, 1, '新疆', 31, 0),
(33, 1, '台湾', 34, 0),
(34, 1, '香港', 32, 0),
(35, 1, '澳门', 33, 0),
(37, 2, '北京市', 50, 0),
(38, 3, '天津市', 50, 0),
(39, 4, '石家庄市', 50, 0),
(40, 4, '唐山市', 50, 0),
(41, 4, '秦皇岛市', 50, 0),
(42, 4, '邯郸市', 50, 0),
(43, 4, '邢台市', 50, 0),
(44, 4, '保定市', 50, 0),
(45, 4, '张家口市', 50, 0),
(46, 4, '承德市', 50, 0),
(47, 4, '沧州市', 50, 0),
(48, 4, '廊坊市', 50, 0),
(49, 4, '衡水市', 50, 0),
(50, 5, '太原市', 50, 0),
(51, 5, '大同市', 50, 0),
(52, 5, '阳泉市', 50, 0),
(53, 5, '长治市', 50, 0),
(54, 5, '晋城市', 50, 0),
(55, 5, '朔州市', 50, 0),
(56, 5, '晋中市', 50, 0),
(57, 5, '运城市', 50, 0),
(58, 5, '忻州市', 50, 0),
(59, 5, '临汾市', 50, 0),
(60, 5, '吕梁市', 50, 0),
(61, 6, '呼和浩特市', 50, 0),
(62, 6, '包头市', 50, 0),
(63, 6, '乌海市', 50, 0),
(64, 6, '赤峰市', 50, 0),
(65, 6, '通辽市', 50, 0),
(66, 6, '鄂尔多斯市', 50, 0),
(67, 6, '呼伦贝尔市', 50, 0),
(68, 6, '巴彦淖尔市', 50, 0),
(69, 6, '乌兰察布市', 50, 0),
(70, 6, '兴安盟', 50, 0),
(71, 6, '锡林郭勒盟', 50, 0),
(72, 6, '阿拉善盟', 50, 0),
(73, 7, '沈阳市', 50, 0),
(74, 7, '大连市', 50, 0),
(75, 7, '鞍山市', 50, 0),
(76, 7, '抚顺市', 50, 0),
(77, 7, '本溪市', 50, 0),
(78, 7, '丹东市', 50, 0),
(79, 7, '锦州市', 50, 0),
(80, 7, '营口市', 50, 0),
(81, 7, '阜新市', 50, 0),
(82, 7, '辽阳市', 50, 0),
(83, 7, '盘锦市', 50, 0),
(84, 7, '铁岭市', 50, 0),
(85, 7, '朝阳市', 50, 0),
(86, 7, '葫芦岛市', 50, 0),
(87, 8, '长春市', 50, 0),
(88, 8, '吉林市', 50, 0),
(89, 8, '四平市', 50, 0),
(90, 8, '辽源市', 50, 0),
(91, 8, '通化市', 50, 0),
(92, 8, '白山市', 50, 0),
(93, 8, '松原市', 50, 0),
(94, 8, '白城市', 50, 0),
(95, 8, '延边朝鲜族自治州', 50, 0),
(96, 9, '哈尔滨市', 50, 0),
(97, 9, '齐齐哈尔市', 50, 0),
(98, 9, '鸡西市', 50, 0),
(99, 9, '鹤岗市', 50, 0),
(100, 9, '双鸭山市', 50, 0),
(101, 9, '大庆市', 50, 0),
(102, 9, '伊春市', 50, 0),
(103, 9, '佳木斯市', 50, 0),
(104, 9, '七台河市', 50, 0),
(105, 9, '牡丹江市', 50, 0),
(106, 9, '黑河市', 50, 0),
(107, 9, '绥化市', 50, 0),
(108, 9, '大兴安岭地区', 50, 0),
(109, 10, '上海市', 50, 0),
(110, 11, '南京市', 50, 0),
(111, 11, '无锡市', 50, 0),
(112, 11, '徐州市', 50, 0),
(113, 11, '常州市', 50, 0),
(114, 11, '苏州市', 50, 0),
(115, 11, '南通市', 50, 0),
(116, 11, '连云港市', 50, 0),
(117, 11, '淮安市', 50, 0),
(118, 11, '盐城市', 50, 0),
(119, 11, '扬州市', 50, 0),
(120, 11, '镇江市', 50, 0),
(121, 11, '泰州市', 50, 0),
(122, 11, '宿迁市', 50, 0),
(123, 12, '杭州市', 50, 0),
(124, 12, '宁波市', 50, 0),
(125, 12, '温州市', 50, 0),
(126, 12, '嘉兴市', 50, 0),
(127, 12, '湖州市', 50, 0),
(128, 12, '绍兴市', 50, 0),
(129, 12, '金华市', 50, 0),
(130, 12, '衢州市', 50, 0),
(131, 12, '舟山市', 50, 0),
(132, 12, '台州市', 50, 0),
(133, 12, '丽水市', 50, 0),
(134, 13, '合肥市', 50, 0),
(135, 13, '芜湖市', 50, 0),
(136, 13, '蚌埠市', 50, 0),
(137, 13, '淮南市', 50, 0),
(138, 13, '马鞍山市', 50, 0),
(139, 13, '淮北市', 50, 0),
(140, 13, '铜陵市', 50, 0),
(141, 13, '安庆市', 50, 0),
(142, 13, '黄山市', 50, 0),
(143, 13, '滁州市', 50, 0),
(144, 13, '阜阳市', 50, 0),
(145, 13, '宿州市', 50, 0),
(146, 13, '六安市', 50, 0),
(147, 13, '亳州市', 50, 0),
(148, 13, '池州市', 50, 0),
(149, 13, '宣城市', 50, 0),
(150, 14, '福州市', 50, 0),
(151, 14, '厦门市', 50, 0),
(152, 14, '莆田市', 50, 0),
(153, 14, '三明市', 50, 0),
(154, 14, '泉州市', 50, 0),
(155, 14, '漳州市', 50, 0),
(156, 14, '南平市', 50, 0),
(157, 14, '龙岩市', 50, 0),
(158, 14, '宁德市', 50, 0),
(159, 15, '南昌市', 50, 0),
(160, 15, '景德镇市', 50, 0),
(161, 15, '萍乡市', 50, 0),
(162, 15, '九江市', 50, 0),
(163, 15, '新余市', 50, 0),
(164, 15, '鹰潭市', 50, 0),
(165, 15, '赣州市', 50, 0),
(166, 15, '吉安市', 50, 0),
(167, 15, '宜春市', 50, 0),
(168, 15, '抚州市', 50, 0),
(169, 15, '上饶市', 50, 0),
(170, 16, '济南市', 50, 0),
(171, 16, '青岛市', 50, 0),
(172, 16, '淄博市', 50, 0),
(173, 16, '枣庄市', 50, 0),
(174, 16, '东营市', 50, 0),
(175, 16, '烟台市', 50, 0),
(176, 16, '潍坊市', 50, 0),
(177, 16, '济宁市', 50, 0),
(178, 16, '泰安市', 50, 0),
(179, 16, '威海市', 50, 0),
(180, 16, '日照市', 50, 0),
(181, 16, '莱芜市', 50, 0),
(182, 16, '临沂市', 50, 0),
(183, 16, '德州市', 50, 0),
(184, 16, '聊城市', 50, 0),
(185, 16, '滨州市', 50, 0),
(186, 16, '菏泽市', 50, 0),
(187, 17, '郑州市', 50, 0),
(188, 17, '开封市', 50, 0),
(189, 17, '洛阳市', 50, 0),
(190, 17, '平顶山市', 50, 0),
(191, 17, '安阳市', 50, 0),
(192, 17, '鹤壁市', 50, 0),
(193, 17, '新乡市', 50, 0),
(194, 17, '焦作市', 50, 0),
(195, 17, '濮阳市', 50, 0),
(196, 17, '许昌市', 50, 0),
(197, 17, '漯河市', 50, 0),
(198, 17, '三门峡市', 50, 0),
(199, 17, '南阳市', 50, 0),
(200, 17, '商丘市', 50, 0),
(201, 17, '信阳市', 50, 0),
(202, 17, '周口市', 50, 0),
(203, 17, '驻马店市', 50, 0),
(204, 18, '武汉市', 50, 0),
(205, 18, '黄石市', 50, 0),
(206, 18, '十堰市', 50, 0),
(207, 18, '宜昌市', 50, 0),
(208, 18, '襄阳市', 50, 0),
(209, 18, '鄂州市', 50, 0),
(210, 18, '荆门市', 50, 0),
(211, 18, '孝感市', 50, 0),
(212, 18, '荆州市', 50, 0),
(213, 18, '黄冈市', 50, 0),
(214, 18, '咸宁市', 50, 0),
(215, 18, '随州市', 50, 0),
(216, 18, '恩施土家族苗族自治州', 50, 0),
(217, 19, '长沙市', 50, 0),
(218, 19, '株洲市', 50, 0),
(219, 19, '湘潭市', 50, 0),
(220, 19, '衡阳市', 50, 0),
(221, 19, '邵阳市', 50, 0),
(222, 19, '岳阳市', 50, 0),
(223, 19, '常德市', 50, 0),
(224, 19, '张家界市', 50, 0),
(225, 19, '益阳市', 50, 0),
(226, 19, '郴州市', 50, 0),
(227, 19, '永州市', 50, 0),
(228, 19, '怀化市', 50, 0),
(229, 19, '娄底市', 50, 0),
(230, 19, '湘西土家族苗族自治州', 50, 0),
(231, 20, '广州市', 50, 0),
(232, 20, '韶关市', 50, 0),
(233, 20, '深圳市', 50, 0),
(234, 20, '珠海市', 50, 0),
(235, 20, '汕头市', 50, 0),
(236, 20, '佛山市', 50, 0),
(237, 20, '江门市', 50, 0),
(238, 20, '湛江市', 50, 0),
(239, 20, '茂名市', 50, 0),
(240, 20, '肇庆市', 50, 0),
(241, 20, '惠州市', 50, 0),
(242, 20, '梅州市', 50, 0),
(243, 20, '汕尾市', 50, 0),
(244, 20, '河源市', 50, 0),
(245, 20, '阳江市', 50, 0),
(246, 20, '清远市', 50, 0),
(247, 20, '东莞市', 50, 0),
(248, 20, '中山市', 50, 0),
(249, 20, '东沙群岛', 50, 0),
(250, 20, '潮州市', 50, 0),
(251, 20, '揭阳市', 50, 0),
(252, 20, '云浮市', 50, 0),
(253, 21, '南宁市', 50, 0),
(254, 21, '柳州市', 50, 0),
(255, 21, '桂林市', 50, 0),
(256, 21, '梧州市', 50, 0),
(257, 21, '北海市', 50, 0),
(258, 21, '防城港市', 50, 0),
(259, 21, '钦州市', 50, 0),
(260, 21, '贵港市', 50, 0),
(261, 21, '玉林市', 50, 0),
(262, 21, '百色市', 50, 0),
(263, 21, '贺州市', 50, 0),
(264, 21, '河池市', 50, 0),
(265, 21, '来宾市', 50, 0),
(266, 21, '崇左市', 50, 0),
(267, 22, '海口市', 50, 0),
(268, 22, '三亚市', 50, 0),
(269, 22, '三沙市', 50, 0),
(270, 23, '重庆市', 50, 0),
(271, 24, '成都市', 50, 0),
(272, 24, '自贡市', 50, 0),
(273, 24, '攀枝花市', 50, 0),
(274, 24, '泸州市', 50, 0),
(275, 24, '德阳市', 50, 0),
(276, 24, '绵阳市', 50, 0),
(277, 24, '广元市', 50, 0),
(278, 24, '遂宁市', 50, 0),
(279, 24, '内江市', 50, 0),
(280, 24, '乐山市', 50, 0),
(281, 24, '南充市', 50, 0),
(282, 24, '眉山市', 50, 0),
(283, 24, '宜宾市', 50, 0),
(284, 24, '广安市', 50, 0),
(285, 24, '达州市', 50, 0),
(286, 24, '雅安市', 50, 0),
(287, 24, '巴中市', 50, 0),
(288, 24, '资阳市', 50, 0),
(289, 24, '阿坝藏族羌族自治州', 50, 0),
(290, 24, '甘孜藏族自治州', 50, 0),
(291, 24, '凉山彝族自治州', 50, 0),
(292, 25, '贵阳市', 50, 0),
(293, 25, '六盘水市', 50, 0),
(294, 25, '遵义市', 50, 0),
(295, 25, '安顺市', 50, 0),
(296, 25, '铜仁市', 50, 0),
(297, 25, '黔西南布依族苗族自治州', 50, 0),
(298, 25, '毕节市', 50, 0),
(299, 25, '黔东南苗族侗族自治州', 50, 0),
(300, 25, '黔南布依族苗族自治州', 50, 0),
(301, 26, '昆明市', 50, 0),
(302, 26, '曲靖市', 50, 0),
(303, 26, '玉溪市', 50, 0),
(304, 26, '保山市', 50, 0),
(305, 26, '昭通市', 50, 0),
(306, 26, '丽江市', 50, 0),
(307, 26, '普洱市', 50, 0),
(308, 26, '临沧市', 50, 0),
(309, 26, '楚雄彝族自治州', 50, 0),
(310, 26, '红河哈尼族彝族自治州', 50, 0),
(311, 26, '文山壮族苗族自治州', 50, 0),
(312, 26, '西双版纳傣族自治州', 50, 0),
(313, 26, '大理白族自治州', 50, 0),
(314, 26, '德宏傣族景颇族自治州', 50, 0),
(315, 26, '怒江傈僳族自治州', 50, 0),
(316, 26, '迪庆藏族自治州', 50, 0),
(317, 27, '拉萨市', 50, 0),
(318, 27, '昌都市', 50, 0),
(319, 27, '山南地区', 50, 0),
(320, 27, '日喀则市', 50, 0),
(321, 27, '那曲地区', 50, 0),
(322, 27, '阿里地区', 50, 0),
(323, 27, '林芝市', 50, 0),
(324, 28, '西安市', 50, 0),
(325, 28, '铜川市', 50, 0),
(326, 28, '宝鸡市', 50, 0),
(327, 28, '咸阳市', 50, 0),
(328, 28, '渭南市', 50, 0),
(329, 28, '延安市', 50, 0),
(330, 28, '汉中市', 50, 0),
(331, 28, '榆林市', 50, 0),
(332, 28, '安康市', 50, 0),
(333, 28, '商洛市', 50, 0),
(334, 29, '兰州市', 50, 0),
(335, 29, '嘉峪关市', 50, 0),
(336, 29, '金昌市', 50, 0),
(337, 29, '白银市', 50, 0),
(338, 29, '天水市', 50, 0),
(339, 29, '武威市', 50, 0),
(340, 29, '张掖市', 50, 0),
(341, 29, '平凉市', 50, 0),
(342, 29, '酒泉市', 50, 0),
(343, 29, '庆阳市', 50, 0),
(344, 29, '定西市', 50, 0),
(345, 29, '陇南市', 50, 0),
(346, 29, '临夏回族自治州', 50, 0),
(347, 29, '甘南藏族自治州', 50, 0),
(348, 30, '西宁市', 50, 0),
(349, 30, '海东市', 50, 0),
(350, 30, '海北藏族自治州', 50, 0),
(351, 30, '黄南藏族自治州', 50, 0),
(352, 30, '海南藏族自治州', 50, 0),
(353, 30, '果洛藏族自治州', 50, 0),
(354, 30, '玉树藏族自治州', 50, 0),
(355, 30, '海西蒙古族藏族自治州', 50, 0),
(356, 31, '银川市', 50, 0),
(357, 31, '石嘴山市', 50, 0),
(358, 31, '吴忠市', 50, 0),
(359, 31, '固原市', 50, 0),
(360, 31, '中卫市', 50, 0),
(361, 32, '乌鲁木齐市', 50, 0),
(362, 32, '克拉玛依市', 50, 0),
(363, 32, '吐鲁番市', 50, 0),
(364, 32, '哈密地区', 50, 0),
(365, 32, '昌吉回族自治州', 50, 0),
(366, 32, '博尔塔拉蒙古自治州', 50, 0),
(367, 32, '巴音郭楞蒙古自治州', 50, 0),
(368, 32, '阿克苏地区', 50, 0),
(369, 32, '克孜勒苏柯尔克孜自治州', 50, 0),
(370, 32, '喀什地区', 50, 0),
(371, 32, '和田地区', 50, 0),
(372, 32, '伊犁哈萨克自治州', 50, 0),
(373, 32, '塔城地区', 50, 0),
(374, 32, '阿勒泰地区', 50, 0),
(375, 33, '台北市', 50, 0),
(376, 33, '高雄市', 50, 0),
(377, 33, '台南市', 50, 0),
(378, 33, '台中市', 50, 0),
(379, 33, '金门县', 50, 0),
(380, 33, '南投县', 50, 0),
(381, 33, '基隆市', 50, 0),
(382, 33, '新竹市', 50, 0),
(383, 33, '嘉义市', 50, 0),
(384, 33, '新北市', 50, 0),
(385, 33, '宜兰县', 50, 0),
(386, 33, '新竹县', 50, 0),
(387, 33, '桃园县', 50, 0),
(388, 33, '苗栗县', 50, 0),
(389, 33, '彰化县', 50, 0),
(390, 33, '嘉义县', 50, 0),
(391, 33, '云林县', 50, 0),
(392, 33, '屏东县', 50, 0),
(393, 33, '台东县', 50, 0),
(394, 33, '花莲县', 50, 0),
(395, 33, '澎湖县', 50, 0),
(396, 33, '连江县', 50, 0),
(397, 34, '香港岛', 50, 0),
(398, 34, '九龙', 50, 0),
(399, 34, '新界', 50, 0),
(400, 35, '澳门半岛', 50, 0),
(401, 35, '离岛', 50, 0),
(402, 36, '海外', 50, 0),
(403, 37, '东城区', 50, 0),
(404, 37, '西城区', 50, 0),
(405, 37, '崇文区', 50, 0),
(406, 37, '宣武区', 50, 0),
(407, 37, '朝阳区', 50, 0),
(408, 37, '丰台区', 50, 0),
(409, 37, '石景山区', 50, 0),
(410, 37, '海淀区', 50, 0),
(411, 37, '门头沟区', 50, 0),
(412, 37, '房山区', 50, 0),
(413, 37, '通州区', 50, 0),
(414, 37, '顺义区', 50, 0),
(415, 37, '昌平区', 50, 0),
(416, 37, '大兴区', 50, 0),
(417, 37, '怀柔区', 50, 0),
(418, 37, '平谷区', 50, 0),
(419, 37, '密云县', 50, 0),
(420, 37, '延庆县', 50, 0),
(421, 37, '其它区', 60, 0),
(422, 38, '和平区', 50, 0),
(423, 38, '河东区', 50, 0),
(424, 38, '河西区', 50, 0),
(425, 38, '南开区', 50, 0),
(426, 38, '河北区', 50, 0),
(427, 38, '红桥区', 50, 0),
(428, 38, '塘沽区', 50, 0),
(429, 38, '汉沽区', 50, 0),
(430, 38, '大港区', 50, 0),
(431, 38, '东丽区', 50, 0),
(432, 38, '西青区', 50, 0),
(433, 38, '津南区', 50, 0),
(434, 38, '北辰区', 50, 0),
(435, 38, '武清区', 50, 0),
(436, 38, '宝坻区', 50, 0),
(437, 38, '滨海新区', 50, 0),
(438, 38, '宁河县', 50, 0),
(439, 38, '静海县', 50, 0),
(440, 38, '蓟县', 50, 0),
(441, 38, '其它区', 60, 0),
(442, 39, '长安区', 50, 0),
(443, 39, '桥东区', 50, 0),
(444, 39, '桥西区', 50, 0),
(445, 39, '新华区', 50, 0),
(446, 39, '井陉矿区', 50, 0),
(447, 39, '裕华区', 50, 0),
(448, 39, '井陉县', 50, 0),
(449, 39, '正定县', 50, 0),
(450, 39, '栾城区', 50, 0),
(451, 39, '行唐县', 50, 0),
(452, 39, '灵寿县', 50, 0),
(453, 39, '高邑县', 50, 0),
(454, 39, '深泽县', 50, 0),
(455, 39, '赞皇县', 50, 0),
(456, 39, '无极县', 50, 0),
(457, 39, '平山县', 50, 0),
(458, 39, '元氏县', 50, 0),
(459, 39, '赵县', 50, 0),
(460, 39, '辛集市', 50, 0),
(461, 39, '藁城区', 50, 0),
(462, 39, '晋州市', 50, 0),
(463, 39, '新乐市', 50, 0),
(464, 39, '鹿泉区', 50, 0),
(465, 39, '其它区', 60, 0),
(466, 40, '路南区', 50, 0),
(467, 40, '路北区', 50, 0),
(468, 40, '古冶区', 50, 0),
(469, 40, '开平区', 50, 0),
(470, 40, '丰南区', 50, 0),
(471, 40, '丰润区', 50, 0),
(472, 40, '滦县', 50, 0),
(473, 40, '滦南县', 50, 0),
(474, 40, '乐亭县', 50, 0),
(475, 40, '迁西县', 50, 0),
(476, 40, '玉田县', 50, 0),
(477, 40, '曹妃甸区', 50, 0),
(478, 40, '遵化市', 50, 0),
(479, 40, '迁安市', 50, 0),
(480, 40, '其它区', 60, 0),
(481, 41, '海港区', 50, 0),
(482, 41, '山海关区', 50, 0),
(483, 41, '北戴河区', 50, 0),
(484, 41, '青龙满族自治县', 50, 0),
(485, 41, '昌黎县', 50, 0),
(486, 41, '抚宁县', 50, 0),
(487, 41, '卢龙县', 50, 0),
(488, 41, '其它区', 60, 0),
(489, 41, '经济技术开发区', 50, 0),
(490, 42, '邯山区', 50, 0),
(491, 42, '丛台区', 50, 0),
(492, 42, '复兴区', 50, 0),
(493, 42, '峰峰矿区', 50, 0),
(494, 42, '邯郸县', 50, 0),
(495, 42, '临漳县', 50, 0),
(496, 42, '成安县', 50, 0),
(497, 42, '大名县', 50, 0),
(498, 42, '涉县', 50, 0),
(499, 42, '磁县', 50, 0),
(500, 42, '肥乡县', 50, 0),
(501, 42, '永年县', 50, 0),
(502, 42, '邱县', 50, 0),
(503, 42, '鸡泽县', 50, 0),
(504, 42, '广平县', 50, 0),
(505, 42, '馆陶县', 50, 0),
(506, 42, '魏县', 50, 0),
(507, 42, '曲周县', 50, 0),
(508, 42, '武安市', 50, 0),
(509, 42, '其它区', 60, 0),
(510, 43, '桥东区', 50, 0),
(511, 43, '桥西区', 50, 0),
(512, 43, '邢台县', 50, 0),
(513, 43, '临城县', 50, 0),
(514, 43, '内丘县', 50, 0),
(515, 43, '柏乡县', 50, 0),
(516, 43, '隆尧县', 50, 0),
(517, 43, '任县', 50, 0),
(518, 43, '南和县', 50, 0),
(519, 43, '宁晋县', 50, 0),
(520, 43, '巨鹿县', 50, 0),
(521, 43, '新河县', 50, 0),
(522, 43, '广宗县', 50, 0),
(523, 43, '平乡县', 50, 0),
(524, 43, '威县', 50, 0),
(525, 43, '清河县', 50, 0),
(526, 43, '临西县', 50, 0),
(527, 43, '南宫市', 50, 0),
(528, 43, '沙河市', 50, 0),
(529, 43, '其它区', 60, 0),
(530, 44, '新市区', 50, 0),
(531, 44, '北市区', 50, 0),
(532, 44, '南市区', 50, 0),
(533, 44, '满城县', 50, 0),
(534, 44, '清苑县', 50, 0),
(535, 44, '涞水县', 50, 0),
(536, 44, '阜平县', 50, 0),
(537, 44, '徐水县', 50, 0),
(538, 44, '定兴县', 50, 0),
(539, 44, '唐县', 50, 0),
(540, 44, '高阳县', 50, 0),
(541, 44, '容城县', 50, 0),
(542, 44, '涞源县', 50, 0),
(543, 44, '望都县', 50, 0),
(544, 44, '安新县', 50, 0),
(545, 44, '易县', 50, 0),
(546, 44, '曲阳县', 50, 0),
(547, 44, '蠡县', 50, 0),
(548, 44, '顺平县', 50, 0),
(549, 44, '博野县', 50, 0),
(550, 44, '雄县', 50, 0),
(551, 44, '涿州市', 50, 0),
(552, 44, '定州市', 50, 0),
(553, 44, '安国市', 50, 0),
(554, 44, '高碑店市', 50, 0),
(555, 44, '高开区', 50, 0),
(556, 44, '其它区', 60, 0),
(557, 45, '桥东区', 50, 0),
(558, 45, '桥西区', 50, 0),
(559, 45, '宣化区', 50, 0),
(560, 45, '下花园区', 50, 0),
(561, 45, '宣化县', 50, 0),
(562, 45, '张北县', 50, 0),
(563, 45, '康保县', 50, 0),
(564, 45, '沽源县', 50, 0),
(565, 45, '尚义县', 50, 0),
(566, 45, '蔚县', 50, 0),
(567, 45, '阳原县', 50, 0),
(568, 45, '怀安县', 50, 0),
(569, 45, '万全县', 50, 0),
(570, 45, '怀来县', 50, 0),
(571, 45, '涿鹿县', 50, 0),
(572, 45, '赤城县', 50, 0),
(573, 45, '崇礼县', 50, 0),
(574, 45, '其它区', 60, 0),
(575, 46, '双桥区', 50, 0),
(576, 46, '双滦区', 50, 0),
(577, 46, '鹰手营子矿区', 50, 0),
(578, 46, '承德县', 50, 0),
(579, 46, '兴隆县', 50, 0),
(580, 46, '平泉县', 50, 0),
(581, 46, '滦平县', 50, 0),
(582, 46, '隆化县', 50, 0),
(583, 46, '丰宁满族自治县', 50, 0),
(584, 46, '宽城满族自治县', 50, 0),
(585, 46, '围场满族蒙古族自治县', 50, 0),
(586, 46, '其它区', 60, 0),
(587, 47, '新华区', 50, 0),
(588, 47, '运河区', 50, 0),
(589, 47, '沧县', 50, 0),
(590, 47, '青县', 50, 0),
(591, 47, '东光县', 50, 0),
(592, 47, '海兴县', 50, 0),
(593, 47, '盐山县', 50, 0),
(594, 47, '肃宁县', 50, 0),
(595, 47, '南皮县', 50, 0),
(596, 47, '吴桥县', 50, 0),
(597, 47, '献县', 50, 0),
(598, 47, '孟村回族自治县', 50, 0),
(599, 47, '泊头市', 50, 0),
(600, 47, '任丘市', 50, 0),
(601, 47, '黄骅市', 50, 0),
(602, 47, '河间市', 50, 0),
(603, 47, '其它区', 60, 0),
(604, 48, '安次区', 50, 0),
(605, 48, '广阳区', 50, 0),
(606, 48, '固安县', 50, 0),
(607, 48, '永清县', 50, 0),
(608, 48, '香河县', 50, 0),
(609, 48, '大城县', 50, 0),
(610, 48, '文安县', 50, 0),
(611, 48, '大厂回族自治县', 50, 0),
(612, 48, '开发区', 50, 0),
(613, 48, '燕郊经济技术开发区', 50, 0),
(614, 48, '霸州市', 50, 0),
(615, 48, '三河市', 50, 0),
(616, 48, '其它区', 60, 0),
(617, 49, '桃城区', 50, 0),
(618, 49, '枣强县', 50, 0),
(619, 49, '武邑县', 50, 0),
(620, 49, '武强县', 50, 0),
(621, 49, '饶阳县', 50, 0),
(622, 49, '安平县', 50, 0),
(623, 49, '故城县', 50, 0),
(624, 49, '景县', 50, 0),
(625, 49, '阜城县', 50, 0),
(626, 49, '冀州市', 50, 0),
(627, 49, '深州市', 50, 0),
(628, 49, '其它区', 60, 0),
(629, 50, '小店区', 50, 0),
(630, 50, '迎泽区', 50, 0),
(631, 50, '杏花岭区', 50, 0),
(632, 50, '尖草坪区', 50, 0),
(633, 50, '万柏林区', 50, 0),
(634, 50, '晋源区', 50, 0),
(635, 50, '清徐县', 50, 0),
(636, 50, '阳曲县', 50, 0),
(637, 50, '娄烦县', 50, 0),
(638, 50, '古交市', 50, 0),
(639, 50, '其它区', 60, 0),
(640, 51, '城区', 50, 0),
(641, 51, '矿区', 50, 0),
(642, 51, '南郊区', 50, 0),
(643, 51, '新荣区', 50, 0),
(644, 51, '阳高县', 50, 0),
(645, 51, '天镇县', 50, 0),
(646, 51, '广灵县', 50, 0),
(647, 51, '灵丘县', 50, 0),
(648, 51, '浑源县', 50, 0),
(649, 51, '左云县', 50, 0),
(650, 51, '大同县', 50, 0),
(651, 51, '其它区', 60, 0),
(652, 52, '城区', 50, 0),
(653, 52, '矿区', 50, 0),
(654, 52, '郊区', 50, 0),
(655, 52, '平定县', 50, 0),
(656, 52, '盂县', 50, 0),
(657, 52, '其它区', 60, 0),
(658, 53, '长治县', 50, 0),
(659, 53, '襄垣县', 50, 0),
(660, 53, '屯留县', 50, 0),
(661, 53, '平顺县', 50, 0),
(662, 53, '黎城县', 50, 0),
(663, 53, '壶关县', 50, 0),
(664, 53, '长子县', 50, 0),
(665, 53, '武乡县', 50, 0),
(666, 53, '沁县', 50, 0),
(667, 53, '沁源县', 50, 0),
(668, 53, '潞城市', 50, 0),
(669, 53, '城区', 50, 0),
(670, 53, '郊区', 50, 0),
(671, 53, '高新区', 50, 0),
(672, 53, '其它区', 60, 0),
(673, 54, '城区', 50, 0),
(674, 54, '沁水县', 50, 0),
(675, 54, '阳城县', 50, 0),
(676, 54, '陵川县', 50, 0),
(677, 54, '泽州县', 50, 0),
(678, 54, '高平市', 50, 0),
(679, 54, '其它区', 60, 0),
(680, 55, '朔城区', 50, 0),
(681, 55, '平鲁区', 50, 0),
(682, 55, '山阴县', 50, 0),
(683, 55, '应县', 50, 0),
(684, 55, '右玉县', 50, 0),
(685, 55, '怀仁县', 50, 0),
(686, 55, '其它区', 60, 0),
(687, 56, '榆次区', 50, 0),
(688, 56, '榆社县', 50, 0),
(689, 56, '左权县', 50, 0),
(690, 56, '和顺县', 50, 0),
(691, 56, '昔阳县', 50, 0),
(692, 56, '寿阳县', 50, 0),
(693, 56, '太谷县', 50, 0),
(694, 56, '祁县', 50, 0),
(695, 56, '平遥县', 50, 0),
(696, 56, '灵石县', 50, 0),
(697, 56, '介休市', 50, 0),
(698, 56, '其它区', 60, 0),
(699, 57, '盐湖区', 50, 0),
(700, 57, '临猗县', 50, 0),
(701, 57, '万荣县', 50, 0),
(702, 57, '闻喜县', 50, 0),
(703, 57, '稷山县', 50, 0),
(704, 57, '新绛县', 50, 0),
(705, 57, '绛县', 50, 0),
(706, 57, '垣曲县', 50, 0),
(707, 57, '夏县', 50, 0),
(708, 57, '平陆县', 50, 0),
(709, 57, '芮城县', 50, 0),
(710, 57, '永济市', 50, 0),
(711, 57, '河津市', 50, 0),
(712, 57, '其它区', 60, 0),
(713, 58, '忻府区', 50, 0),
(714, 58, '定襄县', 50, 0),
(715, 58, '五台县', 50, 0),
(716, 58, '代县', 50, 0),
(717, 58, '繁峙县', 50, 0),
(718, 58, '宁武县', 50, 0),
(719, 58, '静乐县', 50, 0),
(720, 58, '神池县', 50, 0),
(721, 58, '五寨县', 50, 0),
(722, 58, '岢岚县', 50, 0),
(723, 58, '河曲县', 50, 0),
(724, 58, '保德县', 50, 0),
(725, 58, '偏关县', 50, 0),
(726, 58, '原平市', 50, 0),
(727, 58, '其它区', 60, 0),
(728, 59, '尧都区', 50, 0),
(729, 59, '曲沃县', 50, 0),
(730, 59, '翼城县', 50, 0),
(731, 59, '襄汾县', 50, 0),
(732, 59, '洪洞县', 50, 0),
(733, 59, '古县', 50, 0),
(734, 59, '安泽县', 50, 0),
(735, 59, '浮山县', 50, 0),
(736, 59, '吉县', 50, 0),
(737, 59, '乡宁县', 50, 0),
(738, 59, '大宁县', 50, 0),
(739, 59, '隰县', 50, 0),
(740, 59, '永和县', 50, 0),
(741, 59, '蒲县', 50, 0),
(742, 59, '汾西县', 50, 0),
(743, 59, '侯马市', 50, 0),
(744, 59, '霍州市', 50, 0),
(745, 59, '其它区', 60, 0),
(746, 60, '离石区', 50, 0),
(747, 60, '文水县', 50, 0),
(748, 60, '交城县', 50, 0),
(749, 60, '兴县', 50, 0),
(750, 60, '临县', 50, 0),
(751, 60, '柳林县', 50, 0),
(752, 60, '石楼县', 50, 0),
(753, 60, '岚县', 50, 0),
(754, 60, '方山县', 50, 0),
(755, 60, '中阳县', 50, 0),
(756, 60, '交口县', 50, 0),
(757, 60, '孝义市', 50, 0),
(758, 60, '汾阳市', 50, 0),
(759, 60, '其它区', 60, 0),
(760, 61, '新城区', 50, 0),
(761, 61, '回民区', 50, 0),
(762, 61, '玉泉区', 50, 0),
(763, 61, '赛罕区', 50, 0),
(764, 61, '土默特左旗', 50, 0),
(765, 61, '托克托县', 50, 0),
(766, 61, '和林格尔县', 50, 0),
(767, 61, '清水河县', 50, 0),
(768, 61, '武川县', 50, 0),
(769, 61, '其它区', 60, 0),
(770, 62, '东河区', 50, 0),
(771, 62, '昆都仑区', 50, 0),
(772, 62, '青山区', 50, 0),
(773, 62, '石拐区', 50, 0),
(774, 62, '白云鄂博矿区', 50, 0),
(775, 62, '九原区', 50, 0),
(776, 62, '土默特右旗', 50, 0),
(777, 62, '固阳县', 50, 0),
(778, 62, '达尔罕茂明安联合旗', 50, 0),
(779, 62, '其它区', 60, 0),
(780, 63, '海勃湾区', 50, 0),
(781, 63, '海南区', 50, 0),
(782, 63, '乌达区', 50, 0),
(783, 63, '其它区', 60, 0),
(784, 64, '红山区', 50, 0),
(785, 64, '元宝山区', 50, 0),
(786, 64, '松山区', 50, 0),
(787, 64, '阿鲁科尔沁旗', 50, 0),
(788, 64, '巴林左旗', 50, 0),
(789, 64, '巴林右旗', 50, 0),
(790, 64, '林西县', 50, 0),
(791, 64, '克什克腾旗', 50, 0),
(792, 64, '翁牛特旗', 50, 0),
(793, 64, '喀喇沁旗', 50, 0),
(794, 64, '宁城县', 50, 0),
(795, 64, '敖汉旗', 50, 0),
(796, 64, '其它区', 60, 0),
(797, 65, '科尔沁区', 50, 0),
(798, 65, '科尔沁左翼中旗', 50, 0),
(799, 65, '科尔沁左翼后旗', 50, 0),
(800, 65, '开鲁县', 50, 0),
(801, 65, '库伦旗', 50, 0),
(802, 65, '奈曼旗', 50, 0),
(803, 65, '扎鲁特旗', 50, 0),
(804, 65, '霍林郭勒市', 50, 0),
(805, 65, '其它区', 60, 0),
(806, 66, '东胜区', 50, 0),
(807, 66, '达拉特旗', 50, 0),
(808, 66, '准格尔旗', 50, 0),
(809, 66, '鄂托克前旗', 50, 0),
(810, 66, '鄂托克旗', 50, 0),
(811, 66, '杭锦旗', 50, 0),
(812, 66, '乌审旗', 50, 0),
(813, 66, '伊金霍洛旗', 50, 0),
(814, 66, '其它区', 60, 0),
(815, 67, '海拉尔区', 50, 0),
(816, 67, '扎赉诺尔区', 50, 0),
(817, 67, '阿荣旗', 50, 0),
(818, 67, '莫力达瓦达斡尔族自治旗', 50, 0),
(819, 67, '鄂伦春自治旗', 50, 0),
(820, 67, '鄂温克族自治旗', 50, 0),
(821, 67, '陈巴尔虎旗', 50, 0),
(822, 67, '新巴尔虎左旗', 50, 0),
(823, 67, '新巴尔虎右旗', 50, 0),
(824, 67, '满洲里市', 50, 0),
(825, 67, '牙克石市', 50, 0),
(826, 67, '扎兰屯市', 50, 0),
(827, 67, '额尔古纳市', 50, 0),
(828, 67, '根河市', 50, 0),
(829, 67, '其它区', 60, 0),
(830, 68, '临河区', 50, 0),
(831, 68, '五原县', 50, 0),
(832, 68, '磴口县', 50, 0),
(833, 68, '乌拉特前旗', 50, 0),
(834, 68, '乌拉特中旗', 50, 0),
(835, 68, '乌拉特后旗', 50, 0),
(836, 68, '杭锦后旗', 50, 0),
(837, 68, '其它区', 60, 0),
(838, 69, '集宁区', 50, 0),
(839, 69, '卓资县', 50, 0),
(840, 69, '化德县', 50, 0),
(841, 69, '商都县', 50, 0),
(842, 69, '兴和县', 50, 0),
(843, 69, '凉城县', 50, 0),
(844, 69, '察哈尔右翼前旗', 50, 0),
(845, 69, '察哈尔右翼中旗', 50, 0),
(846, 69, '察哈尔右翼后旗', 50, 0),
(847, 69, '四子王旗', 50, 0),
(848, 69, '丰镇市', 50, 0),
(849, 69, '其它区', 60, 0),
(850, 70, '乌兰浩特市', 50, 0),
(851, 70, '阿尔山市', 50, 0),
(852, 70, '科尔沁右翼前旗', 50, 0),
(853, 70, '科尔沁右翼中旗', 50, 0),
(854, 70, '扎赉特旗', 50, 0),
(855, 70, '突泉县', 50, 0),
(856, 70, '其它区', 60, 0),
(857, 71, '二连浩特市', 50, 0),
(858, 71, '锡林浩特市', 50, 0),
(859, 71, '阿巴嘎旗', 50, 0),
(860, 71, '苏尼特左旗', 50, 0),
(861, 71, '苏尼特右旗', 50, 0),
(862, 71, '东乌珠穆沁旗', 50, 0),
(863, 71, '西乌珠穆沁旗', 50, 0),
(864, 71, '太仆寺旗', 50, 0),
(865, 71, '镶黄旗', 50, 0),
(866, 71, '正镶白旗', 50, 0),
(867, 71, '正蓝旗', 50, 0),
(868, 71, '多伦县', 50, 0),
(869, 71, '其它区', 60, 0),
(870, 72, '阿拉善左旗', 50, 0),
(871, 72, '阿拉善右旗', 50, 0),
(872, 72, '额济纳旗', 50, 0),
(873, 72, '其它区', 60, 0),
(874, 73, '和平区', 50, 0),
(875, 73, '沈河区', 50, 0),
(876, 73, '大东区', 50, 0),
(877, 73, '皇姑区', 50, 0),
(878, 73, '铁西区', 50, 0),
(879, 73, '苏家屯区', 50, 0),
(880, 73, '浑南区', 50, 0),
(881, 73, '新城子区', 50, 0),
(882, 73, '于洪区', 50, 0),
(883, 73, '辽中县', 50, 0),
(884, 73, '康平县', 50, 0),
(885, 73, '法库县', 50, 0),
(886, 73, '新民市', 50, 0),
(887, 73, '浑南新区', 50, 0),
(888, 73, '张士开发区', 50, 0),
(889, 73, '沈北新区', 50, 0),
(890, 73, '其它区', 60, 0),
(891, 74, '中山区', 50, 0),
(892, 74, '西岗区', 50, 0),
(893, 74, '沙河口区', 50, 0),
(894, 74, '甘井子区', 50, 0),
(895, 74, '旅顺口区', 50, 0),
(896, 74, '金州区', 50, 0),
(897, 74, '长海县', 50, 0),
(898, 74, '开发区', 50, 0),
(899, 74, '瓦房店市', 50, 0),
(900, 74, '普兰店市', 50, 0),
(901, 74, '庄河市', 50, 0),
(902, 74, '岭前区', 50, 0),
(903, 74, '其它区', 60, 0),
(904, 75, '铁东区', 50, 0),
(905, 75, '铁西区', 50, 0),
(906, 75, '立山区', 50, 0),
(907, 75, '千山区', 50, 0),
(908, 75, '台安县', 50, 0),
(909, 75, '岫岩满族自治县', 50, 0),
(910, 75, '高新区', 50, 0),
(911, 75, '海城市', 50, 0),
(912, 75, '其它区', 60, 0),
(913, 76, '新抚区', 50, 0),
(914, 76, '东洲区', 50, 0),
(915, 76, '望花区', 50, 0),
(916, 76, '顺城区', 50, 0),
(917, 76, '抚顺县', 50, 0),
(918, 76, '新宾满族自治县', 50, 0),
(919, 76, '清原满族自治县', 50, 0),
(920, 76, '其它区', 60, 0),
(921, 77, '平山区', 50, 0),
(922, 77, '溪湖区', 50, 0),
(923, 77, '明山区', 50, 0),
(924, 77, '南芬区', 50, 0),
(925, 77, '本溪满族自治县', 50, 0),
(926, 77, '桓仁满族自治县', 50, 0),
(927, 77, '其它区', 60, 0),
(928, 78, '元宝区', 50, 0),
(929, 78, '振兴区', 50, 0),
(930, 78, '振安区', 50, 0),
(931, 78, '宽甸满族自治县', 50, 0),
(932, 78, '东港市', 50, 0),
(933, 78, '凤城市', 50, 0),
(934, 78, '其它区', 60, 0),
(935, 79, '古塔区', 50, 0),
(936, 79, '凌河区', 50, 0),
(937, 79, '太和区', 50, 0),
(938, 79, '黑山县', 50, 0),
(939, 79, '义县', 50, 0),
(940, 79, '凌海市', 50, 0),
(941, 79, '北镇市', 50, 0),
(942, 79, '其它区', 60, 0),
(943, 80, '站前区', 50, 0),
(944, 80, '西市区', 50, 0),
(945, 80, '鲅鱼圈区', 50, 0),
(946, 80, '老边区', 50, 0),
(947, 80, '盖州市', 50, 0),
(948, 80, '大石桥市', 50, 0),
(949, 80, '其它区', 60, 0),
(950, 81, '海州区', 50, 0),
(951, 81, '新邱区', 50, 0),
(952, 81, '太平区', 50, 0),
(953, 81, '清河门区', 50, 0),
(954, 81, '细河区', 50, 0),
(955, 81, '阜新蒙古族自治县', 50, 0),
(956, 81, '彰武县', 50, 0),
(957, 81, '其它区', 60, 0),
(958, 82, '白塔区', 50, 0),
(959, 82, '文圣区', 50, 0),
(960, 82, '宏伟区', 50, 0),
(961, 82, '弓长岭区', 50, 0),
(962, 82, '太子河区', 50, 0),
(963, 82, '辽阳县', 50, 0),
(964, 82, '灯塔市', 50, 0),
(965, 82, '其它区', 60, 0),
(966, 83, '双台子区', 50, 0),
(967, 83, '兴隆台区', 50, 0),
(968, 83, '大洼县', 50, 0),
(969, 83, '盘山县', 50, 0),
(970, 83, '其它区', 60, 0),
(971, 84, '银州区', 50, 0),
(972, 84, '清河区', 50, 0),
(973, 84, '铁岭县', 50, 0),
(974, 84, '西丰县', 50, 0),
(975, 84, '昌图县', 50, 0),
(976, 84, '调兵山市', 50, 0),
(977, 84, '开原市', 50, 0),
(978, 84, '其它区', 60, 0),
(979, 85, '双塔区', 50, 0),
(980, 85, '龙城区', 50, 0),
(981, 85, '朝阳县', 50, 0),
(982, 85, '建平县', 50, 0),
(983, 85, '喀喇沁左翼蒙古族自治县', 50, 0),
(984, 85, '北票市', 50, 0),
(985, 85, '凌源市', 50, 0),
(986, 85, '其它区', 60, 0),
(987, 86, '连山区', 50, 0),
(988, 86, '龙港区', 50, 0),
(989, 86, '南票区', 50, 0),
(990, 86, '绥中县', 50, 0),
(991, 86, '建昌县', 50, 0),
(992, 86, '兴城市', 50, 0),
(993, 86, '其它区', 60, 0),
(994, 87, '南关区', 50, 0),
(995, 87, '宽城区', 50, 0),
(996, 87, '朝阳区', 50, 0),
(997, 87, '二道区', 50, 0),
(998, 87, '绿园区', 50, 0),
(999, 87, '双阳区', 50, 0),
(1000, 87, '农安县', 50, 0),
(1001, 87, '九台区', 50, 0),
(1002, 87, '榆树市', 50, 0),
(1003, 87, '德惠市', 50, 0),
(1004, 87, '高新技术产业开发区', 50, 0),
(1005, 87, '汽车产业开发区', 50, 0),
(1006, 87, '经济技术开发区', 50, 0),
(1007, 87, '净月旅游开发区', 50, 0),
(1008, 87, '其它区', 60, 0),
(1009, 88, '昌邑区', 50, 0),
(1010, 88, '龙潭区', 50, 0),
(1011, 88, '船营区', 50, 0),
(1012, 88, '丰满区', 50, 0),
(1013, 88, '永吉县', 50, 0),
(1014, 88, '蛟河市', 50, 0),
(1015, 88, '桦甸市', 50, 0),
(1016, 88, '舒兰市', 50, 0),
(1017, 88, '磐石市', 50, 0),
(1018, 88, '其它区', 60, 0),
(1019, 89, '铁西区', 50, 0),
(1020, 89, '铁东区', 50, 0),
(1021, 89, '梨树县', 50, 0),
(1022, 89, '伊通满族自治县', 50, 0),
(1023, 89, '公主岭市', 50, 0),
(1024, 89, '双辽市', 50, 0),
(1025, 89, '其它区', 60, 0),
(1026, 90, '龙山区', 50, 0),
(1027, 90, '西安区', 50, 0),
(1028, 90, '东丰县', 50, 0),
(1029, 90, '东辽县', 50, 0),
(1030, 90, '其它区', 60, 0),
(1031, 91, '东昌区', 50, 0),
(1032, 91, '二道江区', 50, 0),
(1033, 91, '通化县', 50, 0),
(1034, 91, '辉南县', 50, 0),
(1035, 91, '柳河县', 50, 0),
(1036, 91, '梅河口市', 50, 0),
(1037, 91, '集安市', 50, 0),
(1038, 91, '其它区', 60, 0),
(1039, 92, '浑江区', 50, 0),
(1040, 92, '抚松县', 50, 0),
(1041, 92, '靖宇县', 50, 0),
(1042, 92, '长白朝鲜族自治县', 50, 0),
(1043, 92, '江源区', 50, 0),
(1044, 92, '临江市', 50, 0),
(1045, 92, '其它区', 60, 0),
(1046, 93, '宁江区', 50, 0),
(1047, 93, '前郭尔罗斯蒙古族自治县', 50, 0),
(1048, 93, '长岭县', 50, 0),
(1049, 93, '乾安县', 50, 0),
(1050, 93, '扶余市', 50, 0),
(1051, 93, '其它区', 60, 0),
(1052, 94, '洮北区', 50, 0),
(1053, 94, '镇赉县', 50, 0),
(1054, 94, '通榆县', 50, 0),
(1055, 94, '洮南市', 50, 0),
(1056, 94, '大安市', 50, 0),
(1057, 94, '其它区', 60, 0),
(1058, 95, '延吉市', 50, 0),
(1059, 95, '图们市', 50, 0),
(1060, 95, '敦化市', 50, 0),
(1061, 95, '珲春市', 50, 0),
(1062, 95, '龙井市', 50, 0),
(1063, 95, '和龙市', 50, 0),
(1064, 95, '汪清县', 50, 0),
(1065, 95, '安图县', 50, 0),
(1066, 95, '其它区', 60, 0),
(1067, 96, '道里区', 50, 0),
(1068, 96, '南岗区', 50, 0),
(1069, 96, '道外区', 50, 0),
(1070, 96, '香坊区', 50, 0),
(1071, 96, '动力区', 50, 0),
(1072, 96, '平房区', 50, 0),
(1073, 96, '松北区', 50, 0),
(1074, 96, '呼兰区', 50, 0),
(1075, 96, '依兰县', 50, 0),
(1076, 96, '方正县', 50, 0),
(1077, 96, '宾县', 50, 0),
(1078, 96, '巴彦县', 50, 0),
(1079, 96, '木兰县', 50, 0),
(1080, 96, '通河县', 50, 0),
(1081, 96, '延寿县', 50, 0),
(1082, 96, '阿城区', 50, 0),
(1083, 96, '双城区', 50, 0),
(1084, 96, '尚志市', 50, 0),
(1085, 96, '五常市', 50, 0),
(1086, 96, '阿城市', 50, 0),
(1087, 96, '其它区', 60, 0),
(1088, 97, '龙沙区', 50, 0),
(1089, 97, '建华区', 50, 0),
(1090, 97, '铁锋区', 50, 0),
(1091, 97, '昂昂溪区', 50, 0),
(1092, 97, '富拉尔基区', 50, 0),
(1093, 97, '碾子山区', 50, 0),
(1094, 97, '梅里斯达斡尔族区', 50, 0),
(1095, 97, '龙江县', 50, 0),
(1096, 97, '依安县', 50, 0),
(1097, 97, '泰来县', 50, 0),
(1098, 97, '甘南县', 50, 0),
(1099, 97, '富裕县', 50, 0),
(1100, 97, '克山县', 50, 0),
(1101, 97, '克东县', 50, 0),
(1102, 97, '拜泉县', 50, 0),
(1103, 97, '讷河市', 50, 0),
(1104, 97, '其它区', 60, 0),
(1105, 98, '鸡冠区', 50, 0),
(1106, 98, '恒山区', 50, 0),
(1107, 98, '滴道区', 50, 0),
(1108, 98, '梨树区', 50, 0),
(1109, 98, '城子河区', 50, 0),
(1110, 98, '麻山区', 50, 0),
(1111, 98, '鸡东县', 50, 0),
(1112, 98, '虎林市', 50, 0),
(1113, 98, '密山市', 50, 0),
(1114, 98, '其它区', 60, 0),
(1115, 99, '向阳区', 50, 0),
(1116, 99, '工农区', 50, 0),
(1117, 99, '南山区', 50, 0),
(1118, 99, '兴安区', 50, 0),
(1119, 99, '东山区', 50, 0),
(1120, 99, '兴山区', 50, 0),
(1121, 99, '萝北县', 50, 0),
(1122, 99, '绥滨县', 50, 0),
(1123, 99, '其它区', 60, 0),
(1124, 100, '尖山区', 50, 0),
(1125, 100, '岭东区', 50, 0),
(1126, 100, '四方台区', 50, 0),
(1127, 100, '宝山区', 50, 0),
(1128, 100, '集贤县', 50, 0),
(1129, 100, '友谊县', 50, 0),
(1130, 100, '宝清县', 50, 0),
(1131, 100, '饶河县', 50, 0),
(1132, 100, '其它区', 60, 0),
(1133, 101, '萨尔图区', 50, 0),
(1134, 101, '龙凤区', 50, 0),
(1135, 101, '让胡路区', 50, 0),
(1136, 101, '红岗区', 50, 0),
(1137, 101, '大同区', 50, 0),
(1138, 101, '肇州县', 50, 0),
(1139, 101, '肇源县', 50, 0),
(1140, 101, '林甸县', 50, 0),
(1141, 101, '杜尔伯特蒙古族自治县', 50, 0),
(1142, 101, '其它区', 60, 0),
(1143, 102, '伊春区', 50, 0),
(1144, 102, '南岔区', 50, 0),
(1145, 102, '友好区', 50, 0),
(1146, 102, '西林区', 50, 0),
(1147, 102, '翠峦区', 50, 0),
(1148, 102, '新青区', 50, 0),
(1149, 102, '美溪区', 50, 0),
(1150, 102, '金山屯区', 50, 0),
(1151, 102, '五营区', 50, 0),
(1152, 102, '乌马河区', 50, 0),
(1153, 102, '汤旺河区', 50, 0),
(1154, 102, '带岭区', 50, 0),
(1155, 102, '乌伊岭区', 50, 0),
(1156, 102, '红星区', 50, 0),
(1157, 102, '上甘岭区', 50, 0),
(1158, 102, '嘉荫县', 50, 0),
(1159, 102, '铁力市', 50, 0),
(1160, 102, '其它区', 60, 0),
(1161, 103, '永红区', 50, 0),
(1162, 103, '向阳区', 50, 0),
(1163, 103, '前进区', 50, 0),
(1164, 103, '东风区', 50, 0),
(1165, 103, '郊区', 50, 0),
(1166, 103, '桦南县', 50, 0),
(1167, 103, '桦川县', 50, 0),
(1168, 103, '汤原县', 50, 0),
(1169, 103, '抚远县', 50, 0),
(1170, 103, '同江市', 50, 0),
(1171, 103, '富锦市', 50, 0),
(1172, 103, '其它区', 60, 0),
(1173, 104, '新兴区', 50, 0),
(1174, 104, '桃山区', 50, 0),
(1175, 104, '茄子河区', 50, 0),
(1176, 104, '勃利县', 50, 0),
(1177, 104, '其它区', 60, 0),
(1178, 105, '东安区', 50, 0),
(1179, 105, '阳明区', 50, 0),
(1180, 105, '爱民区', 50, 0),
(1181, 105, '西安区', 50, 0),
(1182, 105, '东宁县', 50, 0),
(1183, 105, '林口县', 50, 0),
(1184, 105, '绥芬河市', 50, 0),
(1185, 105, '海林市', 50, 0),
(1186, 105, '宁安市', 50, 0),
(1187, 105, '穆棱市', 50, 0),
(1188, 105, '其它区', 60, 0),
(1189, 106, '爱辉区', 50, 0),
(1190, 106, '嫩江县', 50, 0),
(1191, 106, '逊克县', 50, 0),
(1192, 106, '孙吴县', 50, 0),
(1193, 106, '北安市', 50, 0),
(1194, 106, '五大连池市', 50, 0),
(1195, 106, '其它区', 60, 0),
(1196, 107, '北林区', 50, 0),
(1197, 107, '望奎县', 50, 0),
(1198, 107, '兰西县', 50, 0),
(1199, 107, '青冈县', 50, 0),
(1200, 107, '庆安县', 50, 0),
(1201, 107, '明水县', 50, 0),
(1202, 107, '绥棱县', 50, 0),
(1203, 107, '安达市', 50, 0),
(1204, 107, '肇东市', 50, 0),
(1205, 107, '海伦市', 50, 0),
(1206, 107, '其它区', 60, 0),
(1207, 108, '松岭区', 50, 0),
(1208, 108, '新林区', 50, 0),
(1209, 108, '呼中区', 50, 0),
(1210, 108, '呼玛县', 50, 0),
(1211, 108, '塔河县', 50, 0),
(1212, 108, '漠河县', 50, 0),
(1213, 108, '加格达奇区', 50, 0),
(1214, 108, '其它区', 60, 0),
(1215, 109, '黄浦区', 50, 0),
(1216, 109, '卢湾区', 50, 0),
(1217, 109, '徐汇区', 50, 0),
(1218, 109, '长宁区', 50, 0),
(1219, 109, '静安区', 50, 0),
(1220, 109, '普陀区', 50, 0),
(1221, 109, '闸北区', 50, 0),
(1222, 109, '虹口区', 50, 0),
(1223, 109, '杨浦区', 50, 0),
(1224, 109, '闵行区', 50, 0),
(1225, 109, '宝山区', 50, 0),
(1226, 109, '嘉定区', 50, 0),
(1227, 109, '浦东新区', 50, 0),
(1228, 109, '金山区', 50, 0),
(1229, 109, '松江区', 50, 0),
(1230, 109, '青浦区', 50, 0),
(1231, 109, '南汇区', 50, 0),
(1232, 109, '奉贤区', 50, 0),
(1233, 109, '川沙区', 50, 0),
(1234, 109, '崇明县', 50, 0),
(1235, 109, '其它区', 60, 0),
(1236, 110, '玄武区', 50, 0),
(1237, 110, '白下区', 50, 0),
(1238, 110, '秦淮区', 50, 0),
(1239, 110, '建邺区', 50, 0),
(1240, 110, '鼓楼区', 50, 0),
(1241, 110, '下关区', 50, 0),
(1242, 110, '浦口区', 50, 0),
(1243, 110, '栖霞区', 50, 0),
(1244, 110, '雨花台区', 50, 0),
(1245, 110, '江宁区', 50, 0),
(1246, 110, '六合区', 50, 0),
(1247, 110, '溧水区', 50, 0),
(1248, 110, '高淳区', 50, 0),
(1249, 110, '其它区', 60, 0),
(1250, 111, '崇安区', 50, 0),
(1251, 111, '南长区', 50, 0),
(1252, 111, '北塘区', 50, 0),
(1253, 111, '锡山区', 50, 0),
(1254, 111, '惠山区', 50, 0),
(1255, 111, '滨湖区', 50, 0),
(1256, 111, '江阴市', 50, 0),
(1257, 111, '宜兴市', 50, 0),
(1258, 111, '新区', 50, 0),
(1259, 111, '其它区', 60, 0),
(1260, 112, '鼓楼区', 50, 0),
(1261, 112, '云龙区', 50, 0),
(1262, 112, '九里区', 50, 0),
(1263, 112, '贾汪区', 50, 0),
(1264, 112, '泉山区', 50, 0),
(1265, 112, '丰县', 50, 0),
(1266, 112, '沛县', 50, 0),
(1267, 112, '铜山区', 50, 0),
(1268, 112, '睢宁县', 50, 0),
(1269, 112, '新沂市', 50, 0),
(1270, 112, '邳州市', 50, 0),
(1271, 112, '其它区', 60, 0),
(1272, 113, '天宁区', 50, 0),
(1273, 113, '钟楼区', 50, 0),
(1274, 113, '戚墅堰区', 50, 0),
(1275, 113, '新北区', 50, 0),
(1276, 113, '武进区', 50, 0),
(1277, 113, '溧阳市', 50, 0),
(1278, 113, '金坛市', 50, 0),
(1279, 113, '其它区', 60, 0),
(1280, 114, '沧浪区', 50, 0),
(1281, 114, '平江区', 50, 0),
(1282, 114, '金阊区', 50, 0),
(1283, 114, '虎丘区', 50, 0),
(1284, 114, '吴中区', 50, 0),
(1285, 114, '相城区', 50, 0),
(1286, 114, '姑苏区', 50, 0),
(1287, 114, '常熟市', 50, 0),
(1288, 114, '张家港市', 50, 0),
(1289, 114, '昆山市', 50, 0),
(1290, 114, '吴江区', 50, 0),
(1291, 114, '太仓市', 50, 0),
(1292, 114, '新区', 50, 0),
(1293, 114, '园区', 50, 0),
(1294, 114, '其它区', 60, 0),
(1295, 115, '崇川区', 50, 0),
(1296, 115, '港闸区', 50, 0),
(1297, 115, '通州区', 50, 0),
(1298, 115, '海安县', 50, 0),
(1299, 115, '如东县', 50, 0),
(1300, 115, '启东市', 50, 0),
(1301, 115, '如皋市', 50, 0),
(1302, 115, '通州市', 50, 0),
(1303, 115, '海门市', 50, 0),
(1304, 115, '开发区', 50, 0),
(1305, 115, '其它区', 60, 0),
(1306, 116, '连云区', 50, 0),
(1307, 116, '新浦区', 50, 0),
(1308, 116, '海州区', 50, 0),
(1309, 116, '赣榆区', 50, 0),
(1310, 116, '东海县', 50, 0),
(1311, 116, '灌云县', 50, 0),
(1312, 116, '灌南县', 50, 0),
(1313, 116, '其它区', 60, 0),
(1314, 117, '清河区', 50, 0),
(1315, 117, '淮安区', 50, 0),
(1316, 117, '淮阴区', 50, 0),
(1317, 117, '清浦区', 50, 0),
(1318, 117, '涟水县', 50, 0),
(1319, 117, '洪泽县', 50, 0),
(1320, 117, '盱眙县', 50, 0),
(1321, 117, '金湖县', 50, 0),
(1322, 117, '其它区', 60, 0),
(1323, 118, '亭湖区', 50, 0),
(1324, 118, '盐都区', 50, 0),
(1325, 118, '响水县', 50, 0),
(1326, 118, '滨海县', 50, 0),
(1327, 118, '阜宁县', 50, 0),
(1328, 118, '射阳县', 50, 0),
(1329, 118, '建湖县', 50, 0),
(1330, 118, '东台市', 50, 0),
(1331, 118, '大丰市', 50, 0),
(1332, 118, '其它区', 60, 0),
(1333, 119, '广陵区', 50, 0),
(1334, 119, '邗江区', 50, 0),
(1335, 119, '维扬区', 50, 0),
(1336, 119, '宝应县', 50, 0),
(1337, 119, '仪征市', 50, 0),
(1338, 119, '高邮市', 50, 0),
(1339, 119, '江都区', 50, 0),
(1340, 119, '经济开发区', 50, 0),
(1341, 119, '其它区', 60, 0),
(1342, 120, '京口区', 50, 0),
(1343, 120, '润州区', 50, 0),
(1344, 120, '丹徒区', 50, 0),
(1345, 120, '丹阳市', 50, 0),
(1346, 120, '扬中市', 50, 0),
(1347, 120, '句容市', 50, 0),
(1348, 120, '其它区', 60, 0),
(1349, 121, '海陵区', 50, 0),
(1350, 121, '高港区', 50, 0),
(1351, 121, '兴化市', 50, 0),
(1352, 121, '靖江市', 50, 0),
(1353, 121, '泰兴市', 50, 0),
(1354, 121, '姜堰区', 50, 0),
(1355, 121, '其它区', 60, 0),
(1356, 122, '宿城区', 50, 0),
(1357, 122, '宿豫区', 50, 0),
(1358, 122, '沭阳县', 50, 0),
(1359, 122, '泗阳县', 50, 0),
(1360, 122, '泗洪县', 50, 0),
(1361, 122, '其它区', 60, 0),
(1362, 123, '上城区', 50, 0),
(1363, 123, '下城区', 50, 0),
(1364, 123, '江干区', 50, 0),
(1365, 123, '拱墅区', 50, 0),
(1366, 123, '西湖区', 50, 0),
(1367, 123, '滨江区', 50, 0),
(1368, 123, '萧山区', 50, 0),
(1369, 123, '余杭区', 50, 0),
(1370, 123, '桐庐县', 50, 0),
(1371, 123, '淳安县', 50, 0),
(1372, 123, '建德市', 50, 0),
(1373, 123, '富阳区', 50, 0),
(1374, 123, '临安市', 50, 0),
(1375, 123, '其它区', 60, 0),
(1376, 124, '海曙区', 47, 0),
(1377, 124, '江东区', 48, 0),
(1378, 4044, '基于CareyShop商城框架系统', 50, 1),
(1379, 124, '北仑区', 50, 0),
(1380, 124, '镇海区', 50, 0),
(1381, 124, '鄞州区', 50, 0),
(1382, 124, '象山县', 50, 0),
(1383, 124, '宁海县', 50, 0),
(1384, 124, '余姚市', 50, 0),
(1385, 124, '慈溪市', 50, 0),
(1386, 124, '奉化市', 50, 0),
(1387, 124, '其它区', 60, 0),
(1388, 125, '鹿城区', 50, 0),
(1389, 125, '龙湾区', 50, 0),
(1390, 125, '瓯海区', 50, 0),
(1391, 125, '洞头县', 50, 0),
(1392, 125, '永嘉县', 50, 0),
(1393, 125, '平阳县', 50, 0),
(1394, 125, '苍南县', 50, 0),
(1395, 125, '文成县', 50, 0),
(1396, 125, '泰顺县', 50, 0),
(1397, 125, '瑞安市', 50, 0),
(1398, 125, '乐清市', 50, 0),
(1399, 125, '其它区', 60, 0),
(1400, 126, '南湖区', 50, 0),
(1401, 126, '秀洲区', 50, 0),
(1402, 126, '嘉善县', 50, 0),
(1403, 126, '海盐县', 50, 0),
(1404, 126, '海宁市', 50, 0),
(1405, 126, '平湖市', 50, 0),
(1406, 126, '桐乡市', 50, 0),
(1407, 126, '其它区', 60, 0),
(1408, 127, '吴兴区', 50, 0),
(1409, 127, '南浔区', 50, 0),
(1410, 127, '德清县', 50, 0),
(1411, 127, '长兴县', 50, 0),
(1412, 127, '安吉县', 50, 0),
(1413, 127, '其它区', 60, 0),
(1414, 128, '越城区', 50, 0),
(1415, 128, '柯桥区', 50, 0),
(1416, 128, '新昌县', 50, 0),
(1417, 128, '诸暨市', 50, 0),
(1418, 128, '上虞区', 50, 0),
(1419, 128, '嵊州市', 50, 0),
(1420, 128, '其它区', 60, 0),
(1421, 129, '婺城区', 50, 0),
(1422, 129, '金东区', 50, 0),
(1423, 129, '武义县', 50, 0),
(1424, 129, '浦江县', 50, 0),
(1425, 129, '磐安县', 50, 0),
(1426, 129, '兰溪市', 50, 0),
(1427, 129, '义乌市', 50, 0),
(1428, 129, '东阳市', 50, 0),
(1429, 129, '永康市', 50, 0),
(1430, 129, '其它区', 60, 0),
(1431, 130, '柯城区', 50, 0),
(1432, 130, '衢江区', 50, 0),
(1433, 130, '常山县', 50, 0),
(1434, 130, '开化县', 50, 0),
(1435, 130, '龙游县', 50, 0),
(1436, 130, '江山市', 50, 0),
(1437, 130, '其它区', 60, 0),
(1438, 131, '定海区', 50, 0),
(1439, 131, '普陀区', 50, 0),
(1440, 131, '岱山县', 50, 0),
(1441, 131, '嵊泗县', 50, 0),
(1442, 131, '其它区', 60, 0),
(1443, 132, '椒江区', 50, 0),
(1444, 132, '黄岩区', 50, 0),
(1445, 132, '路桥区', 50, 0),
(1446, 132, '玉环县', 50, 0),
(1447, 132, '三门县', 50, 0),
(1448, 132, '天台县', 50, 0),
(1449, 132, '仙居县', 50, 0),
(1450, 132, '温岭市', 50, 0),
(1451, 132, '临海市', 50, 0),
(1452, 132, '其它区', 60, 0),
(1453, 133, '莲都区', 50, 0),
(1454, 133, '青田县', 50, 0),
(1455, 133, '缙云县', 50, 0),
(1456, 133, '遂昌县', 50, 0),
(1457, 133, '松阳县', 50, 0),
(1458, 133, '云和县', 50, 0),
(1459, 133, '庆元县', 50, 0),
(1460, 133, '景宁畲族自治县', 50, 0),
(1461, 133, '龙泉市', 50, 0),
(1462, 133, '其它区', 60, 0),
(1463, 134, '瑶海区', 50, 0),
(1464, 134, '庐阳区', 50, 0),
(1465, 134, '蜀山区', 50, 0),
(1466, 134, '包河区', 50, 0),
(1467, 134, '长丰县', 50, 0),
(1468, 134, '肥东县', 50, 0),
(1469, 134, '肥西县', 50, 0),
(1470, 134, '高新区', 50, 0),
(1471, 134, '中区', 50, 0),
(1472, 134, '其它区', 60, 0),
(1473, 135, '镜湖区', 50, 0),
(1474, 135, '弋江区', 50, 0),
(1475, 135, '鸠江区', 50, 0),
(1476, 135, '三山区', 50, 0),
(1477, 135, '芜湖县', 50, 0),
(1478, 135, '繁昌县', 50, 0),
(1479, 135, '南陵县', 50, 0),
(1480, 135, '其它区', 60, 0),
(1481, 136, '龙子湖区', 50, 0),
(1482, 136, '蚌山区', 50, 0),
(1483, 136, '禹会区', 50, 0),
(1484, 136, '淮上区', 50, 0),
(1485, 136, '怀远县', 50, 0),
(1486, 136, '五河县', 50, 0),
(1487, 136, '固镇县', 50, 0),
(1488, 136, '其它区', 60, 0),
(1489, 137, '大通区', 50, 0),
(1490, 137, '田家庵区', 50, 0),
(1491, 137, '谢家集区', 50, 0),
(1492, 137, '八公山区', 50, 0),
(1493, 137, '潘集区', 50, 0),
(1494, 137, '凤台县', 50, 0),
(1495, 137, '其它区', 60, 0),
(1496, 138, '金家庄区', 50, 0),
(1497, 138, '花山区', 50, 0),
(1498, 138, '雨山区', 50, 0),
(1499, 138, '博望区', 50, 0),
(1500, 138, '当涂县', 50, 0),
(1501, 138, '其它区', 60, 0),
(1502, 139, '杜集区', 50, 0),
(1503, 139, '相山区', 50, 0),
(1504, 139, '烈山区', 50, 0),
(1505, 139, '濉溪县', 50, 0),
(1506, 139, '其它区', 60, 0),
(1507, 140, '铜官山区', 50, 0),
(1508, 140, '狮子山区', 50, 0),
(1509, 140, '郊区', 50, 0),
(1510, 140, '铜陵县', 50, 0),
(1511, 140, '其它区', 60, 0),
(1512, 141, '迎江区', 50, 0),
(1513, 141, '大观区', 50, 0),
(1514, 141, '宜秀区', 50, 0),
(1515, 141, '怀宁县', 50, 0),
(1516, 141, '枞阳县', 50, 0),
(1517, 141, '潜山县', 50, 0),
(1518, 141, '太湖县', 50, 0),
(1519, 141, '宿松县', 50, 0),
(1520, 141, '望江县', 50, 0),
(1521, 141, '岳西县', 50, 0),
(1522, 141, '桐城市', 50, 0),
(1523, 141, '其它区', 60, 0),
(1524, 142, '屯溪区', 50, 0),
(1525, 142, '黄山区', 50, 0),
(1526, 142, '徽州区', 50, 0),
(1527, 142, '歙县', 50, 0),
(1528, 142, '休宁县', 50, 0),
(1529, 142, '黟县', 50, 0),
(1530, 142, '祁门县', 50, 0),
(1531, 142, '其它区', 60, 0),
(1532, 143, '琅琊区', 50, 0),
(1533, 143, '南谯区', 50, 0),
(1534, 143, '来安县', 50, 0),
(1535, 143, '全椒县', 50, 0),
(1536, 143, '定远县', 50, 0),
(1537, 143, '凤阳县', 50, 0),
(1538, 143, '天长市', 50, 0),
(1539, 143, '明光市', 50, 0),
(1540, 143, '其它区', 60, 0),
(1541, 144, '颍州区', 50, 0),
(1542, 144, '颍东区', 50, 0),
(1543, 144, '颍泉区', 50, 0),
(1544, 144, '临泉县', 50, 0),
(1545, 144, '太和县', 50, 0),
(1546, 144, '阜南县', 50, 0),
(1547, 144, '颍上县', 50, 0),
(1548, 144, '界首市', 50, 0),
(1549, 144, '其它区', 60, 0),
(1550, 145, '埇桥区', 50, 0),
(1551, 145, '砀山县', 50, 0),
(1552, 145, '萧县', 50, 0),
(1553, 145, '灵璧县', 50, 0),
(1554, 145, '泗县', 50, 0),
(1555, 145, '其它区', 60, 0),
(1556, 134, '巢湖市', 50, 0),
(1557, 134, '居巢区', 50, 0),
(1558, 134, '庐江县', 50, 0),
(1559, 135, '无为县', 50, 0),
(1560, 138, '含山县', 50, 0),
(1561, 138, '和县', 50, 0),
(1562, 146, '金安区', 50, 0),
(1563, 146, '裕安区', 50, 0),
(1564, 146, '寿县', 50, 0),
(1565, 146, '霍邱县', 50, 0),
(1566, 146, '舒城县', 50, 0),
(1567, 146, '金寨县', 50, 0),
(1568, 146, '霍山县', 50, 0),
(1569, 146, '其它区', 60, 0),
(1570, 147, '谯城区', 50, 0),
(1571, 147, '涡阳县', 50, 0),
(1572, 147, '蒙城县', 50, 0),
(1573, 147, '利辛县', 50, 0),
(1574, 147, '其它区', 60, 0),
(1575, 148, '贵池区', 50, 0),
(1576, 148, '东至县', 50, 0),
(1577, 148, '石台县', 50, 0),
(1578, 148, '青阳县', 50, 0),
(1579, 148, '其它区', 60, 0),
(1580, 149, '宣州区', 50, 0),
(1581, 149, '郎溪县', 50, 0),
(1582, 149, '广德县', 50, 0),
(1583, 149, '泾县', 50, 0),
(1584, 149, '绩溪县', 50, 0),
(1585, 149, '旌德县', 50, 0),
(1586, 149, '宁国市', 50, 0),
(1587, 149, '其它区', 60, 0),
(1588, 150, '鼓楼区', 50, 0),
(1589, 150, '台江区', 50, 0),
(1590, 150, '仓山区', 50, 0),
(1591, 150, '马尾区', 50, 0),
(1592, 150, '晋安区', 50, 0),
(1593, 150, '闽侯县', 50, 0),
(1594, 150, '连江县', 50, 0),
(1595, 150, '罗源县', 50, 0),
(1596, 150, '闽清县', 50, 0),
(1597, 150, '永泰县', 50, 0),
(1598, 150, '平潭县', 50, 0),
(1599, 150, '福清市', 50, 0),
(1600, 150, '长乐市', 50, 0),
(1601, 150, '其它区', 60, 0),
(1602, 151, '思明区', 50, 0),
(1603, 151, '海沧区', 50, 0),
(1604, 151, '湖里区', 50, 0),
(1605, 151, '集美区', 50, 0),
(1606, 151, '同安区', 50, 0),
(1607, 151, '翔安区', 50, 0),
(1608, 151, '其它区', 60, 0),
(1609, 152, '城厢区', 50, 0),
(1610, 152, '涵江区', 50, 0),
(1611, 152, '荔城区', 50, 0),
(1612, 152, '秀屿区', 50, 0),
(1613, 152, '仙游县', 50, 0),
(1614, 152, '其它区', 60, 0),
(1615, 153, '梅列区', 50, 0),
(1616, 153, '三元区', 50, 0),
(1617, 153, '明溪县', 50, 0),
(1618, 153, '清流县', 50, 0),
(1619, 153, '宁化县', 50, 0),
(1620, 153, '大田县', 50, 0),
(1621, 153, '尤溪县', 50, 0),
(1622, 153, '沙县', 50, 0),
(1623, 153, '将乐县', 50, 0),
(1624, 153, '泰宁县', 50, 0),
(1625, 153, '建宁县', 50, 0),
(1626, 153, '永安市', 50, 0),
(1627, 153, '其它区', 60, 0),
(1628, 154, '鲤城区', 50, 0),
(1629, 154, '丰泽区', 50, 0),
(1630, 154, '洛江区', 50, 0),
(1631, 154, '泉港区', 50, 0),
(1632, 154, '惠安县', 50, 0),
(1633, 154, '安溪县', 50, 0),
(1634, 154, '永春县', 50, 0),
(1635, 154, '德化县', 50, 0),
(1636, 154, '金门县', 50, 0),
(1637, 154, '石狮市', 50, 0),
(1638, 154, '晋江市', 50, 0),
(1639, 154, '南安市', 50, 0),
(1640, 154, '其它区', 60, 0),
(1641, 155, '芗城区', 50, 0),
(1642, 155, '龙文区', 50, 0),
(1643, 155, '云霄县', 50, 0),
(1644, 155, '漳浦县', 50, 0),
(1645, 155, '诏安县', 50, 0),
(1646, 155, '长泰县', 50, 0),
(1647, 155, '东山县', 50, 0),
(1648, 155, '南靖县', 50, 0),
(1649, 155, '平和县', 50, 0),
(1650, 155, '华安县', 50, 0),
(1651, 155, '龙海市', 50, 0),
(1652, 155, '其它区', 60, 0),
(1653, 156, '延平区', 50, 0),
(1654, 156, '顺昌县', 50, 0),
(1655, 156, '浦城县', 50, 0),
(1656, 156, '光泽县', 50, 0),
(1657, 156, '松溪县', 50, 0),
(1658, 156, '政和县', 50, 0),
(1659, 156, '邵武市', 50, 0),
(1660, 156, '武夷山市', 50, 0),
(1661, 156, '建瓯市', 50, 0),
(1662, 156, '建阳区', 50, 0),
(1663, 156, '其它区', 60, 0),
(1664, 157, '新罗区', 50, 0),
(1665, 157, '长汀县', 50, 0),
(1666, 157, '永定区', 50, 0),
(1667, 157, '上杭县', 50, 0),
(1668, 157, '武平县', 50, 0),
(1669, 157, '连城县', 50, 0),
(1670, 157, '漳平市', 50, 0),
(1671, 157, '其它区', 60, 0),
(1672, 158, '蕉城区', 50, 0),
(1673, 158, '霞浦县', 50, 0),
(1674, 158, '古田县', 50, 0),
(1675, 158, '屏南县', 50, 0),
(1676, 158, '寿宁县', 50, 0),
(1677, 158, '周宁县', 50, 0),
(1678, 158, '柘荣县', 50, 0),
(1679, 158, '福安市', 50, 0),
(1680, 158, '福鼎市', 50, 0),
(1681, 158, '其它区', 60, 0),
(1682, 159, '东湖区', 50, 0),
(1683, 159, '西湖区', 50, 0),
(1684, 159, '青云谱区', 50, 0),
(1685, 159, '湾里区', 50, 0),
(1686, 159, '青山湖区', 50, 0),
(1687, 159, '南昌县', 50, 0),
(1688, 159, '新建县', 50, 0),
(1689, 159, '安义县', 50, 0),
(1690, 159, '进贤县', 50, 0),
(1691, 159, '红谷滩新区', 50, 0),
(1692, 159, '经济技术开发区', 50, 0),
(1693, 159, '昌北区', 50, 0),
(1694, 159, '其它区', 60, 0),
(1695, 160, '昌江区', 50, 0),
(1696, 160, '珠山区', 50, 0),
(1697, 160, '浮梁县', 50, 0),
(1698, 160, '乐平市', 50, 0),
(1699, 160, '其它区', 60, 0),
(1700, 161, '安源区', 50, 0),
(1701, 161, '湘东区', 50, 0),
(1702, 161, '莲花县', 50, 0),
(1703, 161, '上栗县', 50, 0),
(1704, 161, '芦溪县', 50, 0),
(1705, 161, '其它区', 60, 0),
(1706, 162, '庐山区', 50, 0),
(1707, 162, '浔阳区', 50, 0),
(1708, 162, '九江县', 50, 0),
(1709, 162, '武宁县', 50, 0),
(1710, 162, '修水县', 50, 0),
(1711, 162, '永修县', 50, 0),
(1712, 162, '德安县', 50, 0),
(1713, 162, '星子县', 50, 0),
(1714, 162, '都昌县', 50, 0),
(1715, 162, '湖口县', 50, 0),
(1716, 162, '彭泽县', 50, 0),
(1717, 162, '瑞昌市', 50, 0),
(1718, 162, '其它区', 60, 0),
(1719, 162, '共青城市', 50, 0),
(1720, 163, '渝水区', 50, 0),
(1721, 163, '分宜县', 50, 0),
(1722, 163, '其它区', 60, 0),
(1723, 164, '月湖区', 50, 0),
(1724, 164, '余江县', 50, 0),
(1725, 164, '贵溪市', 50, 0),
(1726, 164, '其它区', 60, 0),
(1727, 165, '章贡区', 50, 0),
(1728, 165, '赣县', 50, 0),
(1729, 165, '信丰县', 50, 0),
(1730, 165, '大余县', 50, 0),
(1731, 165, '上犹县', 50, 0),
(1732, 165, '崇义县', 50, 0),
(1733, 165, '安远县', 50, 0),
(1734, 165, '龙南县', 50, 0),
(1735, 165, '定南县', 50, 0),
(1736, 165, '全南县', 50, 0),
(1737, 165, '宁都县', 50, 0),
(1738, 165, '于都县', 50, 0),
(1739, 165, '兴国县', 50, 0),
(1740, 165, '会昌县', 50, 0),
(1741, 165, '寻乌县', 50, 0),
(1742, 165, '石城县', 50, 0),
(1743, 165, '黄金区', 50, 0),
(1744, 165, '瑞金市', 50, 0),
(1745, 165, '南康区', 50, 0),
(1746, 165, '其它区', 60, 0),
(1747, 166, '吉州区', 50, 0),
(1748, 166, '青原区', 50, 0),
(1749, 166, '吉安县', 50, 0),
(1750, 166, '吉水县', 50, 0),
(1751, 166, '峡江县', 50, 0),
(1752, 166, '新干县', 50, 0),
(1753, 166, '永丰县', 50, 0),
(1754, 166, '泰和县', 50, 0),
(1755, 166, '遂川县', 50, 0),
(1756, 166, '万安县', 50, 0),
(1757, 166, '安福县', 50, 0),
(1758, 166, '永新县', 50, 0),
(1759, 166, '井冈山市', 50, 0),
(1760, 166, '其它区', 60, 0),
(1761, 167, '袁州区', 50, 0),
(1762, 167, '奉新县', 50, 0),
(1763, 167, '万载县', 50, 0),
(1764, 167, '上高县', 50, 0),
(1765, 167, '宜丰县', 50, 0),
(1766, 167, '靖安县', 50, 0),
(1767, 167, '铜鼓县', 50, 0),
(1768, 167, '丰城市', 50, 0),
(1769, 167, '樟树市', 50, 0),
(1770, 167, '高安市', 50, 0),
(1771, 167, '其它区', 60, 0),
(1772, 168, '临川区', 50, 0),
(1773, 168, '南城县', 50, 0),
(1774, 168, '黎川县', 50, 0),
(1775, 168, '南丰县', 50, 0),
(1776, 168, '崇仁县', 50, 0),
(1777, 168, '乐安县', 50, 0),
(1778, 168, '宜黄县', 50, 0),
(1779, 168, '金溪县', 50, 0),
(1780, 168, '资溪县', 50, 0),
(1781, 168, '东乡县', 50, 0),
(1782, 168, '广昌县', 50, 0),
(1783, 168, '其它区', 60, 0),
(1784, 169, '信州区', 50, 0),
(1785, 169, '上饶县', 50, 0),
(1786, 169, '广丰区', 50, 0),
(1787, 169, '玉山县', 50, 0),
(1788, 169, '铅山县', 50, 0),
(1789, 169, '横峰县', 50, 0),
(1790, 169, '弋阳县', 50, 0),
(1791, 169, '余干县', 50, 0),
(1792, 169, '鄱阳县', 50, 0),
(1793, 169, '万年县', 50, 0),
(1794, 169, '婺源县', 50, 0),
(1795, 169, '德兴市', 50, 0),
(1796, 169, '其它区', 60, 0),
(1797, 170, '历下区', 50, 0),
(1798, 170, '市中区', 50, 0),
(1799, 170, '槐荫区', 50, 0),
(1800, 170, '天桥区', 50, 0),
(1801, 170, '历城区', 50, 0),
(1802, 170, '长清区', 50, 0),
(1803, 170, '平阴县', 50, 0),
(1804, 170, '济阳县', 50, 0),
(1805, 170, '商河县', 50, 0),
(1806, 170, '章丘市', 50, 0),
(1807, 170, '其它区', 60, 0),
(1808, 171, '市南区', 50, 0),
(1809, 171, '市北区', 50, 0),
(1810, 171, '四方区', 50, 0),
(1811, 171, '黄岛区', 50, 0),
(1812, 171, '崂山区', 50, 0),
(1813, 171, '李沧区', 50, 0),
(1814, 171, '城阳区', 50, 0),
(1815, 171, '开发区', 50, 0),
(1816, 171, '胶州市', 50, 0),
(1817, 171, '即墨市', 50, 0),
(1818, 171, '平度市', 50, 0),
(1819, 171, '胶南市', 50, 0),
(1820, 171, '莱西市', 50, 0),
(1821, 171, '其它区', 60, 0),
(1822, 172, '淄川区', 50, 0),
(1823, 172, '张店区', 50, 0),
(1824, 172, '博山区', 50, 0),
(1825, 172, '临淄区', 50, 0),
(1826, 172, '周村区', 50, 0),
(1827, 172, '桓台县', 50, 0),
(1828, 172, '高青县', 50, 0),
(1829, 172, '沂源县', 50, 0),
(1830, 172, '其它区', 60, 0),
(1831, 173, '市中区', 50, 0),
(1832, 173, '薛城区', 50, 0),
(1833, 173, '峄城区', 50, 0),
(1834, 173, '台儿庄区', 50, 0),
(1835, 173, '山亭区', 50, 0),
(1836, 173, '滕州市', 50, 0),
(1837, 173, '其它区', 60, 0),
(1838, 174, '东营区', 50, 0),
(1839, 174, '河口区', 50, 0),
(1840, 174, '垦利县', 50, 0),
(1841, 174, '利津县', 50, 0),
(1842, 174, '广饶县', 50, 0),
(1843, 174, '西城区', 50, 0),
(1844, 174, '东城区', 50, 0),
(1845, 174, '其它区', 60, 0),
(1846, 175, '芝罘区', 50, 0),
(1847, 175, '福山区', 50, 0),
(1848, 175, '牟平区', 50, 0),
(1849, 175, '莱山区', 50, 0),
(1850, 175, '长岛县', 50, 0),
(1851, 175, '龙口市', 50, 0),
(1852, 175, '莱阳市', 50, 0),
(1853, 175, '莱州市', 50, 0),
(1854, 175, '蓬莱市', 50, 0),
(1855, 175, '招远市', 50, 0),
(1856, 175, '栖霞市', 50, 0),
(1857, 175, '海阳市', 50, 0),
(1858, 175, '其它区', 60, 0),
(1859, 176, '潍城区', 50, 0),
(1860, 176, '寒亭区', 50, 0),
(1861, 176, '坊子区', 50, 0),
(1862, 176, '奎文区', 50, 0),
(1863, 176, '临朐县', 50, 0),
(1864, 176, '昌乐县', 50, 0),
(1865, 176, '开发区', 50, 0),
(1866, 176, '青州市', 50, 0),
(1867, 176, '诸城市', 50, 0),
(1868, 176, '寿光市', 50, 0),
(1869, 176, '安丘市', 50, 0),
(1870, 176, '高密市', 50, 0),
(1871, 176, '昌邑市', 50, 0),
(1872, 176, '其它区', 60, 0),
(1873, 177, '市中区', 50, 0),
(1874, 177, '任城区', 50, 0),
(1875, 177, '微山县', 50, 0),
(1876, 177, '鱼台县', 50, 0),
(1877, 177, '金乡县', 50, 0),
(1878, 177, '嘉祥县', 50, 0),
(1879, 177, '汶上县', 50, 0),
(1880, 177, '泗水县', 50, 0),
(1881, 177, '梁山县', 50, 0),
(1882, 177, '曲阜市', 50, 0),
(1883, 177, '兖州区', 50, 0),
(1884, 177, '邹城市', 50, 0),
(1885, 177, '其它区', 60, 0),
(1886, 178, '泰山区', 50, 0),
(1887, 178, '岱岳区', 50, 0),
(1888, 178, '宁阳县', 50, 0),
(1889, 178, '东平县', 50, 0),
(1890, 178, '新泰市', 50, 0),
(1891, 178, '肥城市', 50, 0),
(1892, 178, '其它区', 60, 0),
(1893, 179, '环翠区', 50, 0),
(1894, 179, '文登区', 50, 0),
(1895, 179, '荣成市', 50, 0),
(1896, 179, '乳山市', 50, 0),
(1897, 179, '其它区', 60, 0),
(1898, 180, '东港区', 50, 0),
(1899, 180, '岚山区', 50, 0),
(1900, 180, '五莲县', 50, 0),
(1901, 180, '莒县', 50, 0),
(1902, 180, '其它区', 60, 0),
(1903, 181, '莱城区', 50, 0),
(1904, 181, '钢城区', 50, 0),
(1905, 181, '其它区', 60, 0),
(1906, 182, '兰山区', 50, 0),
(1907, 182, '罗庄区', 50, 0),
(1908, 182, '河东区', 50, 0),
(1909, 182, '沂南县', 50, 0),
(1910, 182, '郯城县', 50, 0),
(1911, 182, '沂水县', 50, 0),
(1912, 182, '兰陵县', 50, 0),
(1913, 182, '费县', 50, 0),
(1914, 182, '平邑县', 50, 0),
(1915, 182, '莒南县', 50, 0),
(1916, 182, '蒙阴县', 50, 0),
(1917, 182, '临沭县', 50, 0),
(1918, 182, '其它区', 60, 0),
(1919, 183, '德城区', 50, 0),
(1920, 183, '陵城区', 50, 0),
(1921, 183, '宁津县', 50, 0),
(1922, 183, '庆云县', 50, 0),
(1923, 183, '临邑县', 50, 0),
(1924, 183, '齐河县', 50, 0),
(1925, 183, '平原县', 50, 0),
(1926, 183, '夏津县', 50, 0),
(1927, 183, '武城县', 50, 0),
(1928, 183, '开发区', 50, 0),
(1929, 183, '乐陵市', 50, 0),
(1930, 183, '禹城市', 50, 0),
(1931, 183, '其它区', 60, 0),
(1932, 184, '东昌府区', 50, 0),
(1933, 184, '阳谷县', 50, 0),
(1934, 184, '莘县', 50, 0),
(1935, 184, '茌平县', 50, 0),
(1936, 184, '东阿县', 50, 0),
(1937, 184, '冠县', 50, 0),
(1938, 184, '高唐县', 50, 0),
(1939, 184, '临清市', 50, 0),
(1940, 184, '其它区', 60, 0),
(1941, 185, '滨城区', 50, 0),
(1942, 185, '惠民县', 50, 0),
(1943, 185, '阳信县', 50, 0),
(1944, 185, '无棣县', 50, 0),
(1945, 185, '沾化区', 50, 0),
(1946, 185, '博兴县', 50, 0),
(1947, 185, '邹平县', 50, 0),
(1948, 185, '其它区', 60, 0),
(1949, 186, '牡丹区', 50, 0),
(1950, 186, '曹县', 50, 0),
(1951, 186, '单县', 50, 0),
(1952, 186, '成武县', 50, 0),
(1953, 186, '巨野县', 50, 0),
(1954, 186, '郓城县', 50, 0),
(1955, 186, '鄄城县', 50, 0),
(1956, 186, '定陶县', 50, 0),
(1957, 186, '东明县', 50, 0),
(1958, 186, '其它区', 60, 0),
(1959, 187, '中原区', 50, 0),
(1960, 187, '二七区', 50, 0),
(1961, 187, '管城回族区', 50, 0),
(1962, 187, '金水区', 50, 0),
(1963, 187, '上街区', 50, 0),
(1964, 187, '惠济区', 50, 0),
(1965, 187, '中牟县', 50, 0),
(1966, 187, '巩义市', 50, 0),
(1967, 187, '荥阳市', 50, 0),
(1968, 187, '新密市', 50, 0),
(1969, 187, '新郑市', 50, 0),
(1970, 187, '登封市', 50, 0),
(1971, 187, '郑东新区', 50, 0),
(1972, 187, '高新区', 50, 0),
(1973, 187, '其它区', 60, 0),
(1974, 188, '龙亭区', 50, 0),
(1975, 188, '顺河回族区', 50, 0),
(1976, 188, '鼓楼区', 50, 0),
(1977, 188, '禹王台区', 50, 0),
(1978, 188, '金明区', 50, 0),
(1979, 188, '杞县', 50, 0),
(1980, 188, '通许县', 50, 0),
(1981, 188, '尉氏县', 50, 0),
(1982, 188, '祥符区', 50, 0),
(1983, 188, '兰考县', 50, 0),
(1984, 188, '其它区', 60, 0),
(1985, 189, '老城区', 50, 0),
(1986, 189, '西工区', 50, 0),
(1987, 189, '瀍河回族区', 50, 0),
(1988, 189, '涧西区', 50, 0),
(1989, 189, '吉利区', 50, 0),
(1990, 189, '洛龙区', 50, 0),
(1991, 189, '孟津县', 50, 0),
(1992, 189, '新安县', 50, 0),
(1993, 189, '栾川县', 50, 0),
(1994, 189, '嵩县', 50, 0),
(1995, 189, '汝阳县', 50, 0),
(1996, 189, '宜阳县', 50, 0),
(1997, 189, '洛宁县', 50, 0),
(1998, 189, '伊川县', 50, 0),
(1999, 189, '偃师市', 50, 0),
(2000, 190, '新华区', 50, 0),
(2001, 190, '卫东区', 50, 0),
(2002, 190, '石龙区', 50, 0),
(2003, 190, '湛河区', 50, 0),
(2004, 190, '宝丰县', 50, 0),
(2005, 190, '叶县', 50, 0),
(2006, 190, '鲁山县', 50, 0),
(2007, 190, '郏县', 50, 0),
(2008, 190, '舞钢市', 50, 0),
(2009, 190, '汝州市', 50, 0),
(2010, 190, '其它区', 60, 0),
(2011, 191, '文峰区', 50, 0),
(2012, 191, '北关区', 50, 0),
(2013, 191, '殷都区', 50, 0),
(2014, 191, '龙安区', 50, 0),
(2015, 191, '安阳县', 50, 0),
(2016, 191, '汤阴县', 50, 0),
(2017, 191, '滑县', 50, 0),
(2018, 191, '内黄县', 50, 0),
(2019, 191, '林州市', 50, 0),
(2020, 191, '其它区', 60, 0),
(2021, 192, '鹤山区', 50, 0),
(2022, 192, '山城区', 50, 0),
(2023, 192, '淇滨区', 50, 0),
(2024, 192, '浚县', 50, 0),
(2025, 192, '淇县', 50, 0),
(2026, 192, '其它区', 60, 0),
(2027, 193, '红旗区', 50, 0),
(2028, 193, '卫滨区', 50, 0),
(2029, 193, '凤泉区', 50, 0),
(2030, 193, '牧野区', 50, 0),
(2031, 193, '新乡县', 50, 0),
(2032, 193, '获嘉县', 50, 0),
(2033, 193, '原阳县', 50, 0),
(2034, 193, '延津县', 50, 0),
(2035, 193, '封丘县', 50, 0),
(2036, 193, '长垣县', 50, 0),
(2037, 193, '卫辉市', 50, 0),
(2038, 193, '辉县市', 50, 0),
(2039, 193, '其它区', 60, 0),
(2040, 194, '解放区', 50, 0),
(2041, 194, '中站区', 50, 0),
(2042, 194, '马村区', 50, 0),
(2043, 194, '山阳区', 50, 0),
(2044, 194, '修武县', 50, 0),
(2045, 194, '博爱县', 50, 0),
(2046, 194, '武陟县', 50, 0),
(2047, 194, '温县', 50, 0),
(2048, 194, '沁阳市', 50, 0),
(2049, 194, '孟州市', 50, 0),
(2050, 194, '其它区', 60, 0),
(2051, 195, '华龙区', 50, 0),
(2052, 195, '清丰县', 50, 0),
(2053, 195, '南乐县', 50, 0),
(2054, 195, '范县', 50, 0),
(2055, 195, '台前县', 50, 0),
(2056, 195, '濮阳县', 50, 0),
(2057, 195, '其它区', 60, 0),
(2058, 196, '魏都区', 50, 0),
(2059, 196, '许昌县', 50, 0),
(2060, 196, '鄢陵县', 50, 0),
(2061, 196, '襄城县', 50, 0),
(2062, 196, '禹州市', 50, 0),
(2063, 196, '长葛市', 50, 0),
(2064, 196, '其它区', 60, 0),
(2065, 197, '源汇区', 50, 0),
(2066, 197, '郾城区', 50, 0),
(2067, 197, '召陵区', 50, 0),
(2068, 197, '舞阳县', 50, 0),
(2069, 197, '临颍县', 50, 0),
(2070, 197, '其它区', 60, 0),
(2071, 198, '湖滨区', 50, 0),
(2072, 198, '渑池县', 50, 0);
INSERT INTO `donkey_region` (`region_id`, `parent_id`, `region_name`, `sort`, `is_delete`) VALUES
(2073, 198, '陕州区', 50, 0),
(2074, 198, '卢氏县', 50, 0),
(2075, 198, '义马市', 50, 0),
(2076, 198, '灵宝市', 50, 0),
(2077, 198, '其它区', 60, 0),
(2078, 199, '宛城区', 50, 0),
(2079, 199, '卧龙区', 50, 0),
(2080, 199, '南召县', 50, 0),
(2081, 199, '方城县', 50, 0),
(2082, 199, '西峡县', 50, 0),
(2083, 199, '镇平县', 50, 0),
(2084, 199, '内乡县', 50, 0),
(2085, 199, '淅川县', 50, 0),
(2086, 199, '社旗县', 50, 0),
(2087, 199, '唐河县', 50, 0),
(2088, 199, '新野县', 50, 0),
(2089, 199, '桐柏县', 50, 0),
(2090, 199, '邓州市', 50, 0),
(2091, 199, '其它区', 60, 0),
(2092, 200, '梁园区', 50, 0),
(2093, 200, '睢阳区', 50, 0),
(2094, 200, '民权县', 50, 0),
(2095, 200, '睢县', 50, 0),
(2096, 200, '宁陵县', 50, 0),
(2097, 200, '柘城县', 50, 0),
(2098, 200, '虞城县', 50, 0),
(2099, 200, '夏邑县', 50, 0),
(2100, 200, '永城市', 50, 0),
(2101, 200, '其它区', 60, 0),
(2102, 201, '浉河区', 50, 0),
(2103, 201, '平桥区', 50, 0),
(2104, 201, '罗山县', 50, 0),
(2105, 201, '光山县', 50, 0),
(2106, 201, '新县', 50, 0),
(2107, 201, '商城县', 50, 0),
(2108, 201, '固始县', 50, 0),
(2109, 201, '潢川县', 50, 0),
(2110, 201, '淮滨县', 50, 0),
(2111, 201, '息县', 50, 0),
(2112, 201, '其它区', 60, 0),
(2113, 202, '川汇区', 50, 0),
(2114, 202, '扶沟县', 50, 0),
(2115, 202, '西华县', 50, 0),
(2116, 202, '商水县', 50, 0),
(2117, 202, '沈丘县', 50, 0),
(2118, 202, '郸城县', 50, 0),
(2119, 202, '淮阳县', 50, 0),
(2120, 202, '太康县', 50, 0),
(2121, 202, '鹿邑县', 50, 0),
(2122, 202, '项城市', 50, 0),
(2123, 202, '其它区', 60, 0),
(2124, 203, '驿城区', 50, 0),
(2125, 203, '西平县', 50, 0),
(2126, 203, '上蔡县', 50, 0),
(2127, 203, '平舆县', 50, 0),
(2128, 203, '正阳县', 50, 0),
(2129, 203, '确山县', 50, 0),
(2130, 203, '泌阳县', 50, 0),
(2131, 203, '汝南县', 50, 0),
(2132, 203, '遂平县', 50, 0),
(2133, 203, '新蔡县', 50, 0),
(2134, 203, '其它区', 60, 0),
(2135, 204, '江岸区', 50, 0),
(2136, 204, '江汉区', 50, 0),
(2137, 204, '硚口区', 50, 0),
(2138, 204, '汉阳区', 50, 0),
(2139, 204, '武昌区', 50, 0),
(2140, 204, '青山区', 50, 0),
(2141, 204, '洪山区', 50, 0),
(2142, 204, '东西湖区', 50, 0),
(2143, 204, '汉南区', 50, 0),
(2144, 204, '蔡甸区', 50, 0),
(2145, 204, '江夏区', 50, 0),
(2146, 204, '黄陂区', 50, 0),
(2147, 204, '新洲区', 50, 0),
(2148, 204, '其它区', 60, 0),
(2149, 205, '黄石港区', 50, 0),
(2150, 205, '西塞山区', 50, 0),
(2151, 205, '下陆区', 50, 0),
(2152, 205, '铁山区', 50, 0),
(2153, 205, '阳新县', 50, 0),
(2154, 205, '大冶市', 50, 0),
(2155, 205, '其它区', 60, 0),
(2156, 206, '茅箭区', 50, 0),
(2157, 206, '张湾区', 50, 0),
(2158, 206, '郧阳区', 50, 0),
(2159, 206, '郧西县', 50, 0),
(2160, 206, '竹山县', 50, 0),
(2161, 206, '竹溪县', 50, 0),
(2162, 206, '房县', 50, 0),
(2163, 206, '丹江口市', 50, 0),
(2164, 206, '城区', 50, 0),
(2165, 206, '其它区', 60, 0),
(2166, 207, '西陵区', 50, 0),
(2167, 207, '伍家岗区', 50, 0),
(2168, 207, '点军区', 50, 0),
(2169, 207, '猇亭区', 50, 0),
(2170, 207, '夷陵区', 50, 0),
(2171, 207, '远安县', 50, 0),
(2172, 207, '兴山县', 50, 0),
(2173, 207, '秭归县', 50, 0),
(2174, 207, '长阳土家族自治县', 50, 0),
(2175, 207, '五峰土家族自治县', 50, 0),
(2176, 207, '葛洲坝区', 50, 0),
(2177, 207, '开发区', 50, 0),
(2178, 207, '宜都市', 50, 0),
(2179, 207, '当阳市', 50, 0),
(2180, 207, '枝江市', 50, 0),
(2181, 207, '其它区', 60, 0),
(2182, 208, '襄城区', 50, 0),
(2183, 208, '樊城区', 50, 0),
(2184, 208, '襄州区', 50, 0),
(2185, 208, '南漳县', 50, 0),
(2186, 208, '谷城县', 50, 0),
(2187, 208, '保康县', 50, 0),
(2188, 208, '老河口市', 50, 0),
(2189, 208, '枣阳市', 50, 0),
(2190, 208, '宜城市', 50, 0),
(2191, 208, '其它区', 60, 0),
(2192, 209, '梁子湖区', 50, 0),
(2193, 209, '华容区', 50, 0),
(2194, 209, '鄂城区', 50, 0),
(2195, 209, '其它区', 60, 0),
(2196, 210, '东宝区', 50, 0),
(2197, 210, '掇刀区', 50, 0),
(2198, 210, '京山县', 50, 0),
(2199, 210, '沙洋县', 50, 0),
(2200, 210, '钟祥市', 50, 0),
(2201, 210, '其它区', 60, 0),
(2202, 211, '孝南区', 50, 0),
(2203, 211, '孝昌县', 50, 0),
(2204, 211, '大悟县', 50, 0),
(2205, 211, '云梦县', 50, 0),
(2206, 211, '应城市', 50, 0),
(2207, 211, '安陆市', 50, 0),
(2208, 211, '汉川市', 50, 0),
(2209, 211, '其它区', 60, 0),
(2210, 212, '沙市区', 50, 0),
(2211, 212, '荆州区', 50, 0),
(2212, 212, '公安县', 50, 0),
(2213, 212, '监利县', 50, 0),
(2214, 212, '江陵县', 50, 0),
(2215, 212, '石首市', 50, 0),
(2216, 212, '洪湖市', 50, 0),
(2217, 212, '松滋市', 50, 0),
(2218, 212, '其它区', 60, 0),
(2219, 213, '黄州区', 50, 0),
(2220, 213, '团风县', 50, 0),
(2221, 213, '红安县', 50, 0),
(2222, 213, '罗田县', 50, 0),
(2223, 213, '英山县', 50, 0),
(2224, 213, '浠水县', 50, 0),
(2225, 213, '蕲春县', 50, 0),
(2226, 213, '黄梅县', 50, 0),
(2227, 213, '麻城市', 50, 0),
(2228, 213, '武穴市', 50, 0),
(2229, 213, '其它区', 60, 0),
(2230, 214, '咸安区', 50, 0),
(2231, 214, '嘉鱼县', 50, 0),
(2232, 214, '通城县', 50, 0),
(2233, 214, '崇阳县', 50, 0),
(2234, 214, '通山县', 50, 0),
(2235, 214, '赤壁市', 50, 0),
(2236, 214, '温泉城区', 50, 0),
(2237, 214, '其它区', 60, 0),
(2238, 215, '曾都区', 50, 0),
(2239, 215, '随县', 50, 0),
(2240, 215, '广水市', 50, 0),
(2241, 215, '其它区', 60, 0),
(2242, 216, '恩施市', 50, 0),
(2243, 216, '利川市', 50, 0),
(2244, 216, '建始县', 50, 0),
(2245, 216, '巴东县', 50, 0),
(2246, 216, '宣恩县', 50, 0),
(2247, 216, '咸丰县', 50, 0),
(2248, 216, '来凤县', 50, 0),
(2249, 216, '鹤峰县', 50, 0),
(2250, 216, '其它区', 60, 0),
(2251, 217, '芙蓉区', 50, 0),
(2252, 217, '天心区', 50, 0),
(2253, 217, '岳麓区', 50, 0),
(2254, 217, '开福区', 50, 0),
(2255, 217, '雨花区', 50, 0),
(2256, 217, '长沙县', 50, 0),
(2257, 217, '望城区', 50, 0),
(2258, 217, '宁乡县', 50, 0),
(2259, 217, '浏阳市', 50, 0),
(2260, 217, '其它区', 60, 0),
(2261, 218, '荷塘区', 50, 0),
(2262, 218, '芦淞区', 50, 0),
(2263, 218, '石峰区', 50, 0),
(2264, 218, '天元区', 50, 0),
(2265, 218, '株洲县', 50, 0),
(2266, 218, '攸县', 50, 0),
(2267, 218, '茶陵县', 50, 0),
(2268, 218, '炎陵县', 50, 0),
(2269, 218, '醴陵市', 50, 0),
(2270, 218, '其它区', 60, 0),
(2271, 219, '雨湖区', 50, 0),
(2272, 219, '岳塘区', 50, 0),
(2273, 219, '湘潭县', 50, 0),
(2274, 219, '湘乡市', 50, 0),
(2275, 219, '韶山市', 50, 0),
(2276, 219, '其它区', 60, 0),
(2277, 220, '珠晖区', 50, 0),
(2278, 220, '雁峰区', 50, 0),
(2279, 220, '石鼓区', 50, 0),
(2280, 220, '蒸湘区', 50, 0),
(2281, 220, '南岳区', 50, 0),
(2282, 220, '衡阳县', 50, 0),
(2283, 220, '衡南县', 50, 0),
(2284, 220, '衡山县', 50, 0),
(2285, 220, '衡东县', 50, 0),
(2286, 220, '祁东县', 50, 0),
(2287, 220, '耒阳市', 50, 0),
(2288, 220, '常宁市', 50, 0),
(2289, 220, '其它区', 60, 0),
(2290, 221, '双清区', 50, 0),
(2291, 221, '大祥区', 50, 0),
(2292, 221, '北塔区', 50, 0),
(2293, 221, '邵东县', 50, 0),
(2294, 221, '新邵县', 50, 0),
(2295, 221, '邵阳县', 50, 0),
(2296, 221, '隆回县', 50, 0),
(2297, 221, '洞口县', 50, 0),
(2298, 221, '绥宁县', 50, 0),
(2299, 221, '新宁县', 50, 0),
(2300, 221, '城步苗族自治县', 50, 0),
(2301, 221, '武冈市', 50, 0),
(2302, 221, '其它区', 60, 0),
(2303, 222, '岳阳楼区', 50, 0),
(2304, 222, '云溪区', 50, 0),
(2305, 222, '君山区', 50, 0),
(2306, 222, '岳阳县', 50, 0),
(2307, 222, '华容县', 50, 0),
(2308, 222, '湘阴县', 50, 0),
(2309, 222, '平江县', 50, 0),
(2310, 222, '汨罗市', 50, 0),
(2311, 222, '临湘市', 50, 0),
(2312, 222, '其它区', 60, 0),
(2313, 223, '武陵区', 50, 0),
(2314, 223, '鼎城区', 50, 0),
(2315, 223, '安乡县', 50, 0),
(2316, 223, '汉寿县', 50, 0),
(2317, 223, '澧县', 50, 0),
(2318, 223, '临澧县', 50, 0),
(2319, 223, '桃源县', 50, 0),
(2320, 223, '石门县', 50, 0),
(2321, 223, '津市市', 50, 0),
(2322, 223, '其它区', 60, 0),
(2323, 224, '永定区', 50, 0),
(2324, 224, '武陵源区', 50, 0),
(2325, 224, '慈利县', 50, 0),
(2326, 224, '桑植县', 50, 0),
(2327, 224, '其它区', 60, 0),
(2328, 225, '资阳区', 50, 0),
(2329, 225, '赫山区', 50, 0),
(2330, 225, '南县', 50, 0),
(2331, 225, '桃江县', 50, 0),
(2332, 225, '安化县', 50, 0),
(2333, 225, '沅江市', 50, 0),
(2334, 225, '其它区', 60, 0),
(2335, 226, '北湖区', 50, 0),
(2336, 226, '苏仙区', 50, 0),
(2337, 226, '桂阳县', 50, 0),
(2338, 226, '宜章县', 50, 0),
(2339, 226, '永兴县', 50, 0),
(2340, 226, '嘉禾县', 50, 0),
(2341, 226, '临武县', 50, 0),
(2342, 226, '汝城县', 50, 0),
(2343, 226, '桂东县', 50, 0),
(2344, 226, '安仁县', 50, 0),
(2345, 226, '资兴市', 50, 0),
(2346, 226, '其它区', 60, 0),
(2347, 227, '零陵区', 50, 0),
(2348, 227, '冷水滩区', 50, 0),
(2349, 227, '祁阳县', 50, 0),
(2350, 227, '东安县', 50, 0),
(2351, 227, '双牌县', 50, 0),
(2352, 227, '道县', 50, 0),
(2353, 227, '江永县', 50, 0),
(2354, 227, '宁远县', 50, 0),
(2355, 227, '蓝山县', 50, 0),
(2356, 227, '新田县', 50, 0),
(2357, 227, '江华瑶族自治县', 50, 0),
(2358, 227, '其它区', 60, 0),
(2359, 228, '鹤城区', 50, 0),
(2360, 228, '中方县', 50, 0),
(2361, 228, '沅陵县', 50, 0),
(2362, 228, '辰溪县', 50, 0),
(2363, 228, '溆浦县', 50, 0),
(2364, 228, '会同县', 50, 0),
(2365, 228, '麻阳苗族自治县', 50, 0),
(2366, 228, '新晃侗族自治县', 50, 0),
(2367, 228, '芷江侗族自治县', 50, 0),
(2368, 228, '靖州苗族侗族自治县', 50, 0),
(2369, 228, '通道侗族自治县', 50, 0),
(2370, 228, '洪江市', 50, 0),
(2371, 228, '其它区', 60, 0),
(2372, 229, '娄星区', 50, 0),
(2373, 229, '双峰县', 50, 0),
(2374, 229, '新化县', 50, 0),
(2375, 229, '冷水江市', 50, 0),
(2376, 229, '涟源市', 50, 0),
(2377, 229, '其它区', 60, 0),
(2378, 230, '吉首市', 50, 0),
(2379, 230, '泸溪县', 50, 0),
(2380, 230, '凤凰县', 50, 0),
(2381, 230, '花垣县', 50, 0),
(2382, 230, '保靖县', 50, 0),
(2383, 230, '古丈县', 50, 0),
(2384, 230, '永顺县', 50, 0),
(2385, 230, '龙山县', 50, 0),
(2386, 230, '其它区', 60, 0),
(2387, 231, '荔湾区', 50, 0),
(2388, 231, '越秀区', 50, 0),
(2389, 231, '海珠区', 50, 0),
(2390, 231, '天河区', 50, 0),
(2391, 231, '白云区', 50, 0),
(2392, 231, '黄埔区', 50, 0),
(2393, 231, '番禺区', 50, 0),
(2394, 231, '花都区', 50, 0),
(2395, 231, '南沙区', 50, 0),
(2396, 231, '萝岗区', 50, 0),
(2397, 231, '增城区', 50, 0),
(2398, 231, '从化区', 50, 0),
(2399, 231, '东山区', 50, 0),
(2400, 231, '其它区', 60, 0),
(2401, 232, '武江区', 50, 0),
(2402, 232, '浈江区', 50, 0),
(2403, 232, '曲江区', 50, 0),
(2404, 232, '始兴县', 50, 0),
(2405, 232, '仁化县', 50, 0),
(2406, 232, '翁源县', 50, 0),
(2407, 232, '乳源瑶族自治县', 50, 0),
(2408, 232, '新丰县', 50, 0),
(2409, 232, '乐昌市', 50, 0),
(2410, 232, '南雄市', 50, 0),
(2411, 232, '其它区', 60, 0),
(2412, 233, '罗湖区', 50, 0),
(2413, 233, '福田区', 50, 0),
(2414, 233, '南山区', 50, 0),
(2415, 233, '宝安区', 50, 0),
(2416, 233, '龙岗区', 50, 0),
(2417, 233, '盐田区', 50, 0),
(2418, 233, '其它区', 60, 0),
(2419, 233, '光明新区', 50, 0),
(2420, 233, '坪山新区', 50, 0),
(2421, 233, '大鹏新区', 50, 0),
(2422, 233, '龙华新区', 50, 0),
(2423, 234, '香洲区', 50, 0),
(2424, 234, '斗门区', 50, 0),
(2425, 234, '金湾区', 50, 0),
(2426, 234, '金唐区', 50, 0),
(2427, 234, '南湾区', 50, 0),
(2428, 234, '其它区', 60, 0),
(2429, 235, '龙湖区', 50, 0),
(2430, 235, '金平区', 50, 0),
(2431, 235, '濠江区', 50, 0),
(2432, 235, '潮阳区', 50, 0),
(2433, 235, '潮南区', 50, 0),
(2434, 235, '澄海区', 50, 0),
(2435, 235, '南澳县', 50, 0),
(2436, 235, '其它区', 60, 0),
(2437, 236, '禅城区', 50, 0),
(2438, 236, '南海区', 50, 0),
(2439, 236, '顺德区', 50, 0),
(2440, 236, '三水区', 50, 0),
(2441, 236, '高明区', 50, 0),
(2442, 236, '其它区', 60, 0),
(2443, 237, '蓬江区', 50, 0),
(2444, 237, '江海区', 50, 0),
(2445, 237, '新会区', 50, 0),
(2446, 237, '台山市', 50, 0),
(2447, 237, '开平市', 50, 0),
(2448, 237, '鹤山市', 50, 0),
(2449, 237, '恩平市', 50, 0),
(2450, 237, '其它区', 60, 0),
(2451, 238, '赤坎区', 50, 0),
(2452, 238, '霞山区', 50, 0),
(2453, 238, '坡头区', 50, 0),
(2454, 238, '麻章区', 50, 0),
(2455, 238, '遂溪县', 50, 0),
(2456, 238, '徐闻县', 50, 0),
(2457, 238, '廉江市', 50, 0),
(2458, 238, '雷州市', 50, 0),
(2459, 238, '吴川市', 50, 0),
(2460, 238, '其它区', 60, 0),
(2461, 239, '茂南区', 50, 0),
(2462, 239, '电白区', 50, 0),
(2463, 239, '电白县', 50, 0),
(2464, 239, '高州市', 50, 0),
(2465, 239, '化州市', 50, 0),
(2466, 239, '信宜市', 50, 0),
(2467, 239, '其它区', 60, 0),
(2468, 240, '端州区', 50, 0),
(2469, 240, '鼎湖区', 50, 0),
(2470, 240, '广宁县', 50, 0),
(2471, 240, '怀集县', 50, 0),
(2472, 240, '封开县', 50, 0),
(2473, 240, '德庆县', 50, 0),
(2474, 240, '高要市', 50, 0),
(2475, 240, '四会市', 50, 0),
(2476, 240, '其它区', 60, 0),
(2477, 241, '惠城区', 50, 0),
(2478, 241, '惠阳区', 50, 0),
(2479, 241, '博罗县', 50, 0),
(2480, 241, '惠东县', 50, 0),
(2481, 241, '龙门县', 50, 0),
(2482, 241, '其它区', 60, 0),
(2483, 242, '梅江区', 50, 0),
(2484, 242, '梅县区', 50, 0),
(2485, 242, '大埔县', 50, 0),
(2486, 242, '丰顺县', 50, 0),
(2487, 242, '五华县', 50, 0),
(2488, 242, '平远县', 50, 0),
(2489, 242, '蕉岭县', 50, 0),
(2490, 242, '兴宁市', 50, 0),
(2491, 242, '其它区', 60, 0),
(2492, 243, '城区', 50, 0),
(2493, 243, '海丰县', 50, 0),
(2494, 243, '陆河县', 50, 0),
(2495, 243, '陆丰市', 50, 0),
(2496, 243, '其它区', 60, 0),
(2497, 244, '源城区', 50, 0),
(2498, 244, '紫金县', 50, 0),
(2499, 244, '龙川县', 50, 0),
(2500, 244, '连平县', 50, 0),
(2501, 244, '和平县', 50, 0),
(2502, 244, '东源县', 50, 0),
(2503, 244, '其它区', 60, 0),
(2504, 245, '江城区', 50, 0),
(2505, 245, '阳西县', 50, 0),
(2506, 245, '阳东区', 50, 0),
(2507, 245, '阳春市', 50, 0),
(2508, 245, '其它区', 60, 0),
(2509, 246, '清城区', 50, 0),
(2510, 246, '佛冈县', 50, 0),
(2511, 246, '阳山县', 50, 0),
(2512, 246, '连山壮族瑶族自治县', 50, 0),
(2513, 246, '连南瑶族自治县', 50, 0),
(2514, 246, '清新区', 50, 0),
(2515, 246, '英德市', 50, 0),
(2516, 246, '连州市', 50, 0),
(2517, 246, '其它区', 60, 0),
(2518, 250, '湘桥区', 50, 0),
(2519, 250, '潮安区', 50, 0),
(2520, 250, '饶平县', 50, 0),
(2521, 250, '枫溪区', 50, 0),
(2522, 250, '其它区', 60, 0),
(2523, 251, '榕城区', 50, 0),
(2524, 251, '揭东区', 50, 0),
(2525, 251, '揭西县', 50, 0),
(2526, 251, '惠来县', 50, 0),
(2527, 251, '普宁市', 50, 0),
(2528, 251, '东山区', 50, 0),
(2529, 251, '其它区', 60, 0),
(2530, 252, '云城区', 50, 0),
(2531, 252, '新兴县', 50, 0),
(2532, 252, '郁南县', 50, 0),
(2533, 252, '云安区', 50, 0),
(2534, 252, '罗定市', 50, 0),
(2535, 252, '其它区', 60, 0),
(2536, 253, '兴宁区', 50, 0),
(2537, 253, '青秀区', 50, 0),
(2538, 253, '江南区', 50, 0),
(2539, 253, '西乡塘区', 50, 0),
(2540, 253, '良庆区', 50, 0),
(2541, 253, '邕宁区', 50, 0),
(2542, 253, '武鸣区', 50, 0),
(2543, 253, '隆安县', 50, 0),
(2544, 253, '马山县', 50, 0),
(2545, 253, '上林县', 50, 0),
(2546, 253, '宾阳县', 50, 0),
(2547, 253, '横县', 50, 0),
(2548, 253, '其它区', 60, 0),
(2549, 254, '城中区', 50, 0),
(2550, 254, '鱼峰区', 50, 0),
(2551, 254, '柳南区', 50, 0),
(2552, 254, '柳北区', 50, 0),
(2553, 254, '柳江县', 50, 0),
(2554, 254, '柳城县', 50, 0),
(2555, 254, '鹿寨县', 50, 0),
(2556, 254, '融安县', 50, 0),
(2557, 254, '融水苗族自治县', 50, 0),
(2558, 254, '三江侗族自治县', 50, 0),
(2559, 254, '其它区', 60, 0),
(2560, 255, '秀峰区', 50, 0),
(2561, 255, '叠彩区', 50, 0),
(2562, 255, '象山区', 50, 0),
(2563, 255, '七星区', 50, 0),
(2564, 255, '雁山区', 50, 0),
(2565, 255, '阳朔县', 50, 0),
(2566, 255, '临桂区', 50, 0),
(2567, 255, '灵川县', 50, 0),
(2568, 255, '全州县', 50, 0),
(2569, 255, '兴安县', 50, 0),
(2570, 255, '永福县', 50, 0),
(2571, 255, '灌阳县', 50, 0),
(2572, 255, '龙胜各族自治县', 50, 0),
(2573, 255, '资源县', 50, 0),
(2574, 255, '平乐县', 50, 0),
(2575, 255, '荔浦县', 50, 0),
(2576, 255, '恭城瑶族自治县', 50, 0),
(2577, 255, '其它区', 60, 0),
(2578, 256, '万秀区', 50, 0),
(2579, 256, '蝶山区', 50, 0),
(2580, 256, '长洲区', 50, 0),
(2581, 256, '龙圩区', 50, 0),
(2582, 256, '苍梧县', 50, 0),
(2583, 256, '藤县', 50, 0),
(2584, 256, '蒙山县', 50, 0),
(2585, 256, '岑溪市', 50, 0),
(2586, 256, '其它区', 60, 0),
(2587, 257, '海城区', 50, 0),
(2588, 257, '银海区', 50, 0),
(2589, 257, '铁山港区', 50, 0),
(2590, 257, '合浦县', 50, 0),
(2591, 257, '其它区', 60, 0),
(2592, 258, '港口区', 50, 0),
(2593, 258, '防城区', 50, 0),
(2594, 258, '上思县', 50, 0),
(2595, 258, '东兴市', 50, 0),
(2596, 258, '其它区', 60, 0),
(2597, 259, '钦南区', 50, 0),
(2598, 259, '钦北区', 50, 0),
(2599, 259, '灵山县', 50, 0),
(2600, 259, '浦北县', 50, 0),
(2601, 259, '其它区', 60, 0),
(2602, 260, '港北区', 50, 0),
(2603, 260, '港南区', 50, 0),
(2604, 260, '覃塘区', 50, 0),
(2605, 260, '平南县', 50, 0),
(2606, 260, '桂平市', 50, 0),
(2607, 260, '其它区', 60, 0),
(2608, 261, '玉州区', 50, 0),
(2609, 261, '福绵区', 50, 0),
(2610, 261, '容县', 50, 0),
(2611, 261, '陆川县', 50, 0),
(2612, 261, '博白县', 50, 0),
(2613, 261, '兴业县', 50, 0),
(2614, 261, '北流市', 50, 0),
(2615, 261, '其它区', 60, 0),
(2616, 262, '右江区', 50, 0),
(2617, 262, '田阳县', 50, 0),
(2618, 262, '田东县', 50, 0),
(2619, 262, '平果县', 50, 0),
(2620, 262, '德保县', 50, 0),
(2621, 262, '靖西县', 50, 0),
(2622, 262, '那坡县', 50, 0),
(2623, 262, '凌云县', 50, 0),
(2624, 262, '乐业县', 50, 0),
(2625, 262, '田林县', 50, 0),
(2626, 262, '西林县', 50, 0),
(2627, 262, '隆林各族自治县', 50, 0),
(2628, 262, '其它区', 60, 0),
(2629, 263, '八步区', 50, 0),
(2630, 263, '平桂管理区', 50, 0),
(2631, 263, '昭平县', 50, 0),
(2632, 263, '钟山县', 50, 0),
(2633, 263, '富川瑶族自治县', 50, 0),
(2634, 263, '其它区', 60, 0),
(2635, 264, '金城江区', 50, 0),
(2636, 264, '南丹县', 50, 0),
(2637, 264, '天峨县', 50, 0),
(2638, 264, '凤山县', 50, 0),
(2639, 264, '东兰县', 50, 0),
(2640, 264, '罗城仫佬族自治县', 50, 0),
(2641, 264, '环江毛南族自治县', 50, 0),
(2642, 264, '巴马瑶族自治县', 50, 0),
(2643, 264, '都安瑶族自治县', 50, 0),
(2644, 264, '大化瑶族自治县', 50, 0),
(2645, 264, '宜州市', 50, 0),
(2646, 264, '其它区', 60, 0),
(2647, 265, '兴宾区', 50, 0),
(2648, 265, '忻城县', 50, 0),
(2649, 265, '象州县', 50, 0),
(2650, 265, '武宣县', 50, 0),
(2651, 265, '金秀瑶族自治县', 50, 0),
(2652, 265, '合山市', 50, 0),
(2653, 265, '其它区', 60, 0),
(2654, 266, '江州区', 50, 0),
(2655, 266, '扶绥县', 50, 0),
(2656, 266, '宁明县', 50, 0),
(2657, 266, '龙州县', 50, 0),
(2658, 266, '大新县', 50, 0),
(2659, 266, '天等县', 50, 0),
(2660, 266, '凭祥市', 50, 0),
(2661, 266, '其它区', 60, 0),
(2662, 267, '秀英区', 50, 0),
(2663, 267, '龙华区', 50, 0),
(2664, 267, '琼山区', 50, 0),
(2665, 267, '美兰区', 50, 0),
(2666, 267, '其它区', 60, 0),
(2667, 269, '西沙群岛', 50, 0),
(2668, 269, '南沙群岛', 50, 0),
(2669, 269, '中沙群岛的岛礁及其海域', 50, 0),
(2670, 189, '高新区', 50, 0),
(2671, 189, '其它区', 60, 0),
(2672, 270, '万州区', 50, 0),
(2673, 270, '涪陵区', 50, 0),
(2674, 270, '渝中区', 50, 0),
(2675, 270, '大渡口区', 50, 0),
(2676, 270, '江北区', 50, 0),
(2677, 270, '沙坪坝区', 50, 0),
(2678, 270, '九龙坡区', 50, 0),
(2679, 270, '南岸区', 50, 0),
(2680, 270, '北碚区', 50, 0),
(2681, 270, '万盛区', 50, 0),
(2682, 270, '双桥区', 50, 0),
(2683, 270, '渝北区', 50, 0),
(2684, 270, '巴南区', 50, 0),
(2685, 270, '黔江区', 50, 0),
(2686, 270, '长寿区', 50, 0),
(2687, 270, '綦江区', 50, 0),
(2688, 270, '潼南县', 50, 0),
(2689, 270, '铜梁区', 50, 0),
(2690, 270, '大足区', 50, 0),
(2691, 270, '荣昌县', 50, 0),
(2692, 270, '璧山区', 50, 0),
(2693, 270, '梁平县', 50, 0),
(2694, 270, '城口县', 50, 0),
(2695, 270, '丰都县', 50, 0),
(2696, 270, '垫江县', 50, 0),
(2697, 270, '武隆县', 50, 0),
(2698, 270, '忠县', 50, 0),
(2699, 270, '开县', 50, 0),
(2700, 270, '云阳县', 50, 0),
(2701, 270, '奉节县', 50, 0),
(2702, 270, '巫山县', 50, 0),
(2703, 270, '巫溪县', 50, 0),
(2704, 270, '石柱土家族自治县', 50, 0),
(2705, 270, '秀山土家族苗族自治县', 50, 0),
(2706, 270, '酉阳土家族苗族自治县', 50, 0),
(2707, 270, '彭水苗族土家族自治县', 50, 0),
(2708, 270, '江津区', 50, 0),
(2709, 270, '合川区', 50, 0),
(2710, 270, '永川区', 50, 0),
(2711, 270, '南川区', 50, 0),
(2712, 270, '其它区', 60, 0),
(2713, 271, '锦江区', 50, 0),
(2714, 271, '青羊区', 50, 0),
(2715, 271, '金牛区', 50, 0),
(2716, 271, '武侯区', 50, 0),
(2717, 271, '成华区', 50, 0),
(2718, 271, '龙泉驿区', 50, 0),
(2719, 271, '青白江区', 50, 0),
(2720, 271, '新都区', 50, 0),
(2721, 271, '温江区', 50, 0),
(2722, 271, '金堂县', 50, 0),
(2723, 271, '双流县', 50, 0),
(2724, 271, '郫县', 50, 0),
(2725, 271, '大邑县', 50, 0),
(2726, 271, '蒲江县', 50, 0),
(2727, 271, '新津县', 50, 0),
(2728, 271, '都江堰市', 50, 0),
(2729, 271, '彭州市', 50, 0),
(2730, 271, '邛崃市', 50, 0),
(2731, 271, '崇州市', 50, 0),
(2732, 271, '其它区', 60, 0),
(2733, 272, '自流井区', 50, 0),
(2734, 272, '贡井区', 50, 0),
(2735, 272, '大安区', 50, 0),
(2736, 272, '沿滩区', 50, 0),
(2737, 272, '荣县', 50, 0),
(2738, 272, '富顺县', 50, 0),
(2739, 272, '其它区', 60, 0),
(2740, 273, '东区', 50, 0),
(2741, 273, '西区', 50, 0),
(2742, 273, '仁和区', 50, 0),
(2743, 273, '米易县', 50, 0),
(2744, 273, '盐边县', 50, 0),
(2745, 273, '其它区', 60, 0),
(2746, 274, '江阳区', 50, 0),
(2747, 274, '纳溪区', 50, 0),
(2748, 274, '龙马潭区', 50, 0),
(2749, 274, '泸县', 50, 0),
(2750, 274, '合江县', 50, 0),
(2751, 274, '叙永县', 50, 0),
(2752, 274, '古蔺县', 50, 0),
(2753, 274, '其它区', 60, 0),
(2754, 275, '旌阳区', 50, 0),
(2755, 275, '中江县', 50, 0),
(2756, 275, '罗江县', 50, 0),
(2757, 275, '广汉市', 50, 0),
(2758, 275, '什邡市', 50, 0),
(2759, 275, '绵竹市', 50, 0),
(2760, 275, '其它区', 60, 0),
(2761, 276, '涪城区', 50, 0),
(2762, 276, '游仙区', 50, 0),
(2763, 276, '三台县', 50, 0),
(2764, 276, '盐亭县', 50, 0),
(2765, 276, '安县', 50, 0),
(2766, 276, '梓潼县', 50, 0),
(2767, 276, '北川羌族自治县', 50, 0),
(2768, 276, '平武县', 50, 0),
(2769, 276, '高新区', 50, 0),
(2770, 276, '江油市', 50, 0),
(2771, 276, '其它区', 60, 0),
(2772, 277, '利州区', 50, 0),
(2773, 277, '昭化区', 50, 0),
(2774, 277, '朝天区', 50, 0),
(2775, 277, '旺苍县', 50, 0),
(2776, 277, '青川县', 50, 0),
(2777, 277, '剑阁县', 50, 0),
(2778, 277, '苍溪县', 50, 0),
(2779, 277, '其它区', 60, 0),
(2780, 278, '船山区', 50, 0),
(2781, 278, '安居区', 50, 0),
(2782, 278, '蓬溪县', 50, 0),
(2783, 278, '射洪县', 50, 0),
(2784, 278, '大英县', 50, 0),
(2785, 278, '其它区', 60, 0),
(2786, 279, '市中区', 50, 0),
(2787, 279, '东兴区', 50, 0),
(2788, 279, '威远县', 50, 0),
(2789, 279, '资中县', 50, 0),
(2790, 279, '隆昌县', 50, 0),
(2791, 279, '其它区', 60, 0),
(2792, 280, '市中区', 50, 0),
(2793, 280, '沙湾区', 50, 0),
(2794, 280, '五通桥区', 50, 0),
(2795, 280, '金口河区', 50, 0),
(2796, 280, '犍为县', 50, 0),
(2797, 280, '井研县', 50, 0),
(2798, 280, '夹江县', 50, 0),
(2799, 280, '沐川县', 50, 0),
(2800, 280, '峨边彝族自治县', 50, 0),
(2801, 280, '马边彝族自治县', 50, 0),
(2802, 280, '峨眉山市', 50, 0),
(2803, 280, '其它区', 60, 0),
(2804, 281, '顺庆区', 50, 0),
(2805, 281, '高坪区', 50, 0),
(2806, 281, '嘉陵区', 50, 0),
(2807, 281, '南部县', 50, 0),
(2808, 281, '营山县', 50, 0),
(2809, 281, '蓬安县', 50, 0),
(2810, 281, '仪陇县', 50, 0),
(2811, 281, '西充县', 50, 0),
(2812, 281, '阆中市', 50, 0),
(2813, 281, '其它区', 60, 0),
(2814, 282, '东坡区', 50, 0),
(2815, 282, '仁寿县', 50, 0),
(2816, 282, '彭山区', 50, 0),
(2817, 282, '洪雅县', 50, 0),
(2818, 282, '丹棱县', 50, 0),
(2819, 282, '青神县', 50, 0),
(2820, 282, '其它区', 60, 0),
(2821, 283, '翠屏区', 50, 0),
(2822, 283, '宜宾县', 50, 0),
(2823, 283, '南溪区', 50, 0),
(2824, 283, '江安县', 50, 0),
(2825, 283, '长宁县', 50, 0),
(2826, 283, '高县', 50, 0),
(2827, 283, '珙县', 50, 0),
(2828, 283, '筠连县', 50, 0),
(2829, 283, '兴文县', 50, 0),
(2830, 283, '屏山县', 50, 0),
(2831, 283, '其它区', 60, 0),
(2832, 284, '广安区', 50, 0),
(2833, 284, '前锋区', 50, 0),
(2834, 284, '岳池县', 50, 0),
(2835, 284, '武胜县', 50, 0),
(2836, 284, '邻水县', 50, 0),
(2837, 284, '华蓥市', 50, 0),
(2838, 284, '市辖区', 50, 0),
(2839, 284, '其它区', 60, 0),
(2840, 285, '通川区', 50, 0),
(2841, 285, '达川区', 50, 0),
(2842, 285, '宣汉县', 50, 0),
(2843, 285, '开江县', 50, 0),
(2844, 285, '大竹县', 50, 0),
(2845, 285, '渠县', 50, 0),
(2846, 285, '万源市', 50, 0),
(2847, 285, '其它区', 60, 0),
(2848, 286, '雨城区', 50, 0),
(2849, 286, '名山区', 50, 0),
(2850, 286, '荥经县', 50, 0),
(2851, 286, '汉源县', 50, 0),
(2852, 286, '石棉县', 50, 0),
(2853, 286, '天全县', 50, 0),
(2854, 286, '芦山县', 50, 0),
(2855, 286, '宝兴县', 50, 0),
(2856, 286, '其它区', 60, 0),
(2857, 287, '巴州区', 50, 0),
(2858, 287, '恩阳区', 50, 0),
(2859, 287, '通江县', 50, 0),
(2860, 287, '南江县', 50, 0),
(2861, 287, '平昌县', 50, 0),
(2862, 287, '其它区', 60, 0),
(2863, 288, '雁江区', 50, 0),
(2864, 288, '安岳县', 50, 0),
(2865, 288, '乐至县', 50, 0),
(2866, 288, '简阳市', 50, 0),
(2867, 288, '其它区', 60, 0),
(2868, 289, '汶川县', 50, 0),
(2869, 289, '理县', 50, 0),
(2870, 289, '茂县', 50, 0),
(2871, 289, '松潘县', 50, 0),
(2872, 289, '九寨沟县', 50, 0),
(2873, 289, '金川县', 50, 0),
(2874, 289, '小金县', 50, 0),
(2875, 289, '黑水县', 50, 0),
(2876, 289, '马尔康县', 50, 0),
(2877, 289, '壤塘县', 50, 0),
(2878, 289, '阿坝县', 50, 0),
(2879, 289, '若尔盖县', 50, 0),
(2880, 289, '红原县', 50, 0),
(2881, 289, '其它区', 60, 0),
(2882, 290, '康定市', 50, 0),
(2883, 290, '泸定县', 50, 0),
(2884, 290, '丹巴县', 50, 0),
(2885, 290, '九龙县', 50, 0),
(2886, 290, '雅江县', 50, 0),
(2887, 290, '道孚县', 50, 0),
(2888, 290, '炉霍县', 50, 0),
(2889, 290, '甘孜县', 50, 0),
(2890, 290, '新龙县', 50, 0),
(2891, 290, '德格县', 50, 0),
(2892, 290, '白玉县', 50, 0),
(2893, 290, '石渠县', 50, 0),
(2894, 290, '色达县', 50, 0),
(2895, 290, '理塘县', 50, 0),
(2896, 290, '巴塘县', 50, 0),
(2897, 290, '乡城县', 50, 0),
(2898, 290, '稻城县', 50, 0),
(2899, 290, '得荣县', 50, 0),
(2900, 290, '其它区', 60, 0),
(2901, 291, '西昌市', 50, 0),
(2902, 291, '木里藏族自治县', 50, 0),
(2903, 291, '盐源县', 50, 0),
(2904, 291, '德昌县', 50, 0),
(2905, 291, '会理县', 50, 0),
(2906, 291, '会东县', 50, 0),
(2907, 291, '宁南县', 50, 0),
(2908, 291, '普格县', 50, 0),
(2909, 291, '布拖县', 50, 0),
(2910, 291, '金阳县', 50, 0),
(2911, 291, '昭觉县', 50, 0),
(2912, 291, '喜德县', 50, 0),
(2913, 291, '冕宁县', 50, 0),
(2914, 291, '越西县', 50, 0),
(2915, 291, '甘洛县', 50, 0),
(2916, 291, '美姑县', 50, 0),
(2917, 291, '雷波县', 50, 0),
(2918, 291, '其它区', 60, 0),
(2919, 292, '南明区', 50, 0),
(2920, 292, '云岩区', 50, 0),
(2921, 292, '花溪区', 50, 0),
(2922, 292, '乌当区', 50, 0),
(2923, 292, '白云区', 50, 0),
(2924, 292, '小河区', 50, 0),
(2925, 292, '开阳县', 50, 0),
(2926, 292, '息烽县', 50, 0),
(2927, 292, '修文县', 50, 0),
(2928, 292, '观山湖区', 50, 0),
(2929, 292, '清镇市', 50, 0),
(2930, 292, '其它区', 60, 0),
(2931, 293, '钟山区', 50, 0),
(2932, 293, '六枝特区', 50, 0),
(2933, 293, '水城县', 50, 0),
(2934, 293, '盘县', 50, 0),
(2935, 293, '其它区', 60, 0),
(2936, 294, '红花岗区', 50, 0),
(2937, 294, '汇川区', 50, 0),
(2938, 294, '遵义县', 50, 0),
(2939, 294, '桐梓县', 50, 0),
(2940, 294, '绥阳县', 50, 0),
(2941, 294, '正安县', 50, 0),
(2942, 294, '道真仡佬族苗族自治县', 50, 0),
(2943, 294, '务川仡佬族苗族自治县', 50, 0),
(2944, 294, '凤冈县', 50, 0),
(2945, 294, '湄潭县', 50, 0),
(2946, 294, '余庆县', 50, 0),
(2947, 294, '习水县', 50, 0),
(2948, 294, '赤水市', 50, 0),
(2949, 294, '仁怀市', 50, 0),
(2950, 294, '其它区', 60, 0),
(2951, 295, '西秀区', 50, 0),
(2952, 295, '平坝区', 50, 0),
(2953, 295, '普定县', 50, 0),
(2954, 295, '镇宁布依族苗族自治县', 50, 0),
(2955, 295, '关岭布依族苗族自治县', 50, 0),
(2956, 295, '紫云苗族布依族自治县', 50, 0),
(2957, 295, '其它区', 60, 0),
(2958, 296, '碧江区', 50, 0),
(2959, 296, '江口县', 50, 0),
(2960, 296, '玉屏侗族自治县', 50, 0),
(2961, 296, '石阡县', 50, 0),
(2962, 296, '思南县', 50, 0),
(2963, 296, '印江土家族苗族自治县', 50, 0),
(2964, 296, '德江县', 50, 0),
(2965, 296, '沿河土家族自治县', 50, 0),
(2966, 296, '松桃苗族自治县', 50, 0),
(2967, 296, '万山区', 50, 0),
(2968, 296, '其它区', 60, 0),
(2969, 297, '兴义市', 50, 0),
(2970, 297, '兴仁县', 50, 0),
(2971, 297, '普安县', 50, 0),
(2972, 297, '晴隆县', 50, 0),
(2973, 297, '贞丰县', 50, 0),
(2974, 297, '望谟县', 50, 0),
(2975, 297, '册亨县', 50, 0),
(2976, 297, '安龙县', 50, 0),
(2977, 297, '其它区', 60, 0),
(2978, 298, '七星关区', 50, 0),
(2979, 298, '大方县', 50, 0),
(2980, 298, '黔西县', 50, 0),
(2981, 298, '金沙县', 50, 0),
(2982, 298, '织金县', 50, 0),
(2983, 298, '纳雍县', 50, 0),
(2984, 298, '威宁彝族回族苗族自治县', 50, 0),
(2985, 298, '赫章县', 50, 0),
(2986, 298, '其它区', 60, 0),
(2987, 299, '凯里市', 50, 0),
(2988, 299, '黄平县', 50, 0),
(2989, 299, '施秉县', 50, 0),
(2990, 299, '三穗县', 50, 0),
(2991, 299, '镇远县', 50, 0),
(2992, 299, '岑巩县', 50, 0),
(2993, 299, '天柱县', 50, 0),
(2994, 299, '锦屏县', 50, 0),
(2995, 299, '剑河县', 50, 0),
(2996, 299, '台江县', 50, 0),
(2997, 299, '黎平县', 50, 0),
(2998, 299, '榕江县', 50, 0),
(2999, 299, '从江县', 50, 0),
(3000, 299, '雷山县', 50, 0),
(3001, 299, '麻江县', 50, 0),
(3002, 299, '丹寨县', 50, 0),
(3003, 299, '其它区', 60, 0),
(3004, 300, '都匀市', 50, 0),
(3005, 300, '福泉市', 50, 0),
(3006, 300, '荔波县', 50, 0),
(3007, 300, '贵定县', 50, 0),
(3008, 300, '瓮安县', 50, 0),
(3009, 300, '独山县', 50, 0),
(3010, 300, '平塘县', 50, 0),
(3011, 300, '罗甸县', 50, 0),
(3012, 300, '长顺县', 50, 0),
(3013, 300, '龙里县', 50, 0),
(3014, 300, '惠水县', 50, 0),
(3015, 300, '三都水族自治县', 50, 0),
(3016, 300, '其它区', 60, 0),
(3017, 301, '五华区', 50, 0),
(3018, 301, '盘龙区', 50, 0),
(3019, 301, '官渡区', 50, 0),
(3020, 301, '西山区', 50, 0),
(3021, 301, '东川区', 50, 0),
(3022, 301, '呈贡区', 50, 0),
(3023, 301, '晋宁县', 50, 0),
(3024, 301, '富民县', 50, 0),
(3025, 301, '宜良县', 50, 0),
(3026, 301, '石林彝族自治县', 50, 0),
(3027, 301, '嵩明县', 50, 0),
(3028, 301, '禄劝彝族苗族自治县', 50, 0),
(3029, 301, '寻甸回族彝族自治县', 50, 0),
(3030, 301, '安宁市', 50, 0),
(3031, 301, '其它区', 60, 0),
(3032, 302, '麒麟区', 50, 0),
(3033, 302, '马龙县', 50, 0),
(3034, 302, '陆良县', 50, 0),
(3035, 302, '师宗县', 50, 0),
(3036, 302, '罗平县', 50, 0),
(3037, 302, '富源县', 50, 0),
(3038, 302, '会泽县', 50, 0),
(3039, 302, '沾益县', 50, 0),
(3040, 302, '宣威市', 50, 0),
(3041, 302, '其它区', 60, 0),
(3042, 303, '红塔区', 50, 0),
(3043, 303, '江川县', 50, 0),
(3044, 303, '澄江县', 50, 0),
(3045, 303, '通海县', 50, 0),
(3046, 303, '华宁县', 50, 0),
(3047, 303, '易门县', 50, 0),
(3048, 303, '峨山彝族自治县', 50, 0),
(3049, 303, '新平彝族傣族自治县', 50, 0),
(3050, 303, '元江哈尼族彝族傣族自治县', 50, 0),
(3051, 303, '其它区', 60, 0),
(3052, 304, '隆阳区', 50, 0),
(3053, 304, '施甸县', 50, 0),
(3054, 304, '腾冲县', 50, 0),
(3055, 304, '龙陵县', 50, 0),
(3056, 304, '昌宁县', 50, 0),
(3057, 304, '其它区', 60, 0),
(3058, 305, '昭阳区', 50, 0),
(3059, 305, '鲁甸县', 50, 0),
(3060, 305, '巧家县', 50, 0),
(3061, 305, '盐津县', 50, 0),
(3062, 305, '大关县', 50, 0),
(3063, 305, '永善县', 50, 0),
(3064, 305, '绥江县', 50, 0),
(3065, 305, '镇雄县', 50, 0),
(3066, 305, '彝良县', 50, 0),
(3067, 305, '威信县', 50, 0),
(3068, 305, '水富县', 50, 0),
(3069, 305, '其它区', 60, 0),
(3070, 306, '古城区', 50, 0),
(3071, 306, '玉龙纳西族自治县', 50, 0),
(3072, 306, '永胜县', 50, 0),
(3073, 306, '华坪县', 50, 0),
(3074, 306, '宁蒗彝族自治县', 50, 0),
(3075, 306, '其它区', 60, 0),
(3076, 307, '思茅区', 50, 0),
(3077, 307, '宁洱哈尼族彝族自治县', 50, 0),
(3078, 307, '墨江哈尼族自治县', 50, 0),
(3079, 307, '景东彝族自治县', 50, 0),
(3080, 307, '景谷傣族彝族自治县', 50, 0),
(3081, 307, '镇沅彝族哈尼族拉祜族自治县', 50, 0),
(3082, 307, '江城哈尼族彝族自治县', 50, 0),
(3083, 307, '孟连傣族拉祜族佤族自治县', 50, 0),
(3084, 307, '澜沧拉祜族自治县', 50, 0),
(3085, 307, '西盟佤族自治县', 50, 0),
(3086, 307, '其它区', 60, 0),
(3087, 308, '临翔区', 50, 0),
(3088, 308, '凤庆县', 50, 0),
(3089, 308, '云县', 50, 0),
(3090, 308, '永德县', 50, 0),
(3091, 308, '镇康县', 50, 0),
(3092, 308, '双江拉祜族佤族布朗族傣族自治县', 50, 0),
(3093, 308, '耿马傣族佤族自治县', 50, 0),
(3094, 308, '沧源佤族自治县', 50, 0),
(3095, 308, '其它区', 60, 0),
(3096, 309, '楚雄市', 50, 0),
(3097, 309, '双柏县', 50, 0),
(3098, 309, '牟定县', 50, 0),
(3099, 309, '南华县', 50, 0),
(3100, 309, '姚安县', 50, 0),
(3101, 309, '大姚县', 50, 0),
(3102, 309, '永仁县', 50, 0),
(3103, 309, '元谋县', 50, 0),
(3104, 309, '武定县', 50, 0),
(3105, 309, '禄丰县', 50, 0),
(3106, 309, '其它区', 60, 0),
(3107, 310, '个旧市', 50, 0),
(3108, 310, '开远市', 50, 0),
(3109, 310, '蒙自市', 50, 0),
(3110, 310, '屏边苗族自治县', 50, 0),
(3111, 310, '建水县', 50, 0),
(3112, 310, '石屏县', 50, 0),
(3113, 310, '弥勒市', 50, 0),
(3114, 310, '泸西县', 50, 0),
(3115, 310, '元阳县', 50, 0),
(3116, 310, '红河县', 50, 0),
(3117, 310, '金平苗族瑶族傣族自治县', 50, 0),
(3118, 310, '绿春县', 50, 0),
(3119, 310, '河口瑶族自治县', 50, 0),
(3120, 310, '其它区', 60, 0),
(3121, 311, '文山市', 50, 0),
(3122, 311, '砚山县', 50, 0),
(3123, 311, '西畴县', 50, 0),
(3124, 311, '麻栗坡县', 50, 0),
(3125, 311, '马关县', 50, 0),
(3126, 311, '丘北县', 50, 0),
(3127, 311, '广南县', 50, 0),
(3128, 311, '富宁县', 50, 0),
(3129, 311, '其它区', 60, 0),
(3130, 312, '景洪市', 50, 0),
(3131, 312, '勐海县', 50, 0),
(3132, 312, '勐腊县', 50, 0),
(3133, 312, '其它区', 60, 0),
(3134, 313, '大理市', 50, 0),
(3135, 313, '漾濞彝族自治县', 50, 0),
(3136, 313, '祥云县', 50, 0),
(3137, 313, '宾川县', 50, 0),
(3138, 313, '弥渡县', 50, 0),
(3139, 313, '南涧彝族自治县', 50, 0),
(3140, 313, '巍山彝族回族自治县', 50, 0),
(3141, 313, '永平县', 50, 0),
(3142, 313, '云龙县', 50, 0),
(3143, 313, '洱源县', 50, 0),
(3144, 313, '剑川县', 50, 0),
(3145, 313, '鹤庆县', 50, 0),
(3146, 313, '其它区', 60, 0),
(3147, 314, '瑞丽市', 50, 0),
(3148, 314, '芒市', 50, 0),
(3149, 314, '梁河县', 50, 0),
(3150, 314, '盈江县', 50, 0),
(3151, 314, '陇川县', 50, 0),
(3152, 314, '其它区', 60, 0),
(3153, 315, '泸水县', 50, 0),
(3154, 315, '福贡县', 50, 0),
(3155, 315, '贡山独龙族怒族自治县', 50, 0),
(3156, 315, '兰坪白族普米族自治县', 50, 0),
(3157, 315, '其它区', 60, 0),
(3158, 316, '香格里拉市', 50, 0),
(3159, 316, '德钦县', 50, 0),
(3160, 316, '维西傈僳族自治县', 50, 0),
(3161, 316, '其它区', 60, 0),
(3162, 317, '城关区', 50, 0),
(3163, 317, '林周县', 50, 0),
(3164, 317, '当雄县', 50, 0),
(3165, 317, '尼木县', 50, 0),
(3166, 317, '曲水县', 50, 0),
(3167, 317, '堆龙德庆县', 50, 0),
(3168, 317, '达孜县', 50, 0),
(3169, 317, '墨竹工卡县', 50, 0),
(3170, 317, '其它区', 60, 0),
(3171, 318, '卡若区', 50, 0),
(3172, 318, '江达县', 50, 0),
(3173, 318, '贡觉县', 50, 0),
(3174, 318, '类乌齐县', 50, 0),
(3175, 318, '丁青县', 50, 0),
(3176, 318, '察雅县', 50, 0),
(3177, 318, '八宿县', 50, 0),
(3178, 318, '左贡县', 50, 0),
(3179, 318, '芒康县', 50, 0),
(3180, 318, '洛隆县', 50, 0),
(3181, 318, '边坝县', 50, 0),
(3182, 318, '其它区', 60, 0),
(3183, 319, '乃东县', 50, 0),
(3184, 319, '扎囊县', 50, 0),
(3185, 319, '贡嘎县', 50, 0),
(3186, 319, '桑日县', 50, 0),
(3187, 319, '琼结县', 50, 0),
(3188, 319, '曲松县', 50, 0),
(3189, 319, '措美县', 50, 0),
(3190, 319, '洛扎县', 50, 0),
(3191, 319, '加查县', 50, 0),
(3192, 319, '隆子县', 50, 0),
(3193, 319, '错那县', 50, 0),
(3194, 319, '浪卡子县', 50, 0),
(3195, 319, '其它区', 60, 0),
(3196, 320, '桑珠孜区', 50, 0),
(3197, 320, '南木林县', 50, 0),
(3198, 320, '江孜县', 50, 0),
(3199, 320, '定日县', 50, 0),
(3200, 320, '萨迦县', 50, 0),
(3201, 320, '拉孜县', 50, 0),
(3202, 320, '昂仁县', 50, 0),
(3203, 320, '谢通门县', 50, 0),
(3204, 320, '白朗县', 50, 0),
(3205, 320, '仁布县', 50, 0),
(3206, 320, '康马县', 50, 0),
(3207, 320, '定结县', 50, 0),
(3208, 320, '仲巴县', 50, 0),
(3209, 320, '亚东县', 50, 0),
(3210, 320, '吉隆县', 50, 0),
(3211, 320, '聂拉木县', 50, 0),
(3212, 320, '萨嘎县', 50, 0),
(3213, 320, '岗巴县', 50, 0),
(3214, 320, '其它区', 60, 0),
(3215, 321, '那曲县', 50, 0),
(3216, 321, '嘉黎县', 50, 0),
(3217, 321, '比如县', 50, 0),
(3218, 321, '聂荣县', 50, 0),
(3219, 321, '安多县', 50, 0),
(3220, 321, '申扎县', 50, 0),
(3221, 321, '索县', 50, 0),
(3222, 321, '班戈县', 50, 0),
(3223, 321, '巴青县', 50, 0),
(3224, 321, '尼玛县', 50, 0),
(3225, 321, '其它区', 60, 0),
(3226, 321, '双湖县', 50, 0),
(3227, 322, '普兰县', 50, 0),
(3228, 322, '札达县', 50, 0),
(3229, 322, '噶尔县', 50, 0),
(3230, 322, '日土县', 50, 0),
(3231, 322, '革吉县', 50, 0),
(3232, 322, '改则县', 50, 0),
(3233, 322, '措勤县', 50, 0),
(3234, 322, '其它区', 60, 0),
(3235, 323, '巴宜区', 50, 0),
(3236, 323, '工布江达县', 50, 0),
(3237, 323, '米林县', 50, 0),
(3238, 323, '墨脱县', 50, 0),
(3239, 323, '波密县', 50, 0),
(3240, 323, '察隅县', 50, 0),
(3241, 323, '朗县', 50, 0),
(3242, 323, '其它区', 60, 0),
(3243, 324, '新城区', 50, 0),
(3244, 324, '碑林区', 50, 0),
(3245, 324, '莲湖区', 50, 0),
(3246, 324, '灞桥区', 50, 0),
(3247, 324, '未央区', 50, 0),
(3248, 324, '雁塔区', 50, 0),
(3249, 324, '阎良区', 50, 0),
(3250, 324, '临潼区', 50, 0),
(3251, 324, '长安区', 50, 0),
(3252, 324, '蓝田县', 50, 0),
(3253, 324, '周至县', 50, 0),
(3254, 324, '户县', 50, 0),
(3255, 324, '高陵区', 50, 0),
(3256, 324, '其它区', 60, 0),
(3257, 325, '王益区', 50, 0),
(3258, 325, '印台区', 50, 0),
(3259, 325, '耀州区', 50, 0),
(3260, 325, '宜君县', 50, 0),
(3261, 325, '其它区', 60, 0),
(3262, 326, '渭滨区', 50, 0),
(3263, 326, '金台区', 50, 0),
(3264, 326, '陈仓区', 50, 0),
(3265, 326, '凤翔县', 50, 0),
(3266, 326, '岐山县', 50, 0),
(3267, 326, '扶风县', 50, 0),
(3268, 326, '眉县', 50, 0),
(3269, 326, '陇县', 50, 0),
(3270, 326, '千阳县', 50, 0),
(3271, 326, '麟游县', 50, 0),
(3272, 326, '凤县', 50, 0),
(3273, 326, '太白县', 50, 0),
(3274, 326, '其它区', 60, 0),
(3275, 327, '秦都区', 50, 0),
(3276, 327, '杨陵区', 50, 0),
(3277, 327, '渭城区', 50, 0),
(3278, 327, '三原县', 50, 0),
(3279, 327, '泾阳县', 50, 0),
(3280, 327, '乾县', 50, 0),
(3281, 327, '礼泉县', 50, 0),
(3282, 327, '永寿县', 50, 0),
(3283, 327, '彬县', 50, 0),
(3284, 327, '长武县', 50, 0),
(3285, 327, '旬邑县', 50, 0),
(3286, 327, '淳化县', 50, 0),
(3287, 327, '武功县', 50, 0),
(3288, 327, '兴平市', 50, 0),
(3289, 327, '其它区', 60, 0),
(3290, 328, '临渭区', 50, 0),
(3291, 328, '华县', 50, 0),
(3292, 328, '潼关县', 50, 0),
(3293, 328, '大荔县', 50, 0),
(3294, 328, '合阳县', 50, 0),
(3295, 328, '澄城县', 50, 0),
(3296, 328, '蒲城县', 50, 0),
(3297, 328, '白水县', 50, 0),
(3298, 328, '富平县', 50, 0),
(3299, 328, '韩城市', 50, 0),
(3300, 328, '华阴市', 50, 0),
(3301, 328, '其它区', 60, 0),
(3302, 329, '宝塔区', 50, 0),
(3303, 329, '延长县', 50, 0),
(3304, 329, '延川县', 50, 0),
(3305, 329, '子长县', 50, 0),
(3306, 329, '安塞县', 50, 0),
(3307, 329, '志丹县', 50, 0),
(3308, 329, '吴起县', 50, 0),
(3309, 329, '甘泉县', 50, 0),
(3310, 329, '富县', 50, 0),
(3311, 329, '洛川县', 50, 0),
(3312, 329, '宜川县', 50, 0),
(3313, 329, '黄龙县', 50, 0),
(3314, 329, '黄陵县', 50, 0),
(3315, 329, '其它区', 60, 0),
(3316, 330, '汉台区', 50, 0),
(3317, 330, '南郑县', 50, 0),
(3318, 330, '城固县', 50, 0),
(3319, 330, '洋县', 50, 0),
(3320, 330, '西乡县', 50, 0),
(3321, 330, '勉县', 50, 0),
(3322, 330, '宁强县', 50, 0),
(3323, 330, '略阳县', 50, 0),
(3324, 330, '镇巴县', 50, 0),
(3325, 330, '留坝县', 50, 0),
(3326, 330, '佛坪县', 50, 0),
(3327, 330, '其它区', 60, 0),
(3328, 331, '榆阳区', 50, 0),
(3329, 331, '神木县', 50, 0),
(3330, 331, '府谷县', 50, 0),
(3331, 331, '横山县', 50, 0),
(3332, 331, '靖边县', 50, 0),
(3333, 331, '定边县', 50, 0),
(3334, 331, '绥德县', 50, 0),
(3335, 331, '米脂县', 50, 0),
(3336, 331, '佳县', 50, 0),
(3337, 331, '吴堡县', 50, 0),
(3338, 331, '清涧县', 50, 0),
(3339, 331, '子洲县', 50, 0),
(3340, 331, '其它区', 60, 0),
(3341, 332, '汉滨区', 50, 0),
(3342, 332, '汉阴县', 50, 0),
(3343, 332, '石泉县', 50, 0),
(3344, 332, '宁陕县', 50, 0),
(3345, 332, '紫阳县', 50, 0),
(3346, 332, '岚皋县', 50, 0),
(3347, 332, '平利县', 50, 0),
(3348, 332, '镇坪县', 50, 0),
(3349, 332, '旬阳县', 50, 0),
(3350, 332, '白河县', 50, 0),
(3351, 332, '其它区', 60, 0),
(3352, 333, '商州区', 50, 0),
(3353, 333, '洛南县', 50, 0),
(3354, 333, '丹凤县', 50, 0),
(3355, 333, '商南县', 50, 0),
(3356, 333, '山阳县', 50, 0),
(3357, 333, '镇安县', 50, 0),
(3358, 333, '柞水县', 50, 0),
(3359, 333, '其它区', 60, 0),
(3360, 334, '城关区', 50, 0),
(3361, 334, '七里河区', 50, 0),
(3362, 334, '西固区', 50, 0),
(3363, 334, '安宁区', 50, 0),
(3364, 334, '红古区', 50, 0),
(3365, 334, '永登县', 50, 0),
(3366, 334, '皋兰县', 50, 0),
(3367, 334, '榆中县', 50, 0),
(3368, 334, '其它区', 60, 0),
(3369, 336, '金川区', 50, 0),
(3370, 336, '永昌县', 50, 0),
(3371, 336, '其它区', 60, 0),
(3372, 337, '白银区', 50, 0),
(3373, 337, '平川区', 50, 0),
(3374, 337, '靖远县', 50, 0),
(3375, 337, '会宁县', 50, 0),
(3376, 337, '景泰县', 50, 0),
(3377, 337, '其它区', 60, 0),
(3378, 338, '秦州区', 50, 0),
(3379, 338, '麦积区', 50, 0),
(3380, 338, '清水县', 50, 0),
(3381, 338, '秦安县', 50, 0),
(3382, 338, '甘谷县', 50, 0),
(3383, 338, '武山县', 50, 0),
(3384, 338, '张家川回族自治县', 50, 0),
(3385, 338, '其它区', 60, 0),
(3386, 339, '凉州区', 50, 0),
(3387, 339, '民勤县', 50, 0),
(3388, 339, '古浪县', 50, 0),
(3389, 339, '天祝藏族自治县', 50, 0),
(3390, 339, '其它区', 60, 0),
(3391, 340, '甘州区', 50, 0),
(3392, 340, '肃南裕固族自治县', 50, 0),
(3393, 340, '民乐县', 50, 0),
(3394, 340, '临泽县', 50, 0),
(3395, 340, '高台县', 50, 0),
(3396, 340, '山丹县', 50, 0),
(3397, 340, '其它区', 60, 0),
(3398, 341, '崆峒区', 50, 0),
(3399, 341, '泾川县', 50, 0),
(3400, 341, '灵台县', 50, 0),
(3401, 341, '崇信县', 50, 0),
(3402, 341, '华亭县', 50, 0),
(3403, 341, '庄浪县', 50, 0),
(3404, 341, '静宁县', 50, 0),
(3405, 341, '其它区', 60, 0),
(3406, 342, '肃州区', 50, 0),
(3407, 342, '金塔县', 50, 0),
(3408, 342, '瓜州县', 50, 0),
(3409, 342, '肃北蒙古族自治县', 50, 0),
(3410, 342, '阿克塞哈萨克族自治县', 50, 0),
(3411, 342, '玉门市', 50, 0),
(3412, 342, '敦煌市', 50, 0),
(3413, 342, '其它区', 60, 0),
(3414, 343, '西峰区', 50, 0),
(3415, 343, '庆城县', 50, 0),
(3416, 343, '环县', 50, 0),
(3417, 343, '华池县', 50, 0),
(3418, 343, '合水县', 50, 0),
(3419, 343, '正宁县', 50, 0),
(3420, 343, '宁县', 50, 0),
(3421, 343, '镇原县', 50, 0),
(3422, 343, '其它区', 60, 0),
(3423, 344, '安定区', 50, 0),
(3424, 344, '通渭县', 50, 0),
(3425, 344, '陇西县', 50, 0),
(3426, 344, '渭源县', 50, 0),
(3427, 344, '临洮县', 50, 0),
(3428, 344, '漳县', 50, 0),
(3429, 344, '岷县', 50, 0),
(3430, 344, '其它区', 60, 0),
(3431, 345, '武都区', 50, 0),
(3432, 345, '成县', 50, 0),
(3433, 345, '文县', 50, 0),
(3434, 345, '宕昌县', 50, 0),
(3435, 345, '康县', 50, 0),
(3436, 345, '西和县', 50, 0),
(3437, 345, '礼县', 50, 0),
(3438, 345, '徽县', 50, 0),
(3439, 345, '两当县', 50, 0),
(3440, 345, '其它区', 60, 0),
(3441, 346, '临夏市', 50, 0),
(3442, 346, '临夏县', 50, 0),
(3443, 346, '康乐县', 50, 0),
(3444, 346, '永靖县', 50, 0),
(3445, 346, '广河县', 50, 0),
(3446, 346, '和政县', 50, 0),
(3447, 346, '东乡族自治县', 50, 0),
(3448, 346, '积石山保安族东乡族撒拉族自治县', 50, 0),
(3449, 346, '其它区', 60, 0),
(3450, 347, '合作市', 50, 0),
(3451, 347, '临潭县', 50, 0),
(3452, 347, '卓尼县', 50, 0),
(3453, 347, '舟曲县', 50, 0),
(3454, 347, '迭部县', 50, 0),
(3455, 347, '玛曲县', 50, 0),
(3456, 347, '碌曲县', 50, 0),
(3457, 347, '夏河县', 50, 0),
(3458, 347, '其它区', 60, 0),
(3459, 348, '城东区', 50, 0),
(3460, 348, '城中区', 50, 0),
(3461, 348, '城西区', 50, 0),
(3462, 348, '城北区', 50, 0),
(3463, 348, '大通回族土族自治县', 50, 0),
(3464, 348, '湟中县', 50, 0),
(3465, 348, '湟源县', 50, 0),
(3466, 348, '其它区', 60, 0),
(3467, 349, '平安区', 50, 0),
(3468, 349, '民和回族土族自治县', 50, 0),
(3469, 349, '乐都区', 50, 0),
(3470, 349, '互助土族自治县', 50, 0),
(3471, 349, '化隆回族自治县', 50, 0),
(3472, 349, '循化撒拉族自治县', 50, 0),
(3473, 349, '其它区', 60, 0),
(3474, 350, '门源回族自治县', 50, 0),
(3475, 350, '祁连县', 50, 0),
(3476, 350, '海晏县', 50, 0),
(3477, 350, '刚察县', 50, 0),
(3478, 350, '其它区', 60, 0),
(3479, 351, '同仁县', 50, 0),
(3480, 351, '尖扎县', 50, 0),
(3481, 351, '泽库县', 50, 0),
(3482, 351, '河南蒙古族自治县', 50, 0),
(3483, 351, '其它区', 60, 0),
(3484, 352, '共和县', 50, 0),
(3485, 352, '同德县', 50, 0),
(3486, 352, '贵德县', 50, 0),
(3487, 352, '兴海县', 50, 0),
(3488, 352, '贵南县', 50, 0),
(3489, 352, '其它区', 60, 0),
(3490, 353, '玛沁县', 50, 0),
(3491, 353, '班玛县', 50, 0),
(3492, 353, '甘德县', 50, 0),
(3493, 353, '达日县', 50, 0),
(3494, 353, '久治县', 50, 0),
(3495, 353, '玛多县', 50, 0),
(3496, 353, '其它区', 60, 0),
(3497, 354, '玉树市', 50, 0),
(3498, 354, '杂多县', 50, 0),
(3499, 354, '称多县', 50, 0),
(3500, 354, '治多县', 50, 0),
(3501, 354, '囊谦县', 50, 0),
(3502, 354, '曲麻莱县', 50, 0),
(3503, 354, '其它区', 60, 0),
(3504, 355, '格尔木市', 50, 0),
(3505, 355, '德令哈市', 50, 0),
(3506, 355, '乌兰县', 50, 0),
(3507, 355, '都兰县', 50, 0),
(3508, 355, '天峻县', 50, 0),
(3509, 355, '其它区', 60, 0),
(3510, 356, '兴庆区', 50, 0),
(3511, 356, '西夏区', 50, 0),
(3512, 356, '金凤区', 50, 0),
(3513, 356, '永宁县', 50, 0),
(3514, 356, '贺兰县', 50, 0),
(3515, 356, '灵武市', 50, 0),
(3516, 356, '其它区', 60, 0),
(3517, 357, '大武口区', 50, 0),
(3518, 357, '惠农区', 50, 0),
(3519, 357, '平罗县', 50, 0),
(3520, 357, '其它区', 60, 0),
(3521, 358, '利通区', 50, 0),
(3522, 358, '红寺堡区', 50, 0),
(3523, 358, '盐池县', 50, 0),
(3524, 358, '同心县', 50, 0),
(3525, 358, '青铜峡市', 50, 0),
(3526, 358, '其它区', 60, 0),
(3527, 359, '原州区', 50, 0),
(3528, 359, '西吉县', 50, 0),
(3529, 359, '隆德县', 50, 0),
(3530, 359, '泾源县', 50, 0),
(3531, 359, '彭阳县', 50, 0),
(3532, 359, '其它区', 60, 0),
(3533, 360, '沙坡头区', 50, 0),
(3534, 360, '中宁县', 50, 0),
(3535, 360, '海原县', 50, 0),
(3536, 360, '其它区', 60, 0),
(3537, 361, '天山区', 50, 0),
(3538, 361, '沙依巴克区', 50, 0),
(3539, 361, '新市区', 50, 0),
(3540, 361, '水磨沟区', 50, 0),
(3541, 361, '头屯河区', 50, 0),
(3542, 361, '达坂城区', 50, 0),
(3543, 361, '东山区', 50, 0),
(3544, 361, '米东区', 50, 0),
(3545, 361, '乌鲁木齐县', 50, 0),
(3546, 361, '其它区', 60, 0),
(3547, 362, '独山子区', 50, 0),
(3548, 362, '克拉玛依区', 50, 0),
(3549, 362, '白碱滩区', 50, 0),
(3550, 362, '乌尔禾区', 50, 0),
(3551, 362, '其它区', 60, 0),
(3552, 363, '高昌区', 50, 0),
(3553, 363, '鄯善县', 50, 0),
(3554, 363, '托克逊县', 50, 0),
(3555, 363, '其它区', 60, 0),
(3556, 364, '哈密市', 50, 0),
(3557, 364, '巴里坤哈萨克自治县', 50, 0),
(3558, 364, '伊吾县', 50, 0),
(3559, 364, '其它区', 60, 0),
(3560, 365, '昌吉市', 50, 0),
(3561, 365, '阜康市', 50, 0),
(3562, 365, '米泉市', 50, 0),
(3563, 365, '呼图壁县', 50, 0),
(3564, 365, '玛纳斯县', 50, 0),
(3565, 365, '奇台县', 50, 0),
(3566, 365, '吉木萨尔县', 50, 0),
(3567, 365, '木垒哈萨克自治县', 50, 0),
(3568, 365, '其它区', 60, 0),
(3569, 366, '博乐市', 50, 0),
(3570, 366, '阿拉山口市', 50, 0),
(3571, 366, '精河县', 50, 0),
(3572, 366, '温泉县', 50, 0),
(3573, 366, '其它区', 60, 0),
(3574, 367, '库尔勒市', 50, 0),
(3575, 367, '轮台县', 50, 0),
(3576, 367, '尉犁县', 50, 0),
(3577, 367, '若羌县', 50, 0),
(3578, 367, '且末县', 50, 0),
(3579, 367, '焉耆回族自治县', 50, 0),
(3580, 367, '和静县', 50, 0),
(3581, 367, '和硕县', 50, 0),
(3582, 367, '博湖县', 50, 0),
(3583, 367, '其它区', 60, 0),
(3584, 368, '阿克苏市', 50, 0),
(3585, 368, '温宿县', 50, 0),
(3586, 368, '库车县', 50, 0),
(3587, 368, '沙雅县', 50, 0),
(3588, 368, '新和县', 50, 0),
(3589, 368, '拜城县', 50, 0),
(3590, 368, '乌什县', 50, 0),
(3591, 368, '阿瓦提县', 50, 0),
(3592, 368, '柯坪县', 50, 0),
(3593, 368, '其它区', 60, 0),
(3594, 369, '阿图什市', 50, 0),
(3595, 369, '阿克陶县', 50, 0),
(3596, 369, '阿合奇县', 50, 0),
(3597, 369, '乌恰县', 50, 0),
(3598, 369, '其它区', 60, 0),
(3599, 370, '喀什市', 50, 0),
(3600, 370, '疏附县', 50, 0),
(3601, 370, '疏勒县', 50, 0),
(3602, 370, '英吉沙县', 50, 0),
(3603, 370, '泽普县', 50, 0),
(3604, 370, '莎车县', 50, 0),
(3605, 370, '叶城县', 50, 0),
(3606, 370, '麦盖提县', 50, 0),
(3607, 370, '岳普湖县', 50, 0),
(3608, 370, '伽师县', 50, 0),
(3609, 370, '巴楚县', 50, 0),
(3610, 370, '塔什库尔干塔吉克自治县', 50, 0),
(3611, 370, '其它区', 60, 0),
(3612, 371, '和田市', 50, 0),
(3613, 371, '和田县', 50, 0),
(3614, 371, '墨玉县', 50, 0),
(3615, 371, '皮山县', 50, 0),
(3616, 371, '洛浦县', 50, 0),
(3617, 371, '策勒县', 50, 0),
(3618, 371, '于田县', 50, 0),
(3619, 371, '民丰县', 50, 0),
(3620, 371, '其它区', 60, 0),
(3621, 372, '伊宁市', 50, 0),
(3622, 372, '奎屯市', 50, 0),
(3623, 372, '伊宁县', 50, 0),
(3624, 372, '察布查尔锡伯自治县', 50, 0),
(3625, 372, '霍城县', 50, 0),
(3626, 372, '巩留县', 50, 0),
(3627, 372, '新源县', 50, 0),
(3628, 372, '昭苏县', 50, 0),
(3629, 372, '特克斯县', 50, 0),
(3630, 372, '尼勒克县', 50, 0),
(3631, 372, '其它区', 60, 0),
(3632, 373, '塔城市', 50, 0),
(3633, 373, '乌苏市', 50, 0),
(3634, 373, '额敏县', 50, 0),
(3635, 373, '沙湾县', 50, 0),
(3636, 373, '托里县', 50, 0),
(3637, 373, '裕民县', 50, 0),
(3638, 373, '和布克赛尔蒙古自治县', 50, 0),
(3639, 373, '其它区', 60, 0),
(3640, 374, '阿勒泰市', 50, 0),
(3641, 374, '布尔津县', 50, 0),
(3642, 374, '富蕴县', 50, 0),
(3643, 374, '福海县', 50, 0),
(3644, 374, '哈巴河县', 50, 0),
(3645, 374, '青河县', 50, 0),
(3646, 374, '吉木乃县', 50, 0),
(3647, 374, '其它区', 60, 0),
(3648, 375, '中正区', 50, 0),
(3649, 375, '大同区', 50, 0),
(3650, 375, '中山区', 50, 0),
(3651, 375, '松山区', 50, 0),
(3652, 375, '大安区', 50, 0),
(3653, 375, '万华区', 50, 0),
(3654, 375, '信义区', 50, 0),
(3655, 375, '士林区', 50, 0),
(3656, 375, '北投区', 50, 0),
(3657, 375, '内湖区', 50, 0),
(3658, 375, '南港区', 50, 0),
(3659, 375, '文山区', 50, 0),
(3660, 375, '其它区', 60, 0),
(3661, 376, '新兴区', 50, 0),
(3662, 376, '前金区', 50, 0),
(3663, 376, '芩雅区', 50, 0),
(3664, 376, '盐埕区', 50, 0),
(3665, 376, '鼓山区', 50, 0),
(3666, 376, '旗津区', 50, 0),
(3667, 376, '前镇区', 50, 0),
(3668, 376, '三民区', 50, 0),
(3669, 376, '左营区', 50, 0),
(3670, 376, '楠梓区', 50, 0),
(3671, 376, '小港区', 50, 0),
(3672, 376, '其它区', 60, 0),
(3673, 376, '苓雅区', 50, 0),
(3674, 376, '仁武区', 50, 0),
(3675, 376, '大社区', 50, 0),
(3676, 376, '冈山区', 50, 0),
(3677, 376, '路竹区', 50, 0),
(3678, 376, '阿莲区', 50, 0),
(3679, 376, '田寮区', 50, 0),
(3680, 376, '燕巢区', 50, 0),
(3681, 376, '桥头区', 50, 0),
(3682, 376, '梓官区', 50, 0),
(3683, 376, '弥陀区', 50, 0),
(3684, 376, '永安区', 50, 0),
(3685, 376, '湖内区', 50, 0),
(3686, 376, '凤山区', 50, 0),
(3687, 376, '大寮区', 50, 0),
(3688, 376, '林园区', 50, 0),
(3689, 376, '鸟松区', 50, 0),
(3690, 376, '大树区', 50, 0),
(3691, 376, '旗山区', 50, 0),
(3692, 376, '美浓区', 50, 0),
(3693, 376, '六龟区', 50, 0),
(3694, 376, '内门区', 50, 0),
(3695, 376, '杉林区', 50, 0),
(3696, 376, '甲仙区', 50, 0),
(3697, 376, '桃源区', 50, 0),
(3698, 376, '那玛夏区', 50, 0),
(3699, 376, '茂林区', 50, 0),
(3700, 376, '茄萣区', 50, 0),
(3701, 377, '中西区', 50, 0),
(3702, 377, '东区', 50, 0),
(3703, 377, '南区', 50, 0),
(3704, 377, '北区', 50, 0),
(3705, 377, '安平区', 50, 0),
(3706, 377, '安南区', 50, 0),
(3707, 377, '其它区', 60, 0),
(3708, 377, '永康区', 50, 0),
(3709, 377, '归仁区', 50, 0),
(3710, 377, '新化区', 50, 0),
(3711, 377, '左镇区', 50, 0),
(3712, 377, '玉井区', 50, 0),
(3713, 377, '楠西区', 50, 0),
(3714, 377, '南化区', 50, 0),
(3715, 377, '仁德区', 50, 0),
(3716, 377, '关庙区', 50, 0),
(3717, 377, '龙崎区', 50, 0),
(3718, 377, '官田区', 50, 0),
(3719, 377, '麻豆区', 50, 0),
(3720, 377, '佳里区', 50, 0),
(3721, 377, '西港区', 50, 0),
(3722, 377, '七股区', 50, 0),
(3723, 377, '将军区', 50, 0),
(3724, 377, '学甲区', 50, 0),
(3725, 377, '北门区', 50, 0),
(3726, 377, '新营区', 50, 0),
(3727, 377, '后壁区', 50, 0),
(3728, 377, '白河区', 50, 0),
(3729, 377, '东山区', 50, 0),
(3730, 377, '六甲区', 50, 0),
(3731, 377, '下营区', 50, 0),
(3732, 377, '柳营区', 50, 0),
(3733, 377, '盐水区', 50, 0),
(3734, 377, '善化区', 50, 0),
(3735, 377, '大内区', 50, 0),
(3736, 377, '山上区', 50, 0),
(3737, 377, '新市区', 50, 0),
(3738, 377, '安定区', 50, 0),
(3739, 378, '中区', 50, 0),
(3740, 378, '东区', 50, 0),
(3741, 378, '南区', 50, 0),
(3742, 378, '西区', 50, 0),
(3743, 378, '北区', 50, 0),
(3744, 378, '北屯区', 50, 0),
(3745, 378, '西屯区', 50, 0),
(3746, 378, '南屯区', 50, 0),
(3747, 378, '其它区', 60, 0),
(3748, 378, '太平区', 50, 0),
(3749, 378, '大里区', 50, 0),
(3750, 378, '雾峰区', 50, 0),
(3751, 378, '乌日区', 50, 0),
(3752, 378, '丰原区', 50, 0),
(3753, 378, '后里区', 50, 0),
(3754, 378, '石冈区', 50, 0),
(3755, 378, '东势区', 50, 0),
(3756, 378, '和平区', 50, 0),
(3757, 378, '新社区', 50, 0),
(3758, 378, '潭子区', 50, 0),
(3759, 378, '大雅区', 50, 0),
(3760, 378, '神冈区', 50, 0),
(3761, 378, '大肚区', 50, 0),
(3762, 378, '沙鹿区', 50, 0),
(3763, 378, '龙井区', 50, 0),
(3764, 378, '梧栖区', 50, 0),
(3765, 378, '清水区', 50, 0),
(3766, 378, '大甲区', 50, 0),
(3767, 378, '外埔区', 50, 0),
(3768, 378, '大安区', 50, 0),
(3769, 379, '金沙镇', 50, 0),
(3770, 379, '金湖镇', 50, 0),
(3771, 379, '金宁乡', 50, 0),
(3772, 379, '金城镇', 50, 0),
(3773, 379, '烈屿乡', 50, 0),
(3774, 379, '乌坵乡', 50, 0),
(3775, 380, '南投市', 50, 0),
(3776, 380, '中寮乡', 50, 0),
(3777, 380, '草屯镇', 50, 0),
(3778, 380, '国姓乡', 50, 0),
(3779, 380, '埔里镇', 50, 0),
(3780, 380, '仁爱乡', 50, 0),
(3781, 380, '名间乡', 50, 0),
(3782, 380, '集集镇', 50, 0),
(3783, 380, '水里乡', 50, 0),
(3784, 380, '鱼池乡', 50, 0),
(3785, 380, '信义乡', 50, 0),
(3786, 380, '竹山镇', 50, 0),
(3787, 380, '鹿谷乡', 50, 0),
(3788, 381, '仁爱区', 50, 0),
(3789, 381, '信义区', 50, 0),
(3790, 381, '中正区', 50, 0),
(3791, 381, '中山区', 50, 0),
(3792, 381, '安乐区', 50, 0),
(3793, 381, '暖暖区', 50, 0),
(3794, 381, '七堵区', 50, 0),
(3795, 381, '其它区', 60, 0),
(3796, 382, '东区', 50, 0),
(3797, 382, '北区', 50, 0),
(3798, 382, '香山区', 50, 0),
(3799, 382, '其它区', 60, 0),
(3800, 383, '东区', 50, 0),
(3801, 383, '西区', 50, 0),
(3802, 383, '其它区', 60, 0),
(3803, 384, '万里区', 50, 0),
(3804, 384, '金山区', 50, 0),
(3805, 384, '板桥区', 50, 0),
(3806, 384, '汐止区', 50, 0),
(3807, 384, '深坑区', 50, 0),
(3808, 384, '石碇区', 50, 0),
(3809, 384, '瑞芳区', 50, 0),
(3810, 384, '平溪区', 50, 0),
(3811, 384, '双溪区', 50, 0),
(3812, 384, '贡寮区', 50, 0),
(3813, 384, '新店区', 50, 0),
(3814, 384, '坪林区', 50, 0),
(3815, 384, '乌来区', 50, 0),
(3816, 384, '永和区', 50, 0),
(3817, 384, '中和区', 50, 0),
(3818, 384, '土城区', 50, 0),
(3819, 384, '三峡区', 50, 0),
(3820, 384, '树林区', 50, 0),
(3821, 384, '莺歌区', 50, 0),
(3822, 384, '三重区', 50, 0),
(3823, 384, '新庄区', 50, 0),
(3824, 384, '泰山区', 50, 0),
(3825, 384, '林口区', 50, 0),
(3826, 384, '芦洲区', 50, 0),
(3827, 384, '五股区', 50, 0),
(3828, 384, '八里区', 50, 0),
(3829, 384, '淡水区', 50, 0),
(3830, 384, '三芝区', 50, 0),
(3831, 384, '石门区', 50, 0),
(3832, 385, '宜兰市', 50, 0),
(3833, 385, '头城镇', 50, 0),
(3834, 385, '礁溪乡', 50, 0),
(3835, 385, '壮围乡', 50, 0),
(3836, 385, '员山乡', 50, 0),
(3837, 385, '罗东镇', 50, 0),
(3838, 385, '三星乡', 50, 0),
(3839, 385, '大同乡', 50, 0),
(3840, 385, '五结乡', 50, 0),
(3841, 385, '冬山乡', 50, 0),
(3842, 385, '苏澳镇', 50, 0),
(3843, 385, '南澳乡', 50, 0),
(3844, 385, '钓鱼台', 50, 0),
(3845, 386, '竹北市', 50, 0),
(3846, 386, '湖口乡', 50, 0),
(3847, 386, '新丰乡', 50, 0),
(3848, 386, '新埔镇', 50, 0),
(3849, 386, '关西镇', 50, 0),
(3850, 386, '芎林乡', 50, 0),
(3851, 386, '宝山乡', 50, 0),
(3852, 386, '竹东镇', 50, 0),
(3853, 386, '五峰乡', 50, 0),
(3854, 386, '横山乡', 50, 0),
(3855, 386, '尖石乡', 50, 0),
(3856, 386, '北埔乡', 50, 0),
(3857, 386, '峨眉乡', 50, 0),
(3858, 387, '中坜市', 50, 0),
(3859, 387, '平镇市', 50, 0),
(3860, 387, '龙潭乡', 50, 0),
(3861, 387, '杨梅市', 50, 0),
(3862, 387, '新屋乡', 50, 0),
(3863, 387, '观音乡', 50, 0),
(3864, 387, '桃园市', 50, 0),
(3865, 387, '龟山乡', 50, 0),
(3866, 387, '八德市', 50, 0),
(3867, 387, '大溪镇', 50, 0),
(3868, 387, '复兴乡', 50, 0),
(3869, 387, '大园乡', 50, 0),
(3870, 387, '芦竹乡', 50, 0),
(3871, 388, '竹南镇', 50, 0),
(3872, 388, '头份镇', 50, 0),
(3873, 388, '三湾乡', 50, 0),
(3874, 388, '南庄乡', 50, 0),
(3875, 388, '狮潭乡', 50, 0),
(3876, 388, '后龙镇', 50, 0),
(3877, 388, '通霄镇', 50, 0),
(3878, 388, '苑里镇', 50, 0),
(3879, 388, '苗栗市', 50, 0),
(3880, 388, '造桥乡', 50, 0),
(3881, 388, '头屋乡', 50, 0),
(3882, 388, '公馆乡', 50, 0),
(3883, 388, '大湖乡', 50, 0),
(3884, 388, '泰安乡', 50, 0),
(3885, 388, '铜锣乡', 50, 0),
(3886, 388, '三义乡', 50, 0),
(3887, 388, '西湖乡', 50, 0),
(3888, 388, '卓兰镇', 50, 0),
(3889, 389, '彰化市', 50, 0),
(3890, 389, '芬园乡', 50, 0),
(3891, 389, '花坛乡', 50, 0),
(3892, 389, '秀水乡', 50, 0),
(3893, 389, '鹿港镇', 50, 0),
(3894, 389, '福兴乡', 50, 0),
(3895, 389, '线西乡', 50, 0),
(3896, 389, '和美镇', 50, 0),
(3897, 389, '伸港乡', 50, 0),
(3898, 389, '员林镇', 50, 0),
(3899, 389, '社头乡', 50, 0),
(3900, 389, '永靖乡', 50, 0),
(3901, 389, '埔心乡', 50, 0),
(3902, 389, '溪湖镇', 50, 0),
(3903, 389, '大村乡', 50, 0),
(3904, 389, '埔盐乡', 50, 0),
(3905, 389, '田中镇', 50, 0),
(3906, 389, '北斗镇', 50, 0),
(3907, 389, '田尾乡', 50, 0),
(3908, 389, '埤头乡', 50, 0),
(3909, 389, '溪州乡', 50, 0),
(3910, 389, '竹塘乡', 50, 0),
(3911, 389, '二林镇', 50, 0),
(3912, 389, '大城乡', 50, 0),
(3913, 389, '芳苑乡', 50, 0),
(3914, 389, '二水乡', 50, 0),
(3915, 390, '番路乡', 50, 0),
(3916, 390, '梅山乡', 50, 0),
(3917, 390, '竹崎乡', 50, 0),
(3918, 390, '阿里山乡', 50, 0),
(3919, 390, '中埔乡', 50, 0),
(3920, 390, '大埔乡', 50, 0),
(3921, 390, '水上乡', 50, 0),
(3922, 390, '鹿草乡', 50, 0),
(3923, 390, '太保市', 50, 0),
(3924, 390, '朴子市', 50, 0),
(3925, 390, '东石乡', 50, 0),
(3926, 390, '六脚乡', 50, 0),
(3927, 390, '新港乡', 50, 0),
(3928, 390, '民雄乡', 50, 0),
(3929, 390, '大林镇', 50, 0),
(3930, 390, '溪口乡', 50, 0),
(3931, 390, '义竹乡', 50, 0),
(3932, 390, '布袋镇', 50, 0),
(3933, 391, '斗南镇', 50, 0),
(3934, 391, '大埤乡', 50, 0),
(3935, 391, '虎尾镇', 50, 0),
(3936, 391, '土库镇', 50, 0),
(3937, 391, '褒忠乡', 50, 0),
(3938, 391, '东势乡', 50, 0),
(3939, 391, '台西乡', 50, 0),
(3940, 391, '仑背乡', 50, 0),
(3941, 391, '麦寮乡', 50, 0),
(3942, 391, '斗六市', 50, 0),
(3943, 391, '林内乡', 50, 0),
(3944, 391, '古坑乡', 50, 0),
(3945, 391, '莿桐乡', 50, 0),
(3946, 391, '西螺镇', 50, 0),
(3947, 391, '二仑乡', 50, 0),
(3948, 391, '北港镇', 50, 0),
(3949, 391, '水林乡', 50, 0),
(3950, 391, '口湖乡', 50, 0),
(3951, 391, '四湖乡', 50, 0),
(3952, 391, '元长乡', 50, 0),
(3953, 392, '屏东市', 50, 0),
(3954, 392, '三地门乡', 50, 0),
(3955, 392, '雾台乡', 50, 0),
(3956, 392, '玛家乡', 50, 0),
(3957, 392, '九如乡', 50, 0),
(3958, 392, '里港乡', 50, 0),
(3959, 392, '高树乡', 50, 0),
(3960, 392, '盐埔乡', 50, 0),
(3961, 392, '长治乡', 50, 0),
(3962, 392, '麟洛乡', 50, 0),
(3963, 392, '竹田乡', 50, 0),
(3964, 392, '内埔乡', 50, 0),
(3965, 392, '万丹乡', 50, 0),
(3966, 392, '潮州镇', 50, 0),
(3967, 392, '泰武乡', 50, 0),
(3968, 392, '来义乡', 50, 0),
(3969, 392, '万峦乡', 50, 0),
(3970, 392, '崁顶乡', 50, 0),
(3971, 392, '新埤乡', 50, 0),
(3972, 392, '南州乡', 50, 0),
(3973, 392, '林边乡', 50, 0),
(3974, 392, '东港镇', 50, 0),
(3975, 392, '琉球乡', 50, 0),
(3976, 392, '佳冬乡', 50, 0),
(3977, 392, '新园乡', 50, 0),
(3978, 392, '枋寮乡', 50, 0),
(3979, 392, '枋山乡', 50, 0),
(3980, 392, '春日乡', 50, 0),
(3981, 392, '狮子乡', 50, 0),
(3982, 392, '车城乡', 50, 0),
(3983, 392, '牡丹乡', 50, 0),
(3984, 392, '恒春镇', 50, 0),
(3985, 392, '满州乡', 50, 0),
(3986, 393, '台东市', 50, 0),
(3987, 393, '绿岛乡', 50, 0),
(3988, 393, '兰屿乡', 50, 0),
(3989, 393, '延平乡', 50, 0),
(3990, 393, '卑南乡', 50, 0),
(3991, 393, '鹿野乡', 50, 0),
(3992, 393, '关山镇', 50, 0),
(3993, 393, '海端乡', 50, 0),
(3994, 393, '池上乡', 50, 0),
(3995, 393, '东河乡', 50, 0),
(3996, 393, '成功镇', 50, 0),
(3997, 393, '长滨乡', 50, 0),
(3998, 393, '金峰乡', 50, 0),
(3999, 393, '大武乡', 50, 0),
(4000, 393, '达仁乡', 50, 0),
(4001, 393, '太麻里乡', 50, 0),
(4002, 394, '花莲市', 50, 0),
(4003, 394, '新城乡', 50, 0),
(4004, 394, '太鲁阁', 50, 0),
(4005, 394, '秀林乡', 50, 0),
(4006, 394, '吉安乡', 50, 0),
(4007, 394, '寿丰乡', 50, 0),
(4008, 394, '凤林镇', 50, 0),
(4009, 394, '光复乡', 50, 0),
(4010, 394, '丰滨乡', 50, 0),
(4011, 394, '瑞穗乡', 50, 0),
(4012, 394, '万荣乡', 50, 0),
(4013, 394, '玉里镇', 50, 0),
(4014, 394, '卓溪乡', 50, 0),
(4015, 394, '富里乡', 50, 0),
(4016, 395, '马公市', 50, 0),
(4017, 395, '西屿乡', 50, 0),
(4018, 395, '望安乡', 50, 0),
(4019, 395, '七美乡', 50, 0),
(4020, 395, '白沙乡', 50, 0),
(4021, 395, '湖西乡', 50, 0),
(4022, 396, '南竿乡', 50, 0),
(4023, 396, '北竿乡', 50, 0),
(4024, 396, '莒光乡', 50, 0),
(4025, 396, '东引乡', 50, 0),
(4026, 397, '中西区', 50, 0),
(4027, 397, '湾仔', 50, 0),
(4028, 397, '东区', 50, 0),
(4029, 397, '南区', 50, 0),
(4030, 398, '九龙城区', 50, 0),
(4031, 398, '油尖旺区', 50, 0),
(4032, 398, '深水埗区', 50, 0),
(4033, 398, '黄大仙区', 50, 0),
(4034, 398, '观塘区', 50, 0),
(4035, 399, '北区', 50, 0),
(4036, 399, '大埔区', 50, 0),
(4037, 399, '沙田区', 50, 0),
(4038, 399, '西贡区', 50, 0),
(4039, 399, '元朗区', 50, 0),
(4040, 399, '屯门区', 50, 0),
(4041, 399, '荃湾区', 50, 0),
(4042, 399, '葵青区', 50, 0),
(4043, 399, '离岛区', 50, 0),
(4044, 124, '江北区', 49, 0),
(4080, 1, '钓鱼岛', 35, 0),
(4081, 4080, '钓鱼岛', 50, 0);
INSERT INTO `donkey_region` (`region_id`, `parent_id`, `region_name`, `sort`, `is_delete`) VALUES
(4083, 1, '海外', 36, 0),
(4084, 4083, '海外', 50, 0);

DROP TABLE IF EXISTS `donkey_service_log`;
CREATE TABLE `donkey_service_log` (
  `service_log_id` int(11) UNSIGNED NOT NULL,
  `order_service_id` int(11) UNSIGNED NOT NULL DEFAULT '0' COMMENT '对应order_service表',
  `service_no` varchar(50) COLLATE utf8mb4_unicode_ci NOT NULL COMMENT '售后单号',
  `action` varchar(80) COLLATE utf8mb4_unicode_ci NOT NULL DEFAULT '' COMMENT '操作者',
  `client_type` tinyint(1) NOT NULL COMMENT '-1=游客 0=顾客 1=管理组',
  `comment` varchar(255) COLLATE utf8mb4_unicode_ci NOT NULL COMMENT '具体说明',
  `description` varchar(100) COLLATE utf8mb4_unicode_ci NOT NULL COMMENT '描述',
  `create_time` int(11) NOT NULL DEFAULT '0' COMMENT '创建日期'
) ENGINE=InnoDB DEFAULT CHARSET=utf8mb4 COLLATE=utf8mb4_unicode_ci COMMENT='售后日志';

INSERT INTO `donkey_service_log` (`service_log_id`, `order_service_id`, `service_no`, `action`, `client_type`, `comment`, `description`, `create_time`) VALUES
(1, 2, 'SH_A4213550720400230001', 'CareyShop', 1, '发起申请售后服务。', '申请售后', 1587435507),
(2, 2, 'SH_A4213550720400230001', 'CareyShop', 1, '商家已拒绝售后服务，如有需要您可以再次申请。', '拒绝售后', 1587715761),
(3, 2, 'SH_A4213550720400230001', 'CareyShop', 1, '商家已拒绝售后服务，如有需要您可以再次申请。', '拒绝售后', 1587715964),
(4, 28, 'SH_A4213550720400230028', 'admin', 1, '商家已同意处理此笔售后服务单。', '同意售后', 1587973420),
(5, 28, 'SH_A4213550720400230028', 'admin', 1, '商家已同意处理此笔售后服务单。', '同意售后', 1587973656),
(6, 28, 'SH_A4213550720400230028', 'admin', 1, '商家已同意处理此笔售后服务单。', '同意售后', 1587973958),
(7, 28, 'SH_A4213550720400230028', 'admin', 1, '商家已同意处理此笔售后服务单。', '同意售后', 1587974136),
(8, 28, 'SH_A4213550720400230028', 'admin', 1, '商家已同意处理此笔售后服务单。', '同意售后', 1587974218),
(9, 27, 'SH_A4213550720400230027', 'admin', 1, '商家已拒绝售后服务，如有需要您可以再次申请。', '拒绝售后', 1587975251),
(10, 24, 'SH_A4213550720400230024', 'admin', 1, '商家已拒绝售后服务，如有需要您可以再次申请。', '拒绝售后', 1587975295),
(11, 23, 'SH_A4213550720400230023', 'admin', 1, '商家已同意处理此笔售后服务单。', '同意售后', 1587975427),
(12, 28, 'SH_A4213550720400230028', 'admin', 1, '商家已同意处理此笔售后服务单。', '同意售后', 1587975711),
(13, 28, 'SH_A4213550720400230028', 'admin', 1, '商家已同意处理此笔售后服务单。', '同意售后', 1587976955),
(14, 27, 'SH_A4213550720400230027', 'admin', 1, '商家已拒绝售后服务，如有需要您可以再次申请。', '拒绝售后', 1587976972),
(15, 26, 'SH_A4213550720400230026', 'admin', 1, '商家已同意处理此笔售后服务单。', '同意售后', 1587976988),
(16, 20, 'SH_A4213550720400230020', 'admin', 1, '商家已拒绝售后服务，如有需要您可以再次申请。', '拒绝售后', 1587976994),
(17, 28, 'SH_A4213550720400230028', 'admin', 1, '请按商家收件地址将商品寄出，填写快递单号、并填写您的收件地址。\r\n收件地址：浙江省 宁波市 江北区 XXX路\r\n收件人：carey\r\n电话：87487585\r\n邮编：315000', '商品寄回', 1587977600),
(18, 28, 'SH_A4213550720400230028', 'admin', 1, '商家取消了商品寄回的请求。', '商品寄回', 1587977603),
(19, 28, 'SH_A4213550720400230028', 'admin', 1, '请按商家收件地址将商品寄出，填写快递单号、并填写您的收件地址。\r\n收件地址：浙江省 宁波市 江北区 XXX路\r\n收件人：carey\r\n电话：87487585\r\n邮编：315000', '商品寄回', 1587977628),
(20, 28, 'SH_A4213550720400230028', 'admin', 1, '商家取消了商品寄回的请求。', '商品寄回', 1587977636),
(21, 28, 'SH_A4213550720400230028', 'admin', 1, '请按商家收件地址将商品寄出，填写快递单号、并填写您的收件地址。\r\n收件地址：浙江省 宁波市 江北区 XXX路\r\n收件人：carey\r\n电话：87487585\r\n邮编：315000', '商品寄回', 1587978155),
(22, 28, 'SH_A4213550720400230028', 'admin', 1, '商家取消了商品寄回的请求。', '商品寄回', 1587978160),
(23, 27, 'SH_A4213550720400230027', 'admin', 1, '商家已同意处理此笔售后服务单。', '同意售后', 1587978199),
(24, 27, 'SH_A4213550720400230027', 'admin', 1, '请按商家收件地址将商品寄出，填写快递单号、并填写您的收件地址。\r\n收件地址：浙江省 宁波市 江北区 XXX路\r\n收件人：carey\r\n电话：87487585\r\n邮编：315000', '商品寄回', 1587978202),
(25, 28, 'SH_A4213550720400230028', 'admin', 1, '请按商家收件地址将商品寄出，填写快递单号、并填写您的收件地址。\r\n收件地址：浙江省 宁波市 江北区 XXX路\r\n收件人：carey\r\n电话：87487585\r\n邮编：315000', '商品寄回', 1587983613),
(26, 28, 'SH_A4213550720400230028', 'admin', 1, '商家取消了商品寄回的请求。', '商品寄回', 1587983622),
(27, 28, 'SH_A4213550720400230028', 'admin', 1, '请按商家收件地址将商品寄出，填写快递单号、并填写您的收件地址。\r\n收件地址：浙江省 宁波市 江北区 XXX路\r\n收件人：carey\r\n电话：87487585\r\n邮编：315000', '商品寄回', 1587983625),
(28, 28, 'SH_A4213550720400230028', 'admin', 1, '商家取消了商品寄回的请求。', '商品寄回', 1587983627),
(29, 27, 'SH_A4213550720400230027', 'admin', 1, '商家取消了商品寄回的请求。', '商品寄回', 1587983744),
(30, 27, 'SH_A4213550720400230027', 'admin', 1, '请按商家收件地址将商品寄出，填写快递单号、并填写您的收件地址。\r\n收件地址：浙江省 宁波市 江北区 XXX路\r\n收件人：carey\r\n电话：87487585\r\n邮编：315000', '商品寄回', 1587983747),
(31, 28, 'SH_A4213550720400230028', 'admin', 1, '请按商家收件地址将商品寄出，填写快递单号、并填写您的收件地址。\r\n收件地址：浙江省 宁波市 江北区 XXX路\r\n收件人：carey\r\n电话：87487585\r\n邮编：315000', '商品寄回', 1587984307),
(32, 28, 'SH_A4213550720400230028', 'admin', 1, '商家取消了商品寄回的请求。', '商品寄回', 1587984310),
(33, 28, 'SH_A4213550720400230028', 'admin', 1, '商家对该售后服务单正在进行售后服务。', '售后服务', 1587984798),
(34, 27, 'SH_A4213550720400230027', 'admin', 1, '商家对该售后服务单正在进行售后服务。', '售后服务', 1587984832),
(35, 26, 'SH_A4213550720400230026', 'admin', 1, '商家对该售后服务单正在进行售后服务。', '售后服务', 1587984837),
(36, 28, 'SH_A4213550720400230028', 'admin', 1, '商家主动撤销售后服务单。', '撤销申请', 1587985401),
(37, 23, 'SH_A4213550720400230023', 'admin', 1, '商家主动撤销售后服务单。', '撤销申请', 1587985467),
(38, 27, 'SH_A4213550720400230027', 'admin', 1, '商家主动撤销售后服务单。', '撤销申请', 1587985518),
(39, 19, 'SH_A4213550720400230019', 'admin', 1, '商家已同意处理此笔售后服务单。', '同意售后', 1587986301),
(40, 16, 'SH_A4213550720400230016', 'admin', 1, '商家已同意处理此笔售后服务单。', '同意售后', 1587986737),
(41, 15, 'SH_A4213550720400230015', 'admin', 1, '商家已拒绝售后服务，如有需要您可以再次申请。', '拒绝售后', 1587986742),
(42, 12, 'SH_A4213550720400230012', 'admin', 1, '商家已拒绝售后服务，如有需要您可以再次申请。', '拒绝售后', 1587986807),
(43, 8, 'SH_A4213550720400230008', 'admin', 1, '商家已同意处理此笔售后服务单。', '同意售后', 1587991949),
(44, 28, 'SH_A4213550720400230028', 'admin', 1, '商家已同意处理此笔售后服务单。', '同意售后', 1587992031),
(45, 27, 'SH_A4213550720400230027', 'admin', 1, '商家已同意处理此笔售后服务单。', '同意售后', 1587992044),
(46, 28, 'SH_A4213550720400230028', 'admin', 1, '售后服务完成，合计退款：12\r\n', '完成售后', 1587992724),
(47, 26, 'SH_A4213550720400230026', 'admin', 1, '商家已同意处理此笔售后服务单。', '同意售后', 1587992839),
(48, 26, 'SH_A4213550720400230026', 'admin', 1, '售后服务完成，合计退款：0\r\n', '完成售后', 1587992850),
(49, 25, 'SH_I3060591166003750025', 'admin', 1, '商家已同意处理此笔售后服务单。', '同意售后', 1587992858),
(50, 24, 'SH_A4213550720400230024', 'admin', 1, '商家已同意处理此笔售后服务单。', '同意售后', 1587992873),
(51, 24, 'SH_A4213550720400230024', 'admin', 1, '售后服务完成，合计退款：12\r\n', '完成售后', 1587992879),
(52, 22, 'SH_A4213550720400230022', 'admin', 1, '商家已同意处理此笔售后服务单。', '同意售后', 1588041266),
(53, 25, 'SH_I3060591166003750025', 'admin', 1, '商家对该售后服务单正在进行售后服务。', '售后服务', 1588043370),
(54, 25, 'SH_I3060591166003750025', 'admin', 1, '商家已完成售后服务，并已将售后商品寄出。', '完成售后', 1588043380),
(55, 27, 'SH_A4213550720400230027', 'admin', 1, '商家对该售后服务单正在进行售后服务。', '售后服务', 1588043494),
(56, 27, 'SH_A4213550720400230027', 'admin', 1, '商家已完成售后服务，并已将售后商品寄出。', '完成售后', 1588043506),
(57, 22, 'SH_A4213550720400230022', 'admin', 1, '商家对该售后服务单正在进行售后服务。', '售后服务', 1588043531),
(58, 22, 'SH_A4213550720400230022', 'admin', 1, '售后服务完成，合计退款：0\r\n', '完成售后', 1588043538),
(59, 23, 'SH_A4213550720400230023', 'admin', 1, '商家已同意处理此笔售后服务单。', '同意售后', 1588043782),
(60, 21, 'SH_I3060591166003750021', 'admin', 1, '商家已同意处理此笔售后服务单。', '同意售后', 1588043920),
(61, 20, 'SH_A4213550720400230020', 'admin', 1, '商家已同意处理此笔售后服务单。', '同意售后', 1588043935),
(62, 20, 'SH_A4213550720400230020', 'admin', 1, '售后服务完成，合计退款：12\r\n', '完成售后', 1588043939),
(63, 19, 'SH_A4213550720400230019', 'admin', 1, '商家已同意处理此笔售后服务单。', '同意售后', 1588044013),
(64, 16, 'SH_A4213550720400230016', 'admin', 1, '商家已同意处理此笔售后服务单。', '同意售后', 1588044046),
(65, 16, 'SH_A4213550720400230016', 'admin', 1, '商家对该售后服务单正在进行售后服务。', '售后服务', 1588044048),
(66, 14, 'SH_A4213550720400230014', 'admin', 1, '商家已同意处理此笔售后服务单。', '同意售后', 1588044062),
(67, 14, 'SH_A4213550720400230014', 'admin', 1, '商家对该售后服务单正在进行售后服务。', '售后服务', 1588044069),
(68, 23, 'SH_A4213550720400230023', 'admin', 1, '商家对该售后服务单正在进行售后服务。', '售后服务', 1588044128),
(69, 28, 'SH_A4213550720400230028', 'admin', 1, '商家已同意处理此笔售后服务单。', '同意售后', 1588044536),
(70, 27, 'SH_A4213550720400230027', 'admin', 1, '商家已同意处理此笔售后服务单。', '同意售后', 1588044544),
(71, 28, 'SH_A4213550720400230028', 'admin', 1, '请按商家收件地址将商品寄出，填写快递单号、并填写您的收件地址。\r\n收件地址：浙江省 宁波市 江北区 XXX路\r\n收件人：carey\r\n电话：87487585\r\n邮编：315000', '商品寄回', 1588050311),
(72, 28, 'SH_A4213550720400230028', 'admin', 1, '商家对该售后服务单正在进行售后服务。', '售后服务', 1588050320),
(73, 28, 'SH_A4213550720400230028', 'admin', 1, '售后服务完成，合计退款：12\r\n', '完成售后', 1588050325),
(74, 28, 'SH_A4213550720400230028', 'admin', 1, '商家已同意处理此笔售后服务单。', '同意售后', 1588050498),
(75, 28, 'SH_A4213550720400230028', 'admin', 1, '请按商家收件地址将商品寄出，填写快递单号、并填写您的收件地址。\r\n收件地址：浙江省 宁波市 江北区 XXX路\r\n收件人：carey\r\n电话：87487585\r\n邮编：315000', '商品寄回', 1588050510),
(76, 28, 'SH_A4213550720400230028', 'admin', 1, '商家对该售后服务单正在进行售后服务。', '售后服务', 1588050516),
(77, 28, 'SH_A4213550720400230028', 'admin', 1, '售后服务完成，合计退款：12\r\n', '完成售后', 1588050525),
(78, 27, 'SH_A4213550720400230027', 'admin', 1, '商家对该售后服务单正在进行售后服务。', '售后服务', 1588050641),
(79, 27, 'SH_A4213550720400230027', 'admin', 1, '商家已完成售后服务。', '完成售后', 1588050653),
(80, 26, 'SH_A4213550720400230026', 'admin', 1, '商家已同意处理此笔售后服务单。', '同意售后', 1588050703),
(81, 26, 'SH_A4213550720400230026', 'admin', 1, '商家主动撤销售后服务单。', '撤销申请', 1588050707),
(82, 24, 'SH_A4213550720400230024', 'admin', 1, '商家已同意处理此笔售后服务单。', '同意售后', 1588050728),
(83, 24, 'SH_A4213550720400230024', 'admin', 1, '商家对该售后服务单正在进行售后服务。', '售后服务', 1588050731),
(84, 24, 'SH_A4213550720400230024', 'admin', 1, '售后服务完成，合计退款：12\r\n', '完成售后', 1588050736),
(85, 28, 'SH_A4213550720400230028', 'admin', 1, '商家已同意处理此笔售后服务单。', '同意售后', 1588051387),
(86, 28, 'SH_A4213550720400230028', 'admin', 1, '请按商家收件地址将商品寄出，填写快递单号、并填写您的收件地址。\r\n收件地址：浙江省 宁波市 江北区 XXX路\r\n收件人：carey\r\n电话：87487585\r\n邮编：315000', '商品寄回', 1588051402),
(87, 28, 'SH_A4213550720400230028', 'admin', 1, '商家对该售后服务单正在进行售后服务。', '售后服务', 1588051404),
(88, 28, 'SH_A4213550720400230028', 'admin', 1, '售后服务完成，合计退款：12\r\n', '完成售后', 1588051417),
(89, 27, 'SH_A4213550720400230027', 'admin', 1, '商家已同意处理此笔售后服务单。', '同意售后', 1588051587),
(90, 27, 'SH_A4213550720400230027', 'admin', 1, '商家对该售后服务单正在进行售后服务。', '售后服务', 1588051592),
(91, 27, 'SH_A4213550720400230027', 'admin', 1, '商家已完成售后服务。', '完成售后', 1588051603),
(92, 26, 'SH_A4213550720400230026', 'admin', 1, '商家已同意处理此笔售后服务单。', '同意售后', 1588052323),
(93, 25, 'SH_I3060591166003750025', 'admin', 1, '商家已同意处理此笔售后服务单。', '同意售后', 1588052328),
(94, 20, 'SH_A4213550720400230020', 'admin', 1, '商家已同意处理此笔售后服务单。', '同意售后', 1588052336),
(95, 23, 'SH_A4213550720400230023', 'admin', 1, '商家已同意处理此笔售后服务单。', '同意售后', 1588052340),
(96, 23, 'SH_A4213550720400230023', 'admin', 1, '商家对该售后服务单正在进行售后服务。', '售后服务', 1588052343),
(97, 25, 'SH_I3060591166003750025', 'admin', 1, '商家对该售后服务单正在进行售后服务。', '售后服务', 1588052346),
(98, 28, 'SH_A4213550720400230028', 'admin', 1, 'test', '商家留言', 1588088644),
(99, 28, 'SH_A4213550720400230028', 'admin', 1, '好的,这是我的留言', '商家留言', 1588088667),
(100, 28, 'SH_A4213550720400230028', 'admin', 1, '发表留言', '商家留言', 1588088834),
(101, 27, 'SH_A4213550720400230027', 'admin', 1, '发表留言', '商家留言', 1588088892),
(102, 22, 'SH_A4213550720400230022', 'admin2', 1, '商家已同意处理此笔售后服务单。', '同意售后', 1588089155),
(103, 21, 'SH_I3060591166003750021', 'admin2', 1, '商家已同意处理此笔售后服务单。', '同意售后', 1588089159),
(104, 21, 'SH_I3060591166003750021', 'admin2', 1, '请按商家收件地址将商品寄出，填写快递单号、并填写您的收件地址。\r\n收件地址：浙江省 宁波市 江北区 XXX路\r\n收件人：carey\r\n电话：87487585\r\n邮编：315000', '商品寄回', 1588089168),
(105, 21, 'SH_I3060591166003750021', 'admin2', 1, '商家对该售后服务单正在进行售后服务。', '售后服务', 1588089171),
(106, 28, 'SH_A4213550720400230028', 'admin', 1, 'Firefox Test', '商家留言', 1588089702),
(107, 28, 'SH_A4213550720400230028', 'admin', 1, 'Edge Test', '商家留言', 1588089768),
(108, 28, 'SH_A4213550720400230028', 'admin', 1, 'IE Test', '商家留言', 1588089801),
(109, 20, 'SH_A4213550720400230020', 'admin', 1, '请按商家收件地址将商品寄出，填写快递单号、并填写您的收件地址。\r\n收件地址：浙江省 宁波市 江北区 XXX路\r\n收件人：carey\r\n电话：87487585\r\n邮编：315000', '商品寄回', 1588171180),
(110, 20, 'SH_A4213550720400230020', 'admin', 1, '商家取消了商品寄回的请求。', '商品寄回', 1588174076),
(111, 20, 'SH_A4213550720400230020', 'admin', 1, '请按商家收件地址将商品寄出，填写快递单号、并填写您的收件地址。\r\n收件地址：浙江省 宁波市 江北区 XXX路\r\n收件人：carey\r\n电话：87487585\r\n邮编：315000', '商品寄回', 1588174079),
(112, 26, 'SH_A4213550720400230026', 'admin', 1, '商家主动撤销售后服务单。', '撤销申请', 1588176002),
(113, 19, 'SH_A4213550720400230019', 'admin', 1, '商家已拒绝售后服务，如有需要您可以再次申请。', '拒绝售后', 1588176035),
(114, 28, 'SH_A4213550720400230028', 'admin', 1, '商家已同意处理此笔售后服务单。', '同意售后', 1588178188),
(115, 18, 'SH_A4213550720400230018', 'admin', 1, '可以看到吗?', '商家留言', 1588210433),
(116, 18, 'SH_A4213550720400230018', 'admin', 1, '商家已同意处理此笔售后服务单。', '同意售后', 1588210439),
(117, 17, 'SH_I3060591166003750017', 'admin', 1, '商家已拒绝售后服务，如有需要您可以再次申请。', '拒绝售后', 1588210838),
(118, 20, 'SH_A4213550720400230020', 'admin', 1, '商家取消了商品寄回的请求。', '商品寄回', 1588211064),
(119, 20, 'SH_A4213550720400230020', 'admin', 1, '请按商家收件地址将商品寄出，填写快递单号、并填写您的收件地址。\r\n收件地址：浙江省 宁波市 江北区 XXX路\r\n收件人：carey\r\n电话：87487585\r\n邮编：315000', '商品寄回', 1588211068),
(120, 20, 'SH_A4213550720400230020', 'admin', 1, '商家取消了商品寄回的请求。', '商品寄回', 1588211080),
(121, 20, 'SH_A4213550720400230020', 'admin', 1, '请按商家收件地址将商品寄出，填写快递单号、并填写您的收件地址。\r\n收件地址：浙江省 宁波市 江北区 XXX路\r\n收件人：carey\r\n电话：87487585\r\n邮编：315000', '商品寄回', 1588211136),
(122, 20, 'SH_A4213550720400230020', 'admin', 1, '商家取消了商品寄回的请求。', '商品寄回', 1588211142),
(123, 20, 'SH_A4213550720400230020', 'admin', 1, '请按商家收件地址将商品寄出，填写快递单号、并填写您的收件地址。\r\n收件地址：浙江省 宁波市 江北区 XXX路\r\n收件人：carey\r\n电话：87487585\r\n邮编：315000', '商品寄回', 1588211147),
(124, 20, 'SH_A4213550720400230020', 'admin', 1, '商家取消了商品寄回的请求。', '商品寄回', 1588211157),
(125, 20, 'SH_A4213550720400230020', 'admin', 1, '请按商家收件地址将商品寄出，填写快递单号、并填写您的收件地址。\r\n收件地址：浙江省 宁波市 江北区 XXX路\r\n收件人：carey\r\n电话：87487585\r\n邮编：315000', '商品寄回', 1588211158),
(126, 20, 'SH_A4213550720400230020', 'admin', 1, '商家对该售后服务单正在进行售后服务。', '售后服务', 1588211512),
(127, 20, 'SH_A4213550720400230020', 'admin', 1, '商家主动撤销售后服务单。', '撤销申请', 1588211686),
(128, 16, 'SH_A4213550720400230016', 'admin', 1, '商家已同意处理此笔售后服务单。', '同意售后', 1588212720),
(129, 16, 'SH_A4213550720400230016', 'admin', 1, '商家对该售后服务单正在进行售后服务。', '售后服务', 1588212728),
(130, 16, 'SH_A4213550720400230016', 'admin', 1, '售后服务完成，合计退款：12\r\n', '完成售后', 1588212760),
(131, 15, 'SH_A4213550720400230015', 'admin', 1, '商家已同意处理此笔售后服务单。', '同意售后', 1588212780),
(132, 15, 'SH_A4213550720400230015', 'admin', 1, '商家对该售后服务单正在进行售后服务。', '售后服务', 1588212782),
(133, 15, 'SH_A4213550720400230015', 'admin', 1, '商家主动撤销售后服务单。', '撤销申请', 1588212789),
(134, 13, 'SH_I3060591166003750013', 'admin', 1, '商家已同意处理此笔售后服务单。', '同意售后', 1588213906),
(135, 13, 'SH_I3060591166003750013', 'admin', 1, '商家对该售后服务单正在进行售后服务。', '售后服务', 1588213912),
(136, 11, 'SH_A4213550720400230011', 'admin', 1, '商家已同意处理此笔售后服务单。', '同意售后', 1588213944),
(137, 11, 'SH_A4213550720400230011', 'admin', 1, '请按商家收件地址将商品寄出，填写快递单号、并填写您的收件地址。\r\n收件地址：浙江省 宁波市 江北区 XXX路\r\n收件人：carey\r\n电话：87487585\r\n邮编：315000', '商品寄回', 1588213949),
(138, 11, 'SH_A4213550720400230011', 'admin', 1, '商家对该售后服务单正在进行售后服务。', '售后服务', 1588213954),
(139, 10, 'SH_A4213550720400230010', 'admin', 1, '商家已同意处理此笔售后服务单。', '同意售后', 1588224138),
(140, 22, 'SH_A4213550720400230022', 'admin', 1, '商家已同意处理此笔售后服务单。', '同意售后', 1588225478),
(141, 22, 'SH_A4213550720400230022', 'admin', 1, '商家对该售后服务单正在进行售后服务。', '售后服务', 1588225485),
(142, 22, 'SH_A4213550720400230022', 'admin', 1, '售后服务完成，合计退款：0\r\n', '完成售后', 1588225496),
(143, 28, 'SH_A4213550720400230028', 'admin', 1, '商家已同意处理此笔售后服务单。', '同意售后', 1588226618),
(144, 28, 'SH_A4213550720400230028', 'admin', 1, '请按商家收件地址将商品寄出，填写快递单号、并填写您的收件地址。\r\n收件地址：浙江省 宁波市 江北区 XXX路\r\n收件人：carey\r\n电话：87487585\r\n邮编：315000', '商品寄回', 1588227089),
(145, 28, 'SH_A4213550720400230028', 'admin', 1, '商家取消了商品寄回的请求。', '商品寄回', 1588227092),
(146, 28, 'SH_A4213550720400230028', 'admin', 1, '请按商家收件地址将商品寄出，填写快递单号、并填写您的收件地址。\r\n收件地址：浙江省 宁波市 江北区 XXX路\r\n收件人：carey\r\n电话：87487585\r\n邮编：315000', '商品寄回', 1588227245),
(147, 28, 'SH_A4213550720400230028', 'admin', 1, '商家对该售后服务单正在进行售后服务。', '售后服务', 1588227301),
(148, 28, 'SH_A4213550720400230028', 'admin', 1, '商家对该售后服务单正在进行售后服务。', '售后服务', 1588227384),
(149, 26, 'SH_A4213550720400230026', 'admin', 1, '商家已同意处理此笔售后服务单。', '同意售后', 1588227733),
(150, 25, 'SH_I3060591166003750025', 'admin', 1, '商家已同意处理此笔售后服务单。', '同意售后', 1588227808),
(151, 25, 'SH_I3060591166003750025', 'admin', 1, '请按商家收件地址将商品寄出，填写快递单号、并填写您的收件地址。\r\n收件地址：浙江省 宁波市 江北区 XXX路\r\n收件人：carey\r\n电话：87487585\r\n邮编：315000', '商品寄回', 1588227811),
(152, 28, 'SH_A4213550720400230028', 'admin', 1, '商家已同意处理此笔售后服务单。', '同意售后', 1588228397),
(153, 28, 'SH_A4213550720400230028', 'admin', 1, '请按商家收件地址将商品寄出，填写快递单号、并填写您的收件地址。\r\n收件地址：浙江省 宁波市 江北区 XXX路\r\n收件人：carey\r\n电话：87487585\r\n邮编：315000', '商品寄回', 1588228416),
(154, 28, 'SH_A4213550720400230028', 'admin', 1, '商家对该售后服务单正在进行售后服务。', '售后服务', 1588228454),
(155, 27, 'SH_A4213550720400230027', 'admin', 1, '商家已拒绝售后服务，如有需要您可以再次申请。', '拒绝售后', 1588228584),
(156, 25, 'SH_I3060591166003750025', 'admin', 1, '商家已同意处理此笔售后服务单。', '同意售后', 1588228602),
(157, 25, 'SH_I3060591166003750025', 'admin', 1, '商家主动撤销售后服务单。', '撤销申请', 1588228607),
(158, 26, 'SH_A4213550720400230026', 'admin', 1, '商家已同意处理此笔售后服务单。', '同意售后', 1588228631),
(159, 24, 'SH_A4213550720400230024', 'admin', 1, '商家已拒绝售后服务，如有需要您可以再次申请。', '拒绝售后', 1588228717),
(160, 4, 'SH_A4213550720400230004', 'admin', 1, '商家已拒绝售后服务，如有需要您可以再次申请。', '拒绝售后', 1588229205),
(161, 5, 'SH_I3060591166003750005', 'admin', 1, '商家已拒绝售后服务，如有需要您可以再次申请。', '拒绝售后', 1588229302),
(162, 1, 'SH_I3060591166003750001', 'admin', 1, '商家已拒绝售后服务，如有需要您可以再次申请。', '拒绝售后', 1588229587),
(163, 2, 'SH_A4213550720400230002', 'admin', 1, '商家已拒绝售后服务，如有需要您可以再次申请。', '拒绝售后', 1588229675),
(164, 23, 'SH_A4213550720400230023', 'admin2', 1, '商家已拒绝售后服务，如有需要您可以再次申请。', '拒绝售后', 1588229744);

DROP TABLE IF EXISTS `donkey_setting`;
CREATE TABLE `donkey_setting` (
  `setting_id` smallint(5) UNSIGNED NOT NULL,
  `code` varchar(30) COLLATE utf8mb4_unicode_ci NOT NULL COMMENT '变量名',
  `value` text COLLATE utf8mb4_unicode_ci NOT NULL COMMENT '变量值',
  `module` varchar(30) COLLATE utf8mb4_unicode_ci NOT NULL COMMENT '模块(作用域)',
  `description` varchar(100) COLLATE utf8mb4_unicode_ci NOT NULL DEFAULT '' COMMENT '描述',
  `help_text` varchar(255) COLLATE utf8mb4_unicode_ci NOT NULL DEFAULT '' COMMENT '帮助'
) ENGINE=InnoDB DEFAULT CHARSET=utf8mb4 COLLATE=utf8mb4_unicode_ci COMMENT='系统配置';

INSERT INTO `donkey_setting` (`setting_id`, `code`, `value`, `module`, `description`, `help_text`) VALUES
(1, 'api_id', '1286210', 'delivery_dist', '快递鸟商户ID', '填写快递鸟 <span style=\"color:#F56C6C;\">商户ID</span>'),
(2, 'api_key', 'e5257ab3-7ac9-477d-a5d1-54cd7fc93974', 'delivery_dist', '快递鸟ApiKey', '填写快递鸟 <span style=\"color:#F56C6C;\">API key</span>'),
(3, 'is_sub', '1', 'delivery_dist', '是否启用订阅', '开启订阅后快递鸟会主动将配送轨迹推送到系统'),
(4, 'success', 'http://www.careyshop.cn/', 'payment', '支付成功提示页', '支付成功后返回到的页面'),
(5, 'error', 'http://www.careyshop.cn/', 'payment', '支付失败提示页', '支付失败后返回到的页面'),
(6, 'sms', '{\"key_id\":{\"name\":\"Access Key ID\",\"value\":\"LTAIS84N5AozgaNj\"},\"key_secret\":{\"name\":\"Access Key Secret\",\"value\":\"2vaz6AmNMmgKO5oaYUs1bm2B1iYams\"},\"status\":{\"name\":\"启用状态\",\"value\":\"1\"}}', 'notice', '短信通知', '短信通知参数配置'),
(7, 'email', '{\"email_host\":{\"name\":\"SMTP服务器\",\"value\":\"smtp.126.com\"},\"email_port\":{\"name\":\"SMTP端口\",\"value\":\"25\"},\"email_addr\":{\"name\":\"发信人邮箱地址\",\"value\":\"dnyz520@126.com\"},\"email_id\":{\"name\":\"SMTP身份验证用户名\",\"value\":\"dnyz520\"},\"email_pass\":{\"name\":\"SMTP身份验证码\",\"value\":\"123456\"},\"email_ssl\":{\"name\":\"是否使用安全链接\",\"value\":\"0\"},\"status\":{\"name\":\"启用状态\",\"value\":\"0\"}}', 'notice', '邮件通知', '邮件通知参数配置'),
(8, 'money', '0', 'delivery', '满额包邮', '满多少金额启用全场包邮'),
(9, 'money_status', '0', 'delivery', '满额是否启用', '满额是否启用'),
(10, 'money_exclude', '[32,361,3537,3538,3539,3540,3541,3542,3543,3544,3545,3546,362,3547,3548,3549,3550,3551,363,3552,3553,3554,3555,364,3556,3557,3558,3559,365,3560,3561,3562,3563,3564,3565,3566,3567,3568,366,3569,3570,3571,3572,3573,367,3574,3575,3576,3577,3578,3579,3580,3581,3582,3583,368,3584,3585,3586,3587,3588,3589,3590,3591,3592,3593,369,3594,3595,3596,3597,3598,370,3599,3600,3601,3602,3603,3604,3605,3606,3607,3608,3609,3610,3611,371,3612,3613,3614,3615,3616,3617,3618,3619,3620,372,3621,3622,3623,3624,3625,3626,3627,3628,3629,3630,3631,373,3632,3633,3634,3635,3636,3637,3638,3639,374,3640,3641,3642,3643,3644,3645,3646,3647,34,397,4026,4027,4028,4029,398,4030,4031,4032,4033,4034,399,4035,4036,4037,4038,4039,4040,4041,4042,4043,35,400,401,33,375,3648,3649,3650,3651,3652,3653,3654,3655,3656,3657,3658,3659,3660,376,3661,3662,3663,3664,3665,3666,3667,3668,3669,3670,3671,3673,3674,3675,3676,3677,3678,3679,3680,3681,3682,3683,3684,3685,3686,3687,3688,3689,3690,3691,3692,3693,3694,3695,3696,3697,3698,3699,3700,3672,377,3701,3702,3703,3704,3705,3706,3708,3709,3710,3711,3712,3713,3714,3715,3716,3717,3718,3719,3720,3721,3722,3723,3724,3725,3726,3727,3728,3729,3730,3731,3732,3733,3734,3735,3736,3737,3738,3707,378,3739,3740,3741,3742,3743,3744,3745,3746,3748,3749,3750,3751,3752,3753,3754,3755,3756,3757,3758,3759,3760,3761,3762,3763,3764,3765,3766,3767,3768,3747,379,3769,3770,3771,3772,3773,3774,380,3775,3776,3777,3778,3779,3780,3781,3782,3783,3784,3785,3786,3787,381,3788,3789,3790,3791,3792,3793,3794,3795,382,3796,3797,3798,3799,383,3800,3801,3802,384,3803,3804,3805,3806,3807,3808,3809,3810,3811,3812,3813,3814,3815,3816,3817,3818,3819,3820,3821,3822,3823,3824,3825,3826,3827,3828,3829,3830,3831,385,3832,3833,3834,3835,3836,3837,3838,3839,3840,3841,3842,3843,3844,386,3845,3846,3847,3848,3849,3850,3851,3852,3853,3854,3855,3856,3857,387,3858,3859,3860,3861,3862,3863,3864,3865,3866,3867,3868,3869,3870,388,3871,3872,3873,3874,3875,3876,3877,3878,3879,3880,3881,3882,3883,3884,3885,3886,3887,3888,389,3889,3890,3891,3892,3893,3894,3895,3896,3897,3898,3899,3900,3901,3902,3903,3904,3905,3906,3907,3908,3909,3910,3911,3912,3913,3914,390,3915,3916,3917,3918,3919,3920,3921,3922,3923,3924,3925,3926,3927,3928,3929,3930,3931,3932,391,3933,3934,3935,3936,3937,3938,3939,3940,3941,3942,3943,3944,3945,3946,3947,3948,3949,3950,3951,3952,392,3953,3954,3955,3956,3957,3958,3959,3960,3961,3962,3963,3964,3965,3966,3967,3968,3969,3970,3971,3972,3973,3974,3975,3976,3977,3978,3979,3980,3981,3982,3983,3984,3985,393,3986,3987,3988,3989,3990,3991,3992,3993,3994,3995,3996,3997,3998,3999,4000,4001,394,4002,4003,4004,4005,4006,4007,4008,4009,4010,4011,4012,4013,4014,4015,395,4016,4017,4018,4019,4020,4021,396,4022,4023,4024,4025,4080,4081,4083,4084]', 'delivery', '满额不包邮区域', '满额不包邮区域'),
(11, 'number', '0', 'delivery', '满件包邮', '满多少件商品启用全场包邮'),
(12, 'number_status', '0', 'delivery', '满件是否启用', '满件是否启用'),
(13, 'number_exclude', '[9,96,1067,1068,1069,1070,1071,1072,1073,1074,1075,1076,1077,1078,1079,1080,1081,1082,1083,1084,1085,1086,1087,97,1088,1089,1090,1091,1092,1093,1094,1095,1096,1097,1098,1099,1100,1101,1102,1103,1104,98,1105,1106,1107,1108,1109,1110,1111,1112,1113,1114,99,1115,1116,1117,1118,1119,1120,1121,1122,1123,100,1124,1125,1126,1127,1128,1129,1130,1131,1132,101,1133,1134,1135,1136,1137,1138,1139,1140,1141,1142,102,1143,1144,1145,1146,1147,1148,1149,1150,1151,1152,1153,1154,1155,1156,1157,1158,1159,1160,103,1161,1162,1163,1164,1165,1166,1167,1168,1169,1170,1171,1172,104,1173,1174,1175,1176,1177,105,1178,1179,1180,1181,1182,1183,1184,1185,1186,1187,1188,106,1189,1190,1191,1192,1193,1194,1195,107,1196,1197,1198,1199,1200,1201,1202,1203,1204,1205,1206,108,1207,1208,1209,1210,1211,1212,1213,1214,6,61,760,761,762,763,764,765,766,767,768,769,62,770,771,772,773,774,775,776,777,778,779,63,780,781,782,783,64,784,785,786,787,788,789,790,791,792,793,794,795,796,65,797,798,799,800,801,802,803,804,805,66,806,807,808,809,810,811,812,813,814,67,815,816,817,818,819,820,821,822,823,824,825,826,827,828,829,68,830,831,832,833,834,835,836,837,69,838,839,840,841,842,843,844,845,846,847,848,849,70,850,851,852,853,854,855,856,71,857,858,859,860,861,862,863,864,865,866,867,868,869,72,870,871,872,873]', 'delivery', '满件不包邮区域', '满件不包邮区域'),
(14, 'quota', '0', 'delivery', '满额减运费', '满多少金额启用全场减运费'),
(15, 'dec_money', '0', 'delivery', '满额减多少运费', '满额减多少运费'),
(16, 'dec_status', '0', 'delivery', '满额减是否启用', '满额减是否启用'),
(17, 'dec_exclude', '[20,231,2387,2388,2389,2390,2391,2392,2393,2394,2395,2396,2397,2398,2399,2400,232,2401,2402,2403,2404,2405,2406,2407,2408,2409,2410,2411,233,2412,2413,2414,2415,2416,2417,2419,2420,2421,2422,2418,234,2423,2424,2425,2426,2427,2428,235,2429,2430,2431,2432,2433,2434,2435,2436,236,2437,2438,2439,2440,2441,2442,237,2443,2444,2445,2446,2447,2448,2449,2450,238,2451,2452,2453,2454,2455,2456,2457,2458,2459,2460,239,2461,2462,2463,2464,2465,2466,2467,240,2468,2469,2470,2471,2472,2473,2474,2475,2476,241,2477,2478,2479,2480,2481,2482,242,2483,2484,2485,2486,2487,2488,2489,2490,2491,243,2492,2493,2494,2495,2496,244,2497,2498,2499,2500,2501,2502,2503,245,2504,2505,2506,2507,2508,246,2509,2510,2511,2512,2513,2514,2515,2516,2517,247,248,249,250,2518,2519,2520,2521,2522,251,2523,2524,2525,2526,2527,2528,2529,252,2530,2531,2532,2533,2534,2535,21,253,2536,2537,2538,2539,2540,2541,2542,2543,2544,2545,2546,2547,2548,254,2549,2550,2551,2552,2553,2554,2555,2556,2557,2558,2559,255,2560,2561,2562,2563,2564,2565,2566,2567,2568,2569,2570,2571,2572,2573,2574,2575,2576,2577,256,2578,2579,2580,2581,2582,2583,2584,2585,2586,257,2587,2588,2589,2590,2591,258,2592,2593,2594,2595,2596,259,2597,2598,2599,2600,2601,260,2602,2603,2604,2605,2606,2607,261,2608,2609,2610,2611,2612,2613,2614,2615,262,2616,2617,2618,2619,2620,2621,2622,2623,2624,2625,2626,2627,2628,263,2629,2630,2631,2632,2633,2634,264,2635,2636,2637,2638,2639,2640,2641,2642,2643,2644,2645,2646,265,2647,2648,2649,2650,2651,2652,2653,266,2654,2655,2656,2657,2658,2659,2660,2661]', 'delivery', '满额减排除区域', '满额减排除区域'),
(18, 'withdraw_fee', '6.5', 'system_shopping', '提现手续费(%)', '申请提现时系统收取的手续费，按总金额的百分比换算'),
(19, 'integral', '100', 'system_shopping', '积分换算比例(1:x)', '积分可抵扣金额按多少比例换算，例如 1:100'),
(20, 'timeout', '30', 'system_shopping', '下单后未付款自动取消(分)', '订单下单后超过多少分钟自动取消订单，单位：分'),
(21, 'complete', '10', 'system_shopping', '发货几天后自动确认收货(天)', '订单发货多少天后自动确认收货，单位：天'),
(22, 'is_country', '0', 'system_shopping', '完整地址是否包含国籍', '生成完整地址时是否包含国籍'),
(23, 'spacer', ' ', 'system_shopping', '完整地址分隔符', '生成完整地址时省市区之间的分隔符，例如 浙江省<span style=\"color:#F56C6C;\">-</span>宁波市'),
(24, 'invoice', '3', 'system_shopping', '开票收取多少税率(%)', '开票收取多少税率，按票面总金额的百分比换算'),
(25, 'source', '{\"0\":{\"name\":\"电脑端\",\"icon\":\"diannao_o\"},\"1\":{\"name\":\"移动端\",\"icon\":\"shouji1_o\"},\"2\":{\"name\":\"小程序\",\"icon\":\"xiaochengxu_o\"},\"3\":{\"name\":\"微信\",\"icon\":\"weixin_o\"}}', 'system_shopping', '订单来源自定义', ''),
(26, 'days', '15', 'service', '有效维权期天数(天)', '订单完成后多少天内允许申请售后服务，单位：天'),
(27, 'address', '浙江省 宁波市 江北区 XXX路', 'service', '退换货地址', '售后服务退换货的详细地址'),
(28, 'consignee', 'carey', 'service', '退换货收件人', '售后服务退换货的收件人姓名'),
(29, 'zipcode', '315000', 'service', '退换货邮编', '售后服务退换货地址的邮编'),
(30, 'mobile', '87487585', 'service', '退换货联系电话', '售后服务退换货收件人的联系电话'),
(31, 'platform', '{\"0\":\"all\",\"1\":\"pc\",\"2\":\"mobile\",\"3\":\"ios\",\"4\":\"android\"}', 'system_info', '平台自定义值', ''),
(32, 'open_index', '0', 'system_info', '是否开启首页', ''),
(33, 'open_api', '1', 'system_info', '是否开启API接口', ''),
(34, 'open_mobile', '0', 'system_info', '是否开启移动页', ''),
(35, 'close_reason', '系统维护中，请稍后访问！', 'system_info', 'API接口关闭原因', ''),
(36, 'allow_origin', '[\"*\"]', 'system_info', '允许跨域访问的域名', ''),
(37, 'name', 'CarayShop商城', 'system_info', '商城名称', '商城名称，将显示在前台顶部欢迎信息等位置'),
(38, 'title', 'CarayShop商城框架系统', 'system_info', '商城标题', '商城标题，将显示在前台顶部欢迎信息等位置'),
(39, 'keywords', '开源新零售，开源小程序，开源微商城，开源商城，商城系统，免费商城', 'system_info', '商城关键词', '商城关键词，有利于对整站的SEO优化'),
(40, 'description', 'CareyShop（简称CS）是一套基于ThinkPHP5框架开发的高性能商城框架系统，秉承简洁、快速、极致的开发理念，对内使用面向对象模块化调用，多终端、跨平台采用REST API构架来面向移动网络趋势，可直接对接PC、移动设备、小程序、云部署，构建Android、IOS的APP。', 'system_info', '商城描述', '商城描述，将显示在前台顶部欢迎信息等位置'),
(41, 'logo', 'aliyun.oss.careyshop.cn/uploads/files/20200330/4dd3960b-486c-4dfb-8c86-0e424ac61c32.png?type=aliyun', 'system_info', '商城LOGO', '默认商城LOGO，通用头部显示，最佳显示尺寸为240*60像素'),
(42, 'square_logo', 'aliyun.oss.careyshop.cn/uploads/files/20200403/8b85fe59-7481-48dc-82ef-592d281b7d4b.png?type=aliyun', 'system_info', '方形LOGO', '方形商城LOGO，通用移动端居多，最佳显示尺寸为80*80像素'),
(43, 'information', '联系电话：400-XXXXXXXX\n联系地址：xxx xxx xxx xxxxx\n如果您需要将商品寄回，请将本单据一同附上。', 'system_info', '发货信息', '打印发货单时预留的信息'),
(44, 'card_auth', '[1,2,3]', 'system_info', '购物卡权限', '设置允许查看购物卡卡密的管理组账号'),
(45, 'third_count', '<script>\r\nvar _hmt = _hmt || [];\r\n(function() {\r\n  var hm = document.createElement(\"script\");\r\n  hm.src = \"https://hm.baidu.com/hm.js?e325e60ca4cd358f2b424f5aecb8021a\";\r\n  var s = document.getElementsByTagName(\"script\")[0]; \r\n  s.parentNode.insertBefore(hm, s);\r\n})();</script>', 'system_info', '第三方统计代码', '第三方统计的脚本代码'),
(46, 'miitbeian', '', 'system_info', 'ICP备案许可证号', 'ICP备案许可证号，将显示在前台底部等位置'),
(47, 'miitbeian_url', 'http://www.beian.miit.gov.cn', 'system_info', 'ICP备案链接地址', 'ICP备案链接地址，点击后将引导到该网站'),
(48, 'miitbeian_ico', '', 'system_info', 'ICP备案图标', 'ICP备案图标，将显示在前台底部等位置'),
(49, 'beian', '', 'system_info', '公安机关备案号', '公安机关备案号，将显示在前台底部等位置'),
(50, 'beian_url', 'http://www.beian.gov.cn', 'system_info', '公安机关备案链接', '公安机关备案链接，点击后将引导到该网站'),
(51, 'beian_ico', '', 'system_info', '公安机关备案图标', '公安机关备案图标，将显示在前台底部等位置'),
(52, 'weixin_url', 'http://www.careyshop.cn/', 'system_info', '移动中间页地址', '例如微信中无法访问实际地址，可通过该地址进行跳转'),
(53, 'qrcode_logo', 'static/api/images/qrcode_logo.png', 'system_info', '二维码LOGO', '生成二维码时默认的LOGO，可使用 <span style=\"color:#F56C6C;\">路径</span> 或 <span style=\"color:#F56C6C;\">网址</span>'),
(54, 'default', 'careyshop', 'upload', '默认资源上传模块', '在不指定上传模块时，系统默认启用的上传模块'),
(55, 'oss', 'careyshop.cn/oss?url=', 'upload', '资源获取短地址', '可启用短地址获取资源，避免原地址冗长，不必添加地址前缀'),
(56, 'image_ext', 'jpg,png,svg,gif,bmp,tiff,webp', 'upload', '允许上传的图片后缀', '设置的后缀对 <strong>上传模块</strong> <span style=\"color:#F56C6C;\">如果不支持样式处理，将返回原图</span>'),
(57, 'file_ext', 'doc,docx,xls,xlsx,ppt,pptx,pdf,wps,txt,rar,zip,gz,bz2,7z,pem,mp4,ogg,webm,ico', 'upload', '允许上传的文件后缀', ''),
(58, 'file_size', '1M', 'upload', '附件上传大小限制', ''),
(59, 'token_expires', '300', 'upload', '上传令牌有效时长(秒)', '获得上传令牌后多少秒后视为无效'),
(60, 'careyshop_url', '', 'upload', '资源绑定域名别名', 'CareyShop(本地上传)绑定资源目录域名后，Host路径将变为该值，不必添加地址前缀'),
(61, 'qiniu_access_key', '-eibVM1dkuOQU9vbF9oMRbiMtw4t_-QUMQJgPPDJ', 'upload', 'AccessKey(AK)', '七牛云密钥管理创建的 <span style=\"color:#F56C6C;\">AK</span>'),
(62, 'qiniu_secret_key', 'pcDGWPh8eOvnvcWBKbBhAod0R6MiC3_OU-V4hayZ', 'upload', 'SecretKey(SK)', '七牛云密钥管理创建的 <span style=\"color:#F56C6C;\">SK</span>'),
(63, 'qiniu_bucket', 'careyshop', 'upload', '存储空间名称', '选择一个存储空间，请保证访问控制为 <span style=\"color:#F56C6C;\">公开空间</span>'),
(64, 'qiniu_url', 'poask1ml1.bkt.clouddn.com', 'upload', '外链域名', '存储空间 <span style=\"color:#F56C6C;\">对外访问域名</span>，也支持填写 <span style=\"color:#F56C6C;\">自定义域名</span>，不必添加地址前缀'),
(65, 'aliyun_access_key', 'LTAIiZASSShdoDWO', 'upload', 'AccessKey ID', '阿里云RAM子用户创建的 <span style=\"color:#F56C6C;\">AccessKey ID</span> 值'),
(66, 'aliyun_secret_key', 'wpEQBBZRHVRgTy87AAYy7bFTKBWgXA', 'upload', 'AccessKey Secret', '阿里云RAM子用户创建的 <span style=\"color:#F56C6C;\">AccessKey Secret</span> 值'),
(67, 'aliyun_bucket', 'careyshop', 'upload', 'Bucket 名称', '选择一个Bucket，请保证读写权限为 <span style=\"color:#F56C6C;\">公共读</span>'),
(68, 'aliyun_url', 'aliyun.oss.careyshop.cn', 'upload', 'Bucket 域名', '外网访问 <span style=\"color:#F56C6C;\">Bucket域名</span>，也支持填写 <span style=\"color:#F56C6C;\">用户域名</span>，不必添加地址前缀'),
(69, 'aliyun_endpoint', 'oss-cn-hangzhou.aliyuncs.com', 'upload', 'EndPoint', '外网访问 <span style=\"color:#F56C6C;\">EndPoint (地域节点)</span>'),
(70, 'aliyun_rolearn', 'acs:ram::1763866338345155:role/aliyunosstokengeneratorrole', 'upload', 'RoleArn', '阿里云RAM角色创建的 <span style=\"color:#F56C6C;\">ARN</span>'),
(71, 'open_api_rest', '1', 'system_info', '开启Rest API调试', '');

DROP TABLE IF EXISTS `donkey_spec`;
CREATE TABLE `donkey_spec` (
  `spec_id` int(11) UNSIGNED NOT NULL,
  `goods_type_id` smallint(5) UNSIGNED NOT NULL DEFAULT '0' COMMENT '对应goods_type表 0=自定义',
  `name` varchar(60) COLLATE utf8mb4_unicode_ci NOT NULL COMMENT '规格名称',
  `spec_index` tinyint(1) NOT NULL DEFAULT '0' COMMENT '是否检索 0=否 1=是',
  `spec_type` tinyint(1) NOT NULL DEFAULT '0' COMMENT '0=文字 1=图片 2=颜色',
  `sort` tinyint(3) UNSIGNED NOT NULL DEFAULT '50' COMMENT '排序'
) ENGINE=InnoDB DEFAULT CHARSET=utf8mb4 COLLATE=utf8mb4_unicode_ci COMMENT='商品规格';

INSERT INTO `donkey_spec` (`spec_id`, `goods_type_id`, `name`, `spec_index`, `spec_type`, `sort`) VALUES
(1, 2, '颜色', 1, 2, 30),
(2, 6, '制冷', 1, 0, 50),
(3, 1, '网络', 1, 2, 10),
(4, 1, '内存', 1, 1, 20),
(5, 1, '尺码', 1, 0, 50),
(10, 1, '颜色', 1, 1, 50),
(21, 1, '星期', 1, 2, 50),
(76, 0, '颜色', 0, 0, 50),
(78, 0, '色彩', 0, 1, 50),
(79, 0, '船舶', 0, 1, 50),
(80, 2, 'CPU', 1, 1, 50),
(81, 2, '屏幕', 1, 0, 50),
(82, 0, '机身颜色', 0, 0, 50),
(83, 0, '套餐类型', 0, 0, 50),
(84, 0, '存储容量', 0, 0, 50),
(85, 0, '版本类型', 0, 0, 50),
(86, 0, '规格', 0, 0, 50),
(87, 0, '规格', 0, 0, 50);

DROP TABLE IF EXISTS `donkey_spec_config`;
CREATE TABLE `donkey_spec_config` (
  `spec_config_id` int(11) UNSIGNED NOT NULL,
  `goods_id` int(11) UNSIGNED NOT NULL COMMENT '对应goods表',
  `config_data` text COLLATE utf8mb4_unicode_ci NOT NULL COMMENT '配置数据'
) ENGINE=InnoDB DEFAULT CHARSET=utf8mb4 COLLATE=utf8mb4_unicode_ci COMMENT='商品规格配置';

INSERT INTO `donkey_spec_config` (`spec_config_id`, `goods_id`, `config_data`) VALUES
(1, 267, '[{\"spec_id\":4,\"goods_type_id\":1,\"name\":\"内存\",\"spec_index\":1,\"spec_type\":1,\"sort\":20,\"spec_item\":[{\"spec_item_id\":151,\"item_name\":\"4G\",\"is_contact\":1,\"sort\":2,\"image\":[{\"name\":\"O1CN01LqDyEL1hpLsINePCa_!!2863054326.jpg\",\"source\":\"aliyun.oss.careyshop.cn\\/uploads\\/files\\/20191230\\/97405ac5-3c64-4d48-b3da-238710c7272b.jpg?type=aliyun\",\"url\":\"\\/\\/aliyun.oss.careyshop.cn\\/uploads\\/files\\/20191230\\/97405ac5-3c64-4d48-b3da-238710c7272b.jpg?type=aliyun\"},{\"name\":\"1.jpg\",\"source\":\"aliyun.oss.careyshop.cn\\/uploads\\/files\\/20191230\\/352e5500-1b7d-4345-8110-3f2fcd4c0124.jpg?type=aliyun\",\"url\":\"\\/\\/aliyun.oss.careyshop.cn\\/uploads\\/files\\/20191230\\/352e5500-1b7d-4345-8110-3f2fcd4c0124.jpg?type=aliyun\"}],\"color\":\"\"},{\"spec_item_id\":152,\"item_name\":\"8G\",\"is_contact\":1,\"sort\":1,\"image\":[{\"name\":\"O1CN01VtX6IC1PbvFiNvskI_!!0-item_pic.jpg\",\"source\":\"aliyun.oss.careyshop.cn\\/uploads\\/files\\/20191230\\/4aff227f-2673-45bc-81cd-8e79777dbe04.jpg?type=aliyun\",\"url\":\"\\/\\/aliyun.oss.careyshop.cn\\/uploads\\/files\\/20191230\\/4aff227f-2673-45bc-81cd-8e79777dbe04.jpg?type=aliyun\"},{\"name\":\"3.jpg\",\"source\":\"aliyun.oss.careyshop.cn\\/uploads\\/files\\/20191230\\/4d141311-9184-483c-8204-11dc9253e673.jpg?type=aliyun\",\"url\":\"\\/\\/aliyun.oss.careyshop.cn\\/uploads\\/files\\/20191230\\/4d141311-9184-483c-8204-11dc9253e673.jpg?type=aliyun\"}],\"color\":\"\"},{\"spec_item_id\":153,\"item_name\":\"16G\",\"is_contact\":1,\"sort\":0,\"image\":[],\"color\":\"\"}],\"check_list\":[153,152,151],\"check_all\":true,\"is_indeterminate\":false},{\"spec_id\":3,\"goods_type_id\":1,\"name\":\"网络\",\"spec_index\":1,\"spec_type\":2,\"sort\":10,\"spec_item\":[{\"spec_item_id\":158,\"item_name\":\"4G\",\"is_contact\":1,\"sort\":1,\"image\":[],\"color\":\"\"},{\"spec_item_id\":149,\"item_name\":\"5G\",\"is_contact\":1,\"sort\":0,\"image\":[],\"color\":\"\"}],\"check_list\":[],\"check_all\":false,\"is_indeterminate\":false},{\"spec_id\":5,\"goods_type_id\":1,\"name\":\"尺码\",\"spec_index\":1,\"spec_type\":0,\"sort\":50,\"spec_item\":[{\"spec_item_id\":223,\"item_name\":\"M\",\"is_contact\":1,\"sort\":0,\"image\":[],\"color\":\"\"},{\"spec_item_id\":224,\"item_name\":\"X\",\"is_contact\":1,\"sort\":1,\"image\":[],\"color\":\"\"},{\"spec_item_id\":225,\"item_name\":\"XL\",\"is_contact\":1,\"sort\":2,\"image\":[],\"color\":\"\"}],\"check_list\":[],\"check_all\":false,\"is_indeterminate\":false},{\"spec_id\":10,\"goods_type_id\":1,\"name\":\"颜色\",\"spec_index\":1,\"spec_type\":1,\"sort\":50,\"spec_item\":[{\"spec_item_id\":212,\"item_name\":\"银色\",\"is_contact\":1,\"sort\":0,\"image\":[],\"color\":\"\"},{\"spec_item_id\":211,\"item_name\":\"灰色\",\"is_contact\":1,\"sort\":1,\"image\":[],\"color\":\"\"},{\"spec_item_id\":408,\"item_name\":\"深黑色\",\"is_contact\":1,\"sort\":2,\"image\":[],\"color\":\"\"},{\"spec_item_id\":409,\"item_name\":\"淡蓝色\",\"is_contact\":1,\"sort\":3,\"image\":[],\"color\":\"\"},{\"spec_item_id\":405,\"item_name\":\"白色\",\"is_contact\":1,\"sort\":4,\"image\":[],\"color\":\"\"},{\"spec_item_id\":406,\"item_name\":\"红色\",\"is_contact\":1,\"sort\":5,\"image\":[],\"color\":\"\"},{\"spec_item_id\":410,\"item_name\":\"绿黄色\",\"is_contact\":1,\"sort\":6,\"image\":[],\"color\":\"\"}],\"check_list\":[]},{\"spec_id\":21,\"goods_type_id\":1,\"name\":\"星期\",\"spec_index\":1,\"spec_type\":2,\"sort\":50,\"spec_item\":[{\"spec_item_id\":240,\"item_name\":\"周日\",\"is_contact\":1,\"sort\":0,\"image\":[],\"color\":\"\"},{\"spec_item_id\":238,\"item_name\":\"周一\",\"is_contact\":1,\"sort\":1,\"image\":[],\"color\":\"\"},{\"spec_item_id\":243,\"item_name\":\"周二\",\"is_contact\":1,\"sort\":2,\"image\":[],\"color\":\"\"},{\"spec_item_id\":235,\"item_name\":\"周三\",\"is_contact\":1,\"sort\":3,\"image\":[],\"color\":\"\"},{\"spec_item_id\":237,\"item_name\":\"周四\",\"is_contact\":1,\"sort\":4,\"image\":[],\"color\":\"\"},{\"spec_item_id\":239,\"item_name\":\"周五\",\"is_contact\":1,\"sort\":5,\"image\":[],\"color\":\"\"},{\"spec_item_id\":241,\"item_name\":\"周六\",\"is_contact\":1,\"sort\":6,\"image\":[],\"color\":\"\"}],\"check_list\":[]}]'),
(2, 276, '[{\"spec_id\":3,\"goods_type_id\":1,\"name\":\"网络\",\"spec_index\":1,\"spec_type\":2,\"sort\":10,\"spec_item\":[{\"spec_item_id\":149,\"item_name\":\"5G\",\"is_contact\":1,\"sort\":0,\"image\":[],\"color\":\"\"},{\"spec_item_id\":158,\"item_name\":\"4G\",\"is_contact\":1,\"sort\":1,\"image\":[],\"color\":\"\"}],\"check_list\":[]},{\"spec_id\":4,\"goods_type_id\":1,\"name\":\"内存\",\"spec_index\":1,\"spec_type\":1,\"sort\":20,\"spec_item\":[{\"spec_item_id\":153,\"item_name\":\"16G\",\"is_contact\":1,\"sort\":0,\"image\":[],\"color\":\"\"},{\"spec_item_id\":152,\"item_name\":\"8G\",\"is_contact\":1,\"sort\":1,\"image\":[],\"color\":\"\"},{\"spec_item_id\":151,\"item_name\":\"4G\",\"is_contact\":1,\"sort\":2,\"image\":[],\"color\":\"\"}],\"check_list\":[]},{\"spec_id\":5,\"goods_type_id\":1,\"name\":\"尺码\",\"spec_index\":1,\"spec_type\":0,\"sort\":50,\"spec_item\":[{\"spec_item_id\":223,\"item_name\":\"M\",\"is_contact\":1,\"sort\":0,\"image\":[],\"color\":\"\"},{\"spec_item_id\":224,\"item_name\":\"X\",\"is_contact\":1,\"sort\":1,\"image\":[],\"color\":\"\"},{\"spec_item_id\":225,\"item_name\":\"XL\",\"is_contact\":1,\"sort\":2,\"image\":[],\"color\":\"\"}],\"check_list\":[]},{\"spec_id\":10,\"goods_type_id\":1,\"name\":\"颜色\",\"spec_index\":1,\"spec_type\":1,\"sort\":50,\"spec_item\":[{\"spec_item_id\":212,\"item_name\":\"银色\",\"is_contact\":1,\"sort\":0,\"image\":[],\"color\":\"\"},{\"spec_item_id\":211,\"item_name\":\"灰色\",\"is_contact\":1,\"sort\":1,\"image\":[],\"color\":\"\"},{\"spec_item_id\":408,\"item_name\":\"深黑色\",\"is_contact\":1,\"sort\":2,\"image\":[],\"color\":\"\"},{\"spec_item_id\":409,\"item_name\":\"淡蓝色\",\"is_contact\":1,\"sort\":3,\"image\":[],\"color\":\"\"},{\"spec_item_id\":405,\"item_name\":\"白色\",\"is_contact\":1,\"sort\":4,\"image\":[],\"color\":\"\"},{\"spec_item_id\":406,\"item_name\":\"红色\",\"is_contact\":1,\"sort\":5,\"image\":[],\"color\":\"\"},{\"spec_item_id\":410,\"item_name\":\"绿黄色\",\"is_contact\":1,\"sort\":6,\"image\":[],\"color\":\"\"}],\"check_list\":[]},{\"spec_id\":21,\"goods_type_id\":1,\"name\":\"星期\",\"spec_index\":1,\"spec_type\":2,\"sort\":50,\"spec_item\":[{\"spec_item_id\":240,\"item_name\":\"周日\",\"is_contact\":1,\"sort\":0,\"image\":[],\"color\":\"\"},{\"spec_item_id\":238,\"item_name\":\"周一\",\"is_contact\":1,\"sort\":1,\"image\":[],\"color\":\"\"},{\"spec_item_id\":243,\"item_name\":\"周二\",\"is_contact\":1,\"sort\":2,\"image\":[],\"color\":\"\"},{\"spec_item_id\":235,\"item_name\":\"周三\",\"is_contact\":1,\"sort\":3,\"image\":[],\"color\":\"\"},{\"spec_item_id\":237,\"item_name\":\"周四\",\"is_contact\":1,\"sort\":4,\"image\":[],\"color\":\"\"},{\"spec_item_id\":239,\"item_name\":\"周五\",\"is_contact\":1,\"sort\":5,\"image\":[],\"color\":\"\"},{\"spec_item_id\":241,\"item_name\":\"周六\",\"is_contact\":1,\"sort\":6,\"image\":[],\"color\":\"\"}],\"check_list\":[]}]'),
(3, 277, '[{\"spec_id\":1,\"goods_type_id\":2,\"name\":\"颜色\",\"spec_index\":1,\"spec_type\":2,\"sort\":30,\"spec_item\":[{\"spec_item_id\":208,\"item_name\":\"黑色\",\"is_contact\":1,\"sort\":0,\"image\":[],\"color\":\"\"},{\"spec_item_id\":209,\"item_name\":\"白色\",\"is_contact\":1,\"sort\":1,\"image\":[],\"color\":\"\"}],\"check_list\":[]},{\"spec_id\":80,\"goods_type_id\":2,\"name\":\"CPU\",\"spec_index\":1,\"spec_type\":1,\"sort\":50,\"spec_item\":[{\"spec_item_id\":411,\"item_name\":\"I5\",\"is_contact\":1,\"sort\":0,\"image\":[],\"color\":\"\"},{\"spec_item_id\":412,\"item_name\":\"I7\",\"is_contact\":1,\"sort\":1,\"image\":[],\"color\":\"\"}],\"check_list\":[]},{\"spec_id\":81,\"goods_type_id\":2,\"name\":\"屏幕\",\"spec_index\":1,\"spec_type\":0,\"sort\":50,\"spec_item\":[{\"spec_item_id\":413,\"item_name\":\"13寸\",\"is_contact\":1,\"sort\":0,\"image\":[],\"color\":\"\"},{\"spec_item_id\":414,\"item_name\":\"15寸\",\"is_contact\":1,\"sort\":1,\"image\":[],\"color\":\"\"},{\"spec_item_id\":415,\"item_name\":\"19寸\",\"is_contact\":1,\"sort\":2,\"image\":[],\"color\":\"\"}],\"check_list\":[]}]'),
(4, 278, '[{\"spec_id\":1,\"goods_type_id\":2,\"name\":\"颜色\",\"spec_index\":1,\"spec_type\":2,\"sort\":30,\"spec_item\":[{\"spec_item_id\":208,\"item_name\":\"黑色\",\"is_contact\":1,\"sort\":0,\"image\":[],\"color\":\"\"},{\"spec_item_id\":209,\"item_name\":\"白色\",\"is_contact\":1,\"sort\":1,\"image\":[],\"color\":\"\"}],\"check_list\":[]},{\"spec_id\":80,\"goods_type_id\":2,\"name\":\"CPU\",\"spec_index\":1,\"spec_type\":1,\"sort\":50,\"spec_item\":[{\"spec_item_id\":411,\"item_name\":\"I5\",\"is_contact\":1,\"sort\":0,\"image\":[],\"color\":\"\"},{\"spec_item_id\":412,\"item_name\":\"I7\",\"is_contact\":1,\"sort\":1,\"image\":[],\"color\":\"\"}],\"check_list\":[]},{\"spec_id\":81,\"goods_type_id\":2,\"name\":\"屏幕\",\"spec_index\":1,\"spec_type\":0,\"sort\":50,\"spec_item\":[{\"spec_item_id\":413,\"item_name\":\"13寸\",\"is_contact\":1,\"sort\":0,\"image\":[],\"color\":\"\"},{\"spec_item_id\":414,\"item_name\":\"15寸\",\"is_contact\":1,\"sort\":1,\"image\":[],\"color\":\"\"},{\"spec_item_id\":415,\"item_name\":\"19寸\",\"is_contact\":1,\"sort\":2,\"image\":[],\"color\":\"\"}],\"check_list\":[]}]'),
(7, 281, '[{\"spec_id\":1,\"goods_type_id\":2,\"name\":\"颜色\",\"spec_index\":1,\"spec_type\":2,\"sort\":30,\"spec_item\":[{\"spec_item_id\":208,\"item_name\":\"黑色\",\"is_contact\":1,\"sort\":0,\"image\":[],\"color\":\"\"},{\"spec_item_id\":209,\"item_name\":\"白色\",\"is_contact\":1,\"sort\":1,\"image\":[],\"color\":\"\"}],\"check_list\":[208,209],\"check_all\":true,\"is_indeterminate\":false},{\"spec_id\":80,\"goods_type_id\":2,\"name\":\"CPU\",\"spec_index\":1,\"spec_type\":1,\"sort\":50,\"spec_item\":[{\"spec_item_id\":411,\"item_name\":\"I5\",\"is_contact\":1,\"sort\":0,\"image\":[],\"color\":\"\"},{\"spec_item_id\":412,\"item_name\":\"I7\",\"is_contact\":1,\"sort\":1,\"image\":[],\"color\":\"\"}],\"check_list\":[411,412],\"check_all\":true,\"is_indeterminate\":false},{\"spec_id\":81,\"goods_type_id\":2,\"name\":\"屏幕\",\"spec_index\":1,\"spec_type\":0,\"sort\":50,\"spec_item\":[{\"spec_item_id\":413,\"item_name\":\"13寸\",\"is_contact\":1,\"sort\":0,\"image\":[],\"color\":\"\"},{\"spec_item_id\":414,\"item_name\":\"15寸\",\"is_contact\":1,\"sort\":1,\"image\":[],\"color\":\"\"},{\"spec_item_id\":415,\"item_name\":\"19寸\",\"is_contact\":1,\"sort\":2,\"image\":[],\"color\":\"\"}],\"check_list\":[]}]'),
(8, 282, '[{\"spec_id\":1,\"goods_type_id\":2,\"name\":\"颜色\",\"spec_index\":1,\"spec_type\":2,\"sort\":30,\"spec_item\":[{\"spec_item_id\":208,\"item_name\":\"黑色\",\"is_contact\":1,\"sort\":0,\"image\":[],\"color\":\"\"},{\"spec_item_id\":209,\"item_name\":\"白色\",\"is_contact\":1,\"sort\":1,\"image\":[],\"color\":\"\"}],\"check_list\":[208,209],\"check_all\":true,\"is_indeterminate\":false},{\"spec_id\":80,\"goods_type_id\":2,\"name\":\"CPU\",\"spec_index\":1,\"spec_type\":1,\"sort\":50,\"spec_item\":[{\"spec_item_id\":411,\"item_name\":\"I5\",\"is_contact\":1,\"sort\":0,\"image\":[],\"color\":\"\"},{\"spec_item_id\":412,\"item_name\":\"I7\",\"is_contact\":1,\"sort\":1,\"image\":[],\"color\":\"\"}],\"check_list\":[411,412],\"check_all\":true,\"is_indeterminate\":false},{\"spec_id\":81,\"goods_type_id\":2,\"name\":\"屏幕\",\"spec_index\":1,\"spec_type\":0,\"sort\":50,\"spec_item\":[{\"spec_item_id\":413,\"item_name\":\"13寸\",\"is_contact\":1,\"sort\":0,\"image\":[],\"color\":\"\"},{\"spec_item_id\":414,\"item_name\":\"15寸\",\"is_contact\":1,\"sort\":1,\"image\":[],\"color\":\"\"},{\"spec_item_id\":415,\"item_name\":\"19寸\",\"is_contact\":1,\"sort\":2,\"image\":[],\"color\":\"\"}],\"check_list\":[]}]'),
(9, 283, '[{\"spec_id\":1,\"goods_type_id\":2,\"name\":\"颜色\",\"spec_index\":1,\"spec_type\":2,\"sort\":30,\"spec_item\":[{\"spec_item_id\":208,\"item_name\":\"黑色\",\"is_contact\":1,\"sort\":0,\"image\":[],\"color\":\"\"},{\"spec_item_id\":209,\"item_name\":\"白色\",\"is_contact\":1,\"sort\":1,\"image\":[],\"color\":\"\"}],\"check_list\":[]},{\"spec_id\":80,\"goods_type_id\":2,\"name\":\"CPU\",\"spec_index\":1,\"spec_type\":1,\"sort\":50,\"spec_item\":[{\"spec_item_id\":411,\"item_name\":\"I5\",\"is_contact\":1,\"sort\":0,\"image\":[],\"color\":\"\"},{\"spec_item_id\":412,\"item_name\":\"I7\",\"is_contact\":1,\"sort\":1,\"image\":[],\"color\":\"\"}],\"check_list\":[]},{\"spec_id\":81,\"goods_type_id\":2,\"name\":\"屏幕\",\"spec_index\":1,\"spec_type\":0,\"sort\":50,\"spec_item\":[{\"spec_item_id\":413,\"item_name\":\"13寸\",\"is_contact\":1,\"sort\":0,\"image\":[],\"color\":\"\"},{\"spec_item_id\":414,\"item_name\":\"15寸\",\"is_contact\":1,\"sort\":1,\"image\":[],\"color\":\"\"},{\"spec_item_id\":415,\"item_name\":\"19寸\",\"is_contact\":1,\"sort\":2,\"image\":[],\"color\":\"\"}],\"check_list\":[]}]'),
(10, 284, '[{\"spec_id\":1,\"goods_type_id\":2,\"name\":\"颜色\",\"spec_index\":1,\"spec_type\":2,\"sort\":30,\"spec_item\":[{\"spec_item_id\":208,\"item_name\":\"黑色\",\"is_contact\":1,\"sort\":0,\"image\":[],\"color\":\"\"},{\"spec_item_id\":209,\"item_name\":\"白色\",\"is_contact\":1,\"sort\":1,\"image\":[],\"color\":\"\"}],\"check_list\":[]},{\"spec_id\":80,\"goods_type_id\":2,\"name\":\"CPU\",\"spec_index\":1,\"spec_type\":1,\"sort\":50,\"spec_item\":[{\"spec_item_id\":411,\"item_name\":\"I5\",\"is_contact\":1,\"sort\":0,\"image\":[],\"color\":\"\"},{\"spec_item_id\":412,\"item_name\":\"I7\",\"is_contact\":1,\"sort\":1,\"image\":[],\"color\":\"\"}],\"check_list\":[]},{\"spec_id\":81,\"goods_type_id\":2,\"name\":\"屏幕\",\"spec_index\":1,\"spec_type\":0,\"sort\":50,\"spec_item\":[{\"spec_item_id\":413,\"item_name\":\"13寸\",\"is_contact\":1,\"sort\":0,\"image\":[],\"color\":\"\"},{\"spec_item_id\":414,\"item_name\":\"15寸\",\"is_contact\":1,\"sort\":1,\"image\":[],\"color\":\"\"},{\"spec_item_id\":415,\"item_name\":\"19寸\",\"is_contact\":1,\"sort\":2,\"image\":[],\"color\":\"\"}],\"check_list\":[]}]'),
(11, 285, '[{\"spec_id\":3,\"goods_type_id\":1,\"name\":\"网络\",\"spec_index\":1,\"spec_type\":2,\"sort\":10,\"spec_item\":[{\"spec_item_id\":149,\"item_name\":\"5G\",\"is_contact\":1,\"sort\":0,\"image\":[],\"color\":\"\"},{\"spec_item_id\":158,\"item_name\":\"4G\",\"is_contact\":1,\"sort\":1,\"image\":[],\"color\":\"\"}],\"check_list\":[]},{\"spec_id\":4,\"goods_type_id\":1,\"name\":\"内存\",\"spec_index\":1,\"spec_type\":1,\"sort\":20,\"spec_item\":[{\"spec_item_id\":153,\"item_name\":\"16G\",\"is_contact\":1,\"sort\":0,\"image\":[],\"color\":\"\"},{\"spec_item_id\":152,\"item_name\":\"8G\",\"is_contact\":1,\"sort\":1,\"image\":[],\"color\":\"\"},{\"spec_item_id\":151,\"item_name\":\"4G\",\"is_contact\":1,\"sort\":2,\"image\":[],\"color\":\"\"}],\"check_list\":[]},{\"spec_id\":5,\"goods_type_id\":1,\"name\":\"尺码\",\"spec_index\":1,\"spec_type\":0,\"sort\":50,\"spec_item\":[{\"spec_item_id\":223,\"item_name\":\"M\",\"is_contact\":1,\"sort\":0,\"image\":[],\"color\":\"\"},{\"spec_item_id\":224,\"item_name\":\"X\",\"is_contact\":1,\"sort\":1,\"image\":[],\"color\":\"\"},{\"spec_item_id\":225,\"item_name\":\"XL\",\"is_contact\":1,\"sort\":2,\"image\":[],\"color\":\"\"}],\"check_list\":[]},{\"spec_id\":10,\"goods_type_id\":1,\"name\":\"颜色\",\"spec_index\":1,\"spec_type\":1,\"sort\":50,\"spec_item\":[{\"spec_item_id\":212,\"item_name\":\"银色\",\"is_contact\":1,\"sort\":0,\"image\":[],\"color\":\"\"},{\"spec_item_id\":211,\"item_name\":\"灰色\",\"is_contact\":1,\"sort\":1,\"image\":[],\"color\":\"\"},{\"spec_item_id\":408,\"item_name\":\"深黑色\",\"is_contact\":1,\"sort\":2,\"image\":[],\"color\":\"\"},{\"spec_item_id\":409,\"item_name\":\"淡蓝色\",\"is_contact\":1,\"sort\":3,\"image\":[],\"color\":\"\"},{\"spec_item_id\":405,\"item_name\":\"白色\",\"is_contact\":1,\"sort\":4,\"image\":[],\"color\":\"\"},{\"spec_item_id\":406,\"item_name\":\"红色\",\"is_contact\":1,\"sort\":5,\"image\":[],\"color\":\"\"},{\"spec_item_id\":410,\"item_name\":\"绿黄色\",\"is_contact\":1,\"sort\":6,\"image\":[],\"color\":\"\"}],\"check_list\":[]},{\"spec_id\":21,\"goods_type_id\":1,\"name\":\"星期\",\"spec_index\":1,\"spec_type\":2,\"sort\":50,\"spec_item\":[{\"spec_item_id\":240,\"item_name\":\"周日\",\"is_contact\":1,\"sort\":0,\"image\":[],\"color\":\"\"},{\"spec_item_id\":238,\"item_name\":\"周一\",\"is_contact\":1,\"sort\":1,\"image\":[],\"color\":\"\"},{\"spec_item_id\":243,\"item_name\":\"周二\",\"is_contact\":1,\"sort\":2,\"image\":[],\"color\":\"\"},{\"spec_item_id\":235,\"item_name\":\"周三\",\"is_contact\":1,\"sort\":3,\"image\":[],\"color\":\"\"},{\"spec_item_id\":237,\"item_name\":\"周四\",\"is_contact\":1,\"sort\":4,\"image\":[],\"color\":\"\"},{\"spec_item_id\":239,\"item_name\":\"周五\",\"is_contact\":1,\"sort\":5,\"image\":[],\"color\":\"\"},{\"spec_item_id\":241,\"item_name\":\"周六\",\"is_contact\":1,\"sort\":6,\"image\":[],\"color\":\"\"}],\"check_list\":[]}]'),
(12, 287, '[{\"spec_id\":1,\"goods_type_id\":2,\"name\":\"颜色\",\"spec_index\":1,\"spec_type\":2,\"sort\":30,\"spec_item\":[{\"spec_item_id\":208,\"item_name\":\"黑色\",\"is_contact\":1,\"sort\":0,\"image\":[],\"color\":\"#000000\"},{\"spec_item_id\":209,\"item_name\":\"白色\",\"is_contact\":1,\"sort\":1,\"image\":[],\"color\":\"#FFFFFF\"}],\"check_list\":[208,209],\"check_all\":true,\"is_indeterminate\":false},{\"spec_id\":80,\"goods_type_id\":2,\"name\":\"CPU\",\"spec_index\":1,\"spec_type\":1,\"sort\":50,\"spec_item\":[{\"spec_item_id\":411,\"item_name\":\"I5\",\"is_contact\":1,\"sort\":0,\"image\":[{\"name\":\"q03.png\",\"source\":\"aliyun.oss.careyshop.cn\\/uploads\\/files\\/20191112\\/008df859-3318-4b5e-8df3-4193420a3cfd.png?type=aliyun\",\"url\":\"\\/\\/aliyun.oss.careyshop.cn\\/uploads\\/files\\/20191112\\/008df859-3318-4b5e-8df3-4193420a3cfd.png?type=aliyun\"}],\"color\":\"\"},{\"spec_item_id\":412,\"item_name\":\"I7\",\"is_contact\":1,\"sort\":1,\"image\":[{\"name\":\"q03.png\",\"source\":\"aliyun.oss.careyshop.cn\\/uploads\\/files\\/20191112\\/008df859-3318-4b5e-8df3-4193420a3cfd.png?type=aliyun\",\"url\":\"\\/\\/aliyun.oss.careyshop.cn\\/uploads\\/files\\/20191112\\/008df859-3318-4b5e-8df3-4193420a3cfd.png?type=aliyun\"}],\"color\":\"\"}],\"check_list\":[411,412],\"check_all\":true,\"is_indeterminate\":false},{\"spec_id\":81,\"goods_type_id\":2,\"name\":\"屏幕\",\"spec_index\":1,\"spec_type\":0,\"sort\":50,\"spec_item\":[{\"spec_item_id\":413,\"item_name\":\"13寸\",\"is_contact\":1,\"sort\":0,\"image\":[],\"color\":\"\"},{\"spec_item_id\":414,\"item_name\":\"15寸\",\"is_contact\":1,\"sort\":1,\"image\":[],\"color\":\"\"},{\"spec_item_id\":415,\"item_name\":\"19寸\",\"is_contact\":1,\"sort\":2,\"image\":[],\"color\":\"\"}],\"check_list\":[413,414,415],\"check_all\":true,\"is_indeterminate\":false}]'),
(13, 288, '[{\"spec_id\":1,\"goods_type_id\":2,\"name\":\"颜色\",\"spec_index\":1,\"spec_type\":2,\"sort\":30,\"spec_item\":[{\"spec_item_id\":208,\"item_name\":\"黑色\",\"is_contact\":1,\"sort\":0,\"image\":[],\"color\":\"#000000\"},{\"spec_item_id\":209,\"item_name\":\"白色\",\"is_contact\":1,\"sort\":1,\"image\":[],\"color\":\"#FFFFFF\"}],\"check_list\":[208,209],\"check_all\":true,\"is_indeterminate\":false},{\"spec_id\":80,\"goods_type_id\":2,\"name\":\"CPU\",\"spec_index\":1,\"spec_type\":1,\"sort\":50,\"spec_item\":[{\"spec_item_id\":411,\"item_name\":\"I5\",\"is_contact\":1,\"sort\":0,\"image\":[{\"name\":\"O1CN01LqDyEL1hpLsINePCa_!!2863054326.jpg\",\"source\":\"aliyun.oss.careyshop.cn\\/uploads\\/files\\/20191230\\/97405ac5-3c64-4d48-b3da-238710c7272b.jpg?type=aliyun\",\"url\":\"\\/\\/aliyun.oss.careyshop.cn\\/uploads\\/files\\/20191230\\/97405ac5-3c64-4d48-b3da-238710c7272b.jpg?type=aliyun\"},{\"name\":\"pdf02.png\",\"source\":\"aliyun.oss.careyshop.cn\\/uploads\\/files\\/20191112\\/24a5e752-d51e-448a-8995-353b16d92345.png?type=aliyun\",\"url\":\"\\/\\/aliyun.oss.careyshop.cn\\/uploads\\/files\\/20191112\\/24a5e752-d51e-448a-8995-353b16d92345.png?type=aliyun\"}],\"color\":\"\"},{\"spec_item_id\":412,\"item_name\":\"I7\",\"is_contact\":1,\"sort\":1,\"image\":[{\"name\":\"O1CN01Lm14uN1yXLqqxZuXd_!!0-item_pic.jpg\",\"source\":\"aliyun.oss.careyshop.cn\\/uploads\\/files\\/20191230\\/40267cb9-c022-43d8-adf2-77cdc88fa6d0.jpg?type=aliyun\",\"url\":\"\\/\\/aliyun.oss.careyshop.cn\\/uploads\\/files\\/20191230\\/40267cb9-c022-43d8-adf2-77cdc88fa6d0.jpg?type=aliyun\"},{\"name\":\"pdf01.png\",\"source\":\"aliyun.oss.careyshop.cn\\/uploads\\/files\\/20191112\\/0bc6f961-a07b-45ba-8f75-fc55a1c54d1f.png?type=aliyun\",\"url\":\"\\/\\/aliyun.oss.careyshop.cn\\/uploads\\/files\\/20191112\\/0bc6f961-a07b-45ba-8f75-fc55a1c54d1f.png?type=aliyun\"}],\"color\":\"\"}],\"check_list\":[411,412],\"check_all\":true,\"is_indeterminate\":false},{\"spec_id\":81,\"goods_type_id\":2,\"name\":\"屏幕\",\"spec_index\":1,\"spec_type\":0,\"sort\":50,\"spec_item\":[{\"spec_item_id\":413,\"item_name\":\"13寸\",\"is_contact\":1,\"sort\":0,\"image\":[],\"color\":\"\"},{\"spec_item_id\":414,\"item_name\":\"15寸\",\"is_contact\":1,\"sort\":1,\"image\":[],\"color\":\"\"},{\"spec_item_id\":416,\"item_name\":\"19寸\",\"is_contact\":0,\"sort\":50,\"image\":[],\"color\":\"\"}],\"check_list\":[413,414],\"check_all\":false,\"is_indeterminate\":true}]'),
(14, 289, '[{\"spec_id\":4,\"goods_type_id\":1,\"name\":\"内存\",\"spec_index\":1,\"spec_type\":1,\"sort\":20,\"spec_item\":[{\"spec_item_id\":151,\"item_name\":\"4G\",\"is_contact\":1,\"sort\":2,\"image\":[{\"name\":\"O1CN01wQOP0c1RdsATKsVgU_!!0-item_pic.jpg\",\"source\":\"aliyun.oss.careyshop.cn\\/uploads\\/files\\/20191230\\/f82ae8dd-ebe4-4397-889e-418adde10a85.jpg?type=aliyun\",\"url\":\"\\/\\/aliyun.oss.careyshop.cn\\/uploads\\/files\\/20191230\\/f82ae8dd-ebe4-4397-889e-418adde10a85.jpg?type=aliyun\"},{\"name\":\"pdf02.png\",\"source\":\"aliyun.oss.careyshop.cn\\/uploads\\/files\\/20191112\\/24a5e752-d51e-448a-8995-353b16d92345.png?type=aliyun\",\"url\":\"\\/\\/aliyun.oss.careyshop.cn\\/uploads\\/files\\/20191112\\/24a5e752-d51e-448a-8995-353b16d92345.png?type=aliyun\"},{\"name\":\"pdf01.png\",\"source\":\"aliyun.oss.careyshop.cn\\/uploads\\/files\\/20191112\\/0bc6f961-a07b-45ba-8f75-fc55a1c54d1f.png?type=aliyun\",\"url\":\"\\/\\/aliyun.oss.careyshop.cn\\/uploads\\/files\\/20191112\\/0bc6f961-a07b-45ba-8f75-fc55a1c54d1f.png?type=aliyun\"}],\"color\":\"\"},{\"spec_item_id\":152,\"item_name\":\"8G\",\"is_contact\":1,\"sort\":1,\"image\":[{\"name\":\"68d42d66a8a9c565.jpg\",\"source\":\"aliyun.oss.careyshop.cn\\/uploads\\/files\\/20191230\\/32dcbebd-ebad-4d41-96d4-196fd7fe9ac7.jpg?type=aliyun\",\"url\":\"\\/\\/aliyun.oss.careyshop.cn\\/uploads\\/files\\/20191230\\/32dcbebd-ebad-4d41-96d4-196fd7fe9ac7.jpg?type=aliyun\"},{\"name\":\"index7-3.png\",\"source\":\"aliyun.oss.careyshop.cn\\/uploads\\/files\\/20191112\\/4d69f805-93cb-40ff-894a-949d9da08690.png?type=aliyun\",\"url\":\"\\/\\/aliyun.oss.careyshop.cn\\/uploads\\/files\\/20191112\\/4d69f805-93cb-40ff-894a-949d9da08690.png?type=aliyun\"}],\"color\":\"\"},{\"spec_item_id\":153,\"item_name\":\"16G\",\"is_contact\":1,\"sort\":0,\"image\":[],\"color\":\"\"},{\"spec_item_id\":450,\"item_name\":\"32G\",\"is_contact\":0,\"sort\":50,\"image\":[],\"color\":\"\"}],\"check_list\":[152,151,153,450],\"check_all\":true,\"is_indeterminate\":false},{\"spec_id\":3,\"goods_type_id\":1,\"name\":\"网络\",\"spec_index\":1,\"spec_type\":2,\"sort\":10,\"spec_item\":[{\"spec_item_id\":158,\"item_name\":\"4G\",\"is_contact\":1,\"sort\":1,\"image\":[],\"color\":\"#FF0000\"},{\"spec_item_id\":149,\"item_name\":\"5G\",\"is_contact\":1,\"sort\":0,\"image\":[],\"color\":\"#ECF80B\"},{\"spec_item_id\":417,\"item_name\":\"3G\",\"is_contact\":0,\"sort\":50,\"image\":[],\"color\":\"\"}],\"check_list\":[149,158,417],\"check_all\":true,\"is_indeterminate\":false},{\"spec_id\":5,\"goods_type_id\":1,\"name\":\"尺码\",\"spec_index\":1,\"spec_type\":0,\"sort\":50,\"spec_item\":[{\"spec_item_id\":223,\"item_name\":\"M\",\"is_contact\":1,\"sort\":0,\"image\":[],\"color\":\"\"},{\"spec_item_id\":224,\"item_name\":\"X\",\"is_contact\":1,\"sort\":1,\"image\":[],\"color\":\"\"},{\"spec_item_id\":225,\"item_name\":\"XL\",\"is_contact\":1,\"sort\":2,\"image\":[],\"color\":\"\"}],\"check_list\":[223,224],\"check_all\":false,\"is_indeterminate\":true},{\"spec_id\":10,\"goods_type_id\":1,\"name\":\"颜色\",\"spec_index\":1,\"spec_type\":1,\"sort\":50,\"spec_item\":[{\"spec_item_id\":212,\"item_name\":\"银色\",\"is_contact\":1,\"sort\":0,\"image\":[],\"color\":\"\"},{\"spec_item_id\":211,\"item_name\":\"灰色\",\"is_contact\":1,\"sort\":1,\"image\":[],\"color\":\"\"},{\"spec_item_id\":408,\"item_name\":\"深黑色\",\"is_contact\":1,\"sort\":2,\"image\":[],\"color\":\"\"},{\"spec_item_id\":409,\"item_name\":\"淡蓝色\",\"is_contact\":1,\"sort\":3,\"image\":[],\"color\":\"\"},{\"spec_item_id\":405,\"item_name\":\"白色\",\"is_contact\":1,\"sort\":4,\"image\":[],\"color\":\"\"},{\"spec_item_id\":406,\"item_name\":\"红色\",\"is_contact\":1,\"sort\":5,\"image\":[],\"color\":\"\"},{\"spec_item_id\":410,\"item_name\":\"绿黄色\",\"is_contact\":1,\"sort\":6,\"image\":[],\"color\":\"\"}],\"check_list\":[212,211],\"check_all\":false,\"is_indeterminate\":true},{\"spec_id\":21,\"goods_type_id\":1,\"name\":\"星期\",\"spec_index\":1,\"spec_type\":2,\"sort\":50,\"spec_item\":[{\"spec_item_id\":240,\"item_name\":\"周日\",\"is_contact\":1,\"sort\":0,\"image\":[],\"color\":\"\"},{\"spec_item_id\":238,\"item_name\":\"周一\",\"is_contact\":1,\"sort\":1,\"image\":[],\"color\":\"\"},{\"spec_item_id\":243,\"item_name\":\"周二\",\"is_contact\":1,\"sort\":2,\"image\":[],\"color\":\"\"},{\"spec_item_id\":235,\"item_name\":\"周三\",\"is_contact\":1,\"sort\":3,\"image\":[],\"color\":\"\"},{\"spec_item_id\":237,\"item_name\":\"周四\",\"is_contact\":1,\"sort\":4,\"image\":[],\"color\":\"\"},{\"spec_item_id\":239,\"item_name\":\"周五\",\"is_contact\":1,\"sort\":5,\"image\":[],\"color\":\"\"},{\"spec_item_id\":241,\"item_name\":\"周六\",\"is_contact\":1,\"sort\":6,\"image\":[],\"color\":\"\"}],\"check_list\":[],\"check_all\":false,\"is_indeterminate\":false}]'),
(15, 290, '[{\"spec_id\":82,\"goods_type_id\":0,\"name\":\"机身颜色\",\"spec_index\":0,\"spec_type\":0,\"sort\":50,\"spec_item\":[{\"spec_item_id\":418,\"item_name\":\"5.8英寸 iPhone X【黑色】\",\"is_contact\":0,\"sort\":50,\"image\":[],\"color\":\"\"},{\"spec_item_id\":419,\"item_name\":\"5.8英寸 iPhone X【白色】\",\"is_contact\":0,\"sort\":50,\"image\":[],\"color\":\"\"},{\"spec_item_id\":420,\"item_name\":\"6.1英寸 iPhone XR【黑色】\",\"is_contact\":0,\"sort\":50,\"image\":[],\"color\":\"\"},{\"spec_item_id\":421,\"item_name\":\"6.1英寸 iPhone XR【白色】\",\"is_contact\":0,\"sort\":50,\"image\":[],\"color\":\"\"},{\"spec_item_id\":422,\"item_name\":\"6.1英寸 iPhone XR【红色】\",\"is_contact\":0,\"sort\":50,\"image\":[],\"color\":\"\"},{\"spec_item_id\":423,\"item_name\":\"6.1英寸 iPhone XR【蓝色】\",\"is_contact\":0,\"sort\":50,\"image\":[],\"color\":\"\"},{\"spec_item_id\":424,\"item_name\":\"6.1英寸 iPhone XR【黄色】\",\"is_contact\":0,\"sort\":50,\"image\":[],\"color\":\"\"},{\"spec_item_id\":425,\"item_name\":\"6.1英寸 iPhone XR【珊瑚色】\",\"is_contact\":0,\"sort\":50,\"image\":[],\"color\":\"\"},{\"spec_item_id\":426,\"item_name\":\"5.8英寸 iPhone XS【黑色】\",\"is_contact\":0,\"sort\":50,\"image\":[],\"color\":\"\"},{\"spec_item_id\":427,\"item_name\":\"5.8英寸 iPhone XS【白色】\",\"is_contact\":0,\"sort\":50,\"image\":[],\"color\":\"\"},{\"spec_item_id\":428,\"item_name\":\"5.8英寸 iPhone XS【金色】\",\"is_contact\":0,\"sort\":50,\"image\":[],\"color\":\"\"},{\"spec_item_id\":429,\"item_name\":\"6.5英寸 iPhone XS Max【黑色】\",\"is_contact\":0,\"sort\":50,\"image\":[],\"color\":\"\"},{\"spec_item_id\":430,\"item_name\":\"6.5英寸 iPhone XS Max【白色】\",\"is_contact\":0,\"sort\":50,\"image\":[],\"color\":\"\"},{\"spec_item_id\":431,\"item_name\":\"6.5英寸 iPhone XS Max【金色】\",\"is_contact\":0,\"sort\":50,\"image\":[],\"color\":\"\"},{\"spec_item_id\":432,\"item_name\":\"苹果X【有锁预售】\",\"is_contact\":0,\"sort\":50,\"image\":[],\"color\":\"\"}],\"check_list\":[418,419,420,421,422,423,424,425,426,427,428,429,430,431,432],\"check_all\":true,\"is_indeterminate\":false},{\"spec_id\":83,\"goods_type_id\":0,\"name\":\"套餐类型\",\"spec_index\":0,\"spec_type\":0,\"sort\":50,\"spec_item\":[{\"spec_item_id\":433,\"item_name\":\"官方标配\",\"is_contact\":0,\"sort\":50,\"image\":[],\"color\":\"\"},{\"spec_item_id\":434,\"item_name\":\"套餐一\",\"is_contact\":0,\"sort\":50,\"image\":[],\"color\":\"\"}],\"check_list\":[433,434],\"check_all\":true,\"is_indeterminate\":false},{\"spec_id\":84,\"goods_type_id\":0,\"name\":\"存储容量\",\"spec_index\":0,\"spec_type\":0,\"sort\":50,\"spec_item\":[{\"spec_item_id\":435,\"item_name\":\"64GB\",\"is_contact\":0,\"sort\":50,\"image\":[],\"color\":\"\"},{\"spec_item_id\":436,\"item_name\":\"128GB\",\"is_contact\":0,\"sort\":50,\"image\":[],\"color\":\"\"},{\"spec_item_id\":437,\"item_name\":\"256GB\",\"is_contact\":0,\"sort\":50,\"image\":[],\"color\":\"\"},{\"spec_item_id\":438,\"item_name\":\"512GB\",\"is_contact\":0,\"sort\":50,\"image\":[],\"color\":\"\"}],\"check_list\":[435,436,437,438],\"check_all\":true,\"is_indeterminate\":false},{\"spec_id\":85,\"goods_type_id\":0,\"name\":\"版本类型\",\"spec_index\":0,\"spec_type\":0,\"sort\":50,\"spec_item\":[{\"spec_item_id\":439,\"item_name\":\"美国\",\"is_contact\":0,\"sort\":50,\"image\":[],\"color\":\"\"},{\"spec_item_id\":440,\"item_name\":\"中国大陆\",\"is_contact\":0,\"sort\":50,\"image\":[],\"color\":\"\"}],\"check_list\":[439,440],\"check_all\":true,\"is_indeterminate\":false}]'),
(16, 291, '[{\"spec_id\":3,\"goods_type_id\":1,\"name\":\"网络\",\"spec_index\":1,\"spec_type\":2,\"sort\":10,\"spec_item\":[{\"spec_item_id\":149,\"item_name\":\"5G\",\"is_contact\":1,\"sort\":0,\"image\":[],\"color\":\"\"},{\"spec_item_id\":158,\"item_name\":\"4G\",\"is_contact\":1,\"sort\":1,\"image\":[],\"color\":\"\"}],\"check_list\":[],\"check_all\":false,\"is_indeterminate\":false},{\"spec_id\":4,\"goods_type_id\":1,\"name\":\"内存\",\"spec_index\":1,\"spec_type\":1,\"sort\":20,\"spec_item\":[{\"spec_item_id\":153,\"item_name\":\"16G\",\"is_contact\":1,\"sort\":0,\"image\":[],\"color\":\"\"},{\"spec_item_id\":152,\"item_name\":\"8G\",\"is_contact\":1,\"sort\":1,\"image\":[],\"color\":\"\"},{\"spec_item_id\":151,\"item_name\":\"4G\",\"is_contact\":1,\"sort\":2,\"image\":[],\"color\":\"\"}],\"check_list\":[]},{\"spec_id\":5,\"goods_type_id\":1,\"name\":\"尺码\",\"spec_index\":1,\"spec_type\":0,\"sort\":50,\"spec_item\":[{\"spec_item_id\":223,\"item_name\":\"M\",\"is_contact\":1,\"sort\":0,\"image\":[],\"color\":\"\"},{\"spec_item_id\":224,\"item_name\":\"X\",\"is_contact\":1,\"sort\":1,\"image\":[],\"color\":\"\"},{\"spec_item_id\":225,\"item_name\":\"XL\",\"is_contact\":1,\"sort\":2,\"image\":[],\"color\":\"\"}],\"check_list\":[]},{\"spec_id\":10,\"goods_type_id\":1,\"name\":\"颜色\",\"spec_index\":1,\"spec_type\":1,\"sort\":50,\"spec_item\":[{\"spec_item_id\":212,\"item_name\":\"银色\",\"is_contact\":1,\"sort\":0,\"image\":[],\"color\":\"\"},{\"spec_item_id\":211,\"item_name\":\"灰色\",\"is_contact\":1,\"sort\":1,\"image\":[],\"color\":\"\"},{\"spec_item_id\":408,\"item_name\":\"深黑色\",\"is_contact\":1,\"sort\":2,\"image\":[],\"color\":\"\"},{\"spec_item_id\":409,\"item_name\":\"淡蓝色\",\"is_contact\":1,\"sort\":3,\"image\":[],\"color\":\"\"},{\"spec_item_id\":405,\"item_name\":\"白色\",\"is_contact\":1,\"sort\":4,\"image\":[],\"color\":\"\"},{\"spec_item_id\":406,\"item_name\":\"红色\",\"is_contact\":1,\"sort\":5,\"image\":[],\"color\":\"\"},{\"spec_item_id\":410,\"item_name\":\"绿黄色\",\"is_contact\":1,\"sort\":6,\"image\":[],\"color\":\"\"}],\"check_list\":[]},{\"spec_id\":21,\"goods_type_id\":1,\"name\":\"星期\",\"spec_index\":1,\"spec_type\":2,\"sort\":50,\"spec_item\":[{\"spec_item_id\":240,\"item_name\":\"周日\",\"is_contact\":1,\"sort\":0,\"image\":[],\"color\":\"\"},{\"spec_item_id\":238,\"item_name\":\"周一\",\"is_contact\":1,\"sort\":1,\"image\":[],\"color\":\"\"},{\"spec_item_id\":243,\"item_name\":\"周二\",\"is_contact\":1,\"sort\":2,\"image\":[],\"color\":\"\"},{\"spec_item_id\":235,\"item_name\":\"周三\",\"is_contact\":1,\"sort\":3,\"image\":[],\"color\":\"\"},{\"spec_item_id\":237,\"item_name\":\"周四\",\"is_contact\":1,\"sort\":4,\"image\":[],\"color\":\"\"},{\"spec_item_id\":239,\"item_name\":\"周五\",\"is_contact\":1,\"sort\":5,\"image\":[],\"color\":\"\"},{\"spec_item_id\":241,\"item_name\":\"周六\",\"is_contact\":1,\"sort\":6,\"image\":[],\"color\":\"\"}],\"check_list\":[240,238,243,235,237,239,241],\"check_all\":true,\"is_indeterminate\":false}]'),
(17, 185, '[{\"spec_id\":3,\"goods_type_id\":1,\"name\":\"网络\",\"spec_index\":1,\"spec_type\":2,\"sort\":10,\"spec_item\":[{\"spec_item_id\":149,\"item_name\":\"5G\",\"is_contact\":1,\"sort\":0,\"image\":[],\"color\":\"\"},{\"spec_item_id\":158,\"item_name\":\"4G\",\"is_contact\":1,\"sort\":1,\"image\":[],\"color\":\"\"}],\"check_list\":[]},{\"spec_id\":4,\"goods_type_id\":1,\"name\":\"内存\",\"spec_index\":1,\"spec_type\":1,\"sort\":20,\"spec_item\":[{\"spec_item_id\":153,\"item_name\":\"16G\",\"is_contact\":1,\"sort\":0,\"image\":[],\"color\":\"\"},{\"spec_item_id\":152,\"item_name\":\"8G\",\"is_contact\":1,\"sort\":1,\"image\":[],\"color\":\"\"},{\"spec_item_id\":151,\"item_name\":\"4G\",\"is_contact\":1,\"sort\":2,\"image\":[],\"color\":\"\"}],\"check_list\":[]},{\"spec_id\":5,\"goods_type_id\":1,\"name\":\"尺码\",\"spec_index\":1,\"spec_type\":0,\"sort\":50,\"spec_item\":[{\"spec_item_id\":223,\"item_name\":\"M\",\"is_contact\":1,\"sort\":0,\"image\":[],\"color\":\"\"},{\"spec_item_id\":224,\"item_name\":\"X\",\"is_contact\":1,\"sort\":1,\"image\":[],\"color\":\"\"},{\"spec_item_id\":225,\"item_name\":\"XL\",\"is_contact\":1,\"sort\":2,\"image\":[],\"color\":\"\"}],\"check_list\":[]},{\"spec_id\":10,\"goods_type_id\":1,\"name\":\"颜色\",\"spec_index\":1,\"spec_type\":1,\"sort\":50,\"spec_item\":[{\"spec_item_id\":212,\"item_name\":\"银色\",\"is_contact\":1,\"sort\":0,\"image\":[],\"color\":\"\"},{\"spec_item_id\":211,\"item_name\":\"灰色\",\"is_contact\":1,\"sort\":1,\"image\":[],\"color\":\"\"},{\"spec_item_id\":408,\"item_name\":\"深黑色\",\"is_contact\":1,\"sort\":2,\"image\":[],\"color\":\"\"},{\"spec_item_id\":409,\"item_name\":\"淡蓝色\",\"is_contact\":1,\"sort\":3,\"image\":[],\"color\":\"\"},{\"spec_item_id\":405,\"item_name\":\"白色\",\"is_contact\":1,\"sort\":4,\"image\":[],\"color\":\"\"},{\"spec_item_id\":406,\"item_name\":\"红色\",\"is_contact\":1,\"sort\":5,\"image\":[],\"color\":\"\"},{\"spec_item_id\":410,\"item_name\":\"绿黄色\",\"is_contact\":1,\"sort\":6,\"image\":[],\"color\":\"\"}],\"check_list\":[]},{\"spec_id\":21,\"goods_type_id\":1,\"name\":\"星期\",\"spec_index\":1,\"spec_type\":2,\"sort\":50,\"spec_item\":[{\"spec_item_id\":240,\"item_name\":\"周日\",\"is_contact\":1,\"sort\":0,\"image\":[],\"color\":\"\"},{\"spec_item_id\":238,\"item_name\":\"周一\",\"is_contact\":1,\"sort\":1,\"image\":[],\"color\":\"\"},{\"spec_item_id\":243,\"item_name\":\"周二\",\"is_contact\":1,\"sort\":2,\"image\":[],\"color\":\"\"},{\"spec_item_id\":235,\"item_name\":\"周三\",\"is_contact\":1,\"sort\":3,\"image\":[],\"color\":\"\"},{\"spec_item_id\":237,\"item_name\":\"周四\",\"is_contact\":1,\"sort\":4,\"image\":[],\"color\":\"\"},{\"spec_item_id\":239,\"item_name\":\"周五\",\"is_contact\":1,\"sort\":5,\"image\":[],\"color\":\"\"},{\"spec_item_id\":241,\"item_name\":\"周六\",\"is_contact\":1,\"sort\":6,\"image\":[],\"color\":\"\"}],\"check_list\":[]}]');

DROP TABLE IF EXISTS `donkey_spec_goods`;
CREATE TABLE `donkey_spec_goods` (
  `goods_id` int(11) UNSIGNED NOT NULL DEFAULT '0' COMMENT '对应goods表',
  `key_name` varchar(200) COLLATE utf8mb4_unicode_ci NOT NULL COMMENT '规格键名',
  `key_value` varchar(100) COLLATE utf8mb4_unicode_ci NOT NULL COMMENT '规格值',
  `price` decimal(10,2) NOT NULL COMMENT '商品价格',
  `store_qty` int(11) NOT NULL DEFAULT '0' COMMENT '库存数量',
  `bar_code` varchar(60) COLLATE utf8mb4_unicode_ci NOT NULL DEFAULT '' COMMENT '商品条码',
  `goods_sku` varchar(50) COLLATE utf8mb4_unicode_ci NOT NULL DEFAULT '' COMMENT '商品SKU'
) ENGINE=InnoDB DEFAULT CHARSET=utf8mb4 COLLATE=utf8mb4_unicode_ci COMMENT='商品规格列表';

INSERT INTO `donkey_spec_goods` (`goods_id`, `key_name`, `key_value`, `price`, `store_qty`, `bar_code`, `goods_sku`) VALUES
(202, '149_143', '网络:5G 颜色:黑色', '5400.00', 100, '', ''),
(202, '149_144', '网络:5G 颜色:白色', '5400.00', 100, '', ''),
(202, '158_143', '网络:4G 颜色:黑色', '3400.00', 100, '', ''),
(202, '158_144', '网络:4G 颜色:白色', '3400.00', 100, '', ''),
(203, '149_143', '网络:5G 颜色:黑色', '5400.00', 100, '', ''),
(203, '149_144', '网络:5G 颜色:白色', '5400.00', 100, '', ''),
(203, '158_143', '网络:4G 颜色:黑色', '3400.00', 100, '', ''),
(203, '158_144', '网络:4G 颜色:白色', '3400.00', 100, '', ''),
(204, '149_143', '网络:5G 颜色:黑色', '5400.00', 100, '', ''),
(204, '149_144', '网络:5G 颜色:白色', '5400.00', 100, '', ''),
(204, '158_143', '网络:4G 颜色:黑色', '3400.00', 100, '', ''),
(204, '158_144', '网络:4G 颜色:白色', '3400.00', 100, '', ''),
(205, '149_143', '网络:5G 颜色:黑色', '5400.00', 100, '', ''),
(205, '149_144', '网络:5G 颜色:白色', '5400.00', 100, '', ''),
(205, '158_143', '网络:4G 颜色:黑色', '3400.00', 100, '', ''),
(205, '158_144', '网络:4G 颜色:白色', '3400.00', 100, '', ''),
(218, '149_272', '网络:5G 颜色:黑色', '5400.00', 100, '', ''),
(218, '149_273', '网络:5G 颜色:白色', '5400.00', 100, '', ''),
(218, '158_272', '网络:4G 颜色:黑色', '3400.00', 100, '', ''),
(218, '158_273', '网络:4G 颜色:白色', '3400.00', 100, '', ''),
(219, '149_275', '网络:5G 颜色:黑色', '5400.00', 100, '', ''),
(219, '149_276', '网络:5G 颜色:白色', '5400.00', 100, '', ''),
(219, '274_275', '网络:4G 颜色:黑色', '3400.00', 100, '', ''),
(219, '274_276', '网络:4G 颜色:白色', '3400.00', 100, '', ''),
(221, '149_143', '网络:5G 颜色:黑色', '5400.00', 100, '', ''),
(221, '149_144', '网络:5G 颜色:白色', '5400.00', 100, '', ''),
(221, '158_143', '网络:4G 颜色:黑色', '3400.00', 100, '', ''),
(221, '158_144', '网络:4G 颜色:白色', '3400.00', 100, '', ''),
(222, '149_278', '网络:5G 颜色:黑色', '5400.00', 100, '', ''),
(222, '149_279', '网络:5G 颜色:白色', '5400.00', 100, '', ''),
(222, '277_278', '网络:4G 颜色:黑色', '3400.00', 100, '', ''),
(222, '277_279', '网络:4G 颜色:白色', '3400.00', 100, '', ''),
(223, '149_143', '网络:5G 颜色:黑色', '5400.00', 100, '', ''),
(223, '149_144', '网络:5G 颜色:白色', '5400.00', 100, '', ''),
(223, '158_143', '网络:4G 颜色:黑色', '3400.00', 100, '', ''),
(223, '158_144', '网络:4G 颜色:白色', '3400.00', 100, '', ''),
(201, '149_143', '网络:5G 颜色:黑色', '5400.00', 101, '', ''),
(201, '149_144', '网络:5G 颜色:白色', '5400.00', 100, '', ''),
(201, '158_143', '网络:4G 颜色:黑色', '3400.00', 100, '', ''),
(201, '158_144', '网络:4G 颜色:白色', '3400.00', 100, '', ''),
(224, '149_281', '网络:5G 颜色:黑色', '5400.00', 100, '', ''),
(224, '149_282', '网络:5G 颜色:白色', '5400.00', 100, '', ''),
(224, '280_281', '网络:4G 颜色:黑色', '3400.00', 100, '', ''),
(224, '280_282', '网络:4G 颜色:白色', '3400.00', 100, '', ''),
(225, '149_143', '网络:5G 颜色:黑色', '5400.00', 101, '', ''),
(225, '149_144', '网络:5G 颜色:白色', '5400.00', 100, '', ''),
(225, '158_143', '网络:4G 颜色:黑色', '3400.00', 100, '', ''),
(225, '158_144', '网络:4G 颜色:白色', '3400.00', 100, '', ''),
(226, '149_284', '网络:5G 颜色:黑色', '5400.00', 100, '', ''),
(226, '149_285', '网络:5G 颜色:白色', '5400.00', 100, '', ''),
(226, '283_284', '网络:4G 颜色:黑色', '3400.00', 100, '', ''),
(226, '283_285', '网络:4G 颜色:白色', '3400.00', 100, '', ''),
(256, '149_369', '网络:5G 颜色:黑色', '5400.00', 100, '', ''),
(256, '149_370', '网络:5G 颜色:白色', '5400.00', 100, '', ''),
(256, '368_369', '网络:4G 颜色:黑色', '3400.00', 100, '', ''),
(256, '368_370', '网络:4G 颜色:白色', '3400.00', 100, '', ''),
(257, '149_372', '网络:5G 颜色:黑色', '5400.00', 100, '', ''),
(257, '149_373', '网络:5G 颜色:白色', '5400.00', 100, '', ''),
(257, '371_372', '网络:4G 颜色:黑色', '3400.00', 100, '', ''),
(257, '371_373', '网络:4G 颜色:白色', '3400.00', 100, '', ''),
(266, '149_393', '网络:5G 颜色:黑色', '5400.00', 100, '', ''),
(266, '149_394', '网络:5G 颜色:白色', '5401.00', 100, '', ''),
(266, '392_393', '网络:4G 颜色:黑色', '3402.00', 100, '', ''),
(266, '392_394', '网络:4G 颜色:白色', '3403.00', 100, '', ''),
(264, '149_393', '网络:5G 颜色:黑色', '5400.00', 100, '', ''),
(264, '149_394', '网络:5G 颜色:白色', '5401.00', 103, '', ''),
(264, '392_393', '网络:4G 颜色:黑色', '3402.00', 101, '', ''),
(264, '392_394', '网络:4G 颜色:白色', '3403.00', 105, '', ''),
(282, '208_411', '颜色:黑色 CPU:I5', '2.00', 5, '', ''),
(282, '208_412', '颜色:黑色 CPU:I7', '2.00', 5, '', ''),
(282, '209_411', '颜色:白色 CPU:I5', '2.00', 5, '', ''),
(282, '209_412', '颜色:白色 CPU:I7', '2.00', 5, '', ''),
(281, '208_411', '颜色:黑色 CPU:I5', '2.00', 6, '', ''),
(281, '208_412', '颜色:黑色 CPU:I7', '2.00', 7, '', ''),
(281, '209_411', '颜色:白色 CPU:I5', '2.00', 8, '', ''),
(281, '209_412', '颜色:白色 CPU:I7', '2.00', 9, '', ''),
(287, '208_411_413', '颜色:黑色 CPU:I5 屏幕:13寸', '18999.00', 10, '', ''),
(287, '208_411_414', '颜色:黑色 CPU:I5 屏幕:15寸', '18999.00', 10, '', ''),
(287, '208_411_415', '颜色:黑色 CPU:I5 屏幕:19寸', '18999.00', 10, '', ''),
(287, '208_412_413', '颜色:黑色 CPU:I7 屏幕:13寸', '18999.00', 10, '', ''),
(287, '208_412_414', '颜色:黑色 CPU:I7 屏幕:15寸', '18999.00', 10, '', ''),
(287, '208_412_415', '颜色:黑色 CPU:I7 屏幕:19寸', '18999.00', 10, '', ''),
(287, '209_411_413', '颜色:白色 CPU:I5 屏幕:13寸', '18999.00', 10, '', ''),
(287, '209_411_414', '颜色:白色 CPU:I5 屏幕:15寸', '18999.00', 10, '', ''),
(287, '209_411_415', '颜色:白色 CPU:I5 屏幕:19寸', '18999.00', 10, '', ''),
(287, '209_412_413', '颜色:白色 CPU:I7 屏幕:13寸', '18999.00', 10, '', ''),
(287, '209_412_414', '颜色:白色 CPU:I7 屏幕:15寸', '18999.00', 10, '', ''),
(287, '209_412_415', '颜色:白色 CPU:I7 屏幕:19寸', '18999.00', 10, '', ''),
(267, '151', '内存:4G', '1.00', 2, '', ''),
(267, '152', '内存:8G', '1.00', 0, '', ''),
(267, '153', '内存:16G', '1.00', 2, '', ''),
(290, '418_433_435_439', '机身颜色:5.8英寸 iPhone X【黑色】 套餐类型:官方标配 存储容量:64GB 版本类型:美国', '2000.00', 20, '', ''),
(290, '418_433_435_440', '机身颜色:5.8英寸 iPhone X【黑色】 套餐类型:官方标配 存储容量:64GB 版本类型:中国大陆', '3000.00', 20, '', ''),
(290, '418_433_436_439', '机身颜色:5.8英寸 iPhone X【黑色】 套餐类型:官方标配 存储容量:128GB 版本类型:美国', '2000.00', 20, '', ''),
(290, '418_433_436_440', '机身颜色:5.8英寸 iPhone X【黑色】 套餐类型:官方标配 存储容量:128GB 版本类型:中国大陆', '3000.00', 20, '', ''),
(290, '418_433_437_439', '机身颜色:5.8英寸 iPhone X【黑色】 套餐类型:官方标配 存储容量:256GB 版本类型:美国', '2000.00', 20, '', ''),
(290, '418_433_437_440', '机身颜色:5.8英寸 iPhone X【黑色】 套餐类型:官方标配 存储容量:256GB 版本类型:中国大陆', '3000.00', 20, '', ''),
(290, '418_433_438_439', '机身颜色:5.8英寸 iPhone X【黑色】 套餐类型:官方标配 存储容量:512GB 版本类型:美国', '2000.00', 20, '', ''),
(290, '418_433_438_440', '机身颜色:5.8英寸 iPhone X【黑色】 套餐类型:官方标配 存储容量:512GB 版本类型:中国大陆', '2000.00', 20, '', ''),
(290, '418_434_435_439', '机身颜色:5.8英寸 iPhone X【黑色】 套餐类型:套餐一 存储容量:64GB 版本类型:美国', '2000.00', 20, '', ''),
(290, '418_434_435_440', '机身颜色:5.8英寸 iPhone X【黑色】 套餐类型:套餐一 存储容量:64GB 版本类型:中国大陆', '2000.00', 20, '', ''),
(290, '418_434_436_439', '机身颜色:5.8英寸 iPhone X【黑色】 套餐类型:套餐一 存储容量:128GB 版本类型:美国', '2000.00', 20, '', ''),
(290, '418_434_436_440', '机身颜色:5.8英寸 iPhone X【黑色】 套餐类型:套餐一 存储容量:128GB 版本类型:中国大陆', '2000.00', 20, '', ''),
(290, '418_434_437_439', '机身颜色:5.8英寸 iPhone X【黑色】 套餐类型:套餐一 存储容量:256GB 版本类型:美国', '2000.00', 20, '', ''),
(290, '418_434_437_440', '机身颜色:5.8英寸 iPhone X【黑色】 套餐类型:套餐一 存储容量:256GB 版本类型:中国大陆', '2000.00', 20, '', ''),
(290, '418_434_438_439', '机身颜色:5.8英寸 iPhone X【黑色】 套餐类型:套餐一 存储容量:512GB 版本类型:美国', '2000.00', 20, '', ''),
(290, '418_434_438_440', '机身颜色:5.8英寸 iPhone X【黑色】 套餐类型:套餐一 存储容量:512GB 版本类型:中国大陆', '2000.00', 20, '', ''),
(290, '419_433_435_439', '机身颜色:5.8英寸 iPhone X【白色】 套餐类型:官方标配 存储容量:64GB 版本类型:美国', '2000.00', 20, '', ''),
(290, '419_433_435_440', '机身颜色:5.8英寸 iPhone X【白色】 套餐类型:官方标配 存储容量:64GB 版本类型:中国大陆', '2000.00', 20, '', ''),
(290, '419_433_436_439', '机身颜色:5.8英寸 iPhone X【白色】 套餐类型:官方标配 存储容量:128GB 版本类型:美国', '2000.00', 20, '', ''),
(290, '419_433_436_440', '机身颜色:5.8英寸 iPhone X【白色】 套餐类型:官方标配 存储容量:128GB 版本类型:中国大陆', '2000.00', 20, '', ''),
(290, '419_433_437_439', '机身颜色:5.8英寸 iPhone X【白色】 套餐类型:官方标配 存储容量:256GB 版本类型:美国', '2000.00', 20, '', ''),
(290, '419_433_437_440', '机身颜色:5.8英寸 iPhone X【白色】 套餐类型:官方标配 存储容量:256GB 版本类型:中国大陆', '2000.00', 20, '', ''),
(290, '419_433_438_439', '机身颜色:5.8英寸 iPhone X【白色】 套餐类型:官方标配 存储容量:512GB 版本类型:美国', '2000.00', 20, '', ''),
(290, '419_433_438_440', '机身颜色:5.8英寸 iPhone X【白色】 套餐类型:官方标配 存储容量:512GB 版本类型:中国大陆', '2000.00', 20, '', ''),
(290, '419_434_435_439', '机身颜色:5.8英寸 iPhone X【白色】 套餐类型:套餐一 存储容量:64GB 版本类型:美国', '2000.00', 20, '', ''),
(290, '419_434_435_440', '机身颜色:5.8英寸 iPhone X【白色】 套餐类型:套餐一 存储容量:64GB 版本类型:中国大陆', '2000.00', 20, '', ''),
(290, '419_434_436_439', '机身颜色:5.8英寸 iPhone X【白色】 套餐类型:套餐一 存储容量:128GB 版本类型:美国', '2000.00', 20, '', ''),
(290, '419_434_436_440', '机身颜色:5.8英寸 iPhone X【白色】 套餐类型:套餐一 存储容量:128GB 版本类型:中国大陆', '2000.00', 20, '', ''),
(290, '419_434_437_439', '机身颜色:5.8英寸 iPhone X【白色】 套餐类型:套餐一 存储容量:256GB 版本类型:美国', '2000.00', 20, '', ''),
(290, '419_434_437_440', '机身颜色:5.8英寸 iPhone X【白色】 套餐类型:套餐一 存储容量:256GB 版本类型:中国大陆', '2000.00', 20, '', ''),
(290, '419_434_438_439', '机身颜色:5.8英寸 iPhone X【白色】 套餐类型:套餐一 存储容量:512GB 版本类型:美国', '2000.00', 20, '', ''),
(290, '419_434_438_440', '机身颜色:5.8英寸 iPhone X【白色】 套餐类型:套餐一 存储容量:512GB 版本类型:中国大陆', '2000.00', 20, '', ''),
(290, '420_433_435_439', '机身颜色:6.1英寸 iPhone XR【黑色】 套餐类型:官方标配 存储容量:64GB 版本类型:美国', '2000.00', 20, '', ''),
(290, '420_433_435_440', '机身颜色:6.1英寸 iPhone XR【黑色】 套餐类型:官方标配 存储容量:64GB 版本类型:中国大陆', '2000.00', 20, '', ''),
(290, '420_433_436_439', '机身颜色:6.1英寸 iPhone XR【黑色】 套餐类型:官方标配 存储容量:128GB 版本类型:美国', '2000.00', 20, '', ''),
(290, '420_433_436_440', '机身颜色:6.1英寸 iPhone XR【黑色】 套餐类型:官方标配 存储容量:128GB 版本类型:中国大陆', '2000.00', 20, '', ''),
(290, '420_433_437_439', '机身颜色:6.1英寸 iPhone XR【黑色】 套餐类型:官方标配 存储容量:256GB 版本类型:美国', '2000.00', 20, '', ''),
(290, '420_433_437_440', '机身颜色:6.1英寸 iPhone XR【黑色】 套餐类型:官方标配 存储容量:256GB 版本类型:中国大陆', '2000.00', 20, '', ''),
(290, '420_433_438_439', '机身颜色:6.1英寸 iPhone XR【黑色】 套餐类型:官方标配 存储容量:512GB 版本类型:美国', '2000.00', 20, '', ''),
(290, '420_433_438_440', '机身颜色:6.1英寸 iPhone XR【黑色】 套餐类型:官方标配 存储容量:512GB 版本类型:中国大陆', '2000.00', 20, '', ''),
(290, '420_434_435_439', '机身颜色:6.1英寸 iPhone XR【黑色】 套餐类型:套餐一 存储容量:64GB 版本类型:美国', '2000.00', 20, '', ''),
(290, '420_434_435_440', '机身颜色:6.1英寸 iPhone XR【黑色】 套餐类型:套餐一 存储容量:64GB 版本类型:中国大陆', '2000.00', 20, '', ''),
(290, '420_434_436_439', '机身颜色:6.1英寸 iPhone XR【黑色】 套餐类型:套餐一 存储容量:128GB 版本类型:美国', '2000.00', 20, '', ''),
(290, '420_434_436_440', '机身颜色:6.1英寸 iPhone XR【黑色】 套餐类型:套餐一 存储容量:128GB 版本类型:中国大陆', '2000.00', 20, '', ''),
(290, '420_434_437_439', '机身颜色:6.1英寸 iPhone XR【黑色】 套餐类型:套餐一 存储容量:256GB 版本类型:美国', '2000.00', 20, '', ''),
(290, '420_434_437_440', '机身颜色:6.1英寸 iPhone XR【黑色】 套餐类型:套餐一 存储容量:256GB 版本类型:中国大陆', '2000.00', 20, '', ''),
(290, '420_434_438_439', '机身颜色:6.1英寸 iPhone XR【黑色】 套餐类型:套餐一 存储容量:512GB 版本类型:美国', '2000.00', 20, '', ''),
(290, '420_434_438_440', '机身颜色:6.1英寸 iPhone XR【黑色】 套餐类型:套餐一 存储容量:512GB 版本类型:中国大陆', '2000.00', 20, '', ''),
(290, '421_433_435_439', '机身颜色:6.1英寸 iPhone XR【白色】 套餐类型:官方标配 存储容量:64GB 版本类型:美国', '2000.00', 20, '', ''),
(290, '421_433_435_440', '机身颜色:6.1英寸 iPhone XR【白色】 套餐类型:官方标配 存储容量:64GB 版本类型:中国大陆', '2000.00', 20, '', ''),
(290, '421_433_436_439', '机身颜色:6.1英寸 iPhone XR【白色】 套餐类型:官方标配 存储容量:128GB 版本类型:美国', '2000.00', 20, '', ''),
(290, '421_433_436_440', '机身颜色:6.1英寸 iPhone XR【白色】 套餐类型:官方标配 存储容量:128GB 版本类型:中国大陆', '2000.00', 20, '', ''),
(290, '421_433_437_439', '机身颜色:6.1英寸 iPhone XR【白色】 套餐类型:官方标配 存储容量:256GB 版本类型:美国', '2000.00', 20, '', ''),
(290, '421_433_437_440', '机身颜色:6.1英寸 iPhone XR【白色】 套餐类型:官方标配 存储容量:256GB 版本类型:中国大陆', '2000.00', 20, '', ''),
(290, '421_433_438_439', '机身颜色:6.1英寸 iPhone XR【白色】 套餐类型:官方标配 存储容量:512GB 版本类型:美国', '2000.00', 20, '', ''),
(290, '421_433_438_440', '机身颜色:6.1英寸 iPhone XR【白色】 套餐类型:官方标配 存储容量:512GB 版本类型:中国大陆', '2000.00', 20, '', ''),
(290, '421_434_435_439', '机身颜色:6.1英寸 iPhone XR【白色】 套餐类型:套餐一 存储容量:64GB 版本类型:美国', '2000.00', 20, '', ''),
(290, '421_434_435_440', '机身颜色:6.1英寸 iPhone XR【白色】 套餐类型:套餐一 存储容量:64GB 版本类型:中国大陆', '2000.00', 20, '', ''),
(290, '421_434_436_439', '机身颜色:6.1英寸 iPhone XR【白色】 套餐类型:套餐一 存储容量:128GB 版本类型:美国', '2000.00', 20, '', ''),
(290, '421_434_436_440', '机身颜色:6.1英寸 iPhone XR【白色】 套餐类型:套餐一 存储容量:128GB 版本类型:中国大陆', '2000.00', 20, '', ''),
(290, '421_434_437_439', '机身颜色:6.1英寸 iPhone XR【白色】 套餐类型:套餐一 存储容量:256GB 版本类型:美国', '2000.00', 20, '', ''),
(290, '421_434_437_440', '机身颜色:6.1英寸 iPhone XR【白色】 套餐类型:套餐一 存储容量:256GB 版本类型:中国大陆', '2000.00', 20, '', ''),
(290, '421_434_438_439', '机身颜色:6.1英寸 iPhone XR【白色】 套餐类型:套餐一 存储容量:512GB 版本类型:美国', '2000.00', 20, '', ''),
(290, '421_434_438_440', '机身颜色:6.1英寸 iPhone XR【白色】 套餐类型:套餐一 存储容量:512GB 版本类型:中国大陆', '2000.00', 20, '', ''),
(290, '422_433_435_439', '机身颜色:6.1英寸 iPhone XR【红色】 套餐类型:官方标配 存储容量:64GB 版本类型:美国', '2000.00', 20, '', ''),
(290, '422_433_435_440', '机身颜色:6.1英寸 iPhone XR【红色】 套餐类型:官方标配 存储容量:64GB 版本类型:中国大陆', '2000.00', 20, '', ''),
(290, '422_433_436_439', '机身颜色:6.1英寸 iPhone XR【红色】 套餐类型:官方标配 存储容量:128GB 版本类型:美国', '2000.00', 20, '', ''),
(290, '422_433_436_440', '机身颜色:6.1英寸 iPhone XR【红色】 套餐类型:官方标配 存储容量:128GB 版本类型:中国大陆', '2000.00', 20, '', ''),
(290, '422_433_437_439', '机身颜色:6.1英寸 iPhone XR【红色】 套餐类型:官方标配 存储容量:256GB 版本类型:美国', '2000.00', 20, '', ''),
(290, '422_433_437_440', '机身颜色:6.1英寸 iPhone XR【红色】 套餐类型:官方标配 存储容量:256GB 版本类型:中国大陆', '2000.00', 20, '', ''),
(290, '422_433_438_439', '机身颜色:6.1英寸 iPhone XR【红色】 套餐类型:官方标配 存储容量:512GB 版本类型:美国', '2000.00', 20, '', ''),
(290, '422_433_438_440', '机身颜色:6.1英寸 iPhone XR【红色】 套餐类型:官方标配 存储容量:512GB 版本类型:中国大陆', '2000.00', 20, '', ''),
(290, '422_434_435_439', '机身颜色:6.1英寸 iPhone XR【红色】 套餐类型:套餐一 存储容量:64GB 版本类型:美国', '2000.00', 20, '', ''),
(290, '422_434_435_440', '机身颜色:6.1英寸 iPhone XR【红色】 套餐类型:套餐一 存储容量:64GB 版本类型:中国大陆', '2000.00', 20, '', ''),
(290, '422_434_436_439', '机身颜色:6.1英寸 iPhone XR【红色】 套餐类型:套餐一 存储容量:128GB 版本类型:美国', '2000.00', 20, '', ''),
(290, '422_434_436_440', '机身颜色:6.1英寸 iPhone XR【红色】 套餐类型:套餐一 存储容量:128GB 版本类型:中国大陆', '2000.00', 20, '', ''),
(290, '422_434_437_439', '机身颜色:6.1英寸 iPhone XR【红色】 套餐类型:套餐一 存储容量:256GB 版本类型:美国', '2000.00', 20, '', ''),
(290, '422_434_437_440', '机身颜色:6.1英寸 iPhone XR【红色】 套餐类型:套餐一 存储容量:256GB 版本类型:中国大陆', '2000.00', 20, '', ''),
(290, '422_434_438_439', '机身颜色:6.1英寸 iPhone XR【红色】 套餐类型:套餐一 存储容量:512GB 版本类型:美国', '2000.00', 20, '', ''),
(290, '422_434_438_440', '机身颜色:6.1英寸 iPhone XR【红色】 套餐类型:套餐一 存储容量:512GB 版本类型:中国大陆', '2000.00', 20, '', ''),
(290, '423_433_435_439', '机身颜色:6.1英寸 iPhone XR【蓝色】 套餐类型:官方标配 存储容量:64GB 版本类型:美国', '2000.00', 20, '', ''),
(290, '423_433_435_440', '机身颜色:6.1英寸 iPhone XR【蓝色】 套餐类型:官方标配 存储容量:64GB 版本类型:中国大陆', '2000.00', 20, '', ''),
(290, '423_433_436_439', '机身颜色:6.1英寸 iPhone XR【蓝色】 套餐类型:官方标配 存储容量:128GB 版本类型:美国', '2000.00', 20, '', ''),
(290, '423_433_436_440', '机身颜色:6.1英寸 iPhone XR【蓝色】 套餐类型:官方标配 存储容量:128GB 版本类型:中国大陆', '2000.00', 20, '', ''),
(290, '423_433_437_439', '机身颜色:6.1英寸 iPhone XR【蓝色】 套餐类型:官方标配 存储容量:256GB 版本类型:美国', '2000.00', 20, '', ''),
(290, '423_433_437_440', '机身颜色:6.1英寸 iPhone XR【蓝色】 套餐类型:官方标配 存储容量:256GB 版本类型:中国大陆', '2000.00', 20, '', ''),
(290, '423_433_438_439', '机身颜色:6.1英寸 iPhone XR【蓝色】 套餐类型:官方标配 存储容量:512GB 版本类型:美国', '2000.00', 20, '', ''),
(290, '423_433_438_440', '机身颜色:6.1英寸 iPhone XR【蓝色】 套餐类型:官方标配 存储容量:512GB 版本类型:中国大陆', '2000.00', 20, '', ''),
(290, '423_434_435_439', '机身颜色:6.1英寸 iPhone XR【蓝色】 套餐类型:套餐一 存储容量:64GB 版本类型:美国', '2000.00', 20, '', ''),
(290, '423_434_435_440', '机身颜色:6.1英寸 iPhone XR【蓝色】 套餐类型:套餐一 存储容量:64GB 版本类型:中国大陆', '2000.00', 20, '', ''),
(290, '423_434_436_439', '机身颜色:6.1英寸 iPhone XR【蓝色】 套餐类型:套餐一 存储容量:128GB 版本类型:美国', '2000.00', 20, '', ''),
(290, '423_434_436_440', '机身颜色:6.1英寸 iPhone XR【蓝色】 套餐类型:套餐一 存储容量:128GB 版本类型:中国大陆', '2000.00', 20, '', ''),
(290, '423_434_437_439', '机身颜色:6.1英寸 iPhone XR【蓝色】 套餐类型:套餐一 存储容量:256GB 版本类型:美国', '2000.00', 20, '', ''),
(290, '423_434_437_440', '机身颜色:6.1英寸 iPhone XR【蓝色】 套餐类型:套餐一 存储容量:256GB 版本类型:中国大陆', '2000.00', 20, '', ''),
(290, '423_434_438_439', '机身颜色:6.1英寸 iPhone XR【蓝色】 套餐类型:套餐一 存储容量:512GB 版本类型:美国', '2000.00', 20, '', ''),
(290, '423_434_438_440', '机身颜色:6.1英寸 iPhone XR【蓝色】 套餐类型:套餐一 存储容量:512GB 版本类型:中国大陆', '2000.00', 20, '', ''),
(290, '424_433_435_439', '机身颜色:6.1英寸 iPhone XR【黄色】 套餐类型:官方标配 存储容量:64GB 版本类型:美国', '2000.00', 20, '', ''),
(290, '424_433_435_440', '机身颜色:6.1英寸 iPhone XR【黄色】 套餐类型:官方标配 存储容量:64GB 版本类型:中国大陆', '2000.00', 20, '', ''),
(290, '424_433_436_439', '机身颜色:6.1英寸 iPhone XR【黄色】 套餐类型:官方标配 存储容量:128GB 版本类型:美国', '2000.00', 20, '', ''),
(290, '424_433_436_440', '机身颜色:6.1英寸 iPhone XR【黄色】 套餐类型:官方标配 存储容量:128GB 版本类型:中国大陆', '2000.00', 20, '', ''),
(290, '424_433_437_439', '机身颜色:6.1英寸 iPhone XR【黄色】 套餐类型:官方标配 存储容量:256GB 版本类型:美国', '2000.00', 20, '', ''),
(290, '424_433_437_440', '机身颜色:6.1英寸 iPhone XR【黄色】 套餐类型:官方标配 存储容量:256GB 版本类型:中国大陆', '2000.00', 20, '', ''),
(290, '424_433_438_439', '机身颜色:6.1英寸 iPhone XR【黄色】 套餐类型:官方标配 存储容量:512GB 版本类型:美国', '2000.00', 20, '', ''),
(290, '424_433_438_440', '机身颜色:6.1英寸 iPhone XR【黄色】 套餐类型:官方标配 存储容量:512GB 版本类型:中国大陆', '2000.00', 20, '', ''),
(290, '424_434_435_439', '机身颜色:6.1英寸 iPhone XR【黄色】 套餐类型:套餐一 存储容量:64GB 版本类型:美国', '2000.00', 20, '', ''),
(290, '424_434_435_440', '机身颜色:6.1英寸 iPhone XR【黄色】 套餐类型:套餐一 存储容量:64GB 版本类型:中国大陆', '2000.00', 20, '', ''),
(290, '424_434_436_439', '机身颜色:6.1英寸 iPhone XR【黄色】 套餐类型:套餐一 存储容量:128GB 版本类型:美国', '2000.00', 20, '', ''),
(290, '424_434_436_440', '机身颜色:6.1英寸 iPhone XR【黄色】 套餐类型:套餐一 存储容量:128GB 版本类型:中国大陆', '2000.00', 20, '', ''),
(290, '424_434_437_439', '机身颜色:6.1英寸 iPhone XR【黄色】 套餐类型:套餐一 存储容量:256GB 版本类型:美国', '2000.00', 20, '', ''),
(290, '424_434_437_440', '机身颜色:6.1英寸 iPhone XR【黄色】 套餐类型:套餐一 存储容量:256GB 版本类型:中国大陆', '2000.00', 20, '', ''),
(290, '424_434_438_439', '机身颜色:6.1英寸 iPhone XR【黄色】 套餐类型:套餐一 存储容量:512GB 版本类型:美国', '2000.00', 20, '', ''),
(290, '424_434_438_440', '机身颜色:6.1英寸 iPhone XR【黄色】 套餐类型:套餐一 存储容量:512GB 版本类型:中国大陆', '2000.00', 20, '', ''),
(290, '425_433_435_439', '机身颜色:6.1英寸 iPhone XR【珊瑚色】 套餐类型:官方标配 存储容量:64GB 版本类型:美国', '2000.00', 20, '', ''),
(290, '425_433_435_440', '机身颜色:6.1英寸 iPhone XR【珊瑚色】 套餐类型:官方标配 存储容量:64GB 版本类型:中国大陆', '2000.00', 20, '', ''),
(290, '425_433_436_439', '机身颜色:6.1英寸 iPhone XR【珊瑚色】 套餐类型:官方标配 存储容量:128GB 版本类型:美国', '2000.00', 20, '', ''),
(290, '425_433_436_440', '机身颜色:6.1英寸 iPhone XR【珊瑚色】 套餐类型:官方标配 存储容量:128GB 版本类型:中国大陆', '2000.00', 20, '', ''),
(290, '425_433_437_439', '机身颜色:6.1英寸 iPhone XR【珊瑚色】 套餐类型:官方标配 存储容量:256GB 版本类型:美国', '2000.00', 20, '', ''),
(290, '425_433_437_440', '机身颜色:6.1英寸 iPhone XR【珊瑚色】 套餐类型:官方标配 存储容量:256GB 版本类型:中国大陆', '2000.00', 20, '', ''),
(290, '425_433_438_439', '机身颜色:6.1英寸 iPhone XR【珊瑚色】 套餐类型:官方标配 存储容量:512GB 版本类型:美国', '2000.00', 20, '', ''),
(290, '425_433_438_440', '机身颜色:6.1英寸 iPhone XR【珊瑚色】 套餐类型:官方标配 存储容量:512GB 版本类型:中国大陆', '2000.00', 20, '', ''),
(290, '425_434_435_439', '机身颜色:6.1英寸 iPhone XR【珊瑚色】 套餐类型:套餐一 存储容量:64GB 版本类型:美国', '2000.00', 20, '', ''),
(290, '425_434_435_440', '机身颜色:6.1英寸 iPhone XR【珊瑚色】 套餐类型:套餐一 存储容量:64GB 版本类型:中国大陆', '2000.00', 20, '', ''),
(290, '425_434_436_439', '机身颜色:6.1英寸 iPhone XR【珊瑚色】 套餐类型:套餐一 存储容量:128GB 版本类型:美国', '2000.00', 20, '', ''),
(290, '425_434_436_440', '机身颜色:6.1英寸 iPhone XR【珊瑚色】 套餐类型:套餐一 存储容量:128GB 版本类型:中国大陆', '2000.00', 20, '', ''),
(290, '425_434_437_439', '机身颜色:6.1英寸 iPhone XR【珊瑚色】 套餐类型:套餐一 存储容量:256GB 版本类型:美国', '2000.00', 20, '', ''),
(290, '425_434_437_440', '机身颜色:6.1英寸 iPhone XR【珊瑚色】 套餐类型:套餐一 存储容量:256GB 版本类型:中国大陆', '2000.00', 20, '', ''),
(290, '425_434_438_439', '机身颜色:6.1英寸 iPhone XR【珊瑚色】 套餐类型:套餐一 存储容量:512GB 版本类型:美国', '2000.00', 20, '', ''),
(290, '425_434_438_440', '机身颜色:6.1英寸 iPhone XR【珊瑚色】 套餐类型:套餐一 存储容量:512GB 版本类型:中国大陆', '2000.00', 20, '', ''),
(290, '426_433_435_439', '机身颜色:5.8英寸 iPhone XS【黑色】 套餐类型:官方标配 存储容量:64GB 版本类型:美国', '2000.00', 20, '', ''),
(290, '426_433_435_440', '机身颜色:5.8英寸 iPhone XS【黑色】 套餐类型:官方标配 存储容量:64GB 版本类型:中国大陆', '2000.00', 20, '', ''),
(290, '426_433_436_439', '机身颜色:5.8英寸 iPhone XS【黑色】 套餐类型:官方标配 存储容量:128GB 版本类型:美国', '2000.00', 20, '', ''),
(290, '426_433_436_440', '机身颜色:5.8英寸 iPhone XS【黑色】 套餐类型:官方标配 存储容量:128GB 版本类型:中国大陆', '2000.00', 20, '', ''),
(290, '426_433_437_439', '机身颜色:5.8英寸 iPhone XS【黑色】 套餐类型:官方标配 存储容量:256GB 版本类型:美国', '2000.00', 20, '', ''),
(290, '426_433_437_440', '机身颜色:5.8英寸 iPhone XS【黑色】 套餐类型:官方标配 存储容量:256GB 版本类型:中国大陆', '2000.00', 20, '', ''),
(290, '426_433_438_439', '机身颜色:5.8英寸 iPhone XS【黑色】 套餐类型:官方标配 存储容量:512GB 版本类型:美国', '2000.00', 20, '', ''),
(290, '426_433_438_440', '机身颜色:5.8英寸 iPhone XS【黑色】 套餐类型:官方标配 存储容量:512GB 版本类型:中国大陆', '2000.00', 20, '', ''),
(290, '426_434_435_439', '机身颜色:5.8英寸 iPhone XS【黑色】 套餐类型:套餐一 存储容量:64GB 版本类型:美国', '2000.00', 20, '', ''),
(290, '426_434_435_440', '机身颜色:5.8英寸 iPhone XS【黑色】 套餐类型:套餐一 存储容量:64GB 版本类型:中国大陆', '2000.00', 20, '', ''),
(290, '426_434_436_439', '机身颜色:5.8英寸 iPhone XS【黑色】 套餐类型:套餐一 存储容量:128GB 版本类型:美国', '2000.00', 20, '', ''),
(290, '426_434_436_440', '机身颜色:5.8英寸 iPhone XS【黑色】 套餐类型:套餐一 存储容量:128GB 版本类型:中国大陆', '2000.00', 20, '', ''),
(290, '426_434_437_439', '机身颜色:5.8英寸 iPhone XS【黑色】 套餐类型:套餐一 存储容量:256GB 版本类型:美国', '2000.00', 20, '', ''),
(290, '426_434_437_440', '机身颜色:5.8英寸 iPhone XS【黑色】 套餐类型:套餐一 存储容量:256GB 版本类型:中国大陆', '2000.00', 20, '', ''),
(290, '426_434_438_439', '机身颜色:5.8英寸 iPhone XS【黑色】 套餐类型:套餐一 存储容量:512GB 版本类型:美国', '2000.00', 20, '', ''),
(290, '426_434_438_440', '机身颜色:5.8英寸 iPhone XS【黑色】 套餐类型:套餐一 存储容量:512GB 版本类型:中国大陆', '2000.00', 20, '', ''),
(290, '427_433_435_439', '机身颜色:5.8英寸 iPhone XS【白色】 套餐类型:官方标配 存储容量:64GB 版本类型:美国', '2000.00', 20, '', ''),
(290, '427_433_435_440', '机身颜色:5.8英寸 iPhone XS【白色】 套餐类型:官方标配 存储容量:64GB 版本类型:中国大陆', '2000.00', 20, '', ''),
(290, '427_433_436_439', '机身颜色:5.8英寸 iPhone XS【白色】 套餐类型:官方标配 存储容量:128GB 版本类型:美国', '2000.00', 20, '', ''),
(290, '427_433_436_440', '机身颜色:5.8英寸 iPhone XS【白色】 套餐类型:官方标配 存储容量:128GB 版本类型:中国大陆', '2000.00', 20, '', ''),
(290, '427_433_437_439', '机身颜色:5.8英寸 iPhone XS【白色】 套餐类型:官方标配 存储容量:256GB 版本类型:美国', '2000.00', 20, '', ''),
(290, '427_433_437_440', '机身颜色:5.8英寸 iPhone XS【白色】 套餐类型:官方标配 存储容量:256GB 版本类型:中国大陆', '2000.00', 20, '', ''),
(290, '427_433_438_439', '机身颜色:5.8英寸 iPhone XS【白色】 套餐类型:官方标配 存储容量:512GB 版本类型:美国', '2000.00', 20, '', ''),
(290, '427_433_438_440', '机身颜色:5.8英寸 iPhone XS【白色】 套餐类型:官方标配 存储容量:512GB 版本类型:中国大陆', '2000.00', 20, '', ''),
(290, '427_434_435_439', '机身颜色:5.8英寸 iPhone XS【白色】 套餐类型:套餐一 存储容量:64GB 版本类型:美国', '2000.00', 20, '', ''),
(290, '427_434_435_440', '机身颜色:5.8英寸 iPhone XS【白色】 套餐类型:套餐一 存储容量:64GB 版本类型:中国大陆', '2000.00', 20, '', ''),
(290, '427_434_436_439', '机身颜色:5.8英寸 iPhone XS【白色】 套餐类型:套餐一 存储容量:128GB 版本类型:美国', '2000.00', 20, '', ''),
(290, '427_434_436_440', '机身颜色:5.8英寸 iPhone XS【白色】 套餐类型:套餐一 存储容量:128GB 版本类型:中国大陆', '2000.00', 20, '', ''),
(290, '427_434_437_439', '机身颜色:5.8英寸 iPhone XS【白色】 套餐类型:套餐一 存储容量:256GB 版本类型:美国', '2000.00', 20, '', ''),
(290, '427_434_437_440', '机身颜色:5.8英寸 iPhone XS【白色】 套餐类型:套餐一 存储容量:256GB 版本类型:中国大陆', '2000.00', 20, '', ''),
(290, '427_434_438_439', '机身颜色:5.8英寸 iPhone XS【白色】 套餐类型:套餐一 存储容量:512GB 版本类型:美国', '2000.00', 20, '', ''),
(290, '427_434_438_440', '机身颜色:5.8英寸 iPhone XS【白色】 套餐类型:套餐一 存储容量:512GB 版本类型:中国大陆', '2000.00', 20, '', ''),
(290, '428_433_435_439', '机身颜色:5.8英寸 iPhone XS【金色】 套餐类型:官方标配 存储容量:64GB 版本类型:美国', '2000.00', 20, '', ''),
(290, '428_433_435_440', '机身颜色:5.8英寸 iPhone XS【金色】 套餐类型:官方标配 存储容量:64GB 版本类型:中国大陆', '2000.00', 20, '', ''),
(290, '428_433_436_439', '机身颜色:5.8英寸 iPhone XS【金色】 套餐类型:官方标配 存储容量:128GB 版本类型:美国', '2000.00', 20, '', ''),
(290, '428_433_436_440', '机身颜色:5.8英寸 iPhone XS【金色】 套餐类型:官方标配 存储容量:128GB 版本类型:中国大陆', '2000.00', 20, '', ''),
(290, '428_433_437_439', '机身颜色:5.8英寸 iPhone XS【金色】 套餐类型:官方标配 存储容量:256GB 版本类型:美国', '2000.00', 20, '', ''),
(290, '428_433_437_440', '机身颜色:5.8英寸 iPhone XS【金色】 套餐类型:官方标配 存储容量:256GB 版本类型:中国大陆', '2000.00', 20, '', ''),
(290, '428_433_438_439', '机身颜色:5.8英寸 iPhone XS【金色】 套餐类型:官方标配 存储容量:512GB 版本类型:美国', '2000.00', 20, '', ''),
(290, '428_433_438_440', '机身颜色:5.8英寸 iPhone XS【金色】 套餐类型:官方标配 存储容量:512GB 版本类型:中国大陆', '2000.00', 20, '', ''),
(290, '428_434_435_439', '机身颜色:5.8英寸 iPhone XS【金色】 套餐类型:套餐一 存储容量:64GB 版本类型:美国', '2000.00', 20, '', ''),
(290, '428_434_435_440', '机身颜色:5.8英寸 iPhone XS【金色】 套餐类型:套餐一 存储容量:64GB 版本类型:中国大陆', '2000.00', 20, '', ''),
(290, '428_434_436_439', '机身颜色:5.8英寸 iPhone XS【金色】 套餐类型:套餐一 存储容量:128GB 版本类型:美国', '2000.00', 20, '', ''),
(290, '428_434_436_440', '机身颜色:5.8英寸 iPhone XS【金色】 套餐类型:套餐一 存储容量:128GB 版本类型:中国大陆', '2000.00', 20, '', ''),
(290, '428_434_437_439', '机身颜色:5.8英寸 iPhone XS【金色】 套餐类型:套餐一 存储容量:256GB 版本类型:美国', '2000.00', 20, '', ''),
(290, '428_434_437_440', '机身颜色:5.8英寸 iPhone XS【金色】 套餐类型:套餐一 存储容量:256GB 版本类型:中国大陆', '2000.00', 20, '', ''),
(290, '428_434_438_439', '机身颜色:5.8英寸 iPhone XS【金色】 套餐类型:套餐一 存储容量:512GB 版本类型:美国', '2000.00', 20, '', ''),
(290, '428_434_438_440', '机身颜色:5.8英寸 iPhone XS【金色】 套餐类型:套餐一 存储容量:512GB 版本类型:中国大陆', '2000.00', 20, '', ''),
(290, '429_433_435_439', '机身颜色:6.5英寸 iPhone XS Max【黑色】 套餐类型:官方标配 存储容量:64GB 版本类型:美国', '2000.00', 20, '', ''),
(290, '429_433_435_440', '机身颜色:6.5英寸 iPhone XS Max【黑色】 套餐类型:官方标配 存储容量:64GB 版本类型:中国大陆', '2000.00', 20, '', ''),
(290, '429_433_436_439', '机身颜色:6.5英寸 iPhone XS Max【黑色】 套餐类型:官方标配 存储容量:128GB 版本类型:美国', '2000.00', 20, '', ''),
(290, '429_433_436_440', '机身颜色:6.5英寸 iPhone XS Max【黑色】 套餐类型:官方标配 存储容量:128GB 版本类型:中国大陆', '2000.00', 20, '', ''),
(290, '429_433_437_439', '机身颜色:6.5英寸 iPhone XS Max【黑色】 套餐类型:官方标配 存储容量:256GB 版本类型:美国', '2000.00', 20, '', ''),
(290, '429_433_437_440', '机身颜色:6.5英寸 iPhone XS Max【黑色】 套餐类型:官方标配 存储容量:256GB 版本类型:中国大陆', '2000.00', 20, '', ''),
(290, '429_433_438_439', '机身颜色:6.5英寸 iPhone XS Max【黑色】 套餐类型:官方标配 存储容量:512GB 版本类型:美国', '2000.00', 20, '', ''),
(290, '429_433_438_440', '机身颜色:6.5英寸 iPhone XS Max【黑色】 套餐类型:官方标配 存储容量:512GB 版本类型:中国大陆', '2000.00', 20, '', ''),
(290, '429_434_435_439', '机身颜色:6.5英寸 iPhone XS Max【黑色】 套餐类型:套餐一 存储容量:64GB 版本类型:美国', '2000.00', 20, '', ''),
(290, '429_434_435_440', '机身颜色:6.5英寸 iPhone XS Max【黑色】 套餐类型:套餐一 存储容量:64GB 版本类型:中国大陆', '2000.00', 20, '', ''),
(290, '429_434_436_439', '机身颜色:6.5英寸 iPhone XS Max【黑色】 套餐类型:套餐一 存储容量:128GB 版本类型:美国', '2000.00', 20, '', ''),
(290, '429_434_436_440', '机身颜色:6.5英寸 iPhone XS Max【黑色】 套餐类型:套餐一 存储容量:128GB 版本类型:中国大陆', '2000.00', 20, '', ''),
(290, '429_434_437_439', '机身颜色:6.5英寸 iPhone XS Max【黑色】 套餐类型:套餐一 存储容量:256GB 版本类型:美国', '2000.00', 20, '', ''),
(290, '429_434_437_440', '机身颜色:6.5英寸 iPhone XS Max【黑色】 套餐类型:套餐一 存储容量:256GB 版本类型:中国大陆', '2000.00', 20, '', ''),
(290, '429_434_438_439', '机身颜色:6.5英寸 iPhone XS Max【黑色】 套餐类型:套餐一 存储容量:512GB 版本类型:美国', '2000.00', 20, '', ''),
(290, '429_434_438_440', '机身颜色:6.5英寸 iPhone XS Max【黑色】 套餐类型:套餐一 存储容量:512GB 版本类型:中国大陆', '2000.00', 20, '', ''),
(290, '430_433_435_439', '机身颜色:6.5英寸 iPhone XS Max【白色】 套餐类型:官方标配 存储容量:64GB 版本类型:美国', '2000.00', 20, '', ''),
(290, '430_433_435_440', '机身颜色:6.5英寸 iPhone XS Max【白色】 套餐类型:官方标配 存储容量:64GB 版本类型:中国大陆', '2000.00', 20, '', ''),
(290, '430_433_436_439', '机身颜色:6.5英寸 iPhone XS Max【白色】 套餐类型:官方标配 存储容量:128GB 版本类型:美国', '2000.00', 20, '', ''),
(290, '430_433_436_440', '机身颜色:6.5英寸 iPhone XS Max【白色】 套餐类型:官方标配 存储容量:128GB 版本类型:中国大陆', '2000.00', 20, '', ''),
(290, '430_433_437_439', '机身颜色:6.5英寸 iPhone XS Max【白色】 套餐类型:官方标配 存储容量:256GB 版本类型:美国', '2000.00', 20, '', ''),
(290, '430_433_437_440', '机身颜色:6.5英寸 iPhone XS Max【白色】 套餐类型:官方标配 存储容量:256GB 版本类型:中国大陆', '2000.00', 20, '', ''),
(290, '430_433_438_439', '机身颜色:6.5英寸 iPhone XS Max【白色】 套餐类型:官方标配 存储容量:512GB 版本类型:美国', '2000.00', 20, '', ''),
(290, '430_433_438_440', '机身颜色:6.5英寸 iPhone XS Max【白色】 套餐类型:官方标配 存储容量:512GB 版本类型:中国大陆', '2000.00', 20, '', ''),
(290, '430_434_435_439', '机身颜色:6.5英寸 iPhone XS Max【白色】 套餐类型:套餐一 存储容量:64GB 版本类型:美国', '2000.00', 20, '', ''),
(290, '430_434_435_440', '机身颜色:6.5英寸 iPhone XS Max【白色】 套餐类型:套餐一 存储容量:64GB 版本类型:中国大陆', '2000.00', 20, '', ''),
(290, '430_434_436_439', '机身颜色:6.5英寸 iPhone XS Max【白色】 套餐类型:套餐一 存储容量:128GB 版本类型:美国', '2000.00', 20, '', ''),
(290, '430_434_436_440', '机身颜色:6.5英寸 iPhone XS Max【白色】 套餐类型:套餐一 存储容量:128GB 版本类型:中国大陆', '2000.00', 20, '', ''),
(290, '430_434_437_439', '机身颜色:6.5英寸 iPhone XS Max【白色】 套餐类型:套餐一 存储容量:256GB 版本类型:美国', '2000.00', 20, '', ''),
(290, '430_434_437_440', '机身颜色:6.5英寸 iPhone XS Max【白色】 套餐类型:套餐一 存储容量:256GB 版本类型:中国大陆', '2000.00', 20, '', ''),
(290, '430_434_438_439', '机身颜色:6.5英寸 iPhone XS Max【白色】 套餐类型:套餐一 存储容量:512GB 版本类型:美国', '2000.00', 20, '', ''),
(290, '430_434_438_440', '机身颜色:6.5英寸 iPhone XS Max【白色】 套餐类型:套餐一 存储容量:512GB 版本类型:中国大陆', '2000.00', 20, '', ''),
(290, '431_433_435_439', '机身颜色:6.5英寸 iPhone XS Max【金色】 套餐类型:官方标配 存储容量:64GB 版本类型:美国', '2000.00', 20, '', ''),
(290, '431_433_435_440', '机身颜色:6.5英寸 iPhone XS Max【金色】 套餐类型:官方标配 存储容量:64GB 版本类型:中国大陆', '2000.00', 20, '', ''),
(290, '431_433_436_439', '机身颜色:6.5英寸 iPhone XS Max【金色】 套餐类型:官方标配 存储容量:128GB 版本类型:美国', '2000.00', 20, '', ''),
(290, '431_433_436_440', '机身颜色:6.5英寸 iPhone XS Max【金色】 套餐类型:官方标配 存储容量:128GB 版本类型:中国大陆', '2000.00', 20, '', ''),
(290, '431_433_437_439', '机身颜色:6.5英寸 iPhone XS Max【金色】 套餐类型:官方标配 存储容量:256GB 版本类型:美国', '2000.00', 20, '', ''),
(290, '431_433_437_440', '机身颜色:6.5英寸 iPhone XS Max【金色】 套餐类型:官方标配 存储容量:256GB 版本类型:中国大陆', '2000.00', 20, '', ''),
(290, '431_433_438_439', '机身颜色:6.5英寸 iPhone XS Max【金色】 套餐类型:官方标配 存储容量:512GB 版本类型:美国', '2000.00', 20, '', ''),
(290, '431_433_438_440', '机身颜色:6.5英寸 iPhone XS Max【金色】 套餐类型:官方标配 存储容量:512GB 版本类型:中国大陆', '2000.00', 20, '', ''),
(290, '431_434_435_439', '机身颜色:6.5英寸 iPhone XS Max【金色】 套餐类型:套餐一 存储容量:64GB 版本类型:美国', '2000.00', 20, '', ''),
(290, '431_434_435_440', '机身颜色:6.5英寸 iPhone XS Max【金色】 套餐类型:套餐一 存储容量:64GB 版本类型:中国大陆', '2000.00', 20, '', ''),
(290, '431_434_436_439', '机身颜色:6.5英寸 iPhone XS Max【金色】 套餐类型:套餐一 存储容量:128GB 版本类型:美国', '2000.00', 20, '', ''),
(290, '431_434_436_440', '机身颜色:6.5英寸 iPhone XS Max【金色】 套餐类型:套餐一 存储容量:128GB 版本类型:中国大陆', '2000.00', 20, '', ''),
(290, '431_434_437_439', '机身颜色:6.5英寸 iPhone XS Max【金色】 套餐类型:套餐一 存储容量:256GB 版本类型:美国', '2000.00', 20, '', ''),
(290, '431_434_437_440', '机身颜色:6.5英寸 iPhone XS Max【金色】 套餐类型:套餐一 存储容量:256GB 版本类型:中国大陆', '2000.00', 20, '', ''),
(290, '431_434_438_439', '机身颜色:6.5英寸 iPhone XS Max【金色】 套餐类型:套餐一 存储容量:512GB 版本类型:美国', '2000.00', 20, '', ''),
(290, '431_434_438_440', '机身颜色:6.5英寸 iPhone XS Max【金色】 套餐类型:套餐一 存储容量:512GB 版本类型:中国大陆', '2000.00', 20, '', ''),
(290, '432_433_435_439', '机身颜色:苹果X【有锁预售】 套餐类型:官方标配 存储容量:64GB 版本类型:美国', '2000.00', 20, '', ''),
(290, '432_433_435_440', '机身颜色:苹果X【有锁预售】 套餐类型:官方标配 存储容量:64GB 版本类型:中国大陆', '2000.00', 0, '', ''),
(290, '432_433_436_439', '机身颜色:苹果X【有锁预售】 套餐类型:官方标配 存储容量:128GB 版本类型:美国', '2000.00', 0, '', ''),
(290, '432_433_436_440', '机身颜色:苹果X【有锁预售】 套餐类型:官方标配 存储容量:128GB 版本类型:中国大陆', '2000.00', 0, '', ''),
(290, '432_433_437_439', '机身颜色:苹果X【有锁预售】 套餐类型:官方标配 存储容量:256GB 版本类型:美国', '2000.00', 0, '', ''),
(290, '432_433_437_440', '机身颜色:苹果X【有锁预售】 套餐类型:官方标配 存储容量:256GB 版本类型:中国大陆', '2000.00', 0, '', ''),
(290, '432_433_438_439', '机身颜色:苹果X【有锁预售】 套餐类型:官方标配 存储容量:512GB 版本类型:美国', '2000.00', 0, '', ''),
(290, '432_433_438_440', '机身颜色:苹果X【有锁预售】 套餐类型:官方标配 存储容量:512GB 版本类型:中国大陆', '2000.00', 0, '', ''),
(290, '432_434_435_439', '机身颜色:苹果X【有锁预售】 套餐类型:套餐一 存储容量:64GB 版本类型:美国', '2000.00', 0, '', ''),
(290, '432_434_435_440', '机身颜色:苹果X【有锁预售】 套餐类型:套餐一 存储容量:64GB 版本类型:中国大陆', '2000.00', 0, '', ''),
(290, '432_434_436_439', '机身颜色:苹果X【有锁预售】 套餐类型:套餐一 存储容量:128GB 版本类型:美国', '2000.00', 0, '', ''),
(290, '432_434_436_440', '机身颜色:苹果X【有锁预售】 套餐类型:套餐一 存储容量:128GB 版本类型:中国大陆', '2000.00', 0, '', ''),
(290, '432_434_437_439', '机身颜色:苹果X【有锁预售】 套餐类型:套餐一 存储容量:256GB 版本类型:美国', '2000.00', 0, '', ''),
(290, '432_434_437_440', '机身颜色:苹果X【有锁预售】 套餐类型:套餐一 存储容量:256GB 版本类型:中国大陆', '2000.00', 0, '', ''),
(290, '432_434_438_439', '机身颜色:苹果X【有锁预售】 套餐类型:套餐一 存储容量:512GB 版本类型:美国', '2000.00', 0, '', ''),
(290, '432_434_438_440', '机身颜色:苹果X【有锁预售】 套餐类型:套餐一 存储容量:512GB 版本类型:中国大陆', '2000.00', 0, '', ''),
(291, '240', '星期:周日', '2.00', 2, '', ''),
(291, '238', '星期:周一', '1.00', 0, '', ''),
(291, '243', '星期:周二', '1.00', 0, '', ''),
(291, '235', '星期:周三', '1.00', 0, '', ''),
(291, '237', '星期:周四', '3.00', 2, '', ''),
(291, '239', '星期:周五', '4.40', 2, '', ''),
(291, '241', '星期:周六', '5.89', 2, '', ''),
(289, '151_158_223_212', '内存:4G 网络:4G 尺码:M 颜色:银色', '5.00', 98, '', ''),
(289, '151_158_223_211', '内存:4G 网络:4G 尺码:M 颜色:灰色', '1.00', 1, '', ''),
(289, '151_158_224_212', '内存:4G 网络:4G 尺码:X 颜色:银色', '1.00', 1, '', ''),
(289, '151_158_224_211', '内存:4G 网络:4G 尺码:X 颜色:灰色', '1.00', 1, '', ''),
(289, '151_149_223_212', '内存:4G 网络:5G 尺码:M 颜色:银色', '1.00', 1, '', ''),
(289, '151_149_223_211', '内存:4G 网络:5G 尺码:M 颜色:灰色', '1.00', 1, '', ''),
(289, '151_149_224_212', '内存:4G 网络:5G 尺码:X 颜色:银色', '1.00', 1, '', ''),
(289, '151_149_224_211', '内存:4G 网络:5G 尺码:X 颜色:灰色', '1.00', 1, '', ''),
(289, '151_417_223_212', '内存:4G 网络:3G 尺码:M 颜色:银色', '1.00', 1, '', ''),
(289, '151_417_223_211', '内存:4G 网络:3G 尺码:M 颜色:灰色', '1.00', 1, '', ''),
(289, '151_417_224_212', '内存:4G 网络:3G 尺码:X 颜色:银色', '1.00', 1, '', ''),
(289, '151_417_224_211', '内存:4G 网络:3G 尺码:X 颜色:灰色', '1.00', 1, '', ''),
(289, '152_158_223_212', '内存:8G 网络:4G 尺码:M 颜色:银色', '1.00', 1, '', ''),
(289, '152_158_223_211', '内存:8G 网络:4G 尺码:M 颜色:灰色', '1.00', 1, '', ''),
(289, '152_158_224_212', '内存:8G 网络:4G 尺码:X 颜色:银色', '1.00', 1, '', ''),
(289, '152_158_224_211', '内存:8G 网络:4G 尺码:X 颜色:灰色', '1.00', 1, '', ''),
(289, '152_149_223_212', '内存:8G 网络:5G 尺码:M 颜色:银色', '1.00', 1, '', ''),
(289, '152_149_223_211', '内存:8G 网络:5G 尺码:M 颜色:灰色', '1.00', 1, '', ''),
(289, '152_149_224_212', '内存:8G 网络:5G 尺码:X 颜色:银色', '1.00', 1, '', ''),
(289, '152_149_224_211', '内存:8G 网络:5G 尺码:X 颜色:灰色', '1.00', 1, '', ''),
(289, '152_417_223_212', '内存:8G 网络:3G 尺码:M 颜色:银色', '1.00', 1, '', ''),
(289, '152_417_223_211', '内存:8G 网络:3G 尺码:M 颜色:灰色', '1.00', 1, '', ''),
(289, '152_417_224_212', '内存:8G 网络:3G 尺码:X 颜色:银色', '1.00', 1, '', ''),
(289, '152_417_224_211', '内存:8G 网络:3G 尺码:X 颜色:灰色', '1.00', 1, '', ''),
(289, '153_158_223_212', '内存:16G 网络:4G 尺码:M 颜色:银色', '1.00', 1, '', ''),
(289, '153_158_223_211', '内存:16G 网络:4G 尺码:M 颜色:灰色', '1.00', 1, '', ''),
(289, '153_158_224_212', '内存:16G 网络:4G 尺码:X 颜色:银色', '1.00', 1, '', ''),
(289, '153_158_224_211', '内存:16G 网络:4G 尺码:X 颜色:灰色', '1.00', 1, '', ''),
(289, '153_149_223_212', '内存:16G 网络:5G 尺码:M 颜色:银色', '1.00', 1, '', ''),
(289, '153_149_223_211', '内存:16G 网络:5G 尺码:M 颜色:灰色', '1.00', 1, '', ''),
(289, '153_149_224_212', '内存:16G 网络:5G 尺码:X 颜色:银色', '1.00', 1, '', ''),
(289, '153_149_224_211', '内存:16G 网络:5G 尺码:X 颜色:灰色', '1.00', 1, '', ''),
(289, '153_417_223_212', '内存:16G 网络:3G 尺码:M 颜色:银色', '1.00', 1, '', ''),
(289, '153_417_223_211', '内存:16G 网络:3G 尺码:M 颜色:灰色', '1.00', 1, '', ''),
(289, '153_417_224_212', '内存:16G 网络:3G 尺码:X 颜色:银色', '1.00', 1, '', ''),
(289, '153_417_224_211', '内存:16G 网络:3G 尺码:X 颜色:灰色', '1.00', 1, '', ''),
(289, '450_158_223_212', '内存:32G 网络:4G 尺码:M 颜色:银色', '1.00', 1, '', ''),
(289, '450_158_223_211', '内存:32G 网络:4G 尺码:M 颜色:灰色', '1.00', 0, '', ''),
(289, '450_158_224_212', '内存:32G 网络:4G 尺码:X 颜色:银色', '1.00', 0, '', ''),
(289, '450_158_224_211', '内存:32G 网络:4G 尺码:X 颜色:灰色', '1.00', 0, '', ''),
(289, '450_149_223_212', '内存:32G 网络:5G 尺码:M 颜色:银色', '1.00', 0, '', ''),
(289, '450_149_223_211', '内存:32G 网络:5G 尺码:M 颜色:灰色', '1.00', 0, '', ''),
(289, '450_149_224_212', '内存:32G 网络:5G 尺码:X 颜色:银色', '1.00', 0, '', ''),
(289, '450_149_224_211', '内存:32G 网络:5G 尺码:X 颜色:灰色', '1.00', 0, '', ''),
(289, '450_417_223_212', '内存:32G 网络:3G 尺码:M 颜色:银色', '1.00', 0, '', ''),
(289, '450_417_223_211', '内存:32G 网络:3G 尺码:M 颜色:灰色', '1.00', 0, '', ''),
(289, '450_417_224_212', '内存:32G 网络:3G 尺码:X 颜色:银色', '1.00', 0, '', ''),
(289, '450_417_224_211', '内存:32G 网络:3G 尺码:X 颜色:灰色', '1.00', 0, '', ''),
(288, '208_411_413', '颜色:黑色 CPU:I5 屏幕:13寸', '18999.00', 9, '', ''),
(288, '208_411_414', '颜色:黑色 CPU:I5 屏幕:15寸', '18999.00', 84, '', ''),
(288, '208_412_413', '颜色:黑色 CPU:I7 屏幕:13寸', '18999.00', 9, '', ''),
(288, '208_412_414', '颜色:黑色 CPU:I7 屏幕:15寸', '18999.00', 9, '', ''),
(288, '209_411_413', '颜色:白色 CPU:I5 屏幕:13寸', '18999.00', 9, '', ''),
(288, '209_411_414', '颜色:白色 CPU:I5 屏幕:15寸', '18999.00', 9, '', ''),
(288, '209_412_413', '颜色:白色 CPU:I7 屏幕:13寸', '18999.00', 9, '', ''),
(288, '209_412_414', '颜色:白色 CPU:I7 屏幕:15寸', '18999.00', 9, '', '');

DROP TABLE IF EXISTS `donkey_spec_image`;
CREATE TABLE `donkey_spec_image` (
  `goods_id` int(11) UNSIGNED NOT NULL DEFAULT '0' COMMENT '对应goods表',
  `spec_item_id` int(11) UNSIGNED NOT NULL DEFAULT '0' COMMENT '对应spec_item表',
  `spec_type` tinyint(1) UNSIGNED NOT NULL COMMENT '1=图片 2=颜色',
  `image` text COLLATE utf8mb4_unicode_ci NOT NULL COMMENT '商品规格图片',
  `color` varchar(50) COLLATE utf8mb4_unicode_ci NOT NULL DEFAULT '' COMMENT '商品规格颜色'
) ENGINE=InnoDB DEFAULT CHARSET=utf8mb4 COLLATE=utf8mb4_unicode_ci COMMENT='商品规格图片';

INSERT INTO `donkey_spec_image` (`goods_id`, `spec_item_id`, `spec_type`, `image`, `color`) VALUES
(201, 143, 1, '[{\"name\":\"O1CN01LqDyEL1hpLsINePCa_!!2863054326.jpg\",\"source\":\"aliyun.oss.careyshop.cn\\/uploads\\/files\\/20190731\\/c6b3cdee-f291-443b-81c5-cd5a8dcbd94d.jpg?type=aliyun\",\"url\":\"\\/\\/aliyun.oss.careyshop.cn\\/uploads\\/files\\/20190731\\/c6b3cdee-f291-443b-81c5-cd5a8dcbd94d.jpg?type=aliyun\"}]', ''),
(201, 144, 1, '[{\"name\":\"O1CN01LqDyEL1hpLsINePCa_!!2863054326.jpg\",\"source\":\"aliyun.oss.careyshop.cn\\/uploads\\/files\\/20190731\\/c6b3cdee-f291-443b-81c5-cd5a8dcbd94d.jpg?type=aliyun\",\"url\":\"\\/\\/aliyun.oss.careyshop.cn\\/uploads\\/files\\/20190731\\/c6b3cdee-f291-443b-81c5-cd5a8dcbd94d.jpg?type=aliyun\"}]', ''),
(201, 149, 1, '[{\"name\":\"O1CN01LqDyEL1hpLsINePCa_!!2863054326.jpg\",\"source\":\"aliyun.oss.careyshop.cn\\/uploads\\/files\\/20190731\\/c6b3cdee-f291-443b-81c5-cd5a8dcbd94d.jpg?type=aliyun\",\"url\":\"\\/\\/aliyun.oss.careyshop.cn\\/uploads\\/files\\/20190731\\/c6b3cdee-f291-443b-81c5-cd5a8dcbd94d.jpg?type=aliyun\"}]', ''),
(201, 158, 1, '[{\"name\":\"O1CN01LqDyEL1hpLsINePCa_!!2863054326.jpg\",\"source\":\"aliyun.oss.careyshop.cn\\/uploads\\/files\\/20190731\\/c6b3cdee-f291-443b-81c5-cd5a8dcbd94d.jpg?type=aliyun\",\"url\":\"\\/\\/aliyun.oss.careyshop.cn\\/uploads\\/files\\/20190731\\/c6b3cdee-f291-443b-81c5-cd5a8dcbd94d.jpg?type=aliyun\"}]', ''),
(202, 143, 1, '[{\"name\":\"O1CN01LqDyEL1hpLsINePCa_!!2863054326.jpg\",\"source\":\"aliyun.oss.careyshop.cn\\/uploads\\/files\\/20190731\\/c6b3cdee-f291-443b-81c5-cd5a8dcbd94d.jpg?type=aliyun\",\"url\":\"\\/\\/aliyun.oss.careyshop.cn\\/uploads\\/files\\/20190731\\/c6b3cdee-f291-443b-81c5-cd5a8dcbd94d.jpg?type=aliyun\"}]', ''),
(202, 144, 1, '[{\"name\":\"O1CN01LqDyEL1hpLsINePCa_!!2863054326.jpg\",\"source\":\"aliyun.oss.careyshop.cn\\/uploads\\/files\\/20190731\\/c6b3cdee-f291-443b-81c5-cd5a8dcbd94d.jpg?type=aliyun\",\"url\":\"\\/\\/aliyun.oss.careyshop.cn\\/uploads\\/files\\/20190731\\/c6b3cdee-f291-443b-81c5-cd5a8dcbd94d.jpg?type=aliyun\"}]', ''),
(202, 149, 1, '[{\"name\":\"O1CN01LqDyEL1hpLsINePCa_!!2863054326.jpg\",\"source\":\"aliyun.oss.careyshop.cn\\/uploads\\/files\\/20190731\\/c6b3cdee-f291-443b-81c5-cd5a8dcbd94d.jpg?type=aliyun\",\"url\":\"\\/\\/aliyun.oss.careyshop.cn\\/uploads\\/files\\/20190731\\/c6b3cdee-f291-443b-81c5-cd5a8dcbd94d.jpg?type=aliyun\"}]', ''),
(202, 158, 1, '[{\"name\":\"O1CN01LqDyEL1hpLsINePCa_!!2863054326.jpg\",\"source\":\"aliyun.oss.careyshop.cn\\/uploads\\/files\\/20190731\\/c6b3cdee-f291-443b-81c5-cd5a8dcbd94d.jpg?type=aliyun\",\"url\":\"\\/\\/aliyun.oss.careyshop.cn\\/uploads\\/files\\/20190731\\/c6b3cdee-f291-443b-81c5-cd5a8dcbd94d.jpg?type=aliyun\"}]', ''),
(203, 143, 1, '[{\"name\":\"O1CN01LqDyEL1hpLsINePCa_!!2863054326.jpg\",\"source\":\"aliyun.oss.careyshop.cn\\/uploads\\/files\\/20190731\\/c6b3cdee-f291-443b-81c5-cd5a8dcbd94d.jpg?type=aliyun\",\"url\":\"\\/\\/aliyun.oss.careyshop.cn\\/uploads\\/files\\/20190731\\/c6b3cdee-f291-443b-81c5-cd5a8dcbd94d.jpg?type=aliyun\"}]', ''),
(203, 144, 1, '[{\"name\":\"O1CN01LqDyEL1hpLsINePCa_!!2863054326.jpg\",\"source\":\"aliyun.oss.careyshop.cn\\/uploads\\/files\\/20190731\\/c6b3cdee-f291-443b-81c5-cd5a8dcbd94d.jpg?type=aliyun\",\"url\":\"\\/\\/aliyun.oss.careyshop.cn\\/uploads\\/files\\/20190731\\/c6b3cdee-f291-443b-81c5-cd5a8dcbd94d.jpg?type=aliyun\"}]', ''),
(203, 149, 1, '[{\"name\":\"O1CN01LqDyEL1hpLsINePCa_!!2863054326.jpg\",\"source\":\"aliyun.oss.careyshop.cn\\/uploads\\/files\\/20190731\\/c6b3cdee-f291-443b-81c5-cd5a8dcbd94d.jpg?type=aliyun\",\"url\":\"\\/\\/aliyun.oss.careyshop.cn\\/uploads\\/files\\/20190731\\/c6b3cdee-f291-443b-81c5-cd5a8dcbd94d.jpg?type=aliyun\"}]', ''),
(203, 158, 1, '[{\"name\":\"O1CN01LqDyEL1hpLsINePCa_!!2863054326.jpg\",\"source\":\"aliyun.oss.careyshop.cn\\/uploads\\/files\\/20190731\\/c6b3cdee-f291-443b-81c5-cd5a8dcbd94d.jpg?type=aliyun\",\"url\":\"\\/\\/aliyun.oss.careyshop.cn\\/uploads\\/files\\/20190731\\/c6b3cdee-f291-443b-81c5-cd5a8dcbd94d.jpg?type=aliyun\"}]', ''),
(204, 143, 1, '[{\"name\":\"O1CN01LqDyEL1hpLsINePCa_!!2863054326.jpg\",\"source\":\"aliyun.oss.careyshop.cn\\/uploads\\/files\\/20190731\\/c6b3cdee-f291-443b-81c5-cd5a8dcbd94d.jpg?type=aliyun\",\"url\":\"\\/\\/aliyun.oss.careyshop.cn\\/uploads\\/files\\/20190731\\/c6b3cdee-f291-443b-81c5-cd5a8dcbd94d.jpg?type=aliyun\"}]', ''),
(204, 144, 1, '[{\"name\":\"O1CN01LqDyEL1hpLsINePCa_!!2863054326.jpg\",\"source\":\"aliyun.oss.careyshop.cn\\/uploads\\/files\\/20190731\\/c6b3cdee-f291-443b-81c5-cd5a8dcbd94d.jpg?type=aliyun\",\"url\":\"\\/\\/aliyun.oss.careyshop.cn\\/uploads\\/files\\/20190731\\/c6b3cdee-f291-443b-81c5-cd5a8dcbd94d.jpg?type=aliyun\"}]', ''),
(204, 149, 1, '[{\"name\":\"O1CN01LqDyEL1hpLsINePCa_!!2863054326.jpg\",\"source\":\"aliyun.oss.careyshop.cn\\/uploads\\/files\\/20190731\\/c6b3cdee-f291-443b-81c5-cd5a8dcbd94d.jpg?type=aliyun\",\"url\":\"\\/\\/aliyun.oss.careyshop.cn\\/uploads\\/files\\/20190731\\/c6b3cdee-f291-443b-81c5-cd5a8dcbd94d.jpg?type=aliyun\"}]', ''),
(204, 158, 1, '[{\"name\":\"O1CN01LqDyEL1hpLsINePCa_!!2863054326.jpg\",\"source\":\"aliyun.oss.careyshop.cn\\/uploads\\/files\\/20190731\\/c6b3cdee-f291-443b-81c5-cd5a8dcbd94d.jpg?type=aliyun\",\"url\":\"\\/\\/aliyun.oss.careyshop.cn\\/uploads\\/files\\/20190731\\/c6b3cdee-f291-443b-81c5-cd5a8dcbd94d.jpg?type=aliyun\"}]', ''),
(205, 143, 1, '[{\"name\":\"O1CN01LqDyEL1hpLsINePCa_!!2863054326.jpg\",\"source\":\"aliyun.oss.careyshop.cn\\/uploads\\/files\\/20190731\\/c6b3cdee-f291-443b-81c5-cd5a8dcbd94d.jpg?type=aliyun\",\"url\":\"\\/\\/aliyun.oss.careyshop.cn\\/uploads\\/files\\/20190731\\/c6b3cdee-f291-443b-81c5-cd5a8dcbd94d.jpg?type=aliyun\"}]', ''),
(205, 144, 1, '[{\"name\":\"O1CN01LqDyEL1hpLsINePCa_!!2863054326.jpg\",\"source\":\"aliyun.oss.careyshop.cn\\/uploads\\/files\\/20190731\\/c6b3cdee-f291-443b-81c5-cd5a8dcbd94d.jpg?type=aliyun\",\"url\":\"\\/\\/aliyun.oss.careyshop.cn\\/uploads\\/files\\/20190731\\/c6b3cdee-f291-443b-81c5-cd5a8dcbd94d.jpg?type=aliyun\"}]', ''),
(205, 149, 1, '[{\"name\":\"O1CN01LqDyEL1hpLsINePCa_!!2863054326.jpg\",\"source\":\"aliyun.oss.careyshop.cn\\/uploads\\/files\\/20190731\\/c6b3cdee-f291-443b-81c5-cd5a8dcbd94d.jpg?type=aliyun\",\"url\":\"\\/\\/aliyun.oss.careyshop.cn\\/uploads\\/files\\/20190731\\/c6b3cdee-f291-443b-81c5-cd5a8dcbd94d.jpg?type=aliyun\"}]', ''),
(205, 158, 1, '[{\"name\":\"O1CN01LqDyEL1hpLsINePCa_!!2863054326.jpg\",\"source\":\"aliyun.oss.careyshop.cn\\/uploads\\/files\\/20190731\\/c6b3cdee-f291-443b-81c5-cd5a8dcbd94d.jpg?type=aliyun\",\"url\":\"\\/\\/aliyun.oss.careyshop.cn\\/uploads\\/files\\/20190731\\/c6b3cdee-f291-443b-81c5-cd5a8dcbd94d.jpg?type=aliyun\"}]', ''),
(218, 272, 1, '[{\"name\":\"O1CN01LqDyEL1hpLsINePCa_!!2863054326.jpg\",\"source\":\"aliyun.oss.careyshop.cn\\/uploads\\/files\\/20190731\\/c6b3cdee-f291-443b-81c5-cd5a8dcbd94d.jpg?type=aliyun\",\"url\":\"\\/\\/aliyun.oss.careyshop.cn\\/uploads\\/files\\/20190731\\/c6b3cdee-f291-443b-81c5-cd5a8dcbd94d.jpg?type=aliyun\"}]', ''),
(218, 273, 1, '[{\"name\":\"O1CN01LqDyEL1hpLsINePCa_!!2863054326.jpg\",\"source\":\"aliyun.oss.careyshop.cn\\/uploads\\/files\\/20190731\\/c6b3cdee-f291-443b-81c5-cd5a8dcbd94d.jpg?type=aliyun\",\"url\":\"\\/\\/aliyun.oss.careyshop.cn\\/uploads\\/files\\/20190731\\/c6b3cdee-f291-443b-81c5-cd5a8dcbd94d.jpg?type=aliyun\"}]', ''),
(218, 149, 1, '[{\"name\":\"O1CN01LqDyEL1hpLsINePCa_!!2863054326.jpg\",\"source\":\"aliyun.oss.careyshop.cn\\/uploads\\/files\\/20190731\\/c6b3cdee-f291-443b-81c5-cd5a8dcbd94d.jpg?type=aliyun\",\"url\":\"\\/\\/aliyun.oss.careyshop.cn\\/uploads\\/files\\/20190731\\/c6b3cdee-f291-443b-81c5-cd5a8dcbd94d.jpg?type=aliyun\"}]', ''),
(218, 158, 1, '[{\"name\":\"O1CN01LqDyEL1hpLsINePCa_!!2863054326.jpg\",\"source\":\"aliyun.oss.careyshop.cn\\/uploads\\/files\\/20190731\\/c6b3cdee-f291-443b-81c5-cd5a8dcbd94d.jpg?type=aliyun\",\"url\":\"\\/\\/aliyun.oss.careyshop.cn\\/uploads\\/files\\/20190731\\/c6b3cdee-f291-443b-81c5-cd5a8dcbd94d.jpg?type=aliyun\"}]', ''),
(219, 275, 1, '[{\"name\":\"O1CN01LqDyEL1hpLsINePCa_!!2863054326.jpg\",\"source\":\"aliyun.oss.careyshop.cn\\/uploads\\/files\\/20190731\\/c6b3cdee-f291-443b-81c5-cd5a8dcbd94d.jpg?type=aliyun\",\"url\":\"\\/\\/aliyun.oss.careyshop.cn\\/uploads\\/files\\/20190731\\/c6b3cdee-f291-443b-81c5-cd5a8dcbd94d.jpg?type=aliyun\"}]', ''),
(219, 276, 1, '[{\"name\":\"O1CN01LqDyEL1hpLsINePCa_!!2863054326.jpg\",\"source\":\"aliyun.oss.careyshop.cn\\/uploads\\/files\\/20190731\\/c6b3cdee-f291-443b-81c5-cd5a8dcbd94d.jpg?type=aliyun\",\"url\":\"\\/\\/aliyun.oss.careyshop.cn\\/uploads\\/files\\/20190731\\/c6b3cdee-f291-443b-81c5-cd5a8dcbd94d.jpg?type=aliyun\"}]', ''),
(219, 149, 1, '[{\"name\":\"O1CN01LqDyEL1hpLsINePCa_!!2863054326.jpg\",\"source\":\"aliyun.oss.careyshop.cn\\/uploads\\/files\\/20190731\\/c6b3cdee-f291-443b-81c5-cd5a8dcbd94d.jpg?type=aliyun\",\"url\":\"\\/\\/aliyun.oss.careyshop.cn\\/uploads\\/files\\/20190731\\/c6b3cdee-f291-443b-81c5-cd5a8dcbd94d.jpg?type=aliyun\"}]', ''),
(219, 158, 1, '[{\"name\":\"O1CN01LqDyEL1hpLsINePCa_!!2863054326.jpg\",\"source\":\"aliyun.oss.careyshop.cn\\/uploads\\/files\\/20190731\\/c6b3cdee-f291-443b-81c5-cd5a8dcbd94d.jpg?type=aliyun\",\"url\":\"\\/\\/aliyun.oss.careyshop.cn\\/uploads\\/files\\/20190731\\/c6b3cdee-f291-443b-81c5-cd5a8dcbd94d.jpg?type=aliyun\"}]', ''),
(221, 143, 1, '[{\"name\":\"O1CN01LqDyEL1hpLsINePCa_!!2863054326.jpg\",\"source\":\"aliyun.oss.careyshop.cn\\/uploads\\/files\\/20190731\\/c6b3cdee-f291-443b-81c5-cd5a8dcbd94d.jpg?type=aliyun\",\"url\":\"\\/\\/aliyun.oss.careyshop.cn\\/uploads\\/files\\/20190731\\/c6b3cdee-f291-443b-81c5-cd5a8dcbd94d.jpg?type=aliyun\"}]', ''),
(221, 144, 1, '[{\"name\":\"O1CN01LqDyEL1hpLsINePCa_!!2863054326.jpg\",\"source\":\"aliyun.oss.careyshop.cn\\/uploads\\/files\\/20190731\\/c6b3cdee-f291-443b-81c5-cd5a8dcbd94d.jpg?type=aliyun\",\"url\":\"\\/\\/aliyun.oss.careyshop.cn\\/uploads\\/files\\/20190731\\/c6b3cdee-f291-443b-81c5-cd5a8dcbd94d.jpg?type=aliyun\"}]', ''),
(221, 149, 1, '[{\"name\":\"O1CN01LqDyEL1hpLsINePCa_!!2863054326.jpg\",\"source\":\"aliyun.oss.careyshop.cn\\/uploads\\/files\\/20190731\\/c6b3cdee-f291-443b-81c5-cd5a8dcbd94d.jpg?type=aliyun\",\"url\":\"\\/\\/aliyun.oss.careyshop.cn\\/uploads\\/files\\/20190731\\/c6b3cdee-f291-443b-81c5-cd5a8dcbd94d.jpg?type=aliyun\"}]', ''),
(221, 158, 1, '[{\"name\":\"O1CN01LqDyEL1hpLsINePCa_!!2863054326.jpg\",\"source\":\"aliyun.oss.careyshop.cn\\/uploads\\/files\\/20190731\\/c6b3cdee-f291-443b-81c5-cd5a8dcbd94d.jpg?type=aliyun\",\"url\":\"\\/\\/aliyun.oss.careyshop.cn\\/uploads\\/files\\/20190731\\/c6b3cdee-f291-443b-81c5-cd5a8dcbd94d.jpg?type=aliyun\"}]', ''),
(222, 278, 1, '[{\"name\":\"O1CN01LqDyEL1hpLsINePCa_!!2863054326.jpg\",\"source\":\"aliyun.oss.careyshop.cn\\/uploads\\/files\\/20190731\\/c6b3cdee-f291-443b-81c5-cd5a8dcbd94d.jpg?type=aliyun\",\"url\":\"\\/\\/aliyun.oss.careyshop.cn\\/uploads\\/files\\/20190731\\/c6b3cdee-f291-443b-81c5-cd5a8dcbd94d.jpg?type=aliyun\"}]', ''),
(222, 279, 1, '[{\"name\":\"O1CN01LqDyEL1hpLsINePCa_!!2863054326.jpg\",\"source\":\"aliyun.oss.careyshop.cn\\/uploads\\/files\\/20190731\\/c6b3cdee-f291-443b-81c5-cd5a8dcbd94d.jpg?type=aliyun\",\"url\":\"\\/\\/aliyun.oss.careyshop.cn\\/uploads\\/files\\/20190731\\/c6b3cdee-f291-443b-81c5-cd5a8dcbd94d.jpg?type=aliyun\"}]', ''),
(222, 149, 1, '[{\"name\":\"O1CN01LqDyEL1hpLsINePCa_!!2863054326.jpg\",\"source\":\"aliyun.oss.careyshop.cn\\/uploads\\/files\\/20190731\\/c6b3cdee-f291-443b-81c5-cd5a8dcbd94d.jpg?type=aliyun\",\"url\":\"\\/\\/aliyun.oss.careyshop.cn\\/uploads\\/files\\/20190731\\/c6b3cdee-f291-443b-81c5-cd5a8dcbd94d.jpg?type=aliyun\"}]', ''),
(222, 158, 1, '[{\"name\":\"O1CN01LqDyEL1hpLsINePCa_!!2863054326.jpg\",\"source\":\"aliyun.oss.careyshop.cn\\/uploads\\/files\\/20190731\\/c6b3cdee-f291-443b-81c5-cd5a8dcbd94d.jpg?type=aliyun\",\"url\":\"\\/\\/aliyun.oss.careyshop.cn\\/uploads\\/files\\/20190731\\/c6b3cdee-f291-443b-81c5-cd5a8dcbd94d.jpg?type=aliyun\"}]', ''),
(223, 143, 1, '[{\"name\":\"O1CN01LqDyEL1hpLsINePCa_!!2863054326.jpg\",\"source\":\"aliyun.oss.careyshop.cn\\/uploads\\/files\\/20190731\\/c6b3cdee-f291-443b-81c5-cd5a8dcbd94d.jpg?type=aliyun\",\"url\":\"\\/\\/aliyun.oss.careyshop.cn\\/uploads\\/files\\/20190731\\/c6b3cdee-f291-443b-81c5-cd5a8dcbd94d.jpg?type=aliyun\"}]', ''),
(223, 144, 1, '[{\"name\":\"O1CN01LqDyEL1hpLsINePCa_!!2863054326.jpg\",\"source\":\"aliyun.oss.careyshop.cn\\/uploads\\/files\\/20190731\\/c6b3cdee-f291-443b-81c5-cd5a8dcbd94d.jpg?type=aliyun\",\"url\":\"\\/\\/aliyun.oss.careyshop.cn\\/uploads\\/files\\/20190731\\/c6b3cdee-f291-443b-81c5-cd5a8dcbd94d.jpg?type=aliyun\"}]', ''),
(223, 149, 1, '[{\"name\":\"O1CN01LqDyEL1hpLsINePCa_!!2863054326.jpg\",\"source\":\"aliyun.oss.careyshop.cn\\/uploads\\/files\\/20190731\\/c6b3cdee-f291-443b-81c5-cd5a8dcbd94d.jpg?type=aliyun\",\"url\":\"\\/\\/aliyun.oss.careyshop.cn\\/uploads\\/files\\/20190731\\/c6b3cdee-f291-443b-81c5-cd5a8dcbd94d.jpg?type=aliyun\"}]', ''),
(223, 158, 1, '[{\"name\":\"O1CN01LqDyEL1hpLsINePCa_!!2863054326.jpg\",\"source\":\"aliyun.oss.careyshop.cn\\/uploads\\/files\\/20190731\\/c6b3cdee-f291-443b-81c5-cd5a8dcbd94d.jpg?type=aliyun\",\"url\":\"\\/\\/aliyun.oss.careyshop.cn\\/uploads\\/files\\/20190731\\/c6b3cdee-f291-443b-81c5-cd5a8dcbd94d.jpg?type=aliyun\"}]', ''),
(224, 281, 1, '[{\"name\":\"O1CN01LqDyEL1hpLsINePCa_!!2863054326.jpg\",\"source\":\"aliyun.oss.careyshop.cn\\/uploads\\/files\\/20190731\\/c6b3cdee-f291-443b-81c5-cd5a8dcbd94d.jpg?type=aliyun\",\"url\":\"\\/\\/aliyun.oss.careyshop.cn\\/uploads\\/files\\/20190731\\/c6b3cdee-f291-443b-81c5-cd5a8dcbd94d.jpg?type=aliyun\"}]', ''),
(224, 282, 1, '[{\"name\":\"O1CN01LqDyEL1hpLsINePCa_!!2863054326.jpg\",\"source\":\"aliyun.oss.careyshop.cn\\/uploads\\/files\\/20190731\\/c6b3cdee-f291-443b-81c5-cd5a8dcbd94d.jpg?type=aliyun\",\"url\":\"\\/\\/aliyun.oss.careyshop.cn\\/uploads\\/files\\/20190731\\/c6b3cdee-f291-443b-81c5-cd5a8dcbd94d.jpg?type=aliyun\"}]', ''),
(224, 149, 1, '[{\"name\":\"O1CN01LqDyEL1hpLsINePCa_!!2863054326.jpg\",\"source\":\"aliyun.oss.careyshop.cn\\/uploads\\/files\\/20190731\\/c6b3cdee-f291-443b-81c5-cd5a8dcbd94d.jpg?type=aliyun\",\"url\":\"\\/\\/aliyun.oss.careyshop.cn\\/uploads\\/files\\/20190731\\/c6b3cdee-f291-443b-81c5-cd5a8dcbd94d.jpg?type=aliyun\"}]', ''),
(224, 158, 1, '[{\"name\":\"O1CN01LqDyEL1hpLsINePCa_!!2863054326.jpg\",\"source\":\"aliyun.oss.careyshop.cn\\/uploads\\/files\\/20190731\\/c6b3cdee-f291-443b-81c5-cd5a8dcbd94d.jpg?type=aliyun\",\"url\":\"\\/\\/aliyun.oss.careyshop.cn\\/uploads\\/files\\/20190731\\/c6b3cdee-f291-443b-81c5-cd5a8dcbd94d.jpg?type=aliyun\"}]', ''),
(225, 143, 1, '[{\"name\":\"O1CN01LqDyEL1hpLsINePCa_!!2863054326.jpg\",\"source\":\"aliyun.oss.careyshop.cn\\/uploads\\/files\\/20190731\\/c6b3cdee-f291-443b-81c5-cd5a8dcbd94d.jpg?type=aliyun\",\"url\":\"\\/\\/aliyun.oss.careyshop.cn\\/uploads\\/files\\/20190731\\/c6b3cdee-f291-443b-81c5-cd5a8dcbd94d.jpg?type=aliyun\"}]', ''),
(225, 144, 1, '[{\"name\":\"O1CN01LqDyEL1hpLsINePCa_!!2863054326.jpg\",\"source\":\"aliyun.oss.careyshop.cn\\/uploads\\/files\\/20190731\\/c6b3cdee-f291-443b-81c5-cd5a8dcbd94d.jpg?type=aliyun\",\"url\":\"\\/\\/aliyun.oss.careyshop.cn\\/uploads\\/files\\/20190731\\/c6b3cdee-f291-443b-81c5-cd5a8dcbd94d.jpg?type=aliyun\"}]', ''),
(225, 149, 1, '[{\"name\":\"O1CN01LqDyEL1hpLsINePCa_!!2863054326.jpg\",\"source\":\"aliyun.oss.careyshop.cn\\/uploads\\/files\\/20190731\\/c6b3cdee-f291-443b-81c5-cd5a8dcbd94d.jpg?type=aliyun\",\"url\":\"\\/\\/aliyun.oss.careyshop.cn\\/uploads\\/files\\/20190731\\/c6b3cdee-f291-443b-81c5-cd5a8dcbd94d.jpg?type=aliyun\"}]', ''),
(225, 158, 1, '[{\"name\":\"O1CN01LqDyEL1hpLsINePCa_!!2863054326.jpg\",\"source\":\"aliyun.oss.careyshop.cn\\/uploads\\/files\\/20190731\\/c6b3cdee-f291-443b-81c5-cd5a8dcbd94d.jpg?type=aliyun\",\"url\":\"\\/\\/aliyun.oss.careyshop.cn\\/uploads\\/files\\/20190731\\/c6b3cdee-f291-443b-81c5-cd5a8dcbd94d.jpg?type=aliyun\"}]', ''),
(226, 284, 1, '[{\"name\":\"O1CN01LqDyEL1hpLsINePCa_!!2863054326.jpg\",\"source\":\"aliyun.oss.careyshop.cn\\/uploads\\/files\\/20190731\\/c6b3cdee-f291-443b-81c5-cd5a8dcbd94d.jpg?type=aliyun\",\"url\":\"\\/\\/aliyun.oss.careyshop.cn\\/uploads\\/files\\/20190731\\/c6b3cdee-f291-443b-81c5-cd5a8dcbd94d.jpg?type=aliyun\"}]', ''),
(226, 285, 1, '[{\"name\":\"O1CN01LqDyEL1hpLsINePCa_!!2863054326.jpg\",\"source\":\"aliyun.oss.careyshop.cn\\/uploads\\/files\\/20190731\\/c6b3cdee-f291-443b-81c5-cd5a8dcbd94d.jpg?type=aliyun\",\"url\":\"\\/\\/aliyun.oss.careyshop.cn\\/uploads\\/files\\/20190731\\/c6b3cdee-f291-443b-81c5-cd5a8dcbd94d.jpg?type=aliyun\"}]', ''),
(226, 149, 1, '[{\"name\":\"O1CN01LqDyEL1hpLsINePCa_!!2863054326.jpg\",\"source\":\"aliyun.oss.careyshop.cn\\/uploads\\/files\\/20190731\\/c6b3cdee-f291-443b-81c5-cd5a8dcbd94d.jpg?type=aliyun\",\"url\":\"\\/\\/aliyun.oss.careyshop.cn\\/uploads\\/files\\/20190731\\/c6b3cdee-f291-443b-81c5-cd5a8dcbd94d.jpg?type=aliyun\"}]', ''),
(226, 158, 1, '[{\"name\":\"O1CN01LqDyEL1hpLsINePCa_!!2863054326.jpg\",\"source\":\"aliyun.oss.careyshop.cn\\/uploads\\/files\\/20190731\\/c6b3cdee-f291-443b-81c5-cd5a8dcbd94d.jpg?type=aliyun\",\"url\":\"\\/\\/aliyun.oss.careyshop.cn\\/uploads\\/files\\/20190731\\/c6b3cdee-f291-443b-81c5-cd5a8dcbd94d.jpg?type=aliyun\"}]', ''),
(256, 369, 1, '[{\"name\":\"O1CN01LqDyEL1hpLsINePCa_!!2863054326.jpg\",\"source\":\"aliyun.oss.careyshop.cn\\/uploads\\/files\\/20190731\\/c6b3cdee-f291-443b-81c5-cd5a8dcbd94d.jpg?type=aliyun\",\"url\":\"\\/\\/aliyun.oss.careyshop.cn\\/uploads\\/files\\/20190731\\/c6b3cdee-f291-443b-81c5-cd5a8dcbd94d.jpg?type=aliyun\"}]', ''),
(256, 370, 1, '[{\"name\":\"O1CN01LqDyEL1hpLsINePCa_!!2863054326.jpg\",\"source\":\"aliyun.oss.careyshop.cn\\/uploads\\/files\\/20190731\\/c6b3cdee-f291-443b-81c5-cd5a8dcbd94d.jpg?type=aliyun\",\"url\":\"\\/\\/aliyun.oss.careyshop.cn\\/uploads\\/files\\/20190731\\/c6b3cdee-f291-443b-81c5-cd5a8dcbd94d.jpg?type=aliyun\"}]', ''),
(256, 149, 1, '[{\"name\":\"O1CN01LqDyEL1hpLsINePCa_!!2863054326.jpg\",\"source\":\"aliyun.oss.careyshop.cn\\/uploads\\/files\\/20190731\\/c6b3cdee-f291-443b-81c5-cd5a8dcbd94d.jpg?type=aliyun\",\"url\":\"\\/\\/aliyun.oss.careyshop.cn\\/uploads\\/files\\/20190731\\/c6b3cdee-f291-443b-81c5-cd5a8dcbd94d.jpg?type=aliyun\"}]', ''),
(256, 158, 1, '[{\"name\":\"O1CN01LqDyEL1hpLsINePCa_!!2863054326.jpg\",\"source\":\"aliyun.oss.careyshop.cn\\/uploads\\/files\\/20190731\\/c6b3cdee-f291-443b-81c5-cd5a8dcbd94d.jpg?type=aliyun\",\"url\":\"\\/\\/aliyun.oss.careyshop.cn\\/uploads\\/files\\/20190731\\/c6b3cdee-f291-443b-81c5-cd5a8dcbd94d.jpg?type=aliyun\"}]', ''),
(257, 372, 1, '[{\"name\":\"O1CN01LqDyEL1hpLsINePCa_!!2863054326.jpg\",\"source\":\"aliyun.oss.careyshop.cn\\/uploads\\/files\\/20190731\\/c6b3cdee-f291-443b-81c5-cd5a8dcbd94d.jpg?type=aliyun\",\"url\":\"\\/\\/aliyun.oss.careyshop.cn\\/uploads\\/files\\/20190731\\/c6b3cdee-f291-443b-81c5-cd5a8dcbd94d.jpg?type=aliyun\"}]', ''),
(257, 373, 1, '[{\"name\":\"O1CN01LqDyEL1hpLsINePCa_!!2863054326.jpg\",\"source\":\"aliyun.oss.careyshop.cn\\/uploads\\/files\\/20190731\\/c6b3cdee-f291-443b-81c5-cd5a8dcbd94d.jpg?type=aliyun\",\"url\":\"\\/\\/aliyun.oss.careyshop.cn\\/uploads\\/files\\/20190731\\/c6b3cdee-f291-443b-81c5-cd5a8dcbd94d.jpg?type=aliyun\"}]', ''),
(257, 149, 1, '[{\"name\":\"O1CN01LqDyEL1hpLsINePCa_!!2863054326.jpg\",\"source\":\"aliyun.oss.careyshop.cn\\/uploads\\/files\\/20190731\\/c6b3cdee-f291-443b-81c5-cd5a8dcbd94d.jpg?type=aliyun\",\"url\":\"\\/\\/aliyun.oss.careyshop.cn\\/uploads\\/files\\/20190731\\/c6b3cdee-f291-443b-81c5-cd5a8dcbd94d.jpg?type=aliyun\"}]', ''),
(257, 158, 1, '[{\"name\":\"O1CN01LqDyEL1hpLsINePCa_!!2863054326.jpg\",\"source\":\"aliyun.oss.careyshop.cn\\/uploads\\/files\\/20190731\\/c6b3cdee-f291-443b-81c5-cd5a8dcbd94d.jpg?type=aliyun\",\"url\":\"\\/\\/aliyun.oss.careyshop.cn\\/uploads\\/files\\/20190731\\/c6b3cdee-f291-443b-81c5-cd5a8dcbd94d.jpg?type=aliyun\"}]', ''),
(264, 393, 1, '[{\"name\":\"O1CN01LqDyEL1hpLsINePCa_!!2863054326.jpg\",\"source\":\"aliyun.oss.careyshop.cn\\/uploads\\/files\\/20190731\\/c6b3cdee-f291-443b-81c5-cd5a8dcbd94d.jpg?type=aliyun\",\"url\":\"\\/\\/aliyun.oss.careyshop.cn\\/uploads\\/files\\/20190731\\/c6b3cdee-f291-443b-81c5-cd5a8dcbd94d.jpg?type=aliyun\"}]', ''),
(264, 394, 1, '[{\"name\":\"O1CN01LqDyEL1hpLsINePCa_!!2863054326.jpg\",\"source\":\"aliyun.oss.careyshop.cn\\/uploads\\/files\\/20190731\\/c6b3cdee-f291-443b-81c5-cd5a8dcbd94d.jpg?type=aliyun\",\"url\":\"\\/\\/aliyun.oss.careyshop.cn\\/uploads\\/files\\/20190731\\/c6b3cdee-f291-443b-81c5-cd5a8dcbd94d.jpg?type=aliyun\"}]', ''),
(264, 149, 1, '[{\"name\":\"O1CN01LqDyEL1hpLsINePCa_!!2863054326.jpg\",\"source\":\"aliyun.oss.careyshop.cn\\/uploads\\/files\\/20190731\\/c6b3cdee-f291-443b-81c5-cd5a8dcbd94d.jpg?type=aliyun\",\"url\":\"\\/\\/aliyun.oss.careyshop.cn\\/uploads\\/files\\/20190731\\/c6b3cdee-f291-443b-81c5-cd5a8dcbd94d.jpg?type=aliyun\"}]', ''),
(264, 392, 1, '[{\"name\":\"O1CN01LqDyEL1hpLsINePCa_!!2863054326.jpg\",\"source\":\"aliyun.oss.careyshop.cn\\/uploads\\/files\\/20190731\\/c6b3cdee-f291-443b-81c5-cd5a8dcbd94d.jpg?type=aliyun\",\"url\":\"\\/\\/aliyun.oss.careyshop.cn\\/uploads\\/files\\/20190731\\/c6b3cdee-f291-443b-81c5-cd5a8dcbd94d.jpg?type=aliyun\"}]', ''),
(266, 393, 1, '[{\"name\":\"O1CN01LqDyEL1hpLsINePCa_!!2863054326.jpg\",\"source\":\"aliyun.oss.careyshop.cn\\/uploads\\/files\\/20190731\\/c6b3cdee-f291-443b-81c5-cd5a8dcbd94d.jpg?type=aliyun\",\"url\":\"\\/\\/aliyun.oss.careyshop.cn\\/uploads\\/files\\/20190731\\/c6b3cdee-f291-443b-81c5-cd5a8dcbd94d.jpg?type=aliyun\"}]', ''),
(266, 394, 1, '[{\"name\":\"O1CN01LqDyEL1hpLsINePCa_!!2863054326.jpg\",\"source\":\"aliyun.oss.careyshop.cn\\/uploads\\/files\\/20190731\\/c6b3cdee-f291-443b-81c5-cd5a8dcbd94d.jpg?type=aliyun\",\"url\":\"\\/\\/aliyun.oss.careyshop.cn\\/uploads\\/files\\/20190731\\/c6b3cdee-f291-443b-81c5-cd5a8dcbd94d.jpg?type=aliyun\"}]', ''),
(266, 149, 1, '[{\"name\":\"O1CN01LqDyEL1hpLsINePCa_!!2863054326.jpg\",\"source\":\"aliyun.oss.careyshop.cn\\/uploads\\/files\\/20190731\\/c6b3cdee-f291-443b-81c5-cd5a8dcbd94d.jpg?type=aliyun\",\"url\":\"\\/\\/aliyun.oss.careyshop.cn\\/uploads\\/files\\/20190731\\/c6b3cdee-f291-443b-81c5-cd5a8dcbd94d.jpg?type=aliyun\"}]', ''),
(266, 392, 1, '[{\"name\":\"O1CN01LqDyEL1hpLsINePCa_!!2863054326.jpg\",\"source\":\"aliyun.oss.careyshop.cn\\/uploads\\/files\\/20190731\\/c6b3cdee-f291-443b-81c5-cd5a8dcbd94d.jpg?type=aliyun\",\"url\":\"\\/\\/aliyun.oss.careyshop.cn\\/uploads\\/files\\/20190731\\/c6b3cdee-f291-443b-81c5-cd5a8dcbd94d.jpg?type=aliyun\"}]', ''),
(287, 208, 2, '[]', '#000000'),
(287, 209, 2, '[]', '#FFFFFF'),
(287, 411, 1, '[{\"name\":\"q03.png\",\"source\":\"aliyun.oss.careyshop.cn\\/uploads\\/files\\/20191112\\/008df859-3318-4b5e-8df3-4193420a3cfd.png?type=aliyun\",\"url\":\"\\/\\/aliyun.oss.careyshop.cn\\/uploads\\/files\\/20191112\\/008df859-3318-4b5e-8df3-4193420a3cfd.png?type=aliyun\"}]', ''),
(287, 412, 1, '[{\"name\":\"q03.png\",\"source\":\"aliyun.oss.careyshop.cn\\/uploads\\/files\\/20191112\\/008df859-3318-4b5e-8df3-4193420a3cfd.png?type=aliyun\",\"url\":\"\\/\\/aliyun.oss.careyshop.cn\\/uploads\\/files\\/20191112\\/008df859-3318-4b5e-8df3-4193420a3cfd.png?type=aliyun\"}]', ''),
(267, 151, 1, '[{\"name\":\"O1CN01LqDyEL1hpLsINePCa_!!2863054326.jpg\",\"source\":\"aliyun.oss.careyshop.cn\\/uploads\\/files\\/20191230\\/97405ac5-3c64-4d48-b3da-238710c7272b.jpg?type=aliyun\",\"url\":\"\\/\\/aliyun.oss.careyshop.cn\\/uploads\\/files\\/20191230\\/97405ac5-3c64-4d48-b3da-238710c7272b.jpg?type=aliyun\"},{\"name\":\"1.jpg\",\"source\":\"aliyun.oss.careyshop.cn\\/uploads\\/files\\/20191230\\/352e5500-1b7d-4345-8110-3f2fcd4c0124.jpg?type=aliyun\",\"url\":\"\\/\\/aliyun.oss.careyshop.cn\\/uploads\\/files\\/20191230\\/352e5500-1b7d-4345-8110-3f2fcd4c0124.jpg?type=aliyun\"}]', ''),
(267, 152, 1, '[{\"name\":\"O1CN01VtX6IC1PbvFiNvskI_!!0-item_pic.jpg\",\"source\":\"aliyun.oss.careyshop.cn\\/uploads\\/files\\/20191230\\/4aff227f-2673-45bc-81cd-8e79777dbe04.jpg?type=aliyun\",\"url\":\"\\/\\/aliyun.oss.careyshop.cn\\/uploads\\/files\\/20191230\\/4aff227f-2673-45bc-81cd-8e79777dbe04.jpg?type=aliyun\"},{\"name\":\"3.jpg\",\"source\":\"aliyun.oss.careyshop.cn\\/uploads\\/files\\/20191230\\/4d141311-9184-483c-8204-11dc9253e673.jpg?type=aliyun\",\"url\":\"\\/\\/aliyun.oss.careyshop.cn\\/uploads\\/files\\/20191230\\/4d141311-9184-483c-8204-11dc9253e673.jpg?type=aliyun\"}]', ''),
(289, 151, 1, '[{\"name\":\"O1CN01wQOP0c1RdsATKsVgU_!!0-item_pic.jpg\",\"source\":\"aliyun.oss.careyshop.cn\\/uploads\\/files\\/20191230\\/f82ae8dd-ebe4-4397-889e-418adde10a85.jpg?type=aliyun\",\"url\":\"\\/\\/aliyun.oss.careyshop.cn\\/uploads\\/files\\/20191230\\/f82ae8dd-ebe4-4397-889e-418adde10a85.jpg?type=aliyun\"},{\"name\":\"pdf02.png\",\"source\":\"aliyun.oss.careyshop.cn\\/uploads\\/files\\/20191112\\/24a5e752-d51e-448a-8995-353b16d92345.png?type=aliyun\",\"url\":\"\\/\\/aliyun.oss.careyshop.cn\\/uploads\\/files\\/20191112\\/24a5e752-d51e-448a-8995-353b16d92345.png?type=aliyun\"},{\"name\":\"pdf01.png\",\"source\":\"aliyun.oss.careyshop.cn\\/uploads\\/files\\/20191112\\/0bc6f961-a07b-45ba-8f75-fc55a1c54d1f.png?type=aliyun\",\"url\":\"\\/\\/aliyun.oss.careyshop.cn\\/uploads\\/files\\/20191112\\/0bc6f961-a07b-45ba-8f75-fc55a1c54d1f.png?type=aliyun\"}]', ''),
(289, 152, 1, '[{\"name\":\"68d42d66a8a9c565.jpg\",\"source\":\"aliyun.oss.careyshop.cn\\/uploads\\/files\\/20191230\\/32dcbebd-ebad-4d41-96d4-196fd7fe9ac7.jpg?type=aliyun\",\"url\":\"\\/\\/aliyun.oss.careyshop.cn\\/uploads\\/files\\/20191230\\/32dcbebd-ebad-4d41-96d4-196fd7fe9ac7.jpg?type=aliyun\"},{\"name\":\"index7-3.png\",\"source\":\"aliyun.oss.careyshop.cn\\/uploads\\/files\\/20191112\\/4d69f805-93cb-40ff-894a-949d9da08690.png?type=aliyun\",\"url\":\"\\/\\/aliyun.oss.careyshop.cn\\/uploads\\/files\\/20191112\\/4d69f805-93cb-40ff-894a-949d9da08690.png?type=aliyun\"}]', ''),
(289, 158, 2, '[]', '#FF0000'),
(289, 149, 2, '[]', '#ECF80B'),
(288, 208, 2, '[]', '#000000'),
(288, 209, 2, '[]', '#FFFFFF'),
(288, 411, 1, '[{\"name\":\"O1CN01LqDyEL1hpLsINePCa_!!2863054326.jpg\",\"source\":\"aliyun.oss.careyshop.cn\\/uploads\\/files\\/20191230\\/97405ac5-3c64-4d48-b3da-238710c7272b.jpg?type=aliyun\",\"url\":\"\\/\\/aliyun.oss.careyshop.cn\\/uploads\\/files\\/20191230\\/97405ac5-3c64-4d48-b3da-238710c7272b.jpg?type=aliyun\"},{\"name\":\"pdf02.png\",\"source\":\"aliyun.oss.careyshop.cn\\/uploads\\/files\\/20191112\\/24a5e752-d51e-448a-8995-353b16d92345.png?type=aliyun\",\"url\":\"\\/\\/aliyun.oss.careyshop.cn\\/uploads\\/files\\/20191112\\/24a5e752-d51e-448a-8995-353b16d92345.png?type=aliyun\"}]', ''),
(288, 412, 1, '[{\"name\":\"O1CN01Lm14uN1yXLqqxZuXd_!!0-item_pic.jpg\",\"source\":\"aliyun.oss.careyshop.cn\\/uploads\\/files\\/20191230\\/40267cb9-c022-43d8-adf2-77cdc88fa6d0.jpg?type=aliyun\",\"url\":\"\\/\\/aliyun.oss.careyshop.cn\\/uploads\\/files\\/20191230\\/40267cb9-c022-43d8-adf2-77cdc88fa6d0.jpg?type=aliyun\"},{\"name\":\"pdf01.png\",\"source\":\"aliyun.oss.careyshop.cn\\/uploads\\/files\\/20191112\\/0bc6f961-a07b-45ba-8f75-fc55a1c54d1f.png?type=aliyun\",\"url\":\"\\/\\/aliyun.oss.careyshop.cn\\/uploads\\/files\\/20191112\\/0bc6f961-a07b-45ba-8f75-fc55a1c54d1f.png?type=aliyun\"}]', '');

DROP TABLE IF EXISTS `donkey_spec_item`;
CREATE TABLE `donkey_spec_item` (
  `spec_item_id` int(11) UNSIGNED NOT NULL,
  `spec_id` int(11) UNSIGNED NOT NULL COMMENT '对应spec表',
  `item_name` varchar(60) COLLATE utf8mb4_unicode_ci NOT NULL COMMENT '项名',
  `is_contact` tinyint(1) NOT NULL DEFAULT '0' COMMENT '是否关联 0=否 1=是',
  `sort` tinyint(3) NOT NULL DEFAULT '50' COMMENT '排序'
) ENGINE=InnoDB DEFAULT CHARSET=utf8mb4 COLLATE=utf8mb4_unicode_ci COMMENT='商品规格项';

INSERT INTO `donkey_spec_item` (`spec_item_id`, `spec_id`, `item_name`, `is_contact`, `sort`) VALUES
(143, 1, '黑色', 0, 50),
(144, 1, '白色', 0, 50),
(149, 3, '5G', 1, 0),
(151, 4, '4G', 1, 2),
(152, 4, '8G', 1, 1),
(153, 4, '16G', 1, 0),
(158, 3, '4G', 1, 1),
(159, 2, '风冷A', 1, 50),
(160, 2, '直冷B', 1, 50),
(182, 10, '黑色', 0, 50),
(183, 10, '灰色', 0, 50),
(184, 10, '银色', 0, 50),
(191, 5, 'M', 0, 50),
(192, 5, 'X', 0, 50),
(193, 5, 'XL', 0, 50),
(202, 5, 'M', 0, 50),
(203, 5, 'X', 0, 50),
(204, 5, 'XL', 0, 50),
(205, 5, 'M', 0, 50),
(206, 5, 'X', 0, 50),
(207, 5, 'XL', 0, 50),
(208, 1, '黑色', 1, 0),
(209, 1, '白色', 1, 1),
(210, 10, '黑色', 0, 2),
(211, 10, '灰色', 1, 1),
(212, 10, '银色', 1, 0),
(217, 5, 'M', 0, 50),
(218, 5, 'X', 0, 50),
(219, 5, 'XL', 0, 50),
(220, 5, 'M', 0, 50),
(221, 5, 'X', 0, 50),
(222, 5, 'XL', 0, 50),
(223, 5, 'M', 1, 0),
(224, 5, 'X', 1, 1),
(225, 5, 'XL', 1, 2),
(235, 21, '周三', 1, 3),
(237, 21, '周四', 1, 4),
(238, 21, '周一', 1, 1),
(239, 21, '周五', 1, 5),
(240, 21, '周日', 1, 0),
(241, 21, '周六', 1, 6),
(243, 21, '周二', 1, 2),
(271, 3, '4G', 0, 50),
(272, 36, '黑色', 0, 50),
(273, 36, '白色', 0, 50),
(274, 3, '4G', 0, 50),
(275, 37, '黑色', 0, 50),
(276, 37, '白色', 0, 50),
(277, 3, '4G', 0, 50),
(278, 38, '黑色', 0, 50),
(279, 38, '白色', 0, 50),
(280, 3, '4G', 0, 50),
(281, 39, '黑色', 0, 50),
(282, 39, '白色', 0, 50),
(283, 3, '4G', 0, 50),
(284, 40, '黑色', 0, 50),
(285, 40, '白色', 0, 50),
(368, 3, '4G', 0, 50),
(369, 68, '黑色', 0, 50),
(370, 68, '白色', 0, 50),
(371, 3, '4G', 0, 50),
(372, 69, '黑色', 0, 50),
(373, 69, '白色', 0, 50),
(392, 3, '4G', 0, 50),
(393, 76, '黑色', 0, 50),
(394, 76, '白色', 0, 50),
(395, 77, '11', 0, 0),
(396, 3, '4G', 0, 50),
(397, 78, '黑色', 0, 50),
(398, 78, '白色', 0, 50),
(399, 3, '5G', 0, 50),
(400, 3, '5G', 0, 50),
(401, 3, '4G', 0, 50),
(402, 3, '4G', 0, 50),
(403, 80, '5G', 0, 50),
(404, 10, '蓝色', 0, 3),
(405, 10, '白色', 1, 4),
(406, 10, '红色', 1, 5),
(407, 10, '黄色', 0, 6),
(408, 10, '深黑色', 1, 2),
(409, 10, '淡蓝色', 1, 3),
(410, 10, '绿黄色', 1, 6),
(411, 80, 'I5', 1, 0),
(412, 80, 'I7', 1, 1),
(413, 81, '13寸', 1, 0),
(414, 81, '15寸', 1, 1),
(415, 81, '19寸', 1, 2),
(416, 81, '19寸', 0, 50),
(417, 3, '3G', 0, 50),
(418, 82, '5.8英寸 iPhone X【黑色】', 0, 50),
(419, 82, '5.8英寸 iPhone X【白色】', 0, 50),
(420, 82, '6.1英寸 iPhone XR【黑色】', 0, 50),
(421, 82, '6.1英寸 iPhone XR【白色】', 0, 50),
(422, 82, '6.1英寸 iPhone XR【红色】', 0, 50),
(423, 82, '6.1英寸 iPhone XR【蓝色】', 0, 50),
(424, 82, '6.1英寸 iPhone XR【黄色】', 0, 50),
(425, 82, '6.1英寸 iPhone XR【珊瑚色】', 0, 50),
(426, 82, '5.8英寸 iPhone XS【黑色】', 0, 50),
(427, 82, '5.8英寸 iPhone XS【白色】', 0, 50),
(428, 82, '5.8英寸 iPhone XS【金色】', 0, 50),
(429, 82, '6.5英寸 iPhone XS Max【黑色】', 0, 50),
(430, 82, '6.5英寸 iPhone XS Max【白色】', 0, 50),
(431, 82, '6.5英寸 iPhone XS Max【金色】', 0, 50),
(432, 82, '苹果X【有锁预售】', 0, 50),
(433, 83, '官方标配', 0, 50),
(434, 83, '套餐一', 0, 50),
(435, 84, '64GB', 0, 50),
(436, 84, '128GB', 0, 50),
(437, 84, '256GB', 0, 50),
(438, 84, '512GB', 0, 50),
(439, 85, '美国', 0, 50),
(440, 85, '中国大陆', 0, 50),
(444, 4, '32G', 0, 50),
(445, 86, '1', 0, 50),
(446, 86, '2', 0, 50),
(447, 86, '3', 0, 50),
(448, 86, '4', 0, 50),
(449, 4, '32G', 0, 50),
(450, 4, '32G', 0, 50),
(451, 87, '1', 0, 50),
(452, 87, '2', 0, 50);

DROP TABLE IF EXISTS `donkey_storage`;
CREATE TABLE `donkey_storage` (
  `storage_id` int(11) UNSIGNED NOT NULL,
  `parent_id` int(11) UNSIGNED NOT NULL DEFAULT '0' COMMENT '父id',
  `name` varchar(255) COLLATE utf8mb4_unicode_ci NOT NULL DEFAULT '' COMMENT '名称',
  `mime` varchar(100) COLLATE utf8mb4_unicode_ci NOT NULL DEFAULT '' COMMENT 'mime',
  `ext` varchar(6) COLLATE utf8mb4_unicode_ci NOT NULL DEFAULT '' COMMENT '后缀',
  `size` int(11) UNSIGNED NOT NULL DEFAULT '0' COMMENT '大小',
  `pixel` varchar(50) COLLATE utf8mb4_unicode_ci NOT NULL DEFAULT '' COMMENT '像素',
  `hash` char(40) COLLATE utf8mb4_unicode_ci NOT NULL DEFAULT '' COMMENT '哈希值',
  `path` varchar(255) COLLATE utf8mb4_unicode_ci NOT NULL DEFAULT '' COMMENT '路径',
  `url` varchar(255) COLLATE utf8mb4_unicode_ci NOT NULL DEFAULT '' COMMENT '外链',
  `protocol` varchar(10) COLLATE utf8mb4_unicode_ci NOT NULL COMMENT '协议',
  `type` tinyint(1) NOT NULL COMMENT '0=图片 1=附件 2=目录 3=视频',
  `priority` tinyint(1) NOT NULL DEFAULT '1' COMMENT '优先权 0>1',
  `cover` varchar(512) COLLATE utf8mb4_unicode_ci NOT NULL DEFAULT '' COMMENT '封面',
  `sort` tinyint(3) UNSIGNED NOT NULL DEFAULT '50' COMMENT '排序',
  `is_default` tinyint(1) NOT NULL DEFAULT '0' COMMENT '默认目录 0=否 1=是',
  `create_time` int(11) NOT NULL DEFAULT '0' COMMENT '创建日期',
  `update_time` int(11) NOT NULL DEFAULT '0' COMMENT '更新日期'
) ENGINE=InnoDB DEFAULT CHARSET=utf8mb4 COLLATE=utf8mb4_unicode_ci COMMENT='资源管理器';

INSERT INTO `donkey_storage` (`storage_id`, `parent_id`, `name`, `mime`, `ext`, `size`, `pixel`, `hash`, `path`, `url`, `protocol`, `type`, `priority`, `cover`, `sort`, `is_default`, `create_time`, `update_time`) VALUES
(3, 0, '视频', '', '', 0, '', '', '', '', '', 2, 0, '', 50, 0, 1573547821, 1577461558),
(4, 3, '视频-有海报', 'video/mp4', 'mp4', 23014356, '[]', '2125298091532905922013119CC3D2E9', 'uploads/files/20191112/291baffc-1309-48a8-8c75-bf6e9140d365.mp4', 'aliyun.oss.careyshop.cn/uploads/files/20191112/291baffc-1309-48a8-8c75-bf6e9140d365.mp4?type=aliyun', 'aliyun', 3, 1, 'aliyun.oss.careyshop.cn/uploads/files/20191112/4850ef5f-3890-4ca4-8fa3-8b5b0087708b.jpg?type=aliyun', 50, 0, 1573547849, 1573547976),
(5, 0, '海报', '', '', 0, '', '', '', '', '', 2, 0, '', 50, 0, 1573547915, 1577461558),
(6, 5, 'thumbs20191111093520.jpg', 'image/jpeg', 'jpg', 163813, '{\"width\":1024,\"height\":496}', 'DFBD7696EA3FF3292EDE5DF883C095F1', 'uploads/files/20191112/4850ef5f-3890-4ca4-8fa3-8b5b0087708b.jpg', 'aliyun.oss.careyshop.cn/uploads/files/20191112/4850ef5f-3890-4ca4-8fa3-8b5b0087708b.jpg?type=aliyun', 'aliyun', 0, 1, '', 50, 0, 1573547922, 1573547922),
(7, 5, 'snapshot20191111093513.jpg', 'image/jpeg', 'jpg', 17168, '{\"width\":960,\"height\":400}', '395B1AC7549AA2A2C0912847ACA68071', 'uploads/files/20191112/0a2d2d26-d74b-4118-8fd4-1d33bc9243ca.jpg', 'aliyun.oss.careyshop.cn/uploads/files/20191112/0a2d2d26-d74b-4118-8fd4-1d33bc9243ca.jpg?type=aliyun', 'aliyun', 0, 1, '', 50, 0, 1573547922, 1573547922),
(8, 3, '视频-无海报', 'video/mp4', 'mp4', 23014356, '[]', '2125298091532905922013119CC3D2E9', 'uploads/files/20191112/7baf4ad9-ba1f-491a-8457-c88310e9a46a.mp4', 'aliyun.oss.careyshop.cn/uploads/files/20191112/7baf4ad9-ba1f-491a-8457-c88310e9a46a.mp4?type=aliyun', 'aliyun', 3, 1, '', 50, 0, 1573548019, 1573548030),
(9, 0, 'gkf-4.png', 'image/png', 'png', 29800, '{\"width\":467,\"height\":133}', '0DF603BED697DA631575ABC905DCA3A0', 'uploads/files/20191112/26912439-89ac-4b3c-9e5c-2f25152289ef.png', 'aliyun.oss.careyshop.cn/uploads/files/20191112/26912439-89ac-4b3c-9e5c-2f25152289ef.png?type=aliyun', 'aliyun', 0, 1, '', 50, 0, 1573548167, 1573548167),
(10, 0, 'gkf-3.png', 'image/png', 'png', 118048, '{\"width\":495,\"height\":413}', '250604234CEA6369ECE8625D3106051B', 'uploads/files/20191112/a982afc3-e115-45f6-84b5-24455171a45a.png', 'aliyun.oss.careyshop.cn/uploads/files/20191112/a982afc3-e115-45f6-84b5-24455171a45a.png?type=aliyun', 'aliyun', 0, 1, '', 50, 0, 1573548167, 1573548167),
(11, 0, 'gkf-3.jpg', 'image/jpeg', 'jpg', 31104, '{\"width\":243,\"height\":198}', 'A871BFF969D1D5E525916B00602A0360', 'uploads/files/20191112/22789b8b-7cde-47e5-8825-a2298d68767b.jpg', 'aliyun.oss.careyshop.cn/uploads/files/20191112/22789b8b-7cde-47e5-8825-a2298d68767b.jpg?type=aliyun', 'aliyun', 0, 1, '', 50, 0, 1573548167, 1573548167),
(12, 0, '3.jpg', 'image/jpeg', 'jpg', 15797, '{\"width\":300,\"height\":180}', '6EB37E1B22A1B50C473847F3F116BDB7', 'uploads/files/20191112/48a25d55-29c7-4126-8753-e4377a44ed8d.jpg', 'aliyun.oss.careyshop.cn/uploads/files/20191112/48a25d55-29c7-4126-8753-e4377a44ed8d.jpg?type=aliyun', 'aliyun', 0, 1, '', 50, 0, 1573548167, 1573548167),
(13, 0, 'gkf-4.jpg', 'image/jpeg', 'jpg', 38036, '{\"width\":243,\"height\":198}', 'AC23853B700451FCB51AB5CA1DBA3C89', 'uploads/files/20191112/ae0b854d-5320-4054-94de-93e96e84331d.jpg', 'aliyun.oss.careyshop.cn/uploads/files/20191112/ae0b854d-5320-4054-94de-93e96e84331d.jpg?type=aliyun', 'aliyun', 0, 1, '', 50, 0, 1573548167, 1573548167),
(14, 0, 'gkf-2.png', 'image/png', 'png', 88808, '{\"width\":904,\"height\":308}', '1FC8CA5708D825F453001B5C9DB9DE18', 'uploads/files/20191112/aa4b30bb-79ca-4068-8165-a9a20bf09bbc.png', 'aliyun.oss.careyshop.cn/uploads/files/20191112/aa4b30bb-79ca-4068-8165-a9a20bf09bbc.png?type=aliyun', 'aliyun', 0, 1, '', 50, 0, 1573548167, 1573548167),
(15, 0, 'gkf-2.jpg', 'image/jpeg', 'jpg', 276369, '{\"width\":1920,\"height\":400}', '9DCECF25634797183001B572325E2E47', 'uploads/files/20191112/3457b0a9-9366-4de2-892f-4ac14acf8efe.jpg', 'aliyun.oss.careyshop.cn/uploads/files/20191112/3457b0a9-9366-4de2-892f-4ac14acf8efe.jpg?type=aliyun', 'aliyun', 0, 1, '', 50, 0, 1573548167, 1573548167),
(16, 0, 'gkf-5.jpg', 'image/jpeg', 'jpg', 41502, '{\"width\":243,\"height\":198}', '5C57F823D1041BC8CE33A51DB2B807A8', 'uploads/files/20191112/f85346dd-6281-4f7e-83a4-1d69a07d2d7c.jpg', 'aliyun.oss.careyshop.cn/uploads/files/20191112/f85346dd-6281-4f7e-83a4-1d69a07d2d7c.jpg?type=aliyun', 'aliyun', 0, 1, '', 50, 0, 1573548167, 1573548167),
(17, 0, 'gkf-6.jpg', 'image/jpeg', 'jpg', 36951, '{\"width\":243,\"height\":198}', '7D928F541C90A583118A42FC2D8D45CE', 'uploads/files/20191112/54d758db-8b33-49bb-8145-4fa2b7bebcad.jpg', 'aliyun.oss.careyshop.cn/uploads/files/20191112/54d758db-8b33-49bb-8145-4fa2b7bebcad.jpg?type=aliyun', 'aliyun', 0, 1, '', 50, 0, 1573548167, 1573548167),
(18, 0, '20160413152128_40953.jpg', 'image/jpeg', 'jpg', 34062, '{\"width\":500,\"height\":145}', 'AED011EA4B51BB61BAE2E8452F97CFDF', 'uploads/files/20191112/944799ae-90e0-46af-ba7c-c58909e50cdc.jpg', 'aliyun.oss.careyshop.cn/uploads/files/20191112/944799ae-90e0-46af-ba7c-c58909e50cdc.jpg?type=aliyun', 'aliyun', 0, 1, '', 50, 0, 1573548167, 1573548167),
(19, 0, '20160413152306_56952.jpg', 'image/jpeg', 'jpg', 121479, '{\"width\":712,\"height\":366}', 'E42CEDCEDD4CDB94DF8CEBB81C4AED32', 'uploads/files/20191112/4708977e-efc6-458e-a09b-6e684eb4ba53.jpg', 'aliyun.oss.careyshop.cn/uploads/files/20191112/4708977e-efc6-458e-a09b-6e684eb4ba53.jpg?type=aliyun', 'aliyun', 0, 1, '', 50, 0, 1573548168, 1573548168),
(20, 0, 'gkf-7.jpg', 'image/jpeg', 'jpg', 619703, '{\"width\":1920,\"height\":400}', '9B799A45B5D540890CB268BB172DE3CB', 'uploads/files/20191112/6b3551c6-c5e1-4ddd-8b77-8ffc0e3955fc.jpg', 'aliyun.oss.careyshop.cn/uploads/files/20191112/6b3551c6-c5e1-4ddd-8b77-8ffc0e3955fc.jpg?type=aliyun', 'aliyun', 0, 1, '', 50, 0, 1573548168, 1573548168),
(21, 0, 'about_2.png', 'image/png', 'png', 59694, '{\"width\":894,\"height\":203}', 'FE43017D0BCB067BA9E89A80607AD8B9', 'uploads/files/20191112/285fd02e-5e0c-41f2-82f3-cbf446ddb9ef.png', 'aliyun.oss.careyshop.cn/uploads/files/20191112/285fd02e-5e0c-41f2-82f3-cbf446ddb9ef.png?type=aliyun', 'aliyun', 0, 1, '', 50, 0, 1573548168, 1573548168),
(22, 0, 'about_3.png', 'image/png', 'png', 176998, '{\"width\":1157,\"height\":484}', '4893D56F9B55ECF0545AD41C4C633A91', 'uploads/files/20191112/b03af425-139c-4184-8175-b436c09c63c0.png', 'aliyun.oss.careyshop.cn/uploads/files/20191112/b03af425-139c-4184-8175-b436c09c63c0.png?type=aliyun', 'aliyun', 0, 1, '', 50, 0, 1573548168, 1573548168),
(23, 0, 'about_bg_1.png', 'image/png', 'png', 175669, '{\"width\":1920,\"height\":600}', '79FDE9A285E9D511C802DD19C03DE69F', 'uploads/files/20191112/9b690a8b-f193-447d-857e-8802ecc2c6c8.png', 'aliyun.oss.careyshop.cn/uploads/files/20191112/9b690a8b-f193-447d-857e-8802ecc2c6c8.png?type=aliyun', 'aliyun', 0, 1, '', 50, 0, 1573548168, 1573548168),
(24, 0, 'about_2.1.png', 'image/png', 'png', 3647149, '{\"width\":1000,\"height\":450}', '37A4E940B93C5386C7BFD1A488739412', 'uploads/files/20191112/36816231-14f6-4fda-a21f-037a050b302d.png', 'aliyun.oss.careyshop.cn/uploads/files/20191112/36816231-14f6-4fda-a21f-037a050b302d.png?type=aliyun', 'aliyun', 0, 1, '', 50, 0, 1573548168, 1573548168),
(25, 0, 'about_4.png', 'image/png', 'png', 95364, '{\"width\":305,\"height\":190}', '53B5A7BBC2F24CA3187B27CC7C60B88C', 'uploads/files/20191112/ee78fb3c-151d-4695-892f-6564dc1dc761.png', 'aliyun.oss.careyshop.cn/uploads/files/20191112/ee78fb3c-151d-4695-892f-6564dc1dc761.png?type=aliyun', 'aliyun', 0, 1, '', 50, 0, 1573548168, 1573548168),
(26, 0, 'apply_btn.jpg', 'image/jpeg', 'jpg', 4611, '{\"width\":118,\"height\":25}', 'FC1CE346A6068195F889B698BE41E249', 'uploads/files/20191112/1cd2180a-4822-4881-ba75-0d4b4a5b10d8.jpg', 'aliyun.oss.careyshop.cn/uploads/files/20191112/1cd2180a-4822-4881-ba75-0d4b4a5b10d8.jpg?type=aliyun', 'aliyun', 0, 1, '', 50, 0, 1573548168, 1573548168),
(27, 0, 'about_bg_2.png', 'image/png', 'png', 224083, '{\"width\":1920,\"height\":626}', 'A90B7F1E5EA3A7232DBABC474DB8C426', 'uploads/files/20191112/6dfe5cce-5ed5-4feb-8773-0228132e8136.png', 'aliyun.oss.careyshop.cn/uploads/files/20191112/6dfe5cce-5ed5-4feb-8773-0228132e8136.png?type=aliyun', 'aliyun', 0, 1, '', 50, 0, 1573548168, 1573548168),
(28, 0, 'about_1.png', 'image/png', 'png', 211033, '{\"width\":894,\"height\":525}', '8925D478011979AC4998F3C9704C2726', 'uploads/files/20191112/9216d717-af8a-4add-8ef5-d76ac8c1caa3.png', 'aliyun.oss.careyshop.cn/uploads/files/20191112/9216d717-af8a-4add-8ef5-d76ac8c1caa3.png?type=aliyun', 'aliyun', 0, 1, '', 50, 0, 1573548168, 1573548168),
(29, 0, 'banner01.jpg', 'image/jpeg', 'jpg', 471321, '{\"width\":1920,\"height\":550}', 'E36039A37FE0AF9DE8C25088D71781CD', 'uploads/files/20191112/a381da9e-1f21-4759-9fec-e271c21999da.jpg', 'aliyun.oss.careyshop.cn/uploads/files/20191112/a381da9e-1f21-4759-9fec-e271c21999da.jpg?type=aliyun', 'aliyun', 0, 1, '', 50, 0, 1573548168, 1573548168),
(30, 0, 'banner04.jpg', 'image/jpeg', 'jpg', 847760, '{\"width\":1920,\"height\":550}', '47AE950E1938FABD20071EFB2A515C9B', 'uploads/files/20191112/330a7ab9-802b-44bb-bbd5-98f51a6784c2.jpg', 'aliyun.oss.careyshop.cn/uploads/files/20191112/330a7ab9-802b-44bb-bbd5-98f51a6784c2.jpg?type=aliyun', 'aliyun', 0, 1, '', 50, 0, 1573548168, 1573548168),
(31, 0, 'barbg01.jpg', 'image/jpeg', 'jpg', 59778, '{\"width\":1920,\"height\":699}', 'D5383B13377CC80C00BBE2F8F49576DE', 'uploads/files/20191112/638fae63-a69d-4578-b49e-3251c42386dd.jpg', 'aliyun.oss.careyshop.cn/uploads/files/20191112/638fae63-a69d-4578-b49e-3251c42386dd.jpg?type=aliyun', 'aliyun', 0, 1, '', 50, 0, 1573548168, 1573548168),
(32, 0, 'banner03.jpg', 'image/jpeg', 'jpg', 576435, '{\"width\":1920,\"height\":550}', '257929B416509BBD87D69091233997A5', 'uploads/files/20191112/e630e63e-aaad-45f7-bfd8-00969c939f3f.jpg', 'aliyun.oss.careyshop.cn/uploads/files/20191112/e630e63e-aaad-45f7-bfd8-00969c939f3f.jpg?type=aliyun', 'aliyun', 0, 1, '', 50, 0, 1573548168, 1573548168),
(33, 0, 'banner02.jpg', 'image/jpeg', 'jpg', 503001, '{\"width\":1920,\"height\":550}', '625798F7E7A72CBB30B38EA95B55B0A3', 'uploads/files/20191112/246895bb-d6b2-4297-bcb2-1b19e69553a1.jpg', 'aliyun.oss.careyshop.cn/uploads/files/20191112/246895bb-d6b2-4297-bcb2-1b19e69553a1.jpg?type=aliyun', 'aliyun', 0, 1, '', 50, 0, 1573548168, 1573548168),
(34, 0, 'bg3.png', 'image/png', 'png', 1406, '{\"width\":130,\"height\":115}', '43531FBC35A0EBE02784EFEBA70B80F1', 'uploads/files/20191112/7e078c3d-5dc1-4f8d-8c9c-d255bcbe8c65.png', 'aliyun.oss.careyshop.cn/uploads/files/20191112/7e078c3d-5dc1-4f8d-8c9c-d255bcbe8c65.png?type=aliyun', 'aliyun', 0, 1, '', 50, 0, 1573548168, 1573548168),
(35, 0, 'bg1.jpg', 'image/jpeg', 'jpg', 160357, '{\"width\":1920,\"height\":2500}', '6BA46FFDFB241F3CA1E0E64187BF9B29', 'uploads/files/20191112/a43dd35e-c5c7-4532-9662-4a86dd9e194f.jpg', 'aliyun.oss.careyshop.cn/uploads/files/20191112/a43dd35e-c5c7-4532-9662-4a86dd9e194f.jpg?type=aliyun', 'aliyun', 0, 1, '', 50, 0, 1573548168, 1573548168),
(36, 0, 'bg5.png', 'image/png', 'png', 3030, '{\"width\":100,\"height\":100}', '781EF19BED1202E78610D727CD771E01', 'uploads/files/20191112/b63aa0bc-abb6-4016-81a8-c1aa00415552.png', 'aliyun.oss.careyshop.cn/uploads/files/20191112/b63aa0bc-abb6-4016-81a8-c1aa00415552.png?type=aliyun', 'aliyun', 0, 1, '', 50, 0, 1573548168, 1573548168),
(37, 0, 'bg50.png', 'image/png', 'png', 2455, '{\"width\":100,\"height\":100}', '3C0EC41F1327AF0060A70EB4261C7241', 'uploads/files/20191112/2611872c-9861-45c0-8958-6f53cf755094.png', 'aliyun.oss.careyshop.cn/uploads/files/20191112/2611872c-9861-45c0-8958-6f53cf755094.png?type=aliyun', 'aliyun', 0, 1, '', 50, 0, 1573548168, 1573548168),
(38, 0, 'bg.gif', 'image/gif', 'gif', 604, '{\"width\":1,\"height\":200}', '1B59C2579C7C89AD6B3568F1CE23381D', 'uploads/files/20191112/4eceaf29-b7b2-4987-97d5-b3e15a807491.gif', 'aliyun.oss.careyshop.cn/uploads/files/20191112/4eceaf29-b7b2-4987-97d5-b3e15a807491.gif?type=aliyun', 'aliyun', 0, 1, '', 50, 0, 1573548168, 1573548168),
(39, 0, 'bgq1.jpg', 'image/jpeg', 'jpg', 42307, '{\"width\":1920,\"height\":554}', '85718FBA2D90B85763CFF0348C756CA4', 'uploads/files/20191112/9d0307ad-b617-4ba0-86a2-c5c02a0a37e4.jpg', 'aliyun.oss.careyshop.cn/uploads/files/20191112/9d0307ad-b617-4ba0-86a2-c5c02a0a37e4.jpg?type=aliyun', 'aliyun', 0, 1, '', 50, 0, 1573548168, 1573548168),
(40, 0, 'bgq2.jpg', 'image/jpeg', 'jpg', 320069, '{\"width\":1920,\"height\":780}', 'C931D37D0CE081DB7DAC1D547E5512F8', 'uploads/files/20191112/4c5a9db1-64d2-4ced-8972-2d36a4db6670.jpg', 'aliyun.oss.careyshop.cn/uploads/files/20191112/4c5a9db1-64d2-4ced-8972-2d36a4db6670.jpg?type=aliyun', 'aliyun', 0, 1, '', 50, 0, 1573548168, 1573548168),
(41, 0, 'c_ban.jpg', 'image/jpeg', 'jpg', 179879, '{\"width\":1920,\"height\":650}', 'DCAFE4F75A5A15003D8DD40ED402A673', 'uploads/files/20191112/71a12d72-0de3-4c03-acdf-3882a5e0e7fb.jpg', 'aliyun.oss.careyshop.cn/uploads/files/20191112/71a12d72-0de3-4c03-acdf-3882a5e0e7fb.jpg?type=aliyun', 'aliyun', 0, 1, '', 50, 0, 1573548168, 1573548168),
(42, 0, 'cgal_1.fw.png', 'image/png', 'png', 62984, '{\"width\":118,\"height\":118}', 'CB1F0498F20369D53B5E2C1C6F417511', 'uploads/files/20191112/50af8683-f3c5-4633-8a03-8b425891a378.png', 'aliyun.oss.careyshop.cn/uploads/files/20191112/50af8683-f3c5-4633-8a03-8b425891a378.png?type=aliyun', 'aliyun', 0, 1, '', 50, 0, 1573548169, 1573548169),
(43, 0, 'cgal_3.fw.png', 'image/png', 'png', 65390, '{\"width\":254,\"height\":46}', 'CC2537805A1B19314B2A2F43915B2316', 'uploads/files/20191112/a6b1fd2d-a59d-4001-8e79-bb11c53be29d.png', 'aliyun.oss.careyshop.cn/uploads/files/20191112/a6b1fd2d-a59d-4001-8e79-bb11c53be29d.png?type=aliyun', 'aliyun', 0, 1, '', 50, 0, 1573548169, 1573548169),
(44, 0, 'c_pic.png', 'image/png', 'png', 3318932, '{\"width\":24,\"height\":39}', '6D9FCB68E73C59770FBA04C65442ED5C', 'uploads/files/20191112/fe0455e5-5ab1-457c-bcf5-f9f99a0bc269.png', 'aliyun.oss.careyshop.cn/uploads/files/20191112/fe0455e5-5ab1-457c-bcf5-f9f99a0bc269.png?type=aliyun', 'aliyun', 0, 1, '', 50, 0, 1573548169, 1573548169),
(45, 0, 'case-1.jpg', 'image/jpeg', 'jpg', 2665128, '{\"width\":300,\"height\":180}', '43358829F117B2C7FC6B049B4E4FD918', 'uploads/files/20191112/f4dd3cdd-9988-403b-9e6f-680bfd09d589.jpg', 'aliyun.oss.careyshop.cn/uploads/files/20191112/f4dd3cdd-9988-403b-9e6f-680bfd09d589.jpg?type=aliyun', 'aliyun', 0, 1, '', 50, 0, 1573548169, 1573548169),
(46, 0, 'cgal_4.fw.png', 'image/png', 'png', 79041, '{\"width\":79,\"height\":98}', 'D4D44D41CD018531CCEA2EACCAD2FA02', 'uploads/files/20191112/ff6e2c49-d108-42c5-8b92-7177f6bd2a3b.png', 'aliyun.oss.careyshop.cn/uploads/files/20191112/ff6e2c49-d108-42c5-8b92-7177f6bd2a3b.png?type=aliyun', 'aliyun', 0, 1, '', 50, 0, 1573548169, 1573548169),
(47, 0, 'gkf-8.jpg', 'image/jpeg', 'jpg', 93925, '{\"width\":1126,\"height\":521}', '497DA44977AF9C19B5AD7943435DF1FF', 'uploads/files/20191112/4a2ba091-99e2-4e72-8e2b-261f6874e80c.jpg', 'aliyun.oss.careyshop.cn/uploads/files/20191112/4a2ba091-99e2-4e72-8e2b-261f6874e80c.jpg?type=aliyun', 'aliyun', 0, 1, '', 50, 0, 1573548169, 1573548169),
(48, 0, 'cgal_2.fw.png', 'image/png', 'png', 59409, '{\"width\":194,\"height\":69}', 'FA3F8543574EB693B1B03950A9999DCD', 'uploads/files/20191112/2c01d76e-23e1-4e24-85a5-f29d11ba2bb4.png', 'aliyun.oss.careyshop.cn/uploads/files/20191112/2c01d76e-23e1-4e24-85a5-f29d11ba2bb4.png?type=aliyun', 'aliyun', 0, 1, '', 50, 0, 1573548169, 1573548169),
(49, 0, 'cgal_d_2.1.fw.png', 'image/png', 'png', 6017, '{\"width\":150,\"height\":150}', '341D77EC7981BE3F336DE006E7DF697E', 'uploads/files/20191112/9912e903-2776-40cf-8fe9-54f3580e6a63.png', 'aliyun.oss.careyshop.cn/uploads/files/20191112/9912e903-2776-40cf-8fe9-54f3580e6a63.png?type=aliyun', 'aliyun', 0, 1, '', 50, 0, 1573548169, 1573548169),
(50, 0, 'cgal_d_1.1.fw.png', 'image/png', 'png', 5832, '{\"width\":150,\"height\":150}', '4BFF1AFC370373E1812BF5E6DCBD5CFC', 'uploads/files/20191112/ca207e8a-c67a-4ef1-be0c-a180978513ef.png', 'aliyun.oss.careyshop.cn/uploads/files/20191112/ca207e8a-c67a-4ef1-be0c-a180978513ef.png?type=aliyun', 'aliyun', 0, 1, '', 50, 0, 1573548169, 1573548169),
(51, 0, 'case-2.jpg', 'image/jpeg', 'jpg', 2665468, '{\"width\":300,\"height\":180}', 'E040B182E9DB9385A02D1BEABAEE97B1', 'uploads/files/20191112/456a9ac6-1b94-4718-bfa3-2365e7dddb0c.jpg', 'aliyun.oss.careyshop.cn/uploads/files/20191112/456a9ac6-1b94-4718-bfa3-2365e7dddb0c.jpg?type=aliyun', 'aliyun', 0, 1, '', 50, 0, 1573548169, 1573548169),
(52, 0, 'cgal_d_2.1.png', 'image/png', 'png', 3553, '{\"width\":150,\"height\":150}', '17BA13ED9EABAC704260885E4D6A2FB5', 'uploads/files/20191112/13d7f89a-b607-42df-8e86-648c2ca10b43.png', 'aliyun.oss.careyshop.cn/uploads/files/20191112/13d7f89a-b607-42df-8e86-648c2ca10b43.png?type=aliyun', 'aliyun', 0, 1, '', 50, 0, 1573548169, 1573548169),
(53, 0, 'cgal_d_3.1.fw.png', 'image/png', 'png', 6334, '{\"width\":150,\"height\":150}', 'E94ED75367CF8BFAB7D951A52BBF00C6', 'uploads/files/20191112/57a89cc3-4701-4395-8e1a-50e0491005f4.png', 'aliyun.oss.careyshop.cn/uploads/files/20191112/57a89cc3-4701-4395-8e1a-50e0491005f4.png?type=aliyun', 'aliyun', 0, 1, '', 50, 0, 1573548170, 1573548170),
(54, 0, 'cgal_d_3.fw.png', 'image/png', 'png', 3966, '{\"width\":150,\"height\":150}', '0C2FD88794DBE9183D79AB4008CE29CB', 'uploads/files/20191112/e04264e5-0949-4ee2-a136-9db51f25de72.png', 'aliyun.oss.careyshop.cn/uploads/files/20191112/e04264e5-0949-4ee2-a136-9db51f25de72.png?type=aliyun', 'aliyun', 0, 1, '', 50, 0, 1573548170, 1573548170),
(55, 0, 'gkf-10.jpg', 'image/jpeg', 'jpg', 2733950, '{\"width\":1038,\"height\":414}', 'C997235D8820FB0AD5DB174E6DB720D7', 'uploads/files/20191112/c122d684-658e-4b9f-91cc-fe2ef2e0b51a.jpg', 'aliyun.oss.careyshop.cn/uploads/files/20191112/c122d684-658e-4b9f-91cc-fe2ef2e0b51a.jpg?type=aliyun', 'aliyun', 0, 1, '', 50, 0, 1573548170, 1573548170),
(56, 0, 'cgal_d_3.png', 'image/png', 'png', 3966, '{\"width\":150,\"height\":150}', '0C2FD88794DBE9183D79AB4008CE29CB', 'uploads/files/20191112/c0c52845-e43a-493b-8c39-a3377e7290d8.png', 'aliyun.oss.careyshop.cn/uploads/files/20191112/c0c52845-e43a-493b-8c39-a3377e7290d8.png?type=aliyun', 'aliyun', 0, 1, '', 50, 0, 1573548170, 1573548170),
(57, 0, 'cgal_d_4.1.fw.png', 'image/png', 'png', 6950, '{\"width\":150,\"height\":150}', '0298AE1DF78BD56010F1930A1F19D5BE', 'uploads/files/20191112/2aa47fab-4b46-4f93-83cd-27b65d6ca91b.png', 'aliyun.oss.careyshop.cn/uploads/files/20191112/2aa47fab-4b46-4f93-83cd-27b65d6ca91b.png?type=aliyun', 'aliyun', 0, 1, '', 50, 0, 1573548170, 1573548170),
(58, 0, 'cgal_d_1.fw.png', 'image/png', 'png', 55928, '{\"width\":150,\"height\":150}', 'FC0A31D7A21F6AF48F6E972EDCBF3321', 'uploads/files/20191112/c87d94d2-4e05-46b3-9ca1-fbf155489648.png', 'aliyun.oss.careyshop.cn/uploads/files/20191112/c87d94d2-4e05-46b3-9ca1-fbf155489648.png?type=aliyun', 'aliyun', 0, 1, '', 50, 0, 1573548170, 1573548170),
(59, 0, 'cgal_d_2.fw.png', 'image/png', 'png', 3553, '{\"width\":150,\"height\":150}', '17BA13ED9EABAC704260885E4D6A2FB5', 'uploads/files/20191112/7c82c7b9-47a1-48bf-a540-78376c4608e9.png', 'aliyun.oss.careyshop.cn/uploads/files/20191112/7c82c7b9-47a1-48bf-a540-78376c4608e9.png?type=aliyun', 'aliyun', 0, 1, '', 50, 0, 1573548170, 1573548170),
(60, 0, 'cgal_d_4.fw.png', 'image/png', 'png', 60116, '{\"width\":150,\"height\":150}', 'BB9B2D5AF285797452A3E738C9EC8B6B', 'uploads/files/20191112/1f7d6a5f-3db8-443e-8682-b93032c0fa69.png', 'aliyun.oss.careyshop.cn/uploads/files/20191112/1f7d6a5f-3db8-443e-8682-b93032c0fa69.png?type=aliyun', 'aliyun', 0, 1, '', 50, 0, 1573548170, 1573548170),
(61, 0, 'cgal_d_4.png', 'image/png', 'png', 6906, '{\"width\":150,\"height\":150}', 'CBC54CEC5A3FAAE482963D614802AE9E', 'uploads/files/20191112/5d0f961d-5d79-448c-a312-3d055eb27b0f.png', 'aliyun.oss.careyshop.cn/uploads/files/20191112/5d0f961d-5d79-448c-a312-3d055eb27b0f.png?type=aliyun', 'aliyun', 0, 1, '', 50, 0, 1573548170, 1573548170),
(62, 0, 'cgal_d_5.1.fw.png', 'image/png', 'png', 5807, '{\"width\":150,\"height\":150}', 'D28B63B7F95F75EA34FEA57364329D38', 'uploads/files/20191112/99a23578-c937-4252-9036-195eaefeb869.png', 'aliyun.oss.careyshop.cn/uploads/files/20191112/99a23578-c937-4252-9036-195eaefeb869.png?type=aliyun', 'aliyun', 0, 1, '', 50, 0, 1573548170, 1573548170),
(63, 0, 'cgal_d_5.fw.png', 'image/png', 'png', 3340, '{\"width\":150,\"height\":150}', '6A109DC167AFE0CA41161B0864BE6291', 'uploads/files/20191112/174d0fb3-58c0-453f-aa65-ea83467ab769.png', 'aliyun.oss.careyshop.cn/uploads/files/20191112/174d0fb3-58c0-453f-aa65-ea83467ab769.png?type=aliyun', 'aliyun', 0, 1, '', 50, 0, 1573548170, 1573548170),
(64, 0, 'cgal_d_6.fw.png', 'image/png', 'png', 3733, '{\"width\":150,\"height\":150}', 'FD31738C8B9FE1D263AAC1C9EEEE766E', 'uploads/files/20191112/6e964f49-761f-4da9-8c6f-dbf559c0ba70.png', 'aliyun.oss.careyshop.cn/uploads/files/20191112/6e964f49-761f-4da9-8c6f-dbf559c0ba70.png?type=aliyun', 'aliyun', 0, 1, '', 50, 0, 1573548170, 1573548170),
(65, 0, 'cgal_d_7.png', 'image/png', 'png', 3321, '{\"width\":150,\"height\":150}', '6202DF62FE8AFCAAD05ECF2D88F26D3F', 'uploads/files/20191112/ea23cad1-668a-4b42-81e0-6377d8889c7b.png', 'aliyun.oss.careyshop.cn/uploads/files/20191112/ea23cad1-668a-4b42-81e0-6377d8889c7b.png?type=aliyun', 'aliyun', 0, 1, '', 50, 0, 1573548170, 1573548170),
(66, 0, 'cgal_d_6.png', 'image/png', 'png', 3733, '{\"width\":150,\"height\":150}', 'FD31738C8B9FE1D263AAC1C9EEEE766E', 'uploads/files/20191112/d9397657-75e2-4a9e-8577-d716fcb22192.png', 'aliyun.oss.careyshop.cn/uploads/files/20191112/d9397657-75e2-4a9e-8577-d716fcb22192.png?type=aliyun', 'aliyun', 0, 1, '', 50, 0, 1573548170, 1573548170),
(67, 0, 'cgal_d_6.1.fw.png', 'image/png', 'png', 6046, '{\"width\":150,\"height\":150}', '729D539509A034FFE3648ADB60422AA4', 'uploads/files/20191112/8403d868-3da3-46b9-9f08-e3746a89a6e7.png', 'aliyun.oss.careyshop.cn/uploads/files/20191112/8403d868-3da3-46b9-9f08-e3746a89a6e7.png?type=aliyun', 'aliyun', 0, 1, '', 50, 0, 1573548170, 1573548170),
(68, 0, 'cgal_d_7.fw.png', 'image/png', 'png', 3321, '{\"width\":150,\"height\":150}', '6202DF62FE8AFCAAD05ECF2D88F26D3F', 'uploads/files/20191112/9602a977-831a-4bd4-acc1-fdcfb94a09ac.png', 'aliyun.oss.careyshop.cn/uploads/files/20191112/9602a977-831a-4bd4-acc1-fdcfb94a09ac.png?type=aliyun', 'aliyun', 0, 1, '', 50, 0, 1573548170, 1573548170),
(69, 0, 'cgal_d_7.1.fw.png', 'image/png', 'png', 5693, '{\"width\":150,\"height\":150}', '307014D13FA808EB73C01370FDD52EE5', 'uploads/files/20191112/3e95ef12-58b5-4dc7-8d09-4af1b8fd4fc2.png', 'aliyun.oss.careyshop.cn/uploads/files/20191112/3e95ef12-58b5-4dc7-8d09-4af1b8fd4fc2.png?type=aliyun', 'aliyun', 0, 1, '', 50, 0, 1573548170, 1573548170),
(70, 0, 'cgal_d_8.1.fw.png', 'image/png', 'png', 6196, '{\"width\":150,\"height\":150}', '93008E48090F6A4A7C3B7A568F051274', 'uploads/files/20191112/b9fa3e1d-b55c-4ac9-8a1f-c8c135860f40.png', 'aliyun.oss.careyshop.cn/uploads/files/20191112/b9fa3e1d-b55c-4ac9-8a1f-c8c135860f40.png?type=aliyun', 'aliyun', 0, 1, '', 50, 0, 1573548170, 1573548170),
(71, 0, 'cgal_d_8.png', 'image/png', 'png', 3931, '{\"width\":150,\"height\":150}', 'EECC3179884C0055F595AA6E6DC67122', 'uploads/files/20191112/4ff217e1-6211-4b1f-a098-289780144e6e.png', 'aliyun.oss.careyshop.cn/uploads/files/20191112/4ff217e1-6211-4b1f-a098-289780144e6e.png?type=aliyun', 'aliyun', 0, 1, '', 50, 0, 1573548170, 1573548170),
(72, 0, 'gkf-9.jpg', 'image/jpeg', 'jpg', 119113, '{\"width\":1920,\"height\":610}', '617E792A23F648D231E747941030F116', 'uploads/files/20191112/da56fb95-f71b-47f4-97a5-6a043e039b9c.jpg', 'aliyun.oss.careyshop.cn/uploads/files/20191112/da56fb95-f71b-47f4-97a5-6a043e039b9c.jpg?type=aliyun', 'aliyun', 0, 1, '', 50, 0, 1573548170, 1573548170),
(73, 0, 'gkf-7.jpg.jpg', 'image/jpeg', 'jpg', 425488, '{\"width\":1920,\"height\":400}', '91CD44C62792C8EEB279828E5559F34F', 'uploads/files/20191112/7368d717-348f-44af-bf7e-d39efd9b75b7.jpg', 'aliyun.oss.careyshop.cn/uploads/files/20191112/7368d717-348f-44af-bf7e-d39efd9b75b7.jpg?type=aliyun', 'aliyun', 0, 1, '', 50, 0, 1573548170, 1573548170),
(74, 0, 'cgal_d_9.fw.png', 'image/png', 'png', 3296, '{\"width\":150,\"height\":150}', 'E3175533B102A330F189B3965D28F63D', 'uploads/files/20191112/35f94773-4048-4b7d-9ff2-98aa0957037b.png', 'aliyun.oss.careyshop.cn/uploads/files/20191112/35f94773-4048-4b7d-9ff2-98aa0957037b.png?type=aliyun', 'aliyun', 0, 1, '', 50, 0, 1573548170, 1573548170),
(75, 0, 'cgal_d_9.1.fw.png', 'image/png', 'png', 5659, '{\"width\":150,\"height\":150}', 'E37162AAE8113D874B023D7A1D7F43FF', 'uploads/files/20191112/1ed1cf95-d132-4abc-a631-50167d86ef49.png', 'aliyun.oss.careyshop.cn/uploads/files/20191112/1ed1cf95-d132-4abc-a631-50167d86ef49.png?type=aliyun', 'aliyun', 0, 1, '', 50, 0, 1573548170, 1573548170),
(76, 0, 'cgal_d_10.fw.png', 'image/png', 'png', 3395, '{\"width\":150,\"height\":150}', 'B28BC521E14AA46C5E7099BA7225A071', 'uploads/files/20191112/9c67d7ec-1461-45b5-8528-b76ddf4f8042.png', 'aliyun.oss.careyshop.cn/uploads/files/20191112/9c67d7ec-1461-45b5-8528-b76ddf4f8042.png?type=aliyun', 'aliyun', 0, 1, '', 50, 0, 1573548170, 1573548170),
(77, 0, 'cgal_d_9.png', 'image/png', 'png', 3296, '{\"width\":150,\"height\":150}', 'E3175533B102A330F189B3965D28F63D', 'uploads/files/20191112/c37dd9b8-48f0-4168-82f8-c2741dc13cc5.png', 'aliyun.oss.careyshop.cn/uploads/files/20191112/c37dd9b8-48f0-4168-82f8-c2741dc13cc5.png?type=aliyun', 'aliyun', 0, 1, '', 50, 0, 1573548170, 1573548170),
(78, 0, 'cgal_d_8.fw.png', 'image/png', 'png', 3931, '{\"width\":150,\"height\":150}', 'EECC3179884C0055F595AA6E6DC67122', 'uploads/files/20191112/f9e2b340-717f-4988-886c-be27335c3a67.png', 'aliyun.oss.careyshop.cn/uploads/files/20191112/f9e2b340-717f-4988-886c-be27335c3a67.png?type=aliyun', 'aliyun', 0, 1, '', 50, 0, 1573548170, 1573548170),
(79, 0, 'cgal_d_11.png', 'image/png', 'png', 3030, '{\"width\":150,\"height\":150}', '1D4AA7169A90F229CE97B542AF6F9995', 'uploads/files/20191112/8f7201c1-aff0-4148-950e-a999c24d03ce.png', 'aliyun.oss.careyshop.cn/uploads/files/20191112/8f7201c1-aff0-4148-950e-a999c24d03ce.png?type=aliyun', 'aliyun', 0, 1, '', 50, 0, 1573548170, 1573548170),
(80, 0, 'cgal_d_11.fw.png', 'image/png', 'png', 3030, '{\"width\":150,\"height\":150}', '1D4AA7169A90F229CE97B542AF6F9995', 'uploads/files/20191112/9dea82e1-c62c-4e7d-b2cc-fc9ba601cc87.png', 'aliyun.oss.careyshop.cn/uploads/files/20191112/9dea82e1-c62c-4e7d-b2cc-fc9ba601cc87.png?type=aliyun', 'aliyun', 0, 1, '', 50, 0, 1573548170, 1573548170),
(81, 0, 'cgal_d_10.1.fw.png', 'image/png', 'png', 5866, '{\"width\":150,\"height\":150}', '7A986702327B1C32D9CCE504C2056C90', 'uploads/files/20191112/a5e5566f-97c5-48f6-8e05-d3e0ae59737b.png', 'aliyun.oss.careyshop.cn/uploads/files/20191112/a5e5566f-97c5-48f6-8e05-d3e0ae59737b.png?type=aliyun', 'aliyun', 0, 1, '', 50, 0, 1573548170, 1573548170),
(82, 0, 'cgal_d_11.1.fw.png', 'image/png', 'png', 5350, '{\"width\":150,\"height\":150}', '2920869301E5E9EE00C0550FDC30D4B0', 'uploads/files/20191112/cccee12f-7b91-41c9-830e-1e11cd357e76.png', 'aliyun.oss.careyshop.cn/uploads/files/20191112/cccee12f-7b91-41c9-830e-1e11cd357e76.png?type=aliyun', 'aliyun', 0, 1, '', 50, 0, 1573548170, 1573548170),
(83, 0, 'cgal_d_10.png', 'image/png', 'png', 3395, '{\"width\":150,\"height\":150}', 'B28BC521E14AA46C5E7099BA7225A071', 'uploads/files/20191112/de58eac0-ee54-431b-8dec-d9a886782159.png', 'aliyun.oss.careyshop.cn/uploads/files/20191112/de58eac0-ee54-431b-8dec-d9a886782159.png?type=aliyun', 'aliyun', 0, 1, '', 50, 0, 1573548170, 1573548170),
(84, 0, 'cgal_d_12.1.png', 'image/png', 'png', 6873, '{\"width\":150,\"height\":150}', 'A9375E480FC69033C20B0E51E4DB2CE7', 'uploads/files/20191112/63e479bd-de0a-479b-8ea2-ba275577db80.png', 'aliyun.oss.careyshop.cn/uploads/files/20191112/63e479bd-de0a-479b-8ea2-ba275577db80.png?type=aliyun', 'aliyun', 0, 1, '', 50, 0, 1573548170, 1573548170),
(85, 0, 'gkf-11.jpg', 'image/jpeg', 'jpg', 52791, '{\"width\":1920,\"height\":425}', '9415340027F4B3701C2A2B239CB366C9', 'uploads/files/20191112/b958216d-b1d7-4baf-899b-3b41bdd6d0b1.jpg', 'aliyun.oss.careyshop.cn/uploads/files/20191112/b958216d-b1d7-4baf-899b-3b41bdd6d0b1.jpg?type=aliyun', 'aliyun', 0, 1, '', 50, 0, 1573548170, 1573548170),
(86, 0, 'cgal_d_12.1.fw.png', 'image/png', 'png', 6873, '{\"width\":150,\"height\":150}', 'A9375E480FC69033C20B0E51E4DB2CE7', 'uploads/files/20191112/70c218d3-7256-410e-af1f-d23d38ad54ff.png', 'aliyun.oss.careyshop.cn/uploads/files/20191112/70c218d3-7256-410e-af1f-d23d38ad54ff.png?type=aliyun', 'aliyun', 0, 1, '', 50, 0, 1573548170, 1573548170),
(87, 0, 'cgal_d_12.fw.png', 'image/png', 'png', 4425, '{\"width\":150,\"height\":150}', '4EE024AE2F3B6941C2B69879AE718065', 'uploads/files/20191112/d9735e1a-12eb-491d-a326-7180c5919670.png', 'aliyun.oss.careyshop.cn/uploads/files/20191112/d9735e1a-12eb-491d-a326-7180c5919670.png?type=aliyun', 'aliyun', 0, 1, '', 50, 0, 1573548170, 1573548170),
(88, 0, 'cgal_d_12.png', 'image/png', 'png', 4425, '{\"width\":150,\"height\":150}', '4EE024AE2F3B6941C2B69879AE718065', 'uploads/files/20191112/09c90ebe-15b9-43c3-8a84-0483e2ef5dd7.png', 'aliyun.oss.careyshop.cn/uploads/files/20191112/09c90ebe-15b9-43c3-8a84-0483e2ef5dd7.png?type=aliyun', 'aliyun', 0, 1, '', 50, 0, 1573548170, 1573548170),
(89, 0, 'cgal_d_13.1.fw.png', 'image/png', 'png', 5890, '{\"width\":150,\"height\":150}', '1B6034BD299266D1CDFE25FD6A31FD58', 'uploads/files/20191112/73f4a72f-19ed-4e03-b7e0-9339e8df6719.png', 'aliyun.oss.careyshop.cn/uploads/files/20191112/73f4a72f-19ed-4e03-b7e0-9339e8df6719.png?type=aliyun', 'aliyun', 0, 1, '', 50, 0, 1573548170, 1573548170),
(90, 0, 'cgal_d_13.fw.png', 'image/png', 'png', 4892, '{\"width\":150,\"height\":150}', 'DA309AF5C095F32B7B51B1AB834F81A3', 'uploads/files/20191112/edec6452-0bb9-4c28-bdc8-5d3e71bde68e.png', 'aliyun.oss.careyshop.cn/uploads/files/20191112/edec6452-0bb9-4c28-bdc8-5d3e71bde68e.png?type=aliyun', 'aliyun', 0, 1, '', 50, 0, 1573548170, 1573548170),
(91, 0, 'cgal_d_14.1.fw.png', 'image/png', 'png', 5599, '{\"width\":150,\"height\":150}', 'F9147DB63044F7EF2BF0DE09E9578B9A', 'uploads/files/20191112/a2d8e13d-f744-47f8-a3ed-6bab67ff1aac.png', 'aliyun.oss.careyshop.cn/uploads/files/20191112/a2d8e13d-f744-47f8-a3ed-6bab67ff1aac.png?type=aliyun', 'aliyun', 0, 1, '', 50, 0, 1573548170, 1573548170),
(92, 0, 'cgal_d_14.fw.png', 'image/png', 'png', 4700, '{\"width\":150,\"height\":150}', '162B626644BA275AA0B31955E68FF7CB', 'uploads/files/20191112/8730c4d0-74a8-4adb-af25-9524efd9785a.png', 'aliyun.oss.careyshop.cn/uploads/files/20191112/8730c4d0-74a8-4adb-af25-9524efd9785a.png?type=aliyun', 'aliyun', 0, 1, '', 50, 0, 1573548170, 1573548170),
(93, 0, 'cgal_d_15.1.fw.png', 'image/png', 'png', 5763, '{\"width\":150,\"height\":150}', 'CE2EDB0B1ED0B79D3EDF8C8FC5FD9F3A', 'uploads/files/20191112/3b9b39b9-ebd7-4bee-8299-0508643b5821.png', 'aliyun.oss.careyshop.cn/uploads/files/20191112/3b9b39b9-ebd7-4bee-8299-0508643b5821.png?type=aliyun', 'aliyun', 0, 1, '', 50, 0, 1573548170, 1573548170),
(94, 0, 'cgal_d_15.fw.png', 'image/png', 'png', 4779, '{\"width\":150,\"height\":150}', 'BC0D770E78D4E29931B7585B34319101', 'uploads/files/20191112/8ee8e56b-285b-4242-afb5-8c6b9c1d2c29.png', 'aliyun.oss.careyshop.cn/uploads/files/20191112/8ee8e56b-285b-4242-afb5-8c6b9c1d2c29.png?type=aliyun', 'aliyun', 0, 1, '', 50, 0, 1573548171, 1573548171),
(95, 0, 'cxcp2.png', 'image/png', 'png', 184993, '{\"width\":1081,\"height\":1017}', '15A539BE762D8102893A882175DF5C90', 'uploads/files/20191112/4a58916f-b328-4c1f-b25f-1499ad6370c3.png', 'aliyun.oss.careyshop.cn/uploads/files/20191112/4a58916f-b328-4c1f-b25f-1499ad6370c3.png?type=aliyun', 'aliyun', 0, 1, '', 50, 0, 1573548171, 1573548171),
(96, 0, 'cxcp4.png', 'image/png', 'png', 163438, '{\"width\":762,\"height\":476}', '2E2814E1744E644D3A0A43CBDDF44EB7', 'uploads/files/20191112/8525fcf5-1130-4cae-98eb-5563426e8a24.png', 'aliyun.oss.careyshop.cn/uploads/files/20191112/8525fcf5-1130-4cae-98eb-5563426e8a24.png?type=aliyun', 'aliyun', 0, 1, '', 50, 0, 1573548171, 1573548171),
(97, 0, 'cxcp5.png', 'image/png', 'png', 123236, '{\"width\":1082,\"height\":543}', '16F33E15E57A3764C16688033FA3BCFD', 'uploads/files/20191112/11cb9265-ed26-47d9-bbf4-49e041b45cbc.png', 'aliyun.oss.careyshop.cn/uploads/files/20191112/11cb9265-ed26-47d9-bbf4-49e041b45cbc.png?type=aliyun', 'aliyun', 0, 1, '', 50, 0, 1573548171, 1573548171),
(98, 0, 'cxcp6.png', 'image/png', 'png', 137683, '{\"width\":656,\"height\":462}', '8161A7543F9B3B8CBEBA6595E7157414', 'uploads/files/20191112/7e773a31-e14d-448e-810b-bb31489a2f3b.png', 'aliyun.oss.careyshop.cn/uploads/files/20191112/7e773a31-e14d-448e-810b-bb31489a2f3b.png?type=aliyun', 'aliyun', 0, 1, '', 50, 0, 1573548171, 1573548171),
(99, 0, 'cxcp7.png', 'image/png', 'png', 77989, '{\"width\":1082,\"height\":501}', '0CED838BCD843999EA1120DE38BD02F1', 'uploads/files/20191112/8745da72-4575-4039-b9aa-08af6a2a74e6.png', 'aliyun.oss.careyshop.cn/uploads/files/20191112/8745da72-4575-4039-b9aa-08af6a2a74e6.png?type=aliyun', 'aliyun', 0, 1, '', 50, 0, 1573548171, 1573548171),
(100, 0, 'cxcp8.png', 'image/png', 'png', 127550, '{\"width\":1082,\"height\":501}', '9917EECA7BBFAA5748239548165C806E', 'uploads/files/20191112/26e99733-2157-4055-9e14-8b35e739a6ed.png', 'aliyun.oss.careyshop.cn/uploads/files/20191112/26e99733-2157-4055-9e14-8b35e739a6ed.png?type=aliyun', 'aliyun', 0, 1, '', 50, 0, 1573548171, 1573548171),
(101, 0, 'cxcp3.png', 'image/png', 'png', 115959, '{\"width\":1082,\"height\":670}', 'FF3571866AE5B57E4FD9CDE1B0E826B0', 'uploads/files/20191112/f765f758-e8d2-482b-84a6-97b61d21954a.png', 'aliyun.oss.careyshop.cn/uploads/files/20191112/f765f758-e8d2-482b-84a6-97b61d21954a.png?type=aliyun', 'aliyun', 0, 1, '', 50, 0, 1573548171, 1573548171),
(102, 0, 'cxcp12.jpg', 'image/jpeg', 'jpg', 81745, '{\"width\":1082,\"height\":560}', '841F0F9B8BC4E0103004965356989944', 'uploads/files/20191112/a37ae311-76bc-402a-922b-e5d535cd0ea0.jpg', 'aliyun.oss.careyshop.cn/uploads/files/20191112/a37ae311-76bc-402a-922b-e5d535cd0ea0.jpg?type=aliyun', 'aliyun', 0, 1, '', 50, 0, 1573548171, 1573548171),
(103, 0, 'cxcp11.png', 'image/png', 'png', 127003, '{\"width\":1082,\"height\":560}', 'EAB84BA2A35967A9B2DC881558AD91DC', 'uploads/files/20191112/c3d4e05b-dc9f-48b5-9751-5900c22f15d6.png', 'aliyun.oss.careyshop.cn/uploads/files/20191112/c3d4e05b-dc9f-48b5-9751-5900c22f15d6.png?type=aliyun', 'aliyun', 0, 1, '', 50, 0, 1573548171, 1573548171),
(104, 0, 'flag1.png', 'image/png', 'png', 1479, '{\"width\":40,\"height\":30}', '37CD7DA40C1B4ACD6B24E5505ED7F392', 'uploads/files/20191112/c9ed4d13-d3e4-4151-8099-5cb5d95bc30c.png', 'aliyun.oss.careyshop.cn/uploads/files/20191112/c9ed4d13-d3e4-4151-8099-5cb5d95bc30c.png?type=aliyun', 'aliyun', 0, 1, '', 50, 0, 1573548171, 1573548171),
(105, 0, 'flag02.png', 'image/png', 'png', 1433, '{\"width\":27,\"height\":27}', '35C1D4ED9987607146568950F1A11C9B', 'uploads/files/20191112/5bbc77d6-b0bc-4e63-93d4-1ad3f3a8ff51.png', 'aliyun.oss.careyshop.cn/uploads/files/20191112/5bbc77d6-b0bc-4e63-93d4-1ad3f3a8ff51.png?type=aliyun', 'aliyun', 0, 1, '', 50, 0, 1573548171, 1573548171),
(106, 0, 'cxcp9.png', 'image/png', 'png', 294768, '{\"width\":1082,\"height\":501}', '8B1D445C76989C82FD256C1BED85A1E7', 'uploads/files/20191112/af4a0cc5-4b06-444e-8da7-ddf212d389d6.png', 'aliyun.oss.careyshop.cn/uploads/files/20191112/af4a0cc5-4b06-444e-8da7-ddf212d389d6.png?type=aliyun', 'aliyun', 0, 1, '', 50, 0, 1573548171, 1573548171),
(107, 0, 'cxcp10.png', 'image/png', 'png', 162921, '{\"width\":1082,\"height\":501}', 'E9D214D4895D295CA1DCD3B6A367031B', 'uploads/files/20191112/ebd782e8-7f0c-4bb8-9bdd-e1b65b99958a.png', 'aliyun.oss.careyshop.cn/uploads/files/20191112/ebd782e8-7f0c-4bb8-9bdd-e1b65b99958a.png?type=aliyun', 'aliyun', 0, 1, '', 50, 0, 1573548171, 1573548171),
(108, 0, 'flag3.png', 'image/png', 'png', 1640, '{\"width\":40,\"height\":30}', '2C6E6CA283E5A3670F50A3F90A7756D9', 'uploads/files/20191112/ab27f9bd-c45f-4c55-97b7-411c171973ab.png', 'aliyun.oss.careyshop.cn/uploads/files/20191112/ab27f9bd-c45f-4c55-97b7-411c171973ab.png?type=aliyun', 'aliyun', 0, 1, '', 50, 0, 1573548171, 1573548171),
(109, 0, 'cxcp12.png', 'image/png', 'png', 202195, '{\"width\":1082,\"height\":560}', 'EE14044C8A6CE38A410E44B1746926D3', 'uploads/files/20191112/660c6151-429d-4c22-bb6b-81a95d087c05.png', 'aliyun.oss.careyshop.cn/uploads/files/20191112/660c6151-429d-4c22-bb6b-81a95d087c05.png?type=aliyun', 'aliyun', 0, 1, '', 50, 0, 1573548171, 1573548171),
(110, 0, 'flag2.png', 'image/png', 'png', 1442, '{\"width\":40,\"height\":30}', 'CA4D17328A8F8D1F594316844A2C7BA9', 'uploads/files/20191112/e7d87609-513b-4a4e-86bf-9f69da0aee15.png', 'aliyun.oss.careyshop.cn/uploads/files/20191112/e7d87609-513b-4a4e-86bf-9f69da0aee15.png?type=aliyun', 'aliyun', 0, 1, '', 50, 0, 1573548171, 1573548171),
(111, 0, 'flag4.png', 'image/png', 'png', 1640, '{\"width\":40,\"height\":30}', 'ED8F3C22A0CE2DF7DAF12EF684C860E9', 'uploads/files/20191112/a2f14263-ab46-4ecd-a01e-e951b54a7676.png', 'aliyun.oss.careyshop.cn/uploads/files/20191112/a2f14263-ab46-4ecd-a01e-e951b54a7676.png?type=aliyun', 'aliyun', 0, 1, '', 50, 0, 1573548171, 1573548171),
(112, 0, 'flag6.png', 'image/png', 'png', 1557, '{\"width\":40,\"height\":30}', 'F3D94AE56646DD8964C207BF701A7034', 'uploads/files/20191112/8f225966-3016-4570-8ae0-48bde2f0d539.png', 'aliyun.oss.careyshop.cn/uploads/files/20191112/8f225966-3016-4570-8ae0-48bde2f0d539.png?type=aliyun', 'aliyun', 0, 1, '', 50, 0, 1573548171, 1573548171),
(113, 0, 'flag5.png', 'image/png', 'png', 1392, '{\"width\":40,\"height\":30}', '6D8EB73259A23D1BD70BCF177F0941BF', 'uploads/files/20191112/459aa9dc-0a6c-457d-91b8-d3e21f5305fb.png', 'aliyun.oss.careyshop.cn/uploads/files/20191112/459aa9dc-0a6c-457d-91b8-d3e21f5305fb.png?type=aliyun', 'aliyun', 0, 1, '', 50, 0, 1573548171, 1573548171),
(114, 0, 'flag9.png', 'image/png', 'png', 1340, '{\"width\":40,\"height\":30}', '7F70A72FBBDF692B5BAC6D6304F59ED0', 'uploads/files/20191112/8402de6e-2ed5-424f-8d8f-ae2015a575d3.png', 'aliyun.oss.careyshop.cn/uploads/files/20191112/8402de6e-2ed5-424f-8d8f-ae2015a575d3.png?type=aliyun', 'aliyun', 0, 1, '', 50, 0, 1573548171, 1573548171),
(115, 0, 'flag8.png', 'image/png', 'png', 1570, '{\"width\":40,\"height\":30}', '8A64979473613322E80457F9FCC327F8', 'uploads/files/20191112/85eab685-d102-4e01-9b59-b76d679295c6.png', 'aliyun.oss.careyshop.cn/uploads/files/20191112/85eab685-d102-4e01-9b59-b76d679295c6.png?type=aliyun', 'aliyun', 0, 1, '', 50, 0, 1573548171, 1573548171),
(116, 0, 'flag7.png', 'image/png', 'png', 1320, '{\"width\":40,\"height\":30}', '2FE589B6D01FB03504C1926DE777DF48', 'uploads/files/20191112/3ad6696d-5ec1-4e46-aad1-a32bc40672f3.png', 'aliyun.oss.careyshop.cn/uploads/files/20191112/3ad6696d-5ec1-4e46-aad1-a32bc40672f3.png?type=aliyun', 'aliyun', 0, 1, '', 50, 0, 1573548171, 1573548171),
(117, 0, 'flag11.png', 'image/png', 'png', 1226, '{\"width\":40,\"height\":30}', 'C7130633D9B65DD198AB2185A9DE3709', 'uploads/files/20191112/4547a8ba-b6a0-41d6-8e91-e7ce6703f9da.png', 'aliyun.oss.careyshop.cn/uploads/files/20191112/4547a8ba-b6a0-41d6-8e91-e7ce6703f9da.png?type=aliyun', 'aliyun', 0, 1, '', 50, 0, 1573548171, 1573548171),
(118, 0, 'flag011.png', 'image/png', 'png', 1395, '{\"width\":23,\"height\":23}', '0CE246BD8B4887298CF79AFB24F00B4A', 'uploads/files/20191112/e7396766-8175-4a3c-8c1f-f3969e0079d5.png', 'aliyun.oss.careyshop.cn/uploads/files/20191112/e7396766-8175-4a3c-8c1f-f3969e0079d5.png?type=aliyun', 'aliyun', 0, 1, '', 50, 0, 1573548171, 1573548171),
(119, 0, 'flag13.png', 'image/png', 'png', 1458, '{\"width\":40,\"height\":30}', '277A34EB2010809BE304EE5912AFB075', 'uploads/files/20191112/6175ffe3-b203-4502-894b-6c329a209c1a.png', 'aliyun.oss.careyshop.cn/uploads/files/20191112/6175ffe3-b203-4502-894b-6c329a209c1a.png?type=aliyun', 'aliyun', 0, 1, '', 50, 0, 1573548171, 1573548171),
(120, 0, 'flag12.png', 'image/png', 'png', 1714, '{\"width\":40,\"height\":30}', 'E6A3ACCDDD6C7D4650376FC448FE98E4', 'uploads/files/20191112/e7ca1f48-f6d1-4350-916b-bef904a39f88.png', 'aliyun.oss.careyshop.cn/uploads/files/20191112/e7ca1f48-f6d1-4350-916b-bef904a39f88.png?type=aliyun', 'aliyun', 0, 1, '', 50, 0, 1573548171, 1573548171),
(121, 0, 'flag16.png', 'image/png', 'png', 1772, '{\"width\":46,\"height\":30}', 'FBDA055AB33E657164D409B3C0887C1B', 'uploads/files/20191112/c54e0709-2168-4d07-815e-f4f1101683f3.png', 'aliyun.oss.careyshop.cn/uploads/files/20191112/c54e0709-2168-4d07-815e-f4f1101683f3.png?type=aliyun', 'aliyun', 0, 1, '', 50, 0, 1573548171, 1573548171),
(122, 0, 'flag15.png', 'image/png', 'png', 1460, '{\"width\":40,\"height\":30}', 'B6B39A6AD818034FE50613737F39E359', 'uploads/files/20191112/b3292142-e5ee-49e9-a253-4589acbe2ad7.png', 'aliyun.oss.careyshop.cn/uploads/files/20191112/b3292142-e5ee-49e9-a253-4589acbe2ad7.png?type=aliyun', 'aliyun', 0, 1, '', 50, 0, 1573548171, 1573548171),
(123, 0, 'flag10.png', 'image/png', 'png', 1327, '{\"width\":40,\"height\":30}', 'AF26B135C6AF7DA179B25BB92DF24288', 'uploads/files/20191112/0c448f40-086a-4e25-8500-fd099dc4f49e.png', 'aliyun.oss.careyshop.cn/uploads/files/20191112/0c448f40-086a-4e25-8500-fd099dc4f49e.png?type=aliyun', 'aliyun', 0, 1, '', 50, 0, 1573548171, 1573548171),
(124, 0, 'flag17.png', 'image/png', 'png', 15703, '{\"width\":46,\"height\":30}', '00F3B36A221D135A31F22E0FDA1B8DFF', 'uploads/files/20191112/9c640075-068f-4f90-b274-d096d3b16104.png', 'aliyun.oss.careyshop.cn/uploads/files/20191112/9c640075-068f-4f90-b274-d096d3b16104.png?type=aliyun', 'aliyun', 0, 1, '', 50, 0, 1573548171, 1573548171),
(125, 0, 'flag14.png', 'image/png', 'png', 1317, '{\"width\":40,\"height\":30}', '183204C872E30FD9D015BF5C7FD03188', 'uploads/files/20191112/578f5de7-3ba7-4821-86cf-604b7b7d0876.png', 'aliyun.oss.careyshop.cn/uploads/files/20191112/578f5de7-3ba7-4821-86cf-604b7b7d0876.png?type=aliyun', 'aliyun', 0, 1, '', 50, 0, 1573548171, 1573548171),
(126, 0, 'flag18.png', 'image/png', 'png', 15456, '{\"width\":32,\"height\":33}', 'EEA1CC779BB3D15411137B4A9F6116B4', 'uploads/files/20191112/8568f02b-da43-4658-81d8-73bf31358ba4.png', 'aliyun.oss.careyshop.cn/uploads/files/20191112/8568f02b-da43-4658-81d8-73bf31358ba4.png?type=aliyun', 'aliyun', 0, 1, '', 50, 0, 1573548171, 1573548171),
(127, 0, 'flag020.png', 'image/png', 'png', 1533, '{\"width\":27,\"height\":27}', 'A65E3EA4A070546BB48BD9BB47460546', 'uploads/files/20191112/e4017d38-4ca8-49ef-860f-2000867b997b.png', 'aliyun.oss.careyshop.cn/uploads/files/20191112/e4017d38-4ca8-49ef-860f-2000867b997b.png?type=aliyun', 'aliyun', 0, 1, '', 50, 0, 1573548171, 1573548171),
(128, 0, 'flag22.png', 'image/png', 'png', 15438, '{\"width\":36,\"height\":37}', '5401E9187D9CF0E88E3BBEDD3141A88B', 'uploads/files/20191112/6d5731d4-23f0-4e91-802f-a83711137006.png', 'aliyun.oss.careyshop.cn/uploads/files/20191112/6d5731d4-23f0-4e91-802f-a83711137006.png?type=aliyun', 'aliyun', 0, 1, '', 50, 0, 1573548171, 1573548171),
(129, 0, 'flag23.png', 'image/png', 'png', 1512, '{\"width\":36,\"height\":37}', 'A4063E9984135E2D746B02D9087656BD', 'uploads/files/20191112/458aa13e-ea11-4a33-9213-3ac51795baae.png', 'aliyun.oss.careyshop.cn/uploads/files/20191112/458aa13e-ea11-4a33-9213-3ac51795baae.png?type=aliyun', 'aliyun', 0, 1, '', 50, 0, 1573548171, 1573548171),
(130, 0, 'flag19.png', 'image/png', 'png', 1523, '{\"width\":32,\"height\":33}', '00CB33A0235FAC85ABAD2B40C6304DFD', 'uploads/files/20191112/d98f40b1-bdc6-4bcd-ba58-c25292515a7e.png', 'aliyun.oss.careyshop.cn/uploads/files/20191112/d98f40b1-bdc6-4bcd-ba58-c25292515a7e.png?type=aliyun', 'aliyun', 0, 1, '', 50, 0, 1573548171, 1573548171),
(131, 0, 'flag21.png', 'image/png', 'png', 1379, '{\"width\":36,\"height\":34}', '98185D93ED9318CE1BA1427F90772353', 'uploads/files/20191112/baf7c4b0-070c-481c-a6ee-e3d78e1a6f4b.png', 'aliyun.oss.careyshop.cn/uploads/files/20191112/baf7c4b0-070c-481c-a6ee-e3d78e1a6f4b.png?type=aliyun', 'aliyun', 0, 1, '', 50, 0, 1573548172, 1573548172),
(132, 0, 'flag20.png', 'image/png', 'png', 15348, '{\"width\":36,\"height\":34}', '12C01B818ADD77B7780BC8B71261FCC0', 'uploads/files/20191112/03efcc0a-f1b3-40d6-9770-ead757b54944.png', 'aliyun.oss.careyshop.cn/uploads/files/20191112/03efcc0a-f1b3-40d6-9770-ead757b54944.png?type=aliyun', 'aliyun', 0, 1, '', 50, 0, 1573548172, 1573548172),
(133, 0, 'flag25.png', 'image/png', 'png', 1533, '{\"width\":35,\"height\":32}', 'A9710B3526178C5F5661C19CA8C9B7AE', 'uploads/files/20191112/436caed2-9fe1-4d2e-8566-daf54521523b.png', 'aliyun.oss.careyshop.cn/uploads/files/20191112/436caed2-9fe1-4d2e-8566-daf54521523b.png?type=aliyun', 'aliyun', 0, 1, '', 50, 0, 1573548172, 1573548172),
(134, 0, 'flag24.png', 'image/png', 'png', 15460, '{\"width\":35,\"height\":32}', '987457CE88DB526E49C9796ECD1ADD12', 'uploads/files/20191112/b8f6d3a1-43f0-4cc7-8e39-0e181016448a.png', 'aliyun.oss.careyshop.cn/uploads/files/20191112/b8f6d3a1-43f0-4cc7-8e39-0e181016448a.png?type=aliyun', 'aliyun', 0, 1, '', 50, 0, 1573548172, 1573548172),
(135, 0, 'flag0110.png', 'image/png', 'png', 1419, '{\"width\":23,\"height\":23}', '52A08C97F1959BF7D59492B8CC948660', 'uploads/files/20191112/d08dc827-201c-477f-a016-95777372f57c.png', 'aliyun.oss.careyshop.cn/uploads/files/20191112/d08dc827-201c-477f-a016-95777372f57c.png?type=aliyun', 'aliyun', 0, 1, '', 50, 0, 1573548172, 1573548172),
(136, 0, 'gbg-3.jpg', 'image/jpeg', 'jpg', 43103, '{\"width\":1919,\"height\":421}', '69A87FF4976AC465AA90817977CD01FA', 'uploads/files/20191112/0372dd55-ed2d-4b3c-9175-b485d8661a1b.jpg', 'aliyun.oss.careyshop.cn/uploads/files/20191112/0372dd55-ed2d-4b3c-9175-b485d8661a1b.jpg?type=aliyun', 'aliyun', 0, 1, '', 50, 0, 1573548172, 1573548172),
(137, 0, 'gbg-2.jpg', 'image/jpeg', 'jpg', 371143, '{\"width\":1920,\"height\":400}', '390E44A292BA6B756E29D9D1E903E12A', 'uploads/files/20191112/d33022f2-e189-4d53-996d-b201bd4da2a6.jpg', 'aliyun.oss.careyshop.cn/uploads/files/20191112/d33022f2-e189-4d53-996d-b201bd4da2a6.jpg?type=aliyun', 'aliyun', 0, 1, '', 50, 0, 1573548172, 1573548172),
(138, 0, 'gbg-1.jpg', 'image/jpeg', 'jpg', 119124, '{\"width\":1920,\"height\":1654}', 'AEF79F5D0E04B12E4EEB47706A8E063E', 'uploads/files/20191112/a3b239d3-f94f-4aba-86e8-66546f2eab1d.jpg', 'aliyun.oss.careyshop.cn/uploads/files/20191112/a3b239d3-f94f-4aba-86e8-66546f2eab1d.jpg?type=aliyun', 'aliyun', 0, 1, '', 50, 0, 1573548172, 1573548172),
(139, 0, 'gbg-4.png', 'image/png', 'png', 43986, '{\"width\":1040,\"height\":167}', '67DDA5D3559F6A5FCED0848E1BE1B793', 'uploads/files/20191112/b5f2e1c0-ac54-4b3b-877e-b297a123f1fb.png', 'aliyun.oss.careyshop.cn/uploads/files/20191112/b5f2e1c0-ac54-4b3b-877e-b297a123f1fb.png?type=aliyun', 'aliyun', 0, 1, '', 50, 0, 1573548172, 1573548172),
(140, 0, 'gbg-6.jpg', 'image/jpeg', 'jpg', 76730, '{\"width\":825,\"height\":212}', '6554AEDCE7A9FB17A0A8099388E43B88', 'uploads/files/20191112/7a07ba90-3509-477e-b659-5aa26833997d.jpg', 'aliyun.oss.careyshop.cn/uploads/files/20191112/7a07ba90-3509-477e-b659-5aa26833997d.jpg?type=aliyun', 'aliyun', 0, 1, '', 50, 0, 1573548172, 1573548172),
(141, 0, 'gbg-5.png', 'image/png', 'png', 83993, '{\"width\":996,\"height\":315}', '26E600C409920032C77F34F0DA095193', 'uploads/files/20191112/5a9cd408-a41c-430d-8b49-c81fda7981fe.png', 'aliyun.oss.careyshop.cn/uploads/files/20191112/5a9cd408-a41c-430d-8b49-c81fda7981fe.png?type=aliyun', 'aliyun', 0, 1, '', 50, 0, 1573548172, 1573548172),
(142, 0, 'gkf-25.jpg.jpg', 'image/jpeg', 'jpg', 333592, '{\"width\":1920,\"height\":400}', 'E0EA02F09F63B398D51747007DBFB224', 'uploads/files/20191112/6bbc1b05-b1cb-4cf3-87a8-856e65d1f7e0.jpg', 'aliyun.oss.careyshop.cn/uploads/files/20191112/6bbc1b05-b1cb-4cf3-87a8-856e65d1f7e0.jpg?type=aliyun', 'aliyun', 0, 1, '', 50, 0, 1573548172, 1573548172),
(143, 0, 'gkf-1.png', 'image/png', 'png', 82673, '{\"width\":1050,\"height\":530}', 'C8E11B24C817C8525F58BBB5F4EB07A8', 'uploads/files/20191112/e8ea6ace-0174-42f3-a3f0-a41b31ddd795.png', 'aliyun.oss.careyshop.cn/uploads/files/20191112/e8ea6ace-0174-42f3-a3f0-a41b31ddd795.png?type=aliyun', 'aliyun', 0, 1, '', 50, 0, 1573548172, 1573548172),
(144, 0, 'gkf-25.jpg', 'image/jpeg', 'jpg', 333592, '{\"width\":1920,\"height\":400}', 'E0EA02F09F63B398D51747007DBFB224', 'uploads/files/20191112/5821b284-f0a2-4bd5-ac06-f93b9480cf7c.jpg', 'aliyun.oss.careyshop.cn/uploads/files/20191112/5821b284-f0a2-4bd5-ac06-f93b9480cf7c.jpg?type=aliyun', 'aliyun', 0, 1, '', 50, 0, 1573548172, 1573548172),
(145, 0, 'imges02.jpg', 'image/jpeg', 'jpg', 32836, '{\"width\":600,\"height\":202}', '1D3649419AF60C92CD411A8BE560A35C', 'uploads/files/20191112/9db6e0bc-3a21-4f87-8b2d-a5bab7511e3d.jpg', 'aliyun.oss.careyshop.cn/uploads/files/20191112/9db6e0bc-3a21-4f87-8b2d-a5bab7511e3d.jpg?type=aliyun', 'aliyun', 0, 1, '', 50, 0, 1573548172, 1573548172),
(146, 0, 'gkf-12.jpg', 'image/jpeg', 'jpg', 46343, '{\"width\":1920,\"height\":540}', '13B136E81CDFEE47D88494DD4688D0BD', 'uploads/files/20191112/93cf51ad-018d-400b-9b5b-d40d19727344.jpg', 'aliyun.oss.careyshop.cn/uploads/files/20191112/93cf51ad-018d-400b-9b5b-d40d19727344.jpg?type=aliyun', 'aliyun', 0, 1, '', 50, 0, 1573548172, 1573548172),
(147, 0, 'flag50.png', 'image/png', 'png', 1699, '{\"width\":40,\"height\":32}', '60F6126390525920D4FF0FA328DECA8C', 'uploads/files/20191112/b08c913b-3ac4-4251-9c60-25fe38e26f49.png', 'aliyun.oss.careyshop.cn/uploads/files/20191112/b08c913b-3ac4-4251-9c60-25fe38e26f49.png?type=aliyun', 'aliyun', 0, 1, '', 50, 0, 1573548172, 1573548172),
(148, 0, 'imges01.jpg', 'image/jpeg', 'jpg', 41700, '{\"width\":600,\"height\":315}', '0A5ECB247DA3BF18F7A76E8ABB34BE9F', 'uploads/files/20191112/05fc8e5b-8487-4edb-8f95-0164e81f621f.jpg', 'aliyun.oss.careyshop.cn/uploads/files/20191112/05fc8e5b-8487-4edb-8f95-0164e81f621f.jpg?type=aliyun', 'aliyun', 0, 1, '', 50, 0, 1573548172, 1573548172),
(149, 0, 'gkf-13.jpg', 'image/jpeg', 'jpg', 120851, '{\"width\":1920,\"height\":400}', 'D32D349DD8C2F50B9163B422CC827117', 'uploads/files/20191112/a219bd6b-b969-4d20-8bbb-6739a4214eb6.jpg', 'aliyun.oss.careyshop.cn/uploads/files/20191112/a219bd6b-b969-4d20-8bbb-6739a4214eb6.jpg?type=aliyun', 'aliyun', 0, 1, '', 50, 0, 1573548172, 1573548172);
INSERT INTO `donkey_storage` (`storage_id`, `parent_id`, `name`, `mime`, `ext`, `size`, `pixel`, `hash`, `path`, `url`, `protocol`, `type`, `priority`, `cover`, `sort`, `is_default`, `create_time`, `update_time`) VALUES
(150, 0, 'imges05.jpg', 'image/jpeg', 'jpg', 21590, '{\"width\":600,\"height\":274}', 'F6BA54F57BBDAABF7DD929959AEB9571', 'uploads/files/20191112/a82a0331-2414-4bc0-82d0-93da28ba55e7.jpg', 'aliyun.oss.careyshop.cn/uploads/files/20191112/a82a0331-2414-4bc0-82d0-93da28ba55e7.jpg?type=aliyun', 'aliyun', 0, 1, '', 50, 0, 1573548172, 1573548172),
(151, 0, 'imges03.jpg', 'image/jpeg', 'jpg', 70125, '{\"width\":600,\"height\":840}', '72715D0133BA101BBBC4D781A1E39A90', 'uploads/files/20191112/63ee9d1d-5b51-49b4-9231-361e2fe93560.jpg', 'aliyun.oss.careyshop.cn/uploads/files/20191112/63ee9d1d-5b51-49b4-9231-361e2fe93560.jpg?type=aliyun', 'aliyun', 0, 1, '', 50, 0, 1573548172, 1573548172),
(152, 0, 'imges08.jpg', 'image/jpeg', 'jpg', 25273, '{\"width\":600,\"height\":306}', 'C433DE50969CF74B8691C71B0F506409', 'uploads/files/20191112/8389c66a-a6b9-468d-8a4d-dd73fd6a4579.jpg', 'aliyun.oss.careyshop.cn/uploads/files/20191112/8389c66a-a6b9-468d-8a4d-dd73fd6a4579.jpg?type=aliyun', 'aliyun', 0, 1, '', 50, 0, 1573548172, 1573548172),
(153, 0, 'imges09.jpg', 'image/jpeg', 'jpg', 25982, '{\"width\":600,\"height\":274}', 'F609539316057869FED39760D06C4690', 'uploads/files/20191112/d0b0e473-b618-4a97-8b09-a2668c37a67a.jpg', 'aliyun.oss.careyshop.cn/uploads/files/20191112/d0b0e473-b618-4a97-8b09-a2668c37a67a.jpg?type=aliyun', 'aliyun', 0, 1, '', 50, 0, 1573548172, 1573548172),
(154, 0, 'imges07.jpg', 'image/jpeg', 'jpg', 26697, '{\"width\":600,\"height\":274}', '941A4A6AFDDE1929C82D822B98964167', 'uploads/files/20191112/a19a10d5-270b-4980-ab76-bfacd771268f.jpg', 'aliyun.oss.careyshop.cn/uploads/files/20191112/a19a10d5-270b-4980-ab76-bfacd771268f.jpg?type=aliyun', 'aliyun', 0, 1, '', 50, 0, 1573548172, 1573548172),
(155, 0, 'imges06.jpg', 'image/jpeg', 'jpg', 21910, '{\"width\":600,\"height\":274}', '1A2EEE5D8E17461DF96307BBE7433F9C', 'uploads/files/20191112/8228da07-9de4-402e-92bb-93d5d8e037e6.jpg', 'aliyun.oss.careyshop.cn/uploads/files/20191112/8228da07-9de4-402e-92bb-93d5d8e037e6.jpg?type=aliyun', 'aliyun', 0, 1, '', 50, 0, 1573548172, 1573548172),
(156, 0, 'imges12.jpg', 'image/jpeg', 'jpg', 23876, '{\"width\":600,\"height\":306}', 'FAD286E53F3ABCC7F836A0517EEF1880', 'uploads/files/20191112/8b9323f8-087a-48f5-89a7-1d690d5750b6.jpg', 'aliyun.oss.careyshop.cn/uploads/files/20191112/8b9323f8-087a-48f5-89a7-1d690d5750b6.jpg?type=aliyun', 'aliyun', 0, 1, '', 50, 0, 1573548173, 1573548173),
(157, 0, 'imges14.jpg', 'image/jpeg', 'jpg', 25683, '{\"width\":600,\"height\":306}', 'A7D9A64819DA678F593DC3EFDF6D3FD8', 'uploads/files/20191112/794ca0ba-2d80-4efa-8fed-b66c11e6e5c1.jpg', 'aliyun.oss.careyshop.cn/uploads/files/20191112/794ca0ba-2d80-4efa-8fed-b66c11e6e5c1.jpg?type=aliyun', 'aliyun', 0, 1, '', 50, 0, 1573548173, 1573548173),
(158, 0, 'imges10.jpg', 'image/jpeg', 'jpg', 24740, '{\"width\":600,\"height\":274}', 'FB6A099AE257243467B3540569F4B966', 'uploads/files/20191112/21f236b9-b374-4fa9-809a-be09ec769798.jpg', 'aliyun.oss.careyshop.cn/uploads/files/20191112/21f236b9-b374-4fa9-809a-be09ec769798.jpg?type=aliyun', 'aliyun', 0, 1, '', 50, 0, 1573548173, 1573548173),
(159, 0, 'imges16.jpg', 'image/jpeg', 'jpg', 42082, '{\"width\":350,\"height\":274}', '91D6B152F0D68F5AC16A6E78594AD57F', 'uploads/files/20191112/0d83e108-8836-4854-8ffc-0daba6b90ef7.jpg', 'aliyun.oss.careyshop.cn/uploads/files/20191112/0d83e108-8836-4854-8ffc-0daba6b90ef7.jpg?type=aliyun', 'aliyun', 0, 1, '', 50, 0, 1573548173, 1573548173),
(160, 0, 'imges11.jpg', 'image/jpeg', 'jpg', 26920, '{\"width\":600,\"height\":306}', '1C80B3AB26ABF5DEF3DB04197F705F5D', 'uploads/files/20191112/c7c9574b-c566-4ab2-900c-9b40483e351c.jpg', 'aliyun.oss.careyshop.cn/uploads/files/20191112/c7c9574b-c566-4ab2-900c-9b40483e351c.jpg?type=aliyun', 'aliyun', 0, 1, '', 50, 0, 1573548173, 1573548173),
(161, 0, 'imges18.png', 'image/png', 'png', 2087, '{\"width\":1039,\"height\":34}', '85AB8CABB53A5C90752FAB732B21F7B8', 'uploads/files/20191112/2f6e98b5-1e4c-4d8d-8624-207b8fb6091b.png', 'aliyun.oss.careyshop.cn/uploads/files/20191112/2f6e98b5-1e4c-4d8d-8624-207b8fb6091b.png?type=aliyun', 'aliyun', 0, 1, '', 50, 0, 1573548173, 1573548173),
(162, 0, 'imges18.jpg', 'image/jpeg', 'jpg', 12450, '{\"width\":1039,\"height\":34}', 'EAE176C74B2D81CA50D4689408517AD5', 'uploads/files/20191112/9e5ee0ad-d6c1-4aba-a3bc-e8db6015743b.jpg', 'aliyun.oss.careyshop.cn/uploads/files/20191112/9e5ee0ad-d6c1-4aba-a3bc-e8db6015743b.jpg?type=aliyun', 'aliyun', 0, 1, '', 50, 0, 1573548173, 1573548173),
(163, 0, 'imges17.jpg', 'image/jpeg', 'jpg', 33148, '{\"width\":360,\"height\":120}', 'D2C33BEED1D701957785DE3776848534', 'uploads/files/20191112/b2eb61b0-8027-44fd-b489-df66e28241c2.jpg', 'aliyun.oss.careyshop.cn/uploads/files/20191112/b2eb61b0-8027-44fd-b489-df66e28241c2.jpg?type=aliyun', 'aliyun', 0, 1, '', 50, 0, 1573548173, 1573548173),
(164, 0, 'index_bg2.jpg', 'image/jpeg', 'jpg', 305666, '{\"width\":1920,\"height\":680}', 'B973A5E3EDB7571CDD832382CB83BD81', 'uploads/files/20191112/155dac45-2092-4f7f-8d02-b7b13077cf89.jpg', 'aliyun.oss.careyshop.cn/uploads/files/20191112/155dac45-2092-4f7f-8d02-b7b13077cf89.jpg?type=aliyun', 'aliyun', 0, 1, '', 50, 0, 1573548173, 1573548173),
(165, 0, 'index_close.png', 'image/png', 'png', 2103, '{\"width\":50,\"height\":50}', 'AF7ED1C3FCDCB08B1C1233F59E62FA74', 'uploads/files/20191112/dbc8b572-511d-4f8e-9388-ed3a668df9a2.png', 'aliyun.oss.careyshop.cn/uploads/files/20191112/dbc8b572-511d-4f8e-9388-ed3a668df9a2.png?type=aliyun', 'aliyun', 0, 1, '', 50, 0, 1573548173, 1573548173),
(166, 0, 'imges13.jpg', 'image/jpeg', 'jpg', 25737, '{\"width\":600,\"height\":306}', '68C3C4E067F1F11918A33AF9CDFA6A8A', 'uploads/files/20191112/fcdc8dba-fa8d-4a54-8c17-16ca8c638861.jpg', 'aliyun.oss.careyshop.cn/uploads/files/20191112/fcdc8dba-fa8d-4a54-8c17-16ca8c638861.jpg?type=aliyun', 'aliyun', 0, 1, '', 50, 0, 1573548173, 1573548173),
(167, 0, 'imges15.jpg', 'image/jpeg', 'jpg', 47271, '{\"width\":350,\"height\":274}', '834B338C3E57A44231E6F122D5575EBF', 'uploads/files/20191112/4c8831be-a387-41f7-9196-0a05c156be4e.jpg', 'aliyun.oss.careyshop.cn/uploads/files/20191112/4c8831be-a387-41f7-9196-0a05c156be4e.jpg?type=aliyun', 'aliyun', 0, 1, '', 50, 0, 1573548173, 1573548173),
(168, 0, 'index_khpj_1.png', 'image/png', 'png', 14390, '{\"width\":106,\"height\":108}', '406C10AF5BEB223BEB3A45FF181223A0', 'uploads/files/20191112/e00bb1e0-b0d9-4aba-9f30-ca47db3741cf.png', 'aliyun.oss.careyshop.cn/uploads/files/20191112/e00bb1e0-b0d9-4aba-9f30-ca47db3741cf.png?type=aliyun', 'aliyun', 0, 1, '', 50, 0, 1573548173, 1573548173),
(169, 0, 'index_bg1.jpg', 'image/jpeg', 'jpg', 157626, '{\"width\":1920,\"height\":867}', '1AB645402B36646D28F97CE333D48C6B', 'uploads/files/20191112/932465b6-825e-4379-8e1c-1b7cc5889638.jpg', 'aliyun.oss.careyshop.cn/uploads/files/20191112/932465b6-825e-4379-8e1c-1b7cc5889638.jpg?type=aliyun', 'aliyun', 0, 1, '', 50, 0, 1573548173, 1573548173),
(170, 0, 'index_khpj_4.png', 'image/png', 'png', 4090, '{\"width\":128,\"height\":22}', 'D3D3209C924CBD7E953E917D5C34183E', 'uploads/files/20191112/672e7b58-3548-408d-8127-eed634d7adbc.png', 'aliyun.oss.careyshop.cn/uploads/files/20191112/672e7b58-3548-408d-8127-eed634d7adbc.png?type=aliyun', 'aliyun', 0, 1, '', 50, 0, 1573548173, 1573548173),
(171, 0, 'index_leftbtn.png', 'image/png', 'png', 2234, '{\"width\":49,\"height\":100}', '0F9F422E975FEEA2775319CFB8EF5025', 'uploads/files/20191112/d339d1d1-1ff9-4a2f-9dab-b641852fb126.png', 'aliyun.oss.careyshop.cn/uploads/files/20191112/d339d1d1-1ff9-4a2f-9dab-b641852fb126.png?type=aliyun', 'aliyun', 0, 1, '', 50, 0, 1573548173, 1573548173),
(172, 0, 'index_khpj_3.png', 'image/png', 'png', 12204, '{\"width\":130,\"height\":76}', '1DE004D035AA8195808D7594637F1209', 'uploads/files/20191112/14886b24-5417-4fb3-ba31-03672873d83b.png', 'aliyun.oss.careyshop.cn/uploads/files/20191112/14886b24-5417-4fb3-ba31-03672873d83b.png?type=aliyun', 'aliyun', 0, 1, '', 50, 0, 1573548173, 1573548173),
(173, 0, 'index_new_0.png', 'image/png', 'png', 42351, '{\"width\":255,\"height\":65}', '41F31632AED892CD8DA5A0D8B0810132', 'uploads/files/20191112/3cb41395-2330-42a4-8808-31ebaaf0c025.png', 'aliyun.oss.careyshop.cn/uploads/files/20191112/3cb41395-2330-42a4-8808-31ebaaf0c025.png?type=aliyun', 'aliyun', 0, 1, '', 50, 0, 1573548173, 1573548173),
(174, 0, 'index_rightbtn.png', 'image/png', 'png', 2284, '{\"width\":49,\"height\":100}', 'BC6B663C38906DFCC52E0886C16F9C07', 'uploads/files/20191112/6e8f97fa-6bdc-48cd-8607-dba186ed167a.png', 'aliyun.oss.careyshop.cn/uploads/files/20191112/6e8f97fa-6bdc-48cd-8607-dba186ed167a.png?type=aliyun', 'aliyun', 0, 1, '', 50, 0, 1573548173, 1573548173),
(175, 0, 'index_khpj_2.png', 'image/png', 'png', 12596, '{\"width\":176,\"height\":48}', 'E5D2ED5EB176E34F8A1B0FFE7A3CAF38', 'uploads/files/20191112/8de5fd72-b225-4412-8841-7f698beac121.png', 'aliyun.oss.careyshop.cn/uploads/files/20191112/8de5fd72-b225-4412-8841-7f698beac121.png?type=aliyun', 'aliyun', 0, 1, '', 50, 0, 1573548173, 1573548173),
(176, 0, 'index3.png', 'image/png', 'png', 404149, '{\"width\":1160,\"height\":526}', 'EDC6720CF3E768B85D12AE2FB7D6CABF', 'uploads/files/20191112/76d1a648-c16e-4dd5-8cea-381465add104.png', 'aliyun.oss.careyshop.cn/uploads/files/20191112/76d1a648-c16e-4dd5-8cea-381465add104.png?type=aliyun', 'aliyun', 0, 1, '', 50, 0, 1573548173, 1573548173),
(177, 0, 'index_news_top_bg.png', 'image/png', 'png', 1188, '{\"width\":187,\"height\":50}', 'BC048E643C5BE006CDE4DA9F2B1BC1A7', 'uploads/files/20191112/373f8859-ca2b-41a9-ae74-8ce9599eee95.png', 'aliyun.oss.careyshop.cn/uploads/files/20191112/373f8859-ca2b-41a9-ae74-8ce9599eee95.png?type=aliyun', 'aliyun', 0, 1, '', 50, 0, 1573548173, 1573548173),
(178, 0, 'index_new_1.png', 'image/png', 'png', 42746, '{\"width\":255,\"height\":65}', 'E3FE509CE5138E944BE8CF061E81F565', 'uploads/files/20191112/d72f5972-4b81-4120-80a9-03ee7a55f2e4.png', 'aliyun.oss.careyshop.cn/uploads/files/20191112/d72f5972-4b81-4120-80a9-03ee7a55f2e4.png?type=aliyun', 'aliyun', 0, 1, '', 50, 0, 1573548173, 1573548173),
(179, 0, 'index7-2.png', 'image/png', 'png', 22852, '{\"width\":143,\"height\":54}', 'F3FC62052BFF2600E4DD14D744207DF5', 'uploads/files/20191112/8eabd356-8b0f-4506-8306-746d6c267a74.png', 'aliyun.oss.careyshop.cn/uploads/files/20191112/8eabd356-8b0f-4506-8306-746d6c267a74.png?type=aliyun', 'aliyun', 0, 1, '', 50, 0, 1573548173, 1573548173),
(180, 0, 'index7-1.png', 'image/png', 'png', 25244, '{\"width\":147,\"height\":55}', '5016DAE867BEDB031F3CC55A3B76F0E7', 'uploads/files/20191112/eca68c42-2e33-4fe4-8b08-f8e338430063.png', 'aliyun.oss.careyshop.cn/uploads/files/20191112/eca68c42-2e33-4fe4-8b08-f8e338430063.png?type=aliyun', 'aliyun', 0, 1, '', 50, 0, 1573548173, 1573548173),
(181, 0, 'index4.jpg', 'image/jpeg', 'jpg', 459841, '{\"width\":1920,\"height\":400}', '1C6F2C95553D28E4A82B27F4BEC83B40', 'uploads/files/20191112/cb6e7088-716b-4d5c-8557-a27cc1a85313.jpg', 'aliyun.oss.careyshop.cn/uploads/files/20191112/cb6e7088-716b-4d5c-8557-a27cc1a85313.jpg?type=aliyun', 'aliyun', 0, 1, '', 50, 0, 1573548173, 1573548173),
(182, 0, 'index7-6.png', 'image/png', 'png', 7635, '{\"width\":109,\"height\":26}', '869494B7F8398C321032C6F70A1D3D33', 'uploads/files/20191112/d75b0826-39d5-4aac-9c8d-5a1ae261b247.png', 'aliyun.oss.careyshop.cn/uploads/files/20191112/d75b0826-39d5-4aac-9c8d-5a1ae261b247.png?type=aliyun', 'aliyun', 0, 1, '', 50, 0, 1573548174, 1573548174),
(183, 0, 'logo.png', 'image/png', 'png', 6179, '{\"width\":169,\"height\":47}', '342055E05DCE2124666504DB2E8E04F9', 'uploads/files/20191112/758a6e6b-6783-46cd-beaf-e80c7a516f9f.png', 'aliyun.oss.careyshop.cn/uploads/files/20191112/758a6e6b-6783-46cd-beaf-e80c7a516f9f.png?type=aliyun', 'aliyun', 0, 1, '', 50, 0, 1573548174, 1573548174),
(184, 0, 'index2.png', 'image/png', 'png', 123810, '{\"width\":1056,\"height\":524}', 'A3A21FD527B365B08663316794E83395', 'uploads/files/20191112/fa8928ad-fc59-4ead-8ea2-b50f12ef4203.png', 'aliyun.oss.careyshop.cn/uploads/files/20191112/fa8928ad-fc59-4ead-8ea2-b50f12ef4203.png?type=aliyun', 'aliyun', 0, 1, '', 50, 0, 1573548174, 1573548174),
(185, 0, 'index7-imgboard.png', 'image/png', 'png', 15039, '{\"width\":165,\"height\":8}', '05941FD11640E142F6210AD00C729B7E', 'uploads/files/20191112/0851c478-f86d-4007-8c25-18f97c4cd521.png', 'aliyun.oss.careyshop.cn/uploads/files/20191112/0851c478-f86d-4007-8c25-18f97c4cd521.png?type=aliyun', 'aliyun', 0, 1, '', 50, 0, 1573548174, 1573548174),
(186, 0, 'index7-4.png', 'image/png', 'png', 21995, '{\"width\":103,\"height\":42}', 'AE979B6AEC69EE88C6EECA20B16E2BF2', 'uploads/files/20191112/e2f9ef50-b0c4-4df0-9bb0-f1280c5e58b1.png', 'aliyun.oss.careyshop.cn/uploads/files/20191112/e2f9ef50-b0c4-4df0-9bb0-f1280c5e58b1.png?type=aliyun', 'aliyun', 0, 1, '', 50, 0, 1573548174, 1573548174),
(187, 0, 'index7-3.png', 'image/png', 'png', 22583, '{\"width\":152,\"height\":53}', '75721490A841450A6217DB85D110F8D8', 'uploads/files/20191112/4d69f805-93cb-40ff-894a-949d9da08690.png', 'aliyun.oss.careyshop.cn/uploads/files/20191112/4d69f805-93cb-40ff-894a-949d9da08690.png?type=aliyun', 'aliyun', 0, 1, '', 50, 0, 1573548174, 1573548174),
(188, 0, 'nei_02.jpg', 'image/jpeg', 'jpg', 371143, '{\"width\":1920,\"height\":400}', '390E44A292BA6B756E29D9D1E903E12A', 'uploads/files/20191112/968cc6c2-b121-4d4c-804e-cf828af7e1fb.jpg', 'aliyun.oss.careyshop.cn/uploads/files/20191112/968cc6c2-b121-4d4c-804e-cf828af7e1fb.jpg?type=aliyun', 'aliyun', 0, 1, '', 50, 0, 1573548174, 1573548174),
(189, 0, 'nei_01.jpg', 'image/jpeg', 'jpg', 444055, '{\"width\":1920,\"height\":400}', '584295100261AAAF0800EDB63E999AC0', 'uploads/files/20191112/21ca678f-7065-4611-8c47-27191e7d071c.jpg', 'aliyun.oss.careyshop.cn/uploads/files/20191112/21ca678f-7065-4611-8c47-27191e7d071c.jpg?type=aliyun', 'aliyun', 0, 1, '', 50, 0, 1573548174, 1573548174),
(190, 0, 'index7-5.png', 'image/png', 'png', 6870, '{\"width\":127,\"height\":34}', 'D6D3CDB098BBBD887AA1BFF09FBE724C', 'uploads/files/20191112/da2cf166-91ec-4823-8e21-5032ff9900c6.png', 'aliyun.oss.careyshop.cn/uploads/files/20191112/da2cf166-91ec-4823-8e21-5032ff9900c6.png?type=aliyun', 'aliyun', 0, 1, '', 50, 0, 1573548174, 1573548174),
(191, 0, 'nei_02.jpg.jpg', 'image/jpeg', 'jpg', 371143, '{\"width\":1920,\"height\":400}', '390E44A292BA6B756E29D9D1E903E12A', 'uploads/files/20191112/8e3101ed-f38a-4a78-8bf0-a3a59e117a8e.jpg', 'aliyun.oss.careyshop.cn/uploads/files/20191112/8e3101ed-f38a-4a78-8bf0-a3a59e117a8e.jpg?type=aliyun', 'aliyun', 0, 1, '', 50, 0, 1573548174, 1573548174),
(192, 0, 'nei_03.jpg.jpg', 'image/jpeg', 'jpg', 653959, '{\"width\":1920,\"height\":400}', '447F5ABDEA0DBACD6FCCA0077E454B53', 'uploads/files/20191112/39af1a2f-ea22-42a2-8145-b3f20e7a9a84.jpg', 'aliyun.oss.careyshop.cn/uploads/files/20191112/39af1a2f-ea22-42a2-8145-b3f20e7a9a84.jpg?type=aliyun', 'aliyun', 0, 1, '', 50, 0, 1573548174, 1573548174),
(193, 0, 'nei_04.jpg', 'image/jpeg', 'jpg', 195415, '{\"width\":1920,\"height\":400}', '7583B21D8C64588C8E07274C67014F9A', 'uploads/files/20191112/5f67a724-ab72-494b-aefb-0625bcab9783.jpg', 'aliyun.oss.careyshop.cn/uploads/files/20191112/5f67a724-ab72-494b-aefb-0625bcab9783.jpg?type=aliyun', 'aliyun', 0, 1, '', 50, 0, 1573548174, 1573548174),
(194, 0, 'pdf01.png', 'image/png', 'png', 2068, '{\"width\":44,\"height\":56}', '3FCD76296BF75296C69E3678B976F001', 'uploads/files/20191112/0bc6f961-a07b-45ba-8f75-fc55a1c54d1f.png', 'aliyun.oss.careyshop.cn/uploads/files/20191112/0bc6f961-a07b-45ba-8f75-fc55a1c54d1f.png?type=aliyun', 'aliyun', 0, 1, '', 50, 0, 1573548174, 1573548174),
(195, 0, 'nei_06.jpg', 'image/jpeg', 'jpg', 410673, '{\"width\":1920,\"height\":400}', '0362254591DEB8B23B4E4A72BC7E6FCB', 'uploads/files/20191112/2c82bed2-233d-45e5-8752-d169b8265ee6.jpg', 'aliyun.oss.careyshop.cn/uploads/files/20191112/2c82bed2-233d-45e5-8752-d169b8265ee6.jpg?type=aliyun', 'aliyun', 0, 1, '', 50, 0, 1573548174, 1573548174),
(196, 0, 'nei_03.jpg', 'image/jpeg', 'jpg', 653959, '{\"width\":1920,\"height\":400}', '447F5ABDEA0DBACD6FCCA0077E454B53', 'uploads/files/20191112/25a53e28-eedc-4b60-8d63-e2830f5d5aee.jpg', 'aliyun.oss.careyshop.cn/uploads/files/20191112/25a53e28-eedc-4b60-8d63-e2830f5d5aee.jpg?type=aliyun', 'aliyun', 0, 1, '', 50, 0, 1573548174, 1573548174),
(197, 0, 'q02.png', 'image/png', 'png', 45427, '{\"width\":920,\"height\":484}', '04412007BF220053EA9B08450947E8DA', 'uploads/files/20191112/25d41917-4e7c-4bb3-8b94-1498759f94a1.png', 'aliyun.oss.careyshop.cn/uploads/files/20191112/25d41917-4e7c-4bb3-8b94-1498759f94a1.png?type=aliyun', 'aliyun', 0, 1, '', 50, 0, 1573548174, 1573548174),
(198, 0, 'q01.png', 'image/png', 'png', 57152, '{\"width\":920,\"height\":346}', '4365D64109899FA9B0AEB71BA3B0BFEB', 'uploads/files/20191112/2d317ce8-dd9e-4c4d-8cc0-cf3736c2363f.png', 'aliyun.oss.careyshop.cn/uploads/files/20191112/2d317ce8-dd9e-4c4d-8cc0-cf3736c2363f.png?type=aliyun', 'aliyun', 0, 1, '', 50, 0, 1573548174, 1573548174),
(199, 0, 'news_tab_bg.fw.png', 'image/png', 'png', 42772, '{\"width\":255,\"height\":65}', 'C18B9EA34731B36E3D0B039A02BAB782', 'uploads/files/20191112/2c97fbae-7510-4e76-af8b-702063242c1f.png', 'aliyun.oss.careyshop.cn/uploads/files/20191112/2c97fbae-7510-4e76-af8b-702063242c1f.png?type=aliyun', 'aliyun', 0, 1, '', 50, 0, 1573548174, 1573548174),
(200, 0, 'nei_05.jpg', 'image/jpeg', 'jpg', 225009, '{\"width\":1920,\"height\":400}', '81DE8E5E9DB58FF905D0D4BF7FBFE9DD', 'uploads/files/20191112/f3cdf50f-ba56-40c8-8add-991fb20cf569.jpg', 'aliyun.oss.careyshop.cn/uploads/files/20191112/f3cdf50f-ba56-40c8-8add-991fb20cf569.jpg?type=aliyun', 'aliyun', 0, 1, '', 50, 0, 1573548174, 1573548174),
(201, 0, 'qiyeQQ.png', 'image/png', 'png', 12720, '{\"width\":250,\"height\":80}', '819117E4DF08BED1AC72A4AD87EDCBEF', 'uploads/files/20191112/070060f3-17ba-481f-82d7-79a237d354e7.png', 'aliyun.oss.careyshop.cn/uploads/files/20191112/070060f3-17ba-481f-82d7-79a237d354e7.png?type=aliyun', 'aliyun', 0, 1, '', 50, 0, 1573548174, 1573548174),
(202, 0, 'pdf02.png', 'image/png', 'png', 2049, '{\"width\":44,\"height\":56}', '454336254D0933FA0C4AFBCDD891EF17', 'uploads/files/20191112/24a5e752-d51e-448a-8995-353b16d92345.png', 'aliyun.oss.careyshop.cn/uploads/files/20191112/24a5e752-d51e-448a-8995-353b16d92345.png?type=aliyun', 'aliyun', 0, 1, '', 50, 0, 1573548174, 1573548174),
(203, 0, 'q04.png', 'image/png', 'png', 45842, '{\"width\":1014,\"height\":215}', '1C05CB12545587F95E3E0893C6F0ADCE', 'uploads/files/20191112/c67cd881-6aaf-4caa-89c0-3725cb0dd33d.png', 'aliyun.oss.careyshop.cn/uploads/files/20191112/c67cd881-6aaf-4caa-89c0-3725cb0dd33d.png?type=aliyun', 'aliyun', 0, 1, '', 50, 0, 1573548174, 1573548174),
(204, 0, 'q03.png', 'image/png', 'png', 333759, '{\"width\":1073,\"height\":547}', 'A42159A5EA7F2574D1F23180DE653347', 'uploads/files/20191112/008df859-3318-4b5e-8df3-4193420a3cfd.png', 'aliyun.oss.careyshop.cn/uploads/files/20191112/008df859-3318-4b5e-8df3-4193420a3cfd.png?type=aliyun', 'aliyun', 0, 1, '', 50, 0, 1573548174, 1573548174),
(206, 0, 'wcode.jpg', 'image/jpeg', 'jpg', 9700, '{\"width\":85,\"height\":85}', '6B827F905627B8564E739ACDE390F538', 'uploads/files/20191112/ea8c5aa7-c66f-44ae-8c44-1f6b53f62ff5.jpg', 'aliyun.oss.careyshop.cn/uploads/files/20191112/ea8c5aa7-c66f-44ae-8c44-1f6b53f62ff5.jpg?type=aliyun', 'aliyun', 0, 1, '', 50, 0, 1573548174, 1573548174),
(283, 3, 'trailer.mp4', 'video/mp4', 'mp4', 4372373, '[]', 'DF6ED4BBC93613C68C8525E21BBDDF98', 'uploads/files/20191113/376e733f-ddaf-4ccf-8bf9-feee14ca1a17.mp4', 'aliyun.oss.careyshop.cn/uploads/files/20191113/376e733f-ddaf-4ccf-8bf9-feee14ca1a17.mp4?type=aliyun', 'aliyun', 3, 1, 'aliyun.oss.careyshop.cn/uploads/files/20191113/ffccba0b-1b23-4a65-9991-39f9c9c7633b.jpg?type=aliyun', 50, 0, 1573651438, 1573652399),
(284, 3, 'big_buck_bunny.mp4', 'video/mp4', 'mp4', 5510872, '[]', 'F13004EED4251C602BBE15737E8A1ECB', 'uploads/files/20191113/959c79ed-7ecf-4a93-88ef-3f10fe2a7c7a.mp4', 'aliyun.oss.careyshop.cn/uploads/files/20191113/959c79ed-7ecf-4a93-88ef-3f10fe2a7c7a.mp4?type=aliyun', 'aliyun', 3, 1, 'aliyun.oss.careyshop.cn/uploads/files/20191113/abafd222-9795-4623-919e-97034d1ffb32.jpg?type=aliyun', 50, 0, 1573651438, 1577669072),
(285, 3, '视频-无海报-有截图', 'video/mp4', 'mp4', 11199835, '[]', 'B688550AE45010D699EA79AA1727D938', 'uploads/files/20191113/9bbf7ac9-a452-445b-8152-4443bc3505e8.mp4', 'aliyun.oss.careyshop.cn/uploads/files/20191113/9bbf7ac9-a452-445b-8152-4443bc3505e8.mp4?type=aliyun', 'aliyun', 3, 1, '', 50, 0, 1573651443, 1573720079),
(286, 5, 'thumbs20191113212206.jpg', 'image/jpeg', 'jpg', 211376, '{\"width\":1024,\"height\":646}', 'E1DC637D892FF00571AA6FB66A219A24', 'uploads/files/20191113/abafd222-9795-4623-919e-97034d1ffb32.jpg', 'aliyun.oss.careyshop.cn/uploads/files/20191113/abafd222-9795-4623-919e-97034d1ffb32.jpg?type=aliyun', 'aliyun', 0, 1, '', 50, 0, 1573651461, 1573651461),
(287, 5, 'thumbs20191113212235.jpg', 'image/jpeg', 'jpg', 113219, '{\"width\":1024,\"height\":645}', '8EFA060D9A278DDD2D4FAF96B75D5F49', 'uploads/files/20191113/ffccba0b-1b23-4a65-9991-39f9c9c7633b.jpg', 'aliyun.oss.careyshop.cn/uploads/files/20191113/ffccba0b-1b23-4a65-9991-39f9c9c7633b.jpg?type=aliyun', 'aliyun', 0, 1, '', 50, 0, 1573651461, 1573651461),
(288, 5, 'thumbs20191113212221.jpg', 'image/jpeg', 'jpg', 194559, '{\"width\":1024,\"height\":646}', 'B126C39C832C0D554E19C4A2F24040B8', 'uploads/files/20191113/e9ef3c55-7e92-4944-99f2-a7c918fee891.jpg', 'aliyun.oss.careyshop.cn/uploads/files/20191113/e9ef3c55-7e92-4944-99f2-a7c918fee891.jpg?type=aliyun', 'aliyun', 0, 1, '', 50, 0, 1573651461, 1573651461),
(435, 746, '子目录', '', '', 0, '', '', '', '', '', 2, 0, '', 50, 0, 1574088815, 1577461558),
(436, 435, '子子目录', '', '', 0, '', '', '', '', '', 2, 0, '', 50, 0, 1574088825, 1577461558),
(437, 436, '...子子目录', '', '', 0, '', '', '', '', '', 2, 0, '', 50, 0, 1574088838, 1577461558),
(463, 0, 'app_brand_brands_logo_sketch_128px_1212954_easyicon.net.ico', 'image/x-icon', 'ico', 62366, '[]', '5ACEDE9AF7400385B44E37B9AFE05B3F', 'uploads/files/20191122/303f35d0-d1d2-43e7-8a7e-89c2f04d1ae1.ico', 'aliyun.oss.careyshop.cn/uploads/files/20191122/303f35d0-d1d2-43e7-8a7e-89c2f04d1ae1.ico?type=aliyun', 'aliyun', 1, 1, '', 50, 0, 1574413152, 1574413152),
(495, 746, '微信图片_20191014204030.jpg', 'image/jpeg', 'jpg', 18800, '{\"width\":637,\"height\":389}', '88CB4F2DBDEB53A6860FEB55345702E0', 'uploads/files/20191208/de5e698f-537c-436e-8462-8c6393b64688.jpg', 'aliyun.oss.careyshop.cn/uploads/files/20191208/de5e698f-537c-436e-8462-8c6393b64688.jpg?type=aliyun', 'aliyun', 0, 1, '', 50, 0, 1575770880, 1575770880),
(496, 746, '微信图片_20191014204035.jpg', 'image/jpeg', 'jpg', 29855, '{\"width\":500,\"height\":500}', '4AE3FA250467231135D913D407003FED', 'uploads/files/20191208/7c3f180c-6575-40b6-b986-eb1025f29c19.jpg', 'aliyun.oss.careyshop.cn/uploads/files/20191208/7c3f180c-6575-40b6-b986-eb1025f29c19.jpg?type=aliyun', 'aliyun', 0, 1, '', 50, 0, 1575770880, 1575770880),
(497, 0, '商品', '', '', 0, '', '', '', '', '', 2, 0, '', 50, 0, 1575870322, 1578532456),
(499, 746, '微信图片_20191205134334.jpg', 'image/jpeg', 'jpg', 67445, '{\"width\":295,\"height\":413}', '88A94281E129CC6C5EF46B4F31B78F09', 'uploads/files/20191209/320eb86d-76b4-48ea-8795-6dcf1b3ffd70.jpg', 'aliyun.oss.careyshop.cn/uploads/files/20191209/320eb86d-76b4-48ea-8795-6dcf1b3ffd70.jpg?type=aliyun', 'aliyun', 0, 1, '', 50, 0, 1575878751, 1575878751),
(500, 746, '微信图片_20190717163354.jpg', 'image/jpeg', 'jpg', 256498, '{\"width\":800,\"height\":800}', 'D4A53A7B0532524788864847209B6D9E', 'uploads/files/20191209/205f35b5-d649-4489-aeb5-0cfaf9c54e6e.jpg', 'aliyun.oss.careyshop.cn/uploads/files/20191209/205f35b5-d649-4489-aeb5-0cfaf9c54e6e.jpg?type=aliyun', 'aliyun', 0, 1, '', 50, 0, 1575883091, 1575883091),
(501, 746, 'pay.png', 'image/png', 'png', 17355, '{\"width\":972,\"height\":320}', 'F91AED61CF027390477DAC1127969864', 'uploads/files/20191210/12f38167-08f3-4bdf-a435-ab51a0456b59.png', 'aliyun.oss.careyshop.cn/uploads/files/20191210/12f38167-08f3-4bdf-a435-ab51a0456b59.png?type=aliyun', 'aliyun', 0, 1, '', 50, 0, 1575958737, 1575958737),
(502, 746, '首页广告.jpg', 'image/jpeg', 'jpg', 105210, '{\"width\":776,\"height\":939}', 'CD3A1C05866580B305A8E23D2E6E1B69', 'uploads/files/20191212/9ad9797e-cb5b-484f-8b8b-afc10ffbcbfc.jpg', 'aliyun.oss.careyshop.cn/uploads/files/20191212/9ad9797e-cb5b-484f-8b8b-afc10ffbcbfc.jpg?type=aliyun', 'aliyun', 0, 1, '', 50, 0, 1576130656, 1576130656),
(503, 746, 'vr2.png', 'image/png', 'png', 792545, '{\"width\":795,\"height\":557}', '4DAB4E219F4D1B586CDB9E05E6FA92CB', 'uploads/files/20191215/e09e4d4f-27f7-4fc3-86c5-c23140cd937d.png', 'aliyun.oss.careyshop.cn/uploads/files/20191215/e09e4d4f-27f7-4fc3-86c5-c23140cd937d.png?type=aliyun', 'aliyun', 0, 1, '', 50, 0, 1576396143, 1577461532),
(504, 746, '5a0938f8ae53f.png', 'image/png', 'png', 190381, '{\"width\":640,\"height\":316}', '076390C9CA8E712D00C5FF2D88975EAB', 'uploads/files/20191216/9bf25dd9-f964-476e-be81-3de4f193f916.png', 'aliyun.oss.careyshop.cn/uploads/files/20191216/9bf25dd9-f964-476e-be81-3de4f193f916.png?type=aliyun', 'aliyun', 0, 1, '', 50, 0, 1576486711, 1577461532),
(505, 746, 'a2_48.png', 'image/png', 'png', 2801, '{\"width\":67,\"height\":60}', '34C075178E8C84DB72FC8BF0332EF165', 'uploads/files/20191217/4e3ec5e1-b684-4176-8199-e9afae066caf.png', 'aliyun.oss.careyshop.cn/uploads/files/20191217/4e3ec5e1-b684-4176-8199-e9afae066caf.png?type=aliyun', 'aliyun', 0, 1, '', 50, 0, 1576550668, 1577461532),
(506, 746, 'avatar.png', 'image/png', 'png', 2303, '{\"width\":500,\"height\":500}', 'EA7219A2F1672EF6EA020D6A04537DF2', 'uploads/files/20191220/7eb7d4fd-5eb4-46d0-9320-bd11a4fd925d.png', 'aliyun.oss.careyshop.cn/uploads/files/20191220/7eb7d4fd-5eb4-46d0-9320-bd11a4fd925d.png?type=aliyun', 'aliyun', 0, 1, '', 50, 0, 1576830863, 1577461532),
(507, 746, 'bg.png', 'image/png', 'png', 976995, '{\"width\":1920,\"height\":1080}', '0D1F45CE3F38E137767638899ABF1724', 'uploads/files/20191220/c52f0d61-a85c-497f-95aa-36239894722d.png', 'aliyun.oss.careyshop.cn/uploads/files/20191220/c52f0d61-a85c-497f-95aa-36239894722d.png?type=aliyun', 'aliyun', 0, 1, '', 50, 0, 1576831927, 1577461532),
(508, 746, '68d42d66a8a9c565.jpg', 'image/jpeg', 'jpg', 196421, '{\"width\":450,\"height\":450}', 'D586FBDB9A23BECB5F873D7E853562EF', 'uploads/files/20191227/0b2a4ee8-418f-4733-86ae-b589e1bc7523.jpg', 'aliyun.oss.careyshop.cn/uploads/files/20191227/0b2a4ee8-418f-4733-86ae-b589e1bc7523.jpg?type=aliyun', 'aliyun', 0, 1, '', 50, 0, 1577461162, 1577461532),
(509, 746, 'O1CN01awPGBj1Mqd7qIcu3n_!!0-item_pic.jpg', 'image/jpeg', 'jpg', 377537, '{\"width\":800,\"height\":800}', 'BD675D67AA091F96B0CD69EA566A7661', 'uploads/files/20191227/5aeb7e3d-7d5e-40b6-9fc2-91b1e8590247.jpg', 'aliyun.oss.careyshop.cn/uploads/files/20191227/5aeb7e3d-7d5e-40b6-9fc2-91b1e8590247.jpg?type=aliyun', 'aliyun', 0, 1, '', 50, 0, 1577461265, 1577461532),
(510, 746, 'O1CN01VtX6IC1PbvFiNvskI_!!0-item_pic.jpg', 'image/jpeg', 'jpg', 218780, '{\"width\":800,\"height\":800}', '3E2CF41FC40CBC97452397270FE10650', 'uploads/files/20191227/bed9eaf1-d445-4374-9671-ec2904f6fb81.jpg', 'aliyun.oss.careyshop.cn/uploads/files/20191227/bed9eaf1-d445-4374-9671-ec2904f6fb81.jpg?type=aliyun', 'aliyun', 0, 1, '', 50, 0, 1577461319, 1577461532),
(511, 746, 'O1CN01wQOP0c1RdsATKsVgU_!!0-item_pic.jpg', 'image/jpeg', 'jpg', 348051, '{\"width\":800,\"height\":800}', '071EA09A8EE3BDE8AAC7D368E89D683D', 'uploads/files/20191227/f361d70e-941c-4354-ad21-bc476072b810.jpg', 'aliyun.oss.careyshop.cn/uploads/files/20191227/f361d70e-941c-4354-ad21-bc476072b810.jpg?type=aliyun', 'aliyun', 0, 1, '', 50, 0, 1577461405, 1577461532),
(512, 746, 'O1CN01ACHi8m1PP680Kxy5h_!!1654941832.jpg', 'image/jpeg', 'jpg', 123328, '{\"width\":800,\"height\":800}', 'F4D4C3E5D51B23658B176E6ADA20B6D9', 'uploads/files/20191228/d6378376-2f2d-46e0-b27b-4cd6daf54822.jpg', 'aliyun.oss.careyshop.cn/uploads/files/20191228/d6378376-2f2d-46e0-b27b-4cd6daf54822.jpg?type=aliyun', 'aliyun', 0, 1, '', 50, 0, 1577470718, 1577470718),
(513, 746, 'O1CN01ohRA2j1mo2tJ3jhYC_!!13415000.jpg', 'image/jpeg', 'jpg', 1457309, '{\"width\":1500,\"height\":2102}', 'A48ECA2DF94C1A08F657C43A1465683C', 'uploads/files/20191228/9da40623-7ce4-4568-a11f-a099d604115c.jpg', 'aliyun.oss.careyshop.cn/uploads/files/20191228/9da40623-7ce4-4568-a11f-a099d604115c.jpg?type=aliyun', 'aliyun', 0, 1, '', 50, 0, 1577470718, 1577470718),
(514, 746, 'copy_rignt_24.png', 'image/png', 'png', 1290, '{\"width\":14,\"height\":16}', '3FC4ABDDDF693CE9BF5C83177BE4AD15', 'uploads/files/20191228/551435c8-b7eb-483a-897d-8be3298d546e.png', 'aliyun.oss.careyshop.cn/uploads/files/20191228/551435c8-b7eb-483a-897d-8be3298d546e.png?type=aliyun', 'aliyun', 0, 1, '', 50, 0, 1577470815, 1577470815),
(515, 746, 'bg_2019.jpg', 'image/jpeg', 'jpg', 201967, '{\"width\":2000,\"height\":1125}', '465004ADB320BCE363515F1F3B387C98', 'uploads/files/20191228/b267df55-0f50-4854-9438-c54e07cc91a8.jpg', 'aliyun.oss.careyshop.cn/uploads/files/20191228/b267df55-0f50-4854-9438-c54e07cc91a8.jpg?type=aliyun', 'aliyun', 0, 1, '', 50, 0, 1577520132, 1577520132),
(516, 746, 'bg_2019.jpg', 'image/jpeg', 'jpg', 201967, '{\"width\":2000,\"height\":1125}', '465004ADB320BCE363515F1F3B387C98', 'uploads/files/20191228/422b65f0-29e7-40ab-9b04-c8c19dce8190.jpg', 'aliyun.oss.careyshop.cn/uploads/files/20191228/422b65f0-29e7-40ab-9b04-c8c19dce8190.jpg?type=aliyun', 'aliyun', 0, 1, '', 50, 0, 1577520795, 1577520795),
(517, 746, 'bg_2019.jpg', 'image/jpeg', 'jpg', 201967, '{\"width\":2000,\"height\":1125}', '465004ADB320BCE363515F1F3B387C98', 'uploads/files/20191228/8cc5767d-a3dc-4fd7-86ad-54f66442b4ee.jpg', 'aliyun.oss.careyshop.cn/uploads/files/20191228/8cc5767d-a3dc-4fd7-86ad-54f66442b4ee.jpg?type=aliyun', 'aliyun', 0, 1, '', 50, 0, 1577521169, 1577521169),
(518, 746, 'bg_2018.jpg', 'image/jpeg', 'jpg', 195649, '{\"width\":1920,\"height\":1309}', '2EFD55B26CD07C8C1CE8B88FE22C7FC2', 'uploads/files/20191228/b84ff8cc-8646-40f9-a8dc-4939b935f0f2.jpg', 'aliyun.oss.careyshop.cn/uploads/files/20191228/b84ff8cc-8646-40f9-a8dc-4939b935f0f2.jpg?type=aliyun', 'aliyun', 0, 1, '', 50, 0, 1577521195, 1577521195),
(519, 746, '1.png', 'image/png', 'png', 13849, '{\"width\":128,\"height\":124}', 'B33492E649CBF90BC71F4EB71AD21241', 'uploads/files/20191228/d5caf786-41f6-482f-b07b-bc58ea1d5454.png', 'aliyun.oss.careyshop.cn/uploads/files/20191228/d5caf786-41f6-482f-b07b-bc58ea1d5454.png?type=aliyun', 'aliyun', 0, 1, '', 50, 0, 1577524318, 1577524318),
(520, 746, 'trailer.mp4', 'video/mp4', 'mp4', 4372373, '[]', 'DF6ED4BBC93613C68C8525E21BBDDF98', 'uploads/files/20191230/2ba86ba5-daea-4314-a8cb-a792812abaad.mp4', 'aliyun.oss.careyshop.cn/uploads/files/20191230/2ba86ba5-daea-4314-a8cb-a792812abaad.mp4?type=aliyun', 'aliyun', 3, 1, '', 50, 0, 1577668222, 1577668222),
(521, 497, 'O1CN01Lm14uN1yXLqqxZuXd_!!0-item_pic.jpg', 'image/jpeg', 'jpg', 194959, '{\"width\":800,\"height\":800}', 'C20B490976F32274F9C7C871B845CA84', 'uploads/files/20191230/40267cb9-c022-43d8-adf2-77cdc88fa6d0.jpg', 'aliyun.oss.careyshop.cn/uploads/files/20191230/40267cb9-c022-43d8-adf2-77cdc88fa6d0.jpg?type=aliyun', 'aliyun', 0, 1, '', 50, 0, 1577669024, 1577669024),
(522, 497, 'O1CN01VtX6IC1PbvFiNvskI_!!0-item_pic.jpg', 'image/jpeg', 'jpg', 218780, '{\"width\":800,\"height\":800}', '3E2CF41FC40CBC97452397270FE10650', 'uploads/files/20191230/4aff227f-2673-45bc-81cd-8e79777dbe04.jpg', 'aliyun.oss.careyshop.cn/uploads/files/20191230/4aff227f-2673-45bc-81cd-8e79777dbe04.jpg?type=aliyun', 'aliyun', 0, 1, '', 50, 0, 1577669024, 1577669024),
(523, 497, '68d42d66a8a9c565.jpg', 'image/jpeg', 'jpg', 196421, '{\"width\":450,\"height\":450}', 'D586FBDB9A23BECB5F873D7E853562EF', 'uploads/files/20191230/32dcbebd-ebad-4d41-96d4-196fd7fe9ac7.jpg', 'aliyun.oss.careyshop.cn/uploads/files/20191230/32dcbebd-ebad-4d41-96d4-196fd7fe9ac7.jpg?type=aliyun', 'aliyun', 0, 1, '', 50, 0, 1577669024, 1577669024),
(524, 497, 'O1CN01awPGBj1Mqd7qIcu3n_!!0-item_pic.jpg', 'image/jpeg', 'jpg', 377537, '{\"width\":800,\"height\":800}', 'BD675D67AA091F96B0CD69EA566A7661', 'uploads/files/20191230/3c81b780-0510-442c-8ffc-267217735f94.jpg', 'aliyun.oss.careyshop.cn/uploads/files/20191230/3c81b780-0510-442c-8ffc-267217735f94.jpg?type=aliyun', 'aliyun', 0, 1, '', 50, 0, 1577669024, 1577669024),
(525, 497, 'O1CN01wQOP0c1RdsATKsVgU_!!0-item_pic.jpg', 'image/jpeg', 'jpg', 348051, '{\"width\":800,\"height\":800}', '071EA09A8EE3BDE8AAC7D368E89D683D', 'uploads/files/20191230/f82ae8dd-ebe4-4397-889e-418adde10a85.jpg', 'aliyun.oss.careyshop.cn/uploads/files/20191230/f82ae8dd-ebe4-4397-889e-418adde10a85.jpg?type=aliyun', 'aliyun', 0, 1, '', 50, 0, 1577669024, 1577669024),
(526, 497, 'O1CN01LqDyEL1hpLsINePCa_!!2863054326.jpg', 'image/jpeg', 'jpg', 469566, '{\"width\":800,\"height\":800}', 'BBB328CEBB30588186B38FADFAFD6F89', 'uploads/files/20191230/97405ac5-3c64-4d48-b3da-238710c7272b.jpg', 'aliyun.oss.careyshop.cn/uploads/files/20191230/97405ac5-3c64-4d48-b3da-238710c7272b.jpg?type=aliyun', 'aliyun', 0, 1, '', 50, 0, 1577669024, 1577669024),
(527, 497, '1.jpg', 'image/jpeg', 'jpg', 221820, '{\"width\":790,\"height\":872}', '8F1EDAC1098B556D4D4F2D3763CFF2B2', 'uploads/files/20191230/352e5500-1b7d-4345-8110-3f2fcd4c0124.jpg', 'aliyun.oss.careyshop.cn/uploads/files/20191230/352e5500-1b7d-4345-8110-3f2fcd4c0124.jpg?type=aliyun', 'aliyun', 0, 1, '', 50, 0, 1577670979, 1577670979),
(528, 497, '3.jpg', 'image/jpeg', 'jpg', 116606, '{\"width\":790,\"height\":780}', '5D5B48F6437A312FF11D0C1DA5732702', 'uploads/files/20191230/4d141311-9184-483c-8204-11dc9253e673.jpg', 'aliyun.oss.careyshop.cn/uploads/files/20191230/4d141311-9184-483c-8204-11dc9253e673.jpg?type=aliyun', 'aliyun', 0, 1, '', 50, 0, 1577670979, 1577670979),
(529, 497, '4.jpg', 'image/jpeg', 'jpg', 119622, '{\"width\":790,\"height\":803}', '9A8C42DD44C5E49495EE3FA1D82D5A9F', 'uploads/files/20191230/38f69eba-165e-475c-8b1f-824212e02afc.jpg', 'aliyun.oss.careyshop.cn/uploads/files/20191230/38f69eba-165e-475c-8b1f-824212e02afc.jpg?type=aliyun', 'aliyun', 0, 1, '', 50, 0, 1577670979, 1577670979),
(530, 497, '2.gif', 'image/gif', 'gif', 82457, '{\"width\":790,\"height\":1559}', 'C217AE76A8E4BFE30616E5303ED88DF2', 'uploads/files/20191230/741db4e0-1eae-423c-8de3-04a54bb102e2.gif', 'aliyun.oss.careyshop.cn/uploads/files/20191230/741db4e0-1eae-423c-8de3-04a54bb102e2.gif?type=aliyun', 'aliyun', 0, 1, '', 50, 0, 1577670979, 1577670979),
(531, 746, 'trailer.mp4', 'video/mp4', 'mp4', 4372373, '[]', 'DF6ED4BBC93613C68C8525E21BBDDF98', 'uploads/files/20191230/209f4856-c00c-4885-b795-b699a18e6b6f.mp4', 'aliyun.oss.careyshop.cn/uploads/files/20191230/209f4856-c00c-4885-b795-b699a18e6b6f.mp4?type=aliyun', 'aliyun', 3, 1, '', 50, 0, 1577671172, 1577671172),
(538, 746, 'trailer.mp4', 'video/mp4', 'mp4', 4372373, '[]', 'DF6ED4BBC93613C68C8525E21BBDDF98', 'uploads/files/20191230/0eabf256-cc58-42b4-82b4-98e1b710817b.mp4', 'aliyun.oss.careyshop.cn/uploads/files/20191230/0eabf256-cc58-42b4-82b4-98e1b710817b.mp4?type=aliyun', 'aliyun', 3, 1, '', 50, 0, 1577674135, 1577674135),
(539, 746, '微信图片_20191218155134.png', 'image/png', 'png', 62543, '{\"width\":1404,\"height\":668}', 'FC6D7D3AAFA909420BFFCB9E9B55FA92', 'uploads/files/20191230/d95f096e-ffd2-4a5b-a6d7-b4bb00335e37.png', 'aliyun.oss.careyshop.cn/uploads/files/20191230/d95f096e-ffd2-4a5b-a6d7-b4bb00335e37.png?type=aliyun', 'aliyun', 0, 1, '', 50, 0, 1577675764, 1577675764),
(540, 746, '139239-20191205105026444-823399952.png', 'image/png', 'png', 55610, '{\"width\":554,\"height\":288}', 'A5F4F98690D5BCF8F6FF61F922DF622D', 'uploads/files/20191230/ebafd330-cb20-4ead-8af5-54ca56c5d5d2.png', 'aliyun.oss.careyshop.cn/uploads/files/20191230/ebafd330-cb20-4ead-8af5-54ca56c5d5d2.png?type=aliyun', 'aliyun', 0, 1, '', 50, 0, 1577686073, 1577686073),
(743, 0, '店铺LOGO', 'image/png', 'png', 9118, '{\"width\":216,\"height\":75}', '5F89E2F349ED11E4214DBB2E8C6A7FDB', 'uploads/files/20200330/4dd3960b-486c-4dfb-8c86-0e424ac61c32.png', 'aliyun.oss.careyshop.cn/uploads/files/20200330/4dd3960b-486c-4dfb-8c86-0e424ac61c32.png?type=aliyun&rand=1068039053', 'aliyun', 0, 1, '', 50, 0, 1585554379, 1586015075),
(745, 0, '方形LOGO', 'image/png', 'png', 44040, '{\"width\":500,\"height\":500}', '3C637EA448623591B2A7649CC607F0D8', 'uploads/files/20200403/8b85fe59-7481-48dc-82ef-592d281b7d4b.png', 'aliyun.oss.careyshop.cn/uploads/files/20200403/8b85fe59-7481-48dc-82ef-592d281b7d4b.png?type=aliyun&rand=759369279', 'aliyun', 0, 1, '', 50, 0, 1585927764, 1586015200),
(746, 0, '默认目录', '', '', 0, '', '', '', '', '', 2, 0, '', 50, 1, 1573547791, 1577461558),
(789, 0, '会员等级', '', '', 0, '', '', '', '', '', 2, 0, '', 50, 0, 1589826028, 1589826028),
(790, 0, '支付图标', '', '', 0, '', '', '', '', '', 2, 0, '', 50, 0, 1589826033, 1589826033),
(791, 789, 'level1.png', 'image/png', 'png', 417, '{\"width\":16,\"height\":16}', 'F41831546A34BE42C34343FD92492C67', '会员等级/level1.png', 'aliyun.oss.careyshop.cn/会员等级/level1.png?type=aliyun', 'aliyun', 0, 1, '', 50, 0, 1588923087, 1588923087),
(792, 789, 'level2.png', 'image/png', 'png', 408, '{\"width\":16,\"height\":16}', 'E61AF90BB05B24B06514F8300674BD96', '会员等级/level2.png', 'aliyun.oss.careyshop.cn/会员等级/level2.png?type=aliyun', 'aliyun', 0, 1, '', 50, 0, 1588923087, 1588923087),
(793, 789, 'level3.png', 'image/png', 'png', 406, '{\"width\":16,\"height\":16}', '578C74719EF4D67B7426A2AB3B481173', '会员等级/level3.png', 'aliyun.oss.careyshop.cn/会员等级/level3.png?type=aliyun', 'aliyun', 0, 1, '', 50, 0, 1588923087, 1588923087),
(794, 789, 'level4.png', 'image/png', 'png', 401, '{\"width\":16,\"height\":16}', '8C1D64E3514293AA87E713727965A965', '会员等级/level4.png', 'aliyun.oss.careyshop.cn/会员等级/level4.png?type=aliyun', 'aliyun', 0, 1, '', 50, 0, 1588923087, 1588923087),
(795, 789, 'level5.png', 'image/png', 'png', 686, '{\"width\":16,\"height\":16}', '670A286772BB8571218CE91A881DB004', '会员等级/level5.png', 'aliyun.oss.careyshop.cn/会员等级/level5.png?type=aliyun', 'aliyun', 0, 1, '', 50, 0, 1588923087, 1588923087),
(796, 789, 'level6.png', 'image/png', 'png', 1118, '{\"width\":52,\"height\":16}', '94E46D065664D0FCAC16C36609FD4B5A', '会员等级/level6.png', 'aliyun.oss.careyshop.cn/会员等级/level6.png?type=aliyun', 'aliyun', 0, 1, '', 50, 0, 1588923087, 1588923087),
(797, 790, 'alipay.gif', 'image/gif', 'gif', 3021, '{\"width\":130,\"height\":40}', '09E09591677CDF421EC853CFCAA6B9C3', '支付图标/alipay.gif', 'aliyun.oss.careyshop.cn/支付图标/alipay.gif?type=aliyun', 'aliyun', 0, 1, '', 50, 0, 1588923112, 1588923112),
(798, 790, 'hdfk.gif', 'image/gif', 'gif', 2120, '{\"width\":130,\"height\":40}', '41993EF1E4FF5CE64F60BD66714A53D3', '支付图标/hdfk.gif', 'aliyun.oss.careyshop.cn/支付图标/hdfk.gif?type=aliyun', 'aliyun', 0, 1, '', 50, 0, 1588923112, 1588923112),
(799, 790, 'jd.png', 'image/png', 'png', 2113, '{\"width\":86,\"height\":50}', 'B8C109758B5334BDDCDB4FCE71E73554', '支付图标/jd.png', 'aliyun.oss.careyshop.cn/支付图标/jd.png?type=aliyun', 'aliyun', 0, 1, '', 50, 0, 1588923112, 1588923112),
(800, 790, 'baidu.png', 'image/png', 'png', 1789, '{\"width\":86,\"height\":50}', 'CC35A174F72A0BDD4C41170194C44426', '支付图标/baidu.png', 'aliyun.oss.careyshop.cn/支付图标/baidu.png?type=aliyun', 'aliyun', 0, 1, '', 50, 0, 1588923112, 1588923112),
(801, 790, 'paypal.jpg', 'image/jpeg', 'jpg', 15141, '{\"width\":130,\"height\":37}', '85952C58A935D24EE51CF91429BD5DF3', '支付图标/paypal.jpg', 'aliyun.oss.careyshop.cn/支付图标/paypal.jpg?type=aliyun', 'aliyun', 0, 1, '', 50, 0, 1588923112, 1588923112),
(802, 790, 'malipay.gif', 'image/gif', 'gif', 14727, '{\"width\":130,\"height\":40}', '66233678DF31634B26F04491A2CE5850', '支付图标/malipay.gif', 'aliyun.oss.careyshop.cn/支付图标/malipay.gif?type=aliyun', 'aliyun', 0, 1, '', 50, 0, 1588923112, 1588923112),
(803, 790, 'qq.png', 'image/png', 'png', 3627, '{\"width\":86,\"height\":50}', '7B6E41A80BC2E80A9B1BD3A2388EE7ED', '支付图标/qq.png', 'aliyun.oss.careyshop.cn/支付图标/qq.png?type=aliyun', 'aliyun', 0, 1, '', 50, 0, 1588923112, 1588923112),
(804, 790, 'weixin.png', 'image/png', 'png', 1712, '{\"width\":86,\"height\":50}', '752F1A30D6A86FF83D329FB031DDC8CC', '支付图标/weixin.png', 'aliyun.oss.careyshop.cn/支付图标/weixin.png?type=aliyun', 'aliyun', 0, 1, '', 50, 0, 1588923112, 1588923112),
(805, 790, 'wxpay.png', 'image/png', 'png', 52342, '{\"width\":130,\"height\":35}', 'DD81FAE66BA72F31847260BB00AD3C9C', '支付图标/wxpay.png', 'aliyun.oss.careyshop.cn/支付图标/wxpay.png?type=aliyun', 'aliyun', 0, 1, '', 50, 0, 1588923112, 1588923112),
(806, 790, 'xxzf.gif', 'image/gif', 'gif', 2347, '{\"width\":130,\"height\":40}', '3096FBFAF4FD5BA3CAF99C16ED9D17A4', '支付图标/xxzf.gif', 'aliyun.oss.careyshop.cn/支付图标/xxzf.gif?type=aliyun', 'aliyun', 0, 1, '', 50, 0, 1588923112, 1588923112),
(807, 790, 'wxmpay.png', 'image/png', 'png', 53092, '{\"width\":130,\"height\":35}', '8A4C4B15AE3C3906A58BED143D8B5018', '支付图标/wxmpay.png', 'aliyun.oss.careyshop.cn/支付图标/wxmpay.png?type=aliyun', 'aliyun', 0, 1, '', 50, 0, 1588923112, 1588923112),
(808, 790, 'wxh5pay.png', 'image/png', 'png', 53092, '{\"width\":130,\"height\":35}', '8A4C4B15AE3C3906A58BED143D8B5018', '支付图标/wxh5pay.png', 'aliyun.oss.careyshop.cn/支付图标/wxh5pay.png?type=aliyun', 'aliyun', 0, 1, '', 50, 0, 1588923112, 1588923112),
(809, 790, 'yezf.gif', 'image/gif', 'gif', 1128, '{\"width\":130,\"height\":40}', 'CE6885A00CB0CD1172E14CEAE2A2854E', '支付图标/yezf.gif', 'aliyun.oss.careyshop.cn/支付图标/yezf.gif?type=aliyun', 'aliyun', 0, 1, '', 50, 0, 1588923112, 1588923112),
(810, 790, 'yinlian.png', 'image/png', 'png', 3263, '{\"width\":86,\"height\":50}', 'EA74308D5EA06E0B7AB9A68DD06522A6', '支付图标/yinlian.png', 'aliyun.oss.careyshop.cn/支付图标/yinlian.png?type=aliyun', 'aliyun', 0, 1, '', 50, 0, 1588923112, 1588923112),
(811, 790, 'zhifubao.png', 'image/png', 'png', 1751, '{\"width\":86,\"height\":50}', '444B8960B1A5205DD3A3F10C7CE96621', '支付图标/zhifubao.png', 'aliyun.oss.careyshop.cn/支付图标/zhifubao.png?type=aliyun', 'aliyun', 0, 1, '', 50, 0, 1588923112, 1588923112);

DROP TABLE IF EXISTS `donkey_storage_style`;
CREATE TABLE `donkey_storage_style` (
  `storage_style_id` int(11) UNSIGNED NOT NULL,
  `name` varchar(64) COLLATE utf8mb4_unicode_ci NOT NULL COMMENT '名称',
  `code` varchar(32) COLLATE utf8mb4_unicode_ci NOT NULL COMMENT '编码',
  `platform` tinyint(3) NOT NULL COMMENT '平台(自定义)',
  `scale` varchar(255) COLLATE utf8mb4_unicode_ci NOT NULL DEFAULT '' COMMENT '缩放规格',
  `resize` varchar(10) COLLATE utf8mb4_unicode_ci NOT NULL DEFAULT '' COMMENT '缩放方式',
  `quality` tinyint(3) UNSIGNED NOT NULL DEFAULT '0' COMMENT '图片质量',
  `suffix` varchar(8) COLLATE utf8mb4_unicode_ci NOT NULL DEFAULT '' COMMENT '输出格式',
  `style` varchar(64) COLLATE utf8mb4_unicode_ci NOT NULL DEFAULT '' COMMENT '第三方样式',
  `status` tinyint(1) NOT NULL DEFAULT '1' COMMENT '0=禁用 1=启用'
) ENGINE=InnoDB DEFAULT CHARSET=utf8mb4 COLLATE=utf8mb4_unicode_ci COMMENT='资源样式';

INSERT INTO `donkey_storage_style` (`storage_style_id`, `name`, `code`, `platform`, `scale`, `resize`, `quality`, `suffix`, `style`, `status`) VALUES
(1, '正文内容图片 790*0', 'inside_content', 0, '{\"pc\":{\"size\":[790,0],\"crop\":[0,0],\"slider\":0,\"order\":true},\"mobile\":{\"size\":[480,0],\"crop\":[0,0],\"slider\":0,\"order\":true}}', 'scaling', 100, '', '', 1),
(2, '文章列表封面 150*0', 'article_lists', 0, '{\"pc\":{\"size\":[150,0],\"crop\":[0,0],\"slider\":0,\"order\":true},\"mobile\":{\"size\":[150,0],\"crop\":[0,0],\"slider\":0,\"order\":true}}', 'scaling', 100, '', '', 1),
(3, '资源管理列表 158*158', 'storage_lists', 0, '{\"pc\":{\"size\":[158,158],\"crop\":[0,0],\"slider\":0,\"order\":true},\"mobile\":{\"size\":[158,158],\"crop\":[0,0],\"slider\":0,\"order\":true}}', 'scaling', 100, '', '', 1),
(4, '友情链接图片 150*0', 'link_image', 0, '{\"pc\":{\"size\":[150,0],\"crop\":[0,0],\"slider\":0,\"order\":true},\"mobile\":{\"size\":[150,0],\"crop\":[0,0],\"slider\":0,\"order\":true}}', 'scaling', 100, '', '', 1),
(5, '用户头像上传 150*0', 'head_pic', 0, '{\"pc\":{\"size\":[150,0],\"crop\":[0,0],\"slider\":0,\"order\":true},\"mobile\":{\"size\":[150,0],\"crop\":[0,0],\"slider\":0,\"order\":true}}', 'scaling', 100, '', '', 1),
(6, '商品分类图片 150*0', 'goods_category', 0, '{\"pc\":{\"size\":[150,0],\"crop\":[0,0],\"slider\":0,\"order\":true},\"mobile\":{\"size\":[150,0],\"crop\":[0,0],\"slider\":0,\"order\":true}}', 'scaling', 100, '', '', 1),
(7, '商品品牌图片 150*0', 'goods_brand', 0, '{\"pc\":{\"size\":[150,0],\"crop\":[0,0],\"slider\":0,\"order\":true},\"mobile\":{\"size\":[150,0],\"crop\":[0,0],\"slider\":0,\"order\":true}}', 'scaling', 100, '', '', 1),
(8, '商品属性图片 150*0', 'goods_attribute', 0, '{\"pc\":{\"size\":[150,0],\"crop\":[0,0],\"slider\":0,\"order\":true},\"mobile\":{\"size\":[150,0],\"crop\":[0,0],\"slider\":0,\"order\":true}}', 'scaling', 100, '', '', 1),
(9, '评价晒照片 40*40', 'comment_thumb_x40', 0, '{\"pc\":{\"size\":[40,40],\"crop\":[0,0],\"slider\":0,\"order\":true},\"mobile\":{\"size\":[40,40],\"crop\":[0,0],\"slider\":0,\"order\":true}}', 'scaling', 100, '', '', 1),
(11, '商品缩略图 80*80', 'goods_image_x80', 0, '{\"pc\":{\"size\":[80,80],\"crop\":[0,0],\"slider\":0,\"order\":true},\"mobile\":{\"size\":[80,80],\"crop\":[0,0],\"slider\":0,\"order\":true}}', 'scaling', 100, '', '', 1),
(12, '商品缩略图 480*480', 'goods_image_x480', 0, '{\"pc\":{\"size\":[480,480],\"crop\":[0,0],\"slider\":0,\"order\":true},\"mobile\":{\"size\":[480,480],\"crop\":[0,0],\"slider\":0,\"order\":true}}', 'scaling', 100, '', '', 1),
(13, '商品缩略图 800*800', 'goods_image_x800', 0, '{\"pc\":{\"size\":[800,800],\"crop\":[0,0],\"slider\":0,\"order\":true},\"mobile\":{\"size\":[800,800],\"crop\":[0,0],\"slider\":0,\"order\":true}}', 'scaling', 100, '', '', 1);

DROP TABLE IF EXISTS `donkey_support`;
CREATE TABLE `donkey_support` (
  `support_id` smallint(5) UNSIGNED NOT NULL,
  `type_name` varchar(50) COLLATE utf8mb4_unicode_ci NOT NULL DEFAULT '' COMMENT '客服组名称',
  `nick_name` varchar(50) COLLATE utf8mb4_unicode_ci NOT NULL DEFAULT '' COMMENT '昵称',
  `code` varchar(150) COLLATE utf8mb4_unicode_ci NOT NULL DEFAULT '' COMMENT '联系方式',
  `sort` tinyint(3) UNSIGNED NOT NULL DEFAULT '50' COMMENT '排序',
  `status` tinyint(1) NOT NULL DEFAULT '1' COMMENT '0=禁用 1=启用'
) ENGINE=InnoDB DEFAULT CHARSET=utf8mb4 COLLATE=utf8mb4_unicode_ci COMMENT='客服';

INSERT INTO `donkey_support` (`support_id`, `type_name`, `nick_name`, `code`, `sort`, `status`) VALUES
(1, '咨询客服', '小雅', '252404501', 50, 1),
(2, '咨询客服', '小薇', 'http://www.careyshop.cn', 39, 1),
(3, '售后服务', '小芳', '45980388', 50, 0),
(4, '售后服务', '雅静', '1377709014', 40, 0),
(5, '大客户专员', '犬牙', 'www', 50, 0),
(6, '小可爱', '小宝小朋友', '8358400', 0, 0);

DROP TABLE IF EXISTS `donkey_token`;
CREATE TABLE `donkey_token` (
  `token_id` int(11) UNSIGNED NOT NULL,
  `client_id` int(11) UNSIGNED NOT NULL COMMENT '编号',
  `group_id` mediumint(8) UNSIGNED NOT NULL COMMENT '用户组Id',
  `username` varchar(80) COLLATE utf8mb4_unicode_ci NOT NULL COMMENT '账号',
  `client_type` tinyint(1) UNSIGNED NOT NULL COMMENT '0=顾客 1=管理组',
  `platform` varchar(50) COLLATE utf8mb4_unicode_ci NOT NULL COMMENT '来源终端',
  `code` varchar(32) COLLATE utf8mb4_unicode_ci NOT NULL COMMENT '随机密钥',
  `token` varchar(32) COLLATE utf8mb4_unicode_ci NOT NULL COMMENT '授权码',
  `token_expires` int(11) NOT NULL COMMENT '授权码过期时间',
  `refresh` varchar(32) COLLATE utf8mb4_unicode_ci NOT NULL COMMENT '刷新授权码',
  `refresh_expires` int(11) NOT NULL COMMENT '刷新授权码过期时间'
) ENGINE=InnoDB DEFAULT CHARSET=utf8mb4 COLLATE=utf8mb4_unicode_ci COMMENT='token';

INSERT INTO `donkey_token` (`token_id`, `client_id`, `group_id`, `username`, `client_type`, `platform`, `code`, `token`, `token_expires`, `refresh`, `refresh_expires`) VALUES
(1, 1, 1, 'admin', 1, 'admin', '3804e7052d6b7822b760ebc90a1570c7', '0b9d38c2c608bc8a831ec8a9c6234e41', 1591925247, '21e37859277a69d26881c90cffc921a7', 1592011647);

DROP TABLE IF EXISTS `donkey_topic`;
CREATE TABLE `donkey_topic` (
  `topic_id` int(11) UNSIGNED NOT NULL,
  `title` varchar(200) COLLATE utf8mb4_unicode_ci NOT NULL COMMENT '标题',
  `alias` varchar(100) COLLATE utf8mb4_unicode_ci NOT NULL DEFAULT '' COMMENT '别名',
  `content` mediumtext COLLATE utf8mb4_unicode_ci NOT NULL COMMENT '内容',
  `keywords` varchar(255) COLLATE utf8mb4_unicode_ci NOT NULL DEFAULT '' COMMENT '关键词',
  `description` varchar(255) COLLATE utf8mb4_unicode_ci NOT NULL DEFAULT '' COMMENT '描述',
  `status` tinyint(1) NOT NULL DEFAULT '1' COMMENT '0=禁用 1=启用',
  `create_time` int(11) NOT NULL DEFAULT '0' COMMENT '创建日期',
  `update_time` int(11) NOT NULL DEFAULT '0' COMMENT '更新日期'
) ENGINE=InnoDB DEFAULT CHARSET=utf8mb4 COLLATE=utf8mb4_unicode_ci COMMENT='专题';

INSERT INTO `donkey_topic` (`topic_id`, `title`, `alias`, `content`, `keywords`, `description`, `status`, `create_time`, `update_time`) VALUES
(37, '专题A专题A专题A专题A专题A专题A专题A专题A专题A专题A专题A专题A专题A专题A', '别名别名别名别名别名别名别名别名别名别名', '内容', '关键词', '描述', 1, 1549958573, 1549958573),
(38, '专题B专题B专题B专题B专题B专题B专题B专题B专题B专题B专题B专题B专题B专题B', '别名别名别名别名别名别名别名别名别名别名', '内容', '关键词', '描述', 0, 1549958573, 1549958573),
(39, '专题A专题A专题A专题A专题A专题A专题A专题A专题A专题A专题A专题A专题A专题A', '别名别名别名别名别名别名别名别名别名别名', '内容', '关键词', '描述', 1, 1549958573, 1549958573),
(40, '专题B专题B专题B专题B专题B专题B专题B专题B专题B专题B专题B专题B专题B专题B', '别名别名别名别名别名别名别名别名别名别名', '内容', '关键词', '描述', 0, 1549958573, 1549958573),
(41, '专题A专题A专题A专题A专题A专题A专题A专题A专题A专题A专题A专题A专题A专题A', '别名别名别名别名别名别名别名别名别名别名', '内容', '关键词', '描述', 1, 1549958573, 1549958573),
(42, '专题B专题B专题B专题B专题B专题B专题B专题B专题B专题B专题B专题B专题B专题B', '别名别名别名别名别名别名别名别名别名别名', '内容', '关键词', '描述', 0, 1549958573, 1549958573),
(43, '专题A专题A专题A专题A专题A专题A专题A专题A专题A专题A专题A专题A专题A专题A', '别名别名别名别名别名别名别名别名别名别名', '内容', '关键词', '描述', 1, 1549958573, 1549958573),
(44, '专题B专题B专题B专题B专题B专题B专题B专题B专题B专题B专题B专题B专题B专题B', '别名别名别名别名别名别名别名别名别名别名', '内容', '关键词', '描述', 0, 1549958573, 1549958573),
(45, '专题A专题A专题A专题A专题A专题A专题A专题A专题A专题A专题A专题A专题A专题A', '别名别名别名别名别名别名别名别名别名别名', '内容', '关键词', '描述', 1, 1549958573, 1549958573),
(46, '专题B专题B专题B专题B专题B专题B专题B专题B专题B专题B专题B专题B专题B专题B', '别名别名别名别名别名别名别名别名别名别名', '内容', '关键词', '描述', 0, 1549958573, 1549958573),
(47, '专题A专题A专题A专题A专题A专题A专题A专题A专题A专题A专题A专题A专题A专题A', '别名别名别名别名别名别名别名别名别名别名', '内容', '关键词', '描述', 1, 1549958573, 1549958573),
(103, '专题A专题A专题A专题A专题A专题A专题A专题A专题A专题A专题A专题A专题A专题A', '别名别名别名别名别名别名别名别名别名别名', '内容', '关键词', '描述', 1, 1549958573, 1549958573),
(104, '专题B专题B专题B专题B专题B专题B专题B专题B专题B专题B专题B专题B专题B专题B', '别名别名别名别名别名别名别名别名别名别名', '内容', '关键词', '描述', 0, 1549958573, 1549958573),
(105, '专题A专题A专题A专题A专题A专题A专题A专题A专题A专题A专题A专题A专题A专题A', '别名别名别名别名别名别名别名别名别名别名', '内容', '关键词', '描述', 1, 1549958573, 1549958573),
(106, '专题B专题B专题B专题B专题B专题B专题B专题B专题B专题B专题B专题B专题B专题B', '别名别名别名别名别名别名别名别名别名别名', '内容', '关键词', '描述', 0, 1549958573, 1549958573),
(107, '专题A专题A专题A专题A专题A专题A专题A专题A专题A专题A专题A专题A专题A专题A', '别名别名别名别名别名别名别名别名别名别名', '内容', '关键词', '描述', 1, 1549958573, 1549958573),
(108, '专题B专题B专题B专题B专题B专题B专题B专题B专题B专题B专题B专题B专题B专题B', '别名别名别名别名别名别名别名别名别名别名', '内容', '关键词', '描述', 0, 1549958573, 1549958573),
(109, '专题A专题A专题A专题A专题A专题A专题A专题A专题A专题A专题A专题A专题A专题A', '别名别名别名别名别名别名别名别名别名别名', '内容', '关键词', '描述', 1, 1549958573, 1549958573),
(110, '专题B专题B专题B专题B专题B专题B专题B专题B专题B专题B专题B专题B专题B专题B', '别名别名别名别名别名别名别名别名别名别名', '内容', '关键词', '描述', 0, 1549958573, 1549958573),
(111, '专题A专题A专题A专题A专题A专题A专题A专题A专题A专题A专题A专题A专题A专题A', '别名别名别名别名别名别名别名别名别名别名', '内容', '关键词', '描述', 1, 1549958573, 1549958573),
(112, '专题B专题B专题B专题B专题B专题B专题B专题B专题B专题B专题B专题B专题B专题B', '别名别名别名别名别名别名别名别名别名别名', '内容', '关键词', '描述', 0, 1549958573, 1549958573),
(113, '专题A专题A专题A专题A专题A专题A专题A专题A专题A专题A专题A专题A专题A专题A', '别名别名别名别名别名别名别名别名别名别名', '内容', '关键词', '描述', 1, 1549958573, 1549958573),
(114, '专题B专题B专题B专题B专题B专题B专题B专题B专题B专题B专题B专题B专题B专题B', '别名别名别名别名别名别名别名别名别名别名', '内容', '关键词', '描述', 0, 1549958573, 1549958573),
(115, '专题A专题A专题A专题A专题A专题A专题A专题A专题A专题A专题A专题A专题A专题A', '别名别名别名别名别名别名别名别名别名别名', '内容', '关键词', '描述', 1, 1549958573, 1549958573),
(116, '专题B专题B专题B专题B专题B专题B专题B专题B专题B专题B专题B专题B专题B专题B', '别名别名别名别名别名别名别名别名别名别名', '内容', '关键词', '描述', 0, 1549958573, 1549958573),
(117, '专题A专题A专题A专题A专题A专题A专题A专题A专题A专题A专题A专题A专题A专题A', '别名别名别名别名别名别名别名别名别名别名', '内容', '关键词', '描述', 1, 1549958573, 1549958573),
(118, '专题B专题B专题B专题B专题B专题B专题B专题B专题B专题B专题B专题B专题B专题B', '别名别名别名别名别名别名别名别名别名别名', '内容', '关键词', '描述', 0, 1549958573, 1549958573),
(119, '专题A专题A专题A专题A专题A专题A专题A专题A专题A专题A专题A专题A专题A专题A', '别名别名别名别名别名别名别名别名别名别名', '内容', '关键词', '描述', 1, 1549958573, 1549958573),
(120, '专题B专题B专题B专题B专题B专题B专题B专题B专题B专题B专题B专题B专题B专题B', '别名别名别名别名别名别名别名别名别名别名', '内容', '关键词', '描述', 0, 1549958573, 1549958573),
(121, '专题A专题A专题A专题A专题A专题A专题A专题A专题A专题A专题A专题A专题A专题A', '别名别名别名别名别名别名别名别名别名别名', '内容', '关键词', '描述', 1, 1549958573, 1549958573),
(122, '专题B专题B专题B专题B专题B专题B专题B专题B专题B专题B专题B专题B专题B专题B', '别名别名别名别名别名别名别名别名别名别名', '内容', '关键词', '描述', 0, 1549958573, 1549958573),
(123, '专题A专题A专题A专题A专题A专题A专题A专题A专题A专题A专题A专题A专题A专题A', '别名别名别名别名别名别名别名别名别名别名', '内容', '关键词', '描述', 1, 1549958573, 1549958573),
(124, '专题B专题B专题B专题B专题B专题B专题B专题B专题B专题B专题B专题B专题B专题B', '别名别名别名别名别名别名别名别名别名别名', '内容', '关键词', '描述', 0, 1549958573, 1549958573),
(125, '专题A专题A专题A专题A专题A专题A专题A专题A专题A专题A专题A专题A专题A专题A', '别名别名别名别名别名别名别名别名别名别名', '内容', '关键词', '描述', 1, 1549958573, 1549958573),
(126, '专题B专题B专题B专题B专题B专题B专题B专题B专题B专题B专题B专题B专题B专题B', '别名别名别名别名别名别名别名别名别名别名', '内容', '关键词', '描述', 0, 1549958573, 1549958573),
(127, '专题A专题A专题A专题A专题A专题A专题A专题A专题A专题A专题A专题A专题A专题A', '别名别名别名别名别名别名别名别名别名别名', '内容', '关键词', '描述', 1, 1549958573, 1549958573),
(128, '专题B专题B专题B专题B专题B专题B专题B专题B专题B专题B专题B专题B专题B专题B', '别名别名别名别名别名别名别名别名别名别名', '内容', '关键词', '描述', 0, 1549958573, 1549958573),
(129, '专题A专题A专题A专题A专题A专题A专题A专题A专题A专题A专题A专题A专题A专题A', '别名别名别名别名别名别名别名别名别名别名', '内容', '关键词', '描述', 1, 1549958573, 1549958573),
(130, '专题B专题B专题B专题B专题B专题B专题B专题B专题B专题B专题B专题B专题B专题B', '别名别名别名别名别名别名别名别名别名别名', '内容', '关键词', '描述', 0, 1549958573, 1549958573),
(131, '专题A专题A专题A专题A专题A专题A专题A专题A专题A专题A专题A专题A专题A专题A', '别名别名别名别名别名别名别名别名别名别名', '内容', '关键词', '描述', 1, 1549958573, 1549958573),
(132, '专题B专题B专题B专题B专题B专题B专题B专题B专题B专题B专题B专题B专题B专题B', '别名别名别名别名别名别名别名别名别名别名', '内容', '关键词', '描述', 0, 1549958573, 1549958573),
(133, '专题A专题A专题A专题A专题A专题A专题A专题A专题A专题A专题A专题A专题A专题A', '别名别名别名别名别名别名别名别名别名别名', '内容', '关键词', '描述', 1, 1549958573, 1549958573),
(134, '专题B专题B专题B专题B专题B专题B专题B专题B专题B专题B专题B专题B专题B专题B', '别名别名别名别名别名别名别名别名别名别名', '内容', '关键词', '描述', 0, 1549958573, 1549958573),
(135, '专题A专题A专题A专题A专题A专题A专题A专题A专题A专题A专题A专题A专题A专题A', '别名别名别名别名别名别名别名别名别名别名', '内容', '关键词', '描述', 1, 1549958573, 1549958573),
(136, '专题B专题B专题B专题B专题B专题B专题B专题B专题B专题B专题B专题B专题B专题B', '别名别名别名别名别名别名别名别名别名别名', '内容', '关键词', '描述', 0, 1549958573, 1549958573),
(137, '专题A专题A专题A专题A专题A专题A专题A专题A专题A专题A专题A专题A专题A专题A', '别名别名别名别名别名别名别名别名别名别名', '内容', '关键词', '描述', 1, 1549958573, 1549958573),
(138, '专题B专题B专题B专题B专题B专题B专题B专题B专题B专题B专题B专题B专题B专题B', '别名别名别名别名别名别名别名别名别名别名', '内容', '关键词', '描述', 0, 1549958573, 1549958573),
(139, '专题A专题A专题A专题A专题A专题A专题A专题A专题A专题A专题A专题A专题A专题A', '别名别名别名别名别名别名别名别名别名别名', '内容', '关键词', '描述', 1, 1549958573, 1549958573),
(140, '专题B专题B专题B专题B专题B专题B专题B专题B专题B专题B专题B专题B专题B专题B', '别名别名别名别名别名别名别名别名别名别名', '内容', '关键词', '描述', 0, 1549958573, 1549958573),
(141, '专题A专题A专题A专题A专题A专题A专题A专题A专题A专题A专题A专题A专题A专题A', '别名别名别名别名别名别名别名别名别名别名', '内容', '关键词', '描述', 1, 1549958573, 1549958573),
(142, '专题B专题B专题B专题B专题B专题B专题B专题B专题B专题B专题B专题B专题B专题B', '别名别名别名别名别名别名别名别名别名别名', '内容', '关键词', '描述', 0, 1549958573, 1549958573),
(143, '专题A专题A专题A专题A专题A专题A专题A专题A专题A专题A专题A专题A专题A专题A', '别名别名别名别名别名别名别名别名别名别名', '内容', '关键词', '描述', 1, 1549958573, 1549958573),
(144, '专题B专题B专题B专题B专题B专题B专题B专题B专题B专题B专题B专题B专题B专题B', '别名别名别名别名别名别名别名别名别名别名', '内容', '关键词', '描述', 0, 1549958573, 1549958573),
(145, '专题A专题A专题A专题A专题A专题A专题A专题A专题A专题A专题A专题A专题A专题A', '别名别名别名别名别名别名别名别名别名别名', '内容', '关键词', '描述', 1, 1549958573, 1549958573),
(146, '专题B专题B专题B专题B专题B专题B专题B专题B专题B专题B专题B专题B专题B专题B', '别名别名别名别名别名别名别名别名别名别名', '内容', '关键词', '描述', 0, 1549958573, 1549958573),
(147, '专题A专题A专题A专题A专题A专题A专题A专题A专题A专题A专题A专题A专题A专题A', '别名别名别名别名别名别名别名别名别名别名', '内容', '关键词', '描述', 1, 1549958573, 1549958573),
(148, '专题B专题B专题B专题B专题B专题B专题B专题B专题B专题B专题B专题B专题B专题B', '别名别名别名别名别名别名别名别名别名别名', '内容', '关键词', '描述', 0, 1549958573, 1549958573),
(149, '专题A专题A专题A专题A专题A专题A专题A专题A专题A专题A专题A专题A专题A专题A', '别名别名别名别名别名别名别名别名别名别名', '内容', '关键词', '描述', 1, 1549958573, 1549958573),
(150, '专题B专题B专题B专题B专题B专题B专题B专题B专题B专题B专题B专题B专题B专题B', '别名别名别名别名别名别名别名别名别名别名', '内容', '关键词', '描述', 0, 1549958573, 1549958573),
(151, '专题A专题A专题A专题A专题A专题A专题A专题A专题A专题A专题A专题A专题A专题A', '别名别名别名别名别名别名别名别名别名别名', '内容', '关键词', '描述', 1, 1549958573, 1549958573),
(152, '专题B专题B专题B专题B专题B专题B专题B专题B专题B专题B专题B专题B专题B专题B', '别名别名别名别名别名别名别名别名别名别名', '内容', '关键词', '描述', 0, 1549958573, 1549958573),
(153, '专题A专题A专题A专题A专题A专题A专题A专题A专题A专题A专题A专题A专题A专题A', '别名别名别名别名别名别名别名别名别名别名', '内容', '关键词', '描述', 1, 1549958573, 1549958573),
(154, '专题B专题B专题B专题B专题B专题B专题B专题B专题B专题B专题B专题B专题B专题B', '别名别名别名别名别名别名别名别名别名别名', '内容', '关键词', '描述', 0, 1549958573, 1549958573),
(155, '专题A专题A专题A专题A专题A专题A专题A专题A专题A专题A专题A专题A专题A专题A', '别名别名别名别名别名别名别名别名别名别名', '内容', '关键词', '描述', 1, 1549958573, 1549958573),
(156, '专题B专题B专题B专题B专题B专题B专题B专题B专题B专题B专题B专题B专题B专题B', '别名别名别名别名别名别名别名别名别名别名', '内容', '关键词', '描述', 0, 1549958573, 1549958573),
(157, '专题A专题A专题A专题A专题A专题A专题A专题A专题A专题A专题A专题A专题A专题A', '别名别名别名别名别名别名别名别名别名别名', '内容', '关键词', '描述', 1, 1549958573, 1549958573),
(158, '专题B专题B专题B专题B专题B专题B专题B专题B专题B专题B专题B专题B专题B专题B', '别名别名别名别名别名别名别名别名别名别名', '内容', '关键词', '描述', 0, 1549958573, 1549958573),
(159, '专题A专题A专题A专题A专题A专题A专题A专题A专题A专题A专题A专题A专题A专题A', '别名别名别名别名别名别名别名别名别名别名', '内容', '关键词', '描述', 1, 1549958573, 1549958573),
(160, '专题B专题B专题B专题B专题B专题B专题B专题B专题B专题B专题B专题B专题B专题B', '别名别名别名别名别名别名别名别名别名别名', '内容', '关键词', '描述', 0, 1549958573, 1549958573),
(161, '专题A专题A专题A专题A专题A专题A专题A专题A专题A专题A专题A专题A专题A专题A', '别名别名别名别名别名别名别名别名别名别名', '内容', '关键词', '描述', 1, 1549958573, 1549958573),
(162, '专题B专题B专题B专题B专题B专题B专题B专题B专题B专题B专题B专题B专题B专题B', '别名别名别名别名别名别名别名别名别名别名', '内容', '关键词', '描述', 0, 1549958573, 1549958573),
(163, '专题A专题A专题A专题A专题A专题A专题A专题A专题A专题A专题A专题A专题A专题A', '别名别名别名别名别名别名别名别名别名别名', '内容', '关键词', '描述', 1, 1549958573, 1549958573),
(164, '专题B专题B专题B专题B专题B专题B专题B专题B专题B专题B专题B专题B专题B专题B', '别名别名别名别名别名别名别名别名别名别名', '内容', '关键词', '描述', 0, 1549958573, 1549958573),
(165, '专题A专题A专题A专题A专题A专题A专题A专题A专题A专题A专题A专题A专题A专题A', '别名别名别名别名别名别名别名别名别名别名', '内容', '关键词', '描述', 1, 1549958573, 1549958573),
(166, '专题B专题B专题B专题B专题B专题B专题B专题B专题B专题B专题B专题B专题B专题B', '别名别名别名别名别名别名别名别名别名别名', '内容', '关键词', '描述', 0, 1549958573, 1549958573),
(168, '专题B专题B专题B专题B专题B专题B专题B专题B专题B专题B专题B专题B专题B专题B', '别名别名别名别名别名别名别名别名别名别名', '内容', '关键词', '描述', 0, 1549958573, 1549958573),
(169, '专题A专题A专题A专题A专题A专题A专题A专题A专题A专题A专题A专题A专题A专题A', '别名别名别名别名别名别名别名别名别名别名', '内容', '关键词', '描述', 1, 1549958573, 1549958573),
(170, '专题B专题B专题B专题B专题B专题B专题B专题B专题B专题B专题B专题B专题B专题B', '别名别名别名别名别名别名别名别名别名别名', '内容', '关键词', '描述', 0, 1549958573, 1549958573),
(171, '专题A专题A专题A专题A专题A专题A专题A专题A专题A专题A专题A专题A专题A专题A', '别名别名别名别名别名别名别名别名别名别名', '内容', '关键词', '描述', 1, 1549958573, 1549958573),
(172, '专题B专题B专题B专题B专题B专题B专题B专题B专题B专题B专题B专题B专题B专题B', '别名别名别名别名别名别名别名别名别名别名', '内容', '关键词', '描述', 0, 1549958573, 1549958573),
(173, '专题A专题A专题A专题A专题A专题A专题A专题A专题A专题A专题A专题A专题A专题A', '别名别名别名别名别名别名别名别名别名别名', '内容', '关键词', '描述', 1, 1549958573, 1549958573),
(174, '专题B专题B专题B专题B专题B专题B专题B专题B专题B专题B专题B专题B专题B专题B', '别名别名别名别名别名别名别名别名别名别名', '内容', '关键词', '描述', 0, 1549958573, 1549958573),
(175, '专题A专题A专题A专题A专题A专题A专题A专题A专题A专题A专题A专题A专题A专题A', '别名别名别名别名别名别名别名别名别名别名', '内容', '关键词', '描述', 1, 1549958573, 1549958573),
(176, '专题B专题B专题B专题B专题B专题B专题B专题B专题B专题B专题B专题B专题B专题B', '别名别名别名别名别名别名别名别名别名别名', '内容', '关键词', '描述', 0, 1549958573, 1549958573),
(177, '专题A专题A专题A专题A专题A专题A专题A专题A专题A专题A专题A专题A专题A专题A', '别名别名别名别名别名别名别名别名别名别名', '内容', '关键词', '描述', 1, 1549958573, 1549958573),
(178, '专题B专题B专题B专题B专题B专题B专题B专题B专题B专题B专题B专题B专题B专题B', '别名别名别名别名别名别名别名别名别名别名', '内容', '关键词', '描述', 0, 1549958573, 1549958573),
(179, '专题A专题A专题A专题A专题A专题A专题A专题A专题A专题A专题A专题A专题A专题A', '别名别名别名别名别名别名别名别名别名别名', '内容', '关键词', '描述', 1, 1549958573, 1549958573),
(180, '专题B专题B专题B专题B专题B专题B专题B专题B专题B专题B专题B专题B专题B专题B', '别名别名别名别名别名别名别名别名别名别名', '内容', '关键词', '描述', 0, 1549958573, 1549958573),
(181, '专题A专题A专题A专题A专题A专题A专题A专题A专题A专题A专题A专题A专题A专题A', '别名别名别名别名别名别名别名别名别名别名', '内容', '关键词', '描述', 1, 1549958573, 1549958573),
(182, '专题B专题B专题B专题B专题B专题B专题B专题B专题B专题B专题B专题B专题B专题B', '别名别名别名别名别名别名别名别名别名别名', '内容', '关键词', '描述', 0, 1549958573, 1549958573),
(183, '专题A专题A专题A专题A专题A专题A专题A专题A专题A专题A专题A专题A专题A专题A', '别名别名别名别名别名别名别名别名别名别名', '内容', '关键词', '描述', 1, 1549958573, 1549958573),
(184, '专题B专题B专题B专题B专题B专题B专题B专题B专题B专题B专题B专题B专题B专题B', '别名别名别名别名别名别名别名别名别名别名', '内容', '关键词', '描述', 0, 1549958573, 1549958573),
(185, '专题A专题A专题A专题A专题A专题A专题A专题A专题A专题A专题A专题A专题A专题A', '别名别名别名别名别名别名别名别名别名别名', '内容', '关键词', '描述', 1, 1549958573, 1549958573),
(186, '专题B专题B专题B专题B专题B专题B专题B专题B专题B专题B专题B专题B专题B专题B', '别名别名别名别名别名别名别名别名别名别名', '内容', '关键词', '描述', 1, 1549958573, 1550111669),
(187, '专题A专题A专题A专题A专题A专题A专题A专题A专题A专题A专题A专题A专题A专题A', '别名别名别名别名别名别名别名别名别名别名', '内容', '关键词', '描述', 0, 1549958573, 1550111672),
(189, '专题A专题A专题A专题A专题A专题A专题A专题A专题A专题A专题A专题A专题A专题A', '别名别名别名别名别名别名别名别名别名别名', '内容', '关键词', '描述', 0, 1549958573, 1550111976),
(191, '专题A专题A专题A专题A专题A专题A专题A专题A专题A专题A专题A专题A专题A专题A', '别名别名别名别名别名别名别名别名别名别名', '内容', '关键词', '描述', 0, 1549958573, 1550111976),
(220, '123', '456', '789', '', '', 1, 1550122350, 1550122350),
(221, 'aaa', 'bbb', 'ccc', '', '', 1, 1550122364, 1550122364),
(222, 'AAA', 'BBB', '<img src=\"//careyshop.oruei.com/api/v1/storage/method/get.storage.thumb/code/article_content?url=careyshop.oruei.com/uploads/files/20190214/aadcbbb00c9bae8b43216bb6fd570edd.png?type=careyshop\" alt=\"\" /><img src=\"//careyshop.oruei.com/api/v1/storage/method/get.storage.thumb/code/article_content?url=careyshop.oruei.com/uploads/files/20190214/27623e5dba76e3756c4cba3bb6d5d8d7.jpg?type=careyshop\" alt=\"\" />\n<p><a href=\"//careyshop.oruei.com/api/v1/storage/method/get.storage.download/code/article_content?url=careyshop.oruei.com/uploads/files/20190214/c2c484f43917e210743f15ed06a3c95f.txt?type=careyshop&amp;filename=666.txt\">附件：666.txt</a></p>', '', '', 1, 1550122412, 1550122412),
(223, 'BBB', 'CCC', '<p><a href=\"//careyshop.oruei.com/api/v1/storage/method/get.storage.download/code/article_content?url=careyshop.oruei.com/uploads/files/20190214/968f0c3ae0d65f8228d6e27ef5f1be01.txt?type=careyshop&amp;filename=666.txt\">附件：666.txt</a></p>', '', '', 1, 1550122443, 1583828522),
(224, 'DDD', 'ddd', '...mapActions(\'careyshop/update\', [<br />\'updateChange\'<br />]),4444445555555777777', '123', '456', 0, 1550122452, 1556458876);

DROP TABLE IF EXISTS `donkey_transaction`;
CREATE TABLE `donkey_transaction` (
  `transaction_id` int(11) UNSIGNED NOT NULL,
  `user_id` int(11) UNSIGNED DEFAULT '0' COMMENT '对应user表',
  `action` varchar(80) COLLATE utf8mb4_unicode_ci NOT NULL DEFAULT '' COMMENT '操作者',
  `type` tinyint(1) NOT NULL COMMENT '0=收入 1=支出',
  `amount` decimal(10,2) NOT NULL COMMENT '交易金额',
  `balance` decimal(10,2) NOT NULL COMMENT '剩余余额',
  `source_no` varchar(100) COLLATE utf8mb4_unicode_ci NOT NULL DEFAULT '' COMMENT '来源订单号',
  `remark` varchar(255) COLLATE utf8mb4_unicode_ci NOT NULL DEFAULT '' COMMENT '备注',
  `cause` varchar(255) COLLATE utf8mb4_unicode_ci NOT NULL DEFAULT '' COMMENT '原因',
  `module` varchar(30) COLLATE utf8mb4_unicode_ci NOT NULL COMMENT 'points=积分 money=余额 card=购物卡',
  `to_payment` tinyint(1) NOT NULL COMMENT '支付方式',
  `card_number` varchar(16) COLLATE utf8mb4_unicode_ci NOT NULL DEFAULT '' COMMENT '购物卡卡号',
  `create_time` int(11) NOT NULL DEFAULT '0' COMMENT '创建日期'
) ENGINE=InnoDB DEFAULT CHARSET=utf8mb4 COLLATE=utf8mb4_unicode_ci COMMENT='交易结算日志';

INSERT INTO `donkey_transaction` (`transaction_id`, `user_id`, `action`, `type`, `amount`, `balance`, `source_no`, `remark`, `cause`, `module`, `to_payment`, `card_number`, `create_time`) VALUES
(1, 1, 'Carey', 0, '694.89', '101682.60', 'PO_I1049550470892680001', '取消订单', '', 'money', 0, '', 1515050273),
(2, 1, 'Carey', 0, '1001.00', '22258382.00', 'PO_I1049550470892680001', '取消订单', '', 'points', 0, '', 1515050273),
(3, 1, 'Carey', 0, '780.00', '31367.01', 'PO_I1049550470892680001', '取消订单', '', 'card', 5, '9971564621172962', 1515050273),
(4, 1, 'Carey', 0, '100.00', '22258482.00', 'PO_I1049550470892670001', '赠送积分', '', 'points', 0, '', 1515050273),
(5, 1, 'Carey', 0, '694.89', '101682.60', 'PO_I1049550470892680001', '取消订单', '', 'money', 0, '', 1515050273),
(6, 1, 'Carey', 0, '1001.00', '22258382.00', 'PO_I1049550470892680001', '取消订单', '', 'points', 0, '', 1515050273),
(7, 1, 'Carey', 0, '780.00', '31367.01', 'PO_I1049550470892680001', '取消订单', '', 'card', 5, '9971564621172962', 1515050273),
(8, 1, 'Carey', 0, '100.00', '22258482.00', 'PO_I1049550470892670001', '赠送积分', '', 'points', 0, '', 1515050273),
(9, 1, 'Carey', 0, '694.89', '101682.60', 'PO_I1049550470892680001', '取消订单', '', 'money', 0, '', 1515050273),
(10, 1, 'Carey', 0, '1001.00', '22258382.00', 'PO_I1049550470892680001', '取消订单', '', 'points', 0, '', 1515050273),
(11, 1, 'Carey', 0, '780.00', '31367.01', 'PO_I1049550470892680001', '取消订单', '', 'card', 5, '9971564621172962', 1515050273),
(12, 1, 'Carey', 0, '100.00', '22258482.00', 'PO_I1049550470892670001', '赠送积分', '', 'points', 0, '', 1515050273),
(13, 1, 'Carey', 0, '694.89', '101682.60', 'PO_I1049550470892680001', '取消订单', '', 'money', 0, '', 1515050273),
(14, 1, 'Carey', 0, '1001.00', '22258382.00', 'PO_I1049550470892680001', '取消订单', '', 'points', 0, '', 1515050273),
(15, 1, 'Carey', 0, '780.00', '31367.01', 'PO_I1049550470892680001', '取消订单', '', 'card', 5, '9971564621172962', 1515050273),
(16, 1, 'Carey', 0, '100.00', '22258482.00', 'PO_I1049550470892670001', '赠送积分', '', 'points', 0, '', 1515050273),
(17, 1, 'Carey', 0, '694.89', '101682.60', 'PO_I1049550470892680001', '取消订单', '', 'money', 0, '', 1515050273),
(18, 1, 'Carey', 0, '1001.00', '22258382.00', 'PO_I1049550470892680001', '取消订单', '', 'points', 0, '', 1515050273),
(19, 1, 'Carey', 0, '780.00', '31367.01', 'PO_I1049550470892680001', '取消订单', '', 'card', 5, '9971564621172962', 1515050273),
(20, 1, 'Carey', 0, '100.00', '22258482.00', 'PO_I1049550470892670001', '赠送积分', '', 'points', 0, '', 1515050273),
(21, 1, 'Carey', 0, '694.89', '101682.60', 'PO_I1049550470892680001', '取消订单', '', 'money', 0, '', 1515050273),
(22, 1, 'Carey', 0, '1001.00', '22258382.00', 'PO_I1049550470892680001', '取消订单', '', 'points', 0, '', 1515050273),
(23, 1, 'Carey', 0, '780.00', '31367.01', 'PO_I1049550470892680001', '取消订单', '', 'card', 5, '9971564621172962', 1515050273),
(24, 1, 'Carey', 0, '100.00', '22258482.00', 'PO_I1049550470892670001', '赠送积分', '', 'points', 0, '', 1515050273),
(25, 1, 'Carey', 0, '694.89', '101682.60', 'PO_I1049550470892680001', '取消订单', '', 'money', 0, '', 1515050273),
(26, 1, 'Carey', 0, '1001.00', '22258382.00', 'PO_I1049550470892680001', '取消订单', '', 'points', 0, '', 1515050273),
(27, 1, 'Carey', 0, '780.00', '31367.01', 'PO_I1049550470892680001', '取消订单', '', 'card', 5, '9971564621172962', 1515050273),
(28, 1, 'Carey', 0, '100.00', '22258482.00', 'PO_I1049550470892670001', '赠送积分', '', 'points', 0, '', 1515050273),
(29, 1, 'Carey', 0, '694.89', '101682.60', 'PO_I1049550470892680001', '取消订单', '', 'money', 0, '', 1515050273),
(30, 1, 'Carey', 0, '1001.00', '22258382.00', 'PO_I1049550470892680001', '取消订单', '', 'points', 0, '', 1515050273),
(31, 1, 'Carey', 0, '780.00', '31367.01', 'PO_I1049550470892680001', '取消订单', '', 'card', 5, '9971564621172962', 1515050273),
(32, 1, 'Carey', 0, '100.00', '22258482.00', 'PO_I1049550470892670001', '赠送积分', '', 'points', 0, '', 1515050273),
(33, 1, 'Carey', 0, '694.89', '101682.60', 'PO_I1049550470892680001', '取消订单', '', 'money', 0, '', 1515050273),
(34, 1, 'Carey', 0, '1001.00', '22258382.00', 'PO_I1049550470892680001', '取消订单', '', 'points', 0, '', 1515050273),
(35, 1, 'Carey', 0, '780.00', '31367.01', 'PO_I1049550470892680001', '取消订单', '', 'card', 5, '9971564621172962', 1515050273),
(36, 1, 'Carey', 0, '100.00', '22258482.00', 'PO_I1049550470892670001', '赠送积分', '', 'points', 0, '', 1515050273),
(37, 1, 'Carey', 0, '694.89', '101682.60', 'PO_I1049550470892680001', '取消订单', '', 'money', 0, '', 1515050273),
(38, 1, 'Carey', 0, '1001.00', '22258382.00', 'PO_I1049550470892680001', '取消订单', '', 'points', 0, '', 1515050273),
(39, 1, 'Carey', 0, '780.00', '31367.01', 'PO_I1049550470892680001', '取消订单', '', 'card', 5, '9971564621172962', 1515050273),
(40, 1, 'Carey', 0, '100.00', '22258482.00', 'PO_I1049550470892670001', '赠送积分', '', 'points', 0, '', 1515050273),
(41, 1, 'Carey', 0, '694.89', '101682.60', 'PO_I1049550470892680001', '取消订单', '', 'money', 0, '', 1515050273),
(42, 1, 'Carey', 0, '1001.00', '22258382.00', 'PO_I1049550470892680001', '取消订单', '', 'points', 0, '', 1515050273),
(43, 1, 'Carey', 0, '780.00', '31367.01', 'PO_I1049550470892680001', '取消订单', '', 'card', 5, '9971564621172962', 1515050273),
(44, 1, 'Carey', 0, '100.00', '22258482.00', 'PO_I1049550470892670001', '赠送积分', '', 'points', 0, '', 1515050273),
(45, 1, 'Carey', 0, '694.89', '101682.60', 'PO_I1049550470892680001', '取消订单', '', 'money', 0, '', 1515050273),
(46, 1, 'Carey', 0, '1001.00', '22258382.00', 'PO_I1049550470892680001', '取消订单', '', 'points', 0, '', 1515050273),
(47, 1, 'Carey', 0, '780.00', '31367.01', 'PO_I1049550470892680001', '取消订单', '', 'card', 5, '9971564621172962', 1515050273),
(48, 1, 'Carey', 0, '100.00', '22258482.00', 'PO_I1049550470892670001', '赠送积分', '', 'points', 0, '', 1515050273),
(49, 1, 'Carey', 0, '694.89', '101682.60', 'PO_I1049550470892680001', '取消订单', '', 'money', 0, '', 1515050273),
(50, 1, 'Carey', 0, '1001.00', '22258382.00', 'PO_I1049550470892680001', '取消订单', '', 'points', 0, '', 1515050273),
(51, 1, 'Carey', 0, '780.00', '31367.01', 'PO_I1049550470892680001', '取消订单', '', 'card', 5, '9971564621172962', 1515050273),
(52, 1, 'Carey', 0, '100.00', '22258482.00', 'PO_I1049550470892670001', '赠送积分', '', 'points', 0, '', 1515050273),
(53, 1, 'Carey', 0, '694.89', '101682.60', 'PO_I1049550470892680001', '取消订单', '', 'money', 0, '', 1515050273),
(54, 1, 'Carey', 0, '1001.00', '22258382.00', 'PO_I1049550470892680001', '取消订单', '', 'points', 0, '', 1515050273),
(55, 1, 'Carey', 0, '780.00', '31367.01', 'PO_I1049550470892680001', '取消订单', '', 'card', 5, '9971564621172962', 1515050273),
(56, 1, 'Carey', 0, '100.00', '22258482.00', 'PO_I1049550470892670001', '赠送积分', '', 'points', 0, '', 1515050273),
(57, 1, 'Carey', 0, '694.89', '101682.60', 'PO_I1049550470892680001', '取消订单', '', 'money', 0, '', 1515050273),
(58, 1, 'Carey', 0, '1001.00', '22258382.00', 'PO_I1049550470892680001', '取消订单', '', 'points', 0, '', 1515050273),
(59, 1, 'Carey', 0, '780.00', '31367.01', 'PO_I1049550470892680001', '取消订单', '', 'card', 5, '9971564621172962', 1515050273),
(60, 1, 'Carey', 0, '100.00', '22258482.00', 'PO_I1049550470892670001', '赠送积分', '', 'points', 0, '', 1515050273),
(61, 1, 'Carey', 0, '694.89', '101682.60', 'PO_I1049550470892680001', '取消订单', '', 'money', 0, '', 1515050273),
(62, 1, 'Carey', 0, '1001.00', '22258382.00', 'PO_I1049550470892680001', '取消订单', '', 'points', 0, '', 1515050273),
(63, 1, 'Carey', 0, '780.00', '31367.01', 'PO_I1049550470892680001', '取消订单', '', 'card', 5, '9971564621172962', 1515050273),
(64, 1, 'Carey', 0, '100.00', '22258482.00', 'PO_I1049550470892670001', '赠送积分', '', 'points', 0, '', 1515050273),
(65, 1, 'Carey', 0, '694.89', '101682.60', 'PO_I1049550470892680001', '取消订单', '', 'money', 0, '', 1515050273),
(66, 1, 'Carey', 0, '1001.00', '22258382.00', 'PO_I1049550470892680001', '取消订单', '', 'points', 0, '', 1515050273),
(67, 1, 'Carey', 0, '780.00', '31367.01', 'PO_I1049550470892680001', '取消订单', '', 'card', 5, '9971564621172962', 1515050273),
(68, 1, 'Carey', 0, '100.00', '22258482.00', 'PO_I1049550470892670001', '赠送积分', '', 'points', 0, '', 1515050273),
(69, 1, 'Carey', 0, '694.89', '101682.60', 'PO_I1049550470892680001', '取消订单', '', 'money', 0, '', 1515050273),
(70, 1, 'Carey', 0, '1001.00', '22258382.00', 'PO_I1049550470892680001', '取消订单', '', 'points', 0, '', 1515050273),
(71, 1, 'Carey', 0, '780.00', '31367.01', 'PO_I1049550470892680001', '取消订单', '', 'card', 5, '9971564621172962', 1515050273),
(72, 1, 'Carey', 0, '100.00', '22258482.00', 'PO_I1049550470892670001', '赠送积分', '', 'points', 0, '', 1515050273),
(73, 1, 'Carey', 0, '694.89', '101682.60', 'PO_I1049550470892680001', '取消订单', '', 'money', 0, '', 1515050273),
(74, 1, 'Carey', 0, '1001.00', '22258382.00', 'PO_I1049550470892680001', '取消订单', '', 'points', 0, '', 1515050273),
(75, 1, 'Carey', 0, '780.00', '31367.01', 'PO_I1049550470892680001', '取消订单', '', 'card', 5, '9971564621172962', 1515050273),
(76, 1, 'Carey', 0, '100.00', '22258482.00', 'PO_I1049550470892670001', '赠送积分', '', 'points', 0, '', 1515050273),
(77, 1, 'Carey', 0, '694.89', '101682.60', 'PO_I1049550470892680001', '取消订单', '', 'money', 0, '', 1515050273),
(78, 1, 'Carey', 0, '1001.00', '22258382.00', 'PO_I1049550470892680001', '取消订单', '', 'points', 0, '', 1515050273),
(79, 1, 'Carey', 0, '780.00', '31367.01', 'PO_I1049550470892680001', '取消订单', '', 'card', 5, '9971564621172962', 1515050273),
(80, 1, 'Carey', 0, '100.00', '22258482.00', 'PO_I1049550470892670001', '赠送积分', '', 'points', 0, '', 1515050273),
(81, 1, 'Carey', 0, '694.89', '101682.60', 'PO_I1049550470892680001', '取消订单', '', 'money', 0, '', 1515050273),
(82, 1, 'Carey', 0, '1001.00', '22258382.00', 'PO_I1049550470892680001', '取消订单', '', 'points', 0, '', 1515050273),
(83, 1, 'Carey', 0, '780.00', '31367.01', 'PO_I1049550470892680001', '取消订单', '', 'card', 5, '9971564621172962', 1515050273),
(84, 1, 'Carey', 0, '100.00', '22258482.00', 'PO_I1049550470892670001', '赠送积分', '', 'points', 0, '', 1515050273),
(85, 1, 'Carey', 0, '694.89', '101682.60', 'PO_I1049550470892680001', '取消订单', '', 'money', 0, '', 1515050273),
(86, 1, 'Carey', 0, '1001.00', '22258382.00', 'PO_I1049550470892680001', '取消订单', '', 'points', 0, '', 1515050273),
(87, 1, 'Carey', 0, '780.00', '31367.01', 'PO_I1049550470892680001', '取消订单', '', 'card', 5, '9971564621172962', 1515050273),
(88, 1, 'Carey', 0, '100.00', '22258482.00', 'PO_I1049550470892670001', '赠送积分', '', 'points', 0, '', 1515050273),
(89, 1, 'Carey', 0, '694.89', '101682.60', 'PO_I1049550470892680001', '取消订单', '', 'money', 0, '', 1515050273),
(90, 1, 'Carey', 0, '1001.00', '22258382.00', 'PO_I1049550470892680001', '取消订单', '', 'points', 0, '', 1515050273),
(91, 1, 'Carey', 0, '780.00', '31367.01', 'PO_I1049550470892680001', '取消订单', '', 'card', 5, '9971564621172962', 1515050273),
(92, 1, 'Carey', 0, '100.00', '22258482.00', 'PO_I1049550470892670001', '赠送积分', '', 'points', 0, '', 1515050273),
(93, 1, 'Carey', 0, '694.89', '101682.60', 'PO_I1049550470892680001', '取消订单', '', 'money', 0, '', 1515050273),
(94, 1, 'Carey', 0, '1001.00', '22258382.00', 'PO_I1049550470892680001', '取消订单', '', 'points', 0, '', 1515050273),
(95, 1, 'Carey', 0, '780.00', '31367.01', 'PO_I1049550470892680001', '取消订单', '', 'card', 5, '9971564621172962', 1515050273),
(96, 1, 'Carey', 0, '100.00', '22258482.00', 'PO_I1049550470892670001', '赠送积分', '', 'points', 0, '', 1515050273),
(97, 1, 'Carey', 0, '694.89', '101682.60', 'PO_I1049550470892680001', '取消订单', '', 'money', 0, '', 1515050273),
(98, 1, 'Carey', 0, '1001.00', '22258382.00', 'PO_I1049550470892680001', '取消订单', '', 'points', 0, '', 1515050273),
(99, 1, 'Carey', 0, '780.00', '31367.01', 'PO_I1049550470892680001', '取消订单', '', 'card', 5, '9971564621172962', 1515050273),
(100, 1, 'Carey', 0, '100.00', '22258482.00', 'PO_I1049550470892670001', '赠送积分', '', 'points', 0, '', 1515050273),
(101, 1, 'Carey', 0, '694.89', '101682.60', 'PO_I1049550470892680001', '取消订单', '', 'money', 0, '', 1515050273),
(102, 1, 'Carey', 0, '1001.00', '22258382.00', 'PO_I1049550470892680001', '取消订单', '', 'points', 0, '', 1515050273),
(103, 1, 'Carey', 0, '780.00', '31367.01', 'PO_I1049550470892680001', '取消订单', '', 'card', 5, '9971564621172962', 1515050273),
(104, 1, 'Carey', 0, '100.00', '22258482.00', 'PO_I1049550470892670001', '赠送积分', '', 'points', 0, '', 1515050273),
(105, 1, 'Carey', 0, '694.89', '101682.60', 'PO_I1049550470892680001', '取消订单', '', 'money', 0, '', 1515050273),
(106, 1, 'Carey', 0, '1001.00', '22258382.00', 'PO_I1049550470892680001', '取消订单', '', 'points', 0, '', 1515050273),
(107, 1, 'Carey', 0, '780.00', '31367.01', 'PO_I1049550470892680001', '取消订单', '', 'card', 5, '9971564621172962', 1515050273),
(108, 1, 'Carey', 0, '100.00', '22258482.00', 'PO_I1049550470892670001', '赠送积分', '', 'points', 0, '', 1515050273),
(109, 1, 'Carey', 0, '694.89', '101682.60', 'PO_I1049550470892680001', '取消订单', '', 'money', 0, '', 1515050273),
(110, 1, 'Carey', 0, '1001.00', '22258382.00', 'PO_I1049550470892680001', '取消订单', '', 'points', 0, '', 1515050273),
(111, 1, 'Carey', 0, '780.00', '31367.01', 'PO_I1049550470892680001', '取消订单', '', 'card', 5, '9971564621172962', 1515050273),
(112, 1, 'Carey', 0, '100.00', '22258482.00', 'PO_I1049550470892670001', '赠送积分', '', 'points', 0, '', 1515050273),
(113, 1, 'Carey', 0, '694.89', '101682.60', 'PO_I1049550470892680001', '取消订单', '', 'money', 0, '', 1515050273),
(114, 1, 'Carey', 0, '1001.00', '22258382.00', 'PO_I1049550470892680001', '取消订单', '', 'points', 0, '', 1515050273),
(115, 1, 'Carey', 0, '780.00', '31367.01', 'PO_I1049550470892680001', '取消订单', '', 'card', 5, '9971564621172962', 1515050273),
(116, 1, 'Carey', 0, '100.00', '22258482.00', 'PO_I1049550470892670001', '赠送积分', '', 'points', 0, '', 1515050273),
(117, 1, 'Carey', 0, '694.89', '101682.60', 'PO_I1049550470892680001', '取消订单', '', 'money', 0, '', 1515050273),
(118, 1, 'Carey', 0, '1001.00', '22258382.00', 'PO_I1049550470892680001', '取消订单', '', 'points', 0, '', 1515050273),
(119, 1, 'Carey', 0, '780.00', '31367.01', 'PO_I1049550470892680001', '取消订单', '', 'card', 5, '9971564621172962', 1515050273),
(120, 1, 'Carey', 0, '100.00', '22258482.00', 'PO_I1049550470892670001', '赠送积分', '', 'points', 0, '', 1515050273),
(121, 1, 'Carey', 0, '694.89', '101682.60', 'PO_I1049550470892680001', '取消订单', '', 'money', 0, '', 1515050273),
(122, 1, 'Carey', 0, '1001.00', '22258382.00', 'PO_I1049550470892680001', '取消订单', '', 'points', 0, '', 1515050273),
(123, 1, 'Carey', 0, '780.00', '31367.01', 'PO_I1049550470892680001', '取消订单', '', 'card', 5, '9971564621172962', 1515050273),
(124, 1, 'Carey', 0, '100.00', '22258482.00', 'PO_I1049550470892670001', '赠送积分', '', 'points', 0, '', 1515050273),
(125, 1, 'Carey', 0, '694.89', '101682.60', 'PO_I1049550470892680001', '取消订单', '', 'money', 0, '', 1515050273),
(126, 1, 'Carey', 0, '1001.00', '22258382.00', 'PO_I1049550470892680001', '取消订单', '', 'points', 0, '', 1515050273),
(127, 1, 'Carey', 0, '780.00', '31367.01', 'PO_I1049550470892680001', '取消订单', '', 'card', 5, '9971564621172962', 1515050273),
(128, 1, 'Carey', 0, '100.00', '22258482.00', 'PO_I1049550470892670001', '赠送积分', '', 'points', 0, '', 1515050273),
(129, 1, 'Carey', 0, '694.89', '101682.60', 'PO_I1049550470892680001', '取消订单', '', 'money', 0, '', 1515050273),
(130, 1, 'Carey', 0, '1001.00', '22258382.00', 'PO_I1049550470892680001', '取消订单', '', 'points', 0, '', 1515050273),
(131, 1, 'Carey', 0, '780.00', '31367.01', 'PO_I1049550470892680001', '取消订单', '', 'card', 5, '9971564621172962', 1515050273),
(132, 1, 'Carey', 0, '100.00', '22258482.00', 'PO_I1049550470892670001', '赠送积分', '', 'points', 0, '', 1515050273),
(133, 1, 'Carey', 0, '694.89', '101682.60', 'PO_I1049550470892680001', '取消订单', '', 'money', 0, '', 1515050273),
(134, 1, 'Carey', 0, '1001.00', '22258382.00', 'PO_I1049550470892680001', '取消订单', '', 'points', 0, '', 1515050273),
(135, 1, 'Carey', 0, '780.00', '31367.01', 'PO_I1049550470892680001', '取消订单', '', 'card', 5, '9971564621172962', 1515050273),
(136, 1, 'Carey', 0, '100.00', '22258482.00', 'PO_I1049550470892670001', '赠送积分', '', 'points', 0, '', 1515050273),
(137, 1, 'Carey', 0, '694.89', '101682.60', 'PO_I1049550470892680001', '取消订单', '', 'money', 0, '', 1515050273),
(138, 1, 'Carey', 0, '1001.00', '22258382.00', 'PO_I1049550470892680001', '取消订单', '', 'points', 0, '', 1515050273),
(139, 1, 'Carey', 0, '780.00', '31367.01', 'PO_I1049550470892680001', '取消订单', '', 'card', 5, '9971564621172962', 1515050273),
(140, 1, 'Carey', 0, '100.00', '22258482.00', 'PO_I1049550470892670001', '赠送积分', '', 'points', 0, '', 1515050273),
(141, 1, 'Carey', 0, '694.89', '101682.60', 'PO_I1049550470892680001', '取消订单', '', 'money', 0, '', 1515050273),
(142, 1, 'Carey', 0, '1001.00', '22258382.00', 'PO_I1049550470892680001', '取消订单', '', 'points', 0, '', 1515050273),
(143, 1, 'Carey', 0, '780.00', '31367.01', 'PO_I1049550470892680001', '取消订单', '', 'card', 5, '9971564621172962', 1515050273),
(144, 1, 'Carey', 0, '100.00', '22258482.00', 'PO_I1049550470892670001', '赠送积分', '', 'points', 0, '', 1515050273),
(145, 1, 'Carey', 0, '694.89', '101682.60', 'PO_I1049550470892680001', '取消订单', '', 'money', 0, '', 1515050273),
(146, 1, 'Carey', 0, '1001.00', '22258382.00', 'PO_I1049550470892680001', '取消订单', '', 'points', 0, '', 1515050273),
(147, 1, 'Carey', 0, '780.00', '31367.01', 'PO_I1049550470892680001', '取消订单', '', 'card', 5, '9971564621172962', 1515050273),
(148, 1, 'Carey', 0, '100.00', '22258482.00', 'PO_I1049550470892670001', '赠送积分', '', 'points', 0, '', 1515050273),
(149, 1, 'Carey', 0, '694.89', '101682.60', 'PO_I1049550470892680001', '取消订单', '', 'money', 0, '', 1515050273),
(150, 1, 'Carey', 0, '1001.00', '22258382.00', 'PO_I1049550470892680001', '取消订单', '', 'points', 0, '', 1515050273),
(151, 1, 'Carey', 0, '780.00', '31367.01', 'PO_I1049550470892680001', '取消订单', '', 'card', 5, '9971564621172962', 1515050273),
(152, 1, 'Carey', 0, '100.00', '22258482.00', 'PO_I1049550470892670001', '赠送积分', '', 'points', 0, '', 1515050273),
(153, 1, 'Carey', 0, '694.89', '101682.60', 'PO_I1049550470892680001', '取消订单', '', 'money', 0, '', 1515050273),
(154, 1, 'Carey', 0, '1001.00', '22258382.00', 'PO_I1049550470892680001', '取消订单', '', 'points', 0, '', 1515050273),
(155, 1, 'Carey', 0, '780.00', '31367.01', 'PO_I1049550470892680001', '取消订单', '', 'card', 5, '9971564621172962', 1515050273),
(156, 1, 'Carey', 0, '100.00', '22258482.00', 'PO_I1049550470892670001', '赠送积分', '', 'points', 0, '', 1515050273),
(157, 1, 'Carey', 0, '694.89', '101682.60', 'PO_I1049550470892680001', '取消订单', '', 'money', 0, '', 1515050273),
(158, 1, 'Carey', 0, '1001.00', '22258382.00', 'PO_I1049550470892680001', '取消订单', '', 'points', 0, '', 1515050273),
(159, 1, 'Carey', 0, '780.00', '31367.01', 'PO_I1049550470892680001', '取消订单', '', 'card', 5, '9971564621172962', 1515050273),
(160, 1, 'Carey', 0, '100.00', '22258482.00', 'PO_I1049550470892670001', '赠送积分', '', 'points', 0, '', 1515050273),
(161, 1, 'Carey', 0, '694.89', '101682.60', 'PO_I1049550470892680001', '取消订单', '', 'money', 0, '', 1515050273),
(162, 1, 'Carey', 0, '1001.00', '22258382.00', 'PO_I1049550470892680001', '取消订单', '', 'points', 0, '', 1515050273),
(163, 1, 'Carey', 0, '780.00', '31367.01', 'PO_I1049550470892680001', '取消订单', '', 'card', 5, '9971564621172962', 1515050273),
(164, 1, 'Carey', 0, '100.00', '22258482.00', 'PO_I1049550470892670001', '赠送积分', '', 'points', 0, '', 1515050273),
(165, 1, 'Carey', 0, '694.89', '101682.60', 'PO_I1049550470892680001', '取消订单', '', 'money', 0, '', 1515050273),
(166, 1, 'Carey', 0, '1001.00', '22258382.00', 'PO_I1049550470892680001', '取消订单', '', 'points', 0, '', 1515050273),
(167, 1, 'Carey', 0, '780.00', '31367.01', 'PO_I1049550470892680001', '取消订单', '', 'card', 5, '9971564621172962', 1515050273),
(168, 1, 'Carey', 0, '100.00', '22258482.00', 'PO_I1049550470892670001', '赠送积分', '', 'points', 0, '', 1515050273),
(169, 1, 'Carey', 0, '694.89', '101682.60', 'PO_I1049550470892680001', '取消订单', '', 'money', 0, '', 1515050273),
(170, 1, 'Carey', 0, '1001.00', '22258382.00', 'PO_I1049550470892680001', '取消订单', '', 'points', 0, '', 1515050273),
(171, 1, 'Carey', 0, '780.00', '31367.01', 'PO_I1049550470892680001', '取消订单', '', 'card', 5, '9971564621172962', 1515050273),
(172, 1, 'Carey', 0, '100.00', '22258482.00', 'PO_I1049550470892670001', '赠送积分', '', 'points', 0, '', 1515050273),
(173, 1, 'Carey', 0, '694.89', '101682.60', 'PO_I1049550470892680001', '取消订单', '', 'money', 0, '', 1515050273),
(174, 1, 'Carey', 0, '1001.00', '22258382.00', 'PO_I1049550470892680001', '取消订单', '', 'points', 0, '', 1515050273),
(175, 1, 'Carey', 0, '780.00', '31367.01', 'PO_I1049550470892680001', '取消订单', '', 'card', 5, '9971564621172962', 1515050273),
(176, 1, 'Carey', 0, '100.00', '22258482.00', 'PO_I1049550470892670001', '赠送积分', '', 'points', 0, '', 1515050273),
(177, 1, 'Carey', 0, '694.89', '101682.60', 'PO_I1049550470892680001', '取消订单', '', 'money', 0, '', 1515050273),
(178, 1, 'Carey', 0, '1001.00', '22258382.00', 'PO_I1049550470892680001', '取消订单', '', 'points', 0, '', 1515050273),
(179, 1, 'Carey', 0, '780.00', '31367.01', 'PO_I1049550470892680001', '取消订单', '', 'card', 5, '9971564621172962', 1515050273),
(180, 1, 'Carey', 0, '100.00', '22258482.00', 'PO_I1049550470892670001', '赠送积分', '', 'points', 0, '', 1515050273),
(181, 1, 'Carey', 0, '694.89', '101682.60', 'PO_I1049550470892680001', '取消订单', '', 'money', 0, '', 1515050273),
(182, 1, 'Carey', 0, '1001.00', '22258382.00', 'PO_I1049550470892680001', '取消订单', '', 'points', 0, '', 1515050273),
(183, 1, 'Carey', 0, '780.00', '31367.01', 'PO_I1049550470892680001', '取消订单', '', 'card', 5, '9971564621172962', 1515050273),
(184, 1, 'Carey', 0, '100.00', '22258482.00', 'PO_I1049550470892670001', '赠送积分', '', 'points', 0, '', 1515050273),
(185, 1, 'Carey', 0, '694.89', '101682.60', 'PO_I1049550470892680001', '取消订单', '', 'money', 0, '', 1515050273),
(186, 1, 'Carey', 0, '1001.00', '22258382.00', 'PO_I1049550470892680001', '取消订单', '', 'points', 0, '', 1515050273),
(187, 1, 'Carey', 0, '780.00', '31367.01', 'PO_I1049550470892680001', '取消订单', '', 'card', 5, '9971564621172962', 1515050273),
(188, 1, 'Carey', 0, '100.00', '22258482.00', 'PO_I1049550470892670001', '赠送积分', '', 'points', 0, '', 1515050273),
(189, 1, 'Carey', 0, '694.89', '101682.60', 'PO_I1049550470892680001', '取消订单', '', 'money', 0, '', 1515050273),
(190, 1, 'Carey', 0, '1001.00', '22258382.00', 'PO_I1049550470892680001', '取消订单', '', 'points', 0, '', 1515050273),
(191, 1, 'Carey', 0, '780.00', '31367.01', 'PO_I1049550470892680001', '取消订单', '', 'card', 5, '9971564621172962', 1515050273),
(192, 1, 'Carey', 0, '100.00', '22258482.00', 'PO_I1049550470892670001', '赠送积分', '', 'points', 0, '', 1515050273),
(193, 1, 'Carey', 0, '694.89', '101682.60', 'PO_I1049550470892680001', '取消订单', '', 'money', 0, '', 1515050273),
(194, 1, 'Carey', 0, '1001.00', '22258382.00', 'PO_I1049550470892680001', '取消订单', '', 'points', 0, '', 1515050273),
(195, 1, 'Carey', 0, '780.00', '31367.01', 'PO_I1049550470892680001', '取消订单', '', 'card', 5, '9971564621172962', 1515050273),
(196, 1, 'Carey', 0, '100.00', '22258482.00', 'PO_I1049550470892670001', '赠送积分', '', 'points', 0, '', 1515050273),
(197, 1, 'Carey', 0, '694.89', '101682.60', 'PO_I1049550470892680001', '取消订单', '', 'money', 0, '', 1515050273),
(198, 1, 'Carey', 0, '1001.00', '22258382.00', 'PO_I1049550470892680001', '取消订单', '', 'points', 0, '', 1515050273),
(199, 1, 'Carey', 0, '780.00', '31367.01', 'PO_I1049550470892680001', '取消订单', '', 'card', 5, '9971564621172962', 1515050273),
(200, 1, 'Carey', 0, '100.00', '22258482.00', 'PO_I1049550470892670001', '赠送积分', '', 'points', 0, '', 1515050273),
(201, 1, 'Carey', 0, '694.89', '101682.60', 'PO_I1049550470892680001', '取消订单', '', 'money', 0, '', 1515050273),
(202, 1, 'Carey', 0, '1001.00', '22258382.00', 'PO_I1049550470892680001', '取消订单', '', 'points', 0, '', 1515050273),
(203, 1, 'Carey', 0, '780.00', '31367.01', 'PO_I1049550470892680001', '取消订单', '', 'card', 5, '9971564621172962', 1515050273),
(204, 1, 'Carey', 0, '100.00', '22258482.00', 'PO_I1049550470892670001', '赠送积分', '', 'points', 0, '', 1515050273),
(205, 1, 'Carey', 0, '694.89', '101682.60', 'PO_I1049550470892680001', '取消订单', '', 'money', 0, '', 1515050273),
(206, 1, 'Carey', 0, '1001.00', '22258382.00', 'PO_I1049550470892680001', '取消订单', '', 'points', 0, '', 1515050273),
(207, 1, 'Carey', 0, '780.00', '31367.01', 'PO_I1049550470892680001', '取消订单', '', 'card', 5, '9971564621172962', 1515050273),
(208, 1, 'Carey', 0, '100.00', '22258482.00', 'PO_I1049550470892670001', '赠送积分', '', 'points', 0, '', 1515050273),
(209, 1, 'Carey', 0, '694.89', '101682.60', 'PO_I1049550470892680001', '取消订单', '', 'money', 0, '', 1515050273),
(210, 1, 'Carey', 0, '1001.00', '22258382.00', 'PO_I1049550470892680001', '取消订单', '', 'points', 0, '', 1515050273),
(211, 1, 'Carey', 0, '780.00', '31367.01', 'PO_I1049550470892680001', '取消订单', '', 'card', 5, '9971564621172962', 1515050273),
(212, 1, 'Carey', 0, '100.00', '22258482.00', 'PO_I1049550470892670001', '赠送积分', '', 'points', 0, '', 1515050273),
(213, 1, 'Carey', 0, '694.89', '101682.60', 'PO_I1049550470892680001', '取消订单', '', 'money', 0, '', 1515050273),
(214, 1, 'Carey', 0, '1001.00', '22258382.00', 'PO_I1049550470892680001', '取消订单', '', 'points', 0, '', 1515050273),
(215, 1, 'Carey', 0, '780.00', '31367.01', 'PO_I1049550470892680001', '取消订单', '', 'card', 5, '9971564621172962', 1515050273),
(216, 1, 'Carey', 0, '100.00', '22258482.00', 'PO_I1049550470892670001', '赠送积分', '', 'points', 0, '', 1515050273),
(217, 1, 'Carey', 0, '694.89', '101682.60', 'PO_I1049550470892680001', '取消订单', '', 'money', 0, '', 1515050273),
(218, 1, 'Carey', 0, '1001.00', '22258382.00', 'PO_I1049550470892680001', '取消订单', '', 'points', 0, '', 1515050273),
(219, 1, 'Carey', 0, '780.00', '31367.01', 'PO_I1049550470892680001', '取消订单', '', 'card', 5, '9971564621172962', 1515050273),
(220, 1, 'Carey', 0, '100.00', '22258482.00', 'PO_I1049550470892670001', '赠送积分', '', 'points', 0, '', 1515050273),
(221, 1, 'Carey', 0, '694.89', '101682.60', 'PO_I1049550470892680001', '取消订单', '', 'money', 0, '', 1515050273),
(222, 1, 'Carey', 0, '1001.00', '22258382.00', 'PO_I1049550470892680001', '取消订单', '', 'points', 0, '', 1515050273),
(223, 1, 'Carey', 0, '780.00', '31367.01', 'PO_I1049550470892680001', '取消订单', '', 'card', 5, '9971564621172962', 1515050273),
(224, 1, 'Carey', 0, '100.00', '22258482.00', 'PO_I1049550470892670001', '赠送积分', '', 'points', 0, '', 1515050273),
(225, 1, 'Carey', 0, '694.89', '101682.60', 'PO_I1049550470892680001', '取消订单', '', 'money', 0, '', 1515050273),
(226, 1, 'Carey', 0, '1001.00', '22258382.00', 'PO_I1049550470892680001', '取消订单', '', 'points', 0, '', 1515050273),
(227, 1, 'Carey', 0, '780.00', '31367.01', 'PO_I1049550470892680001', '取消订单', '', 'card', 5, '9971564621172962', 1515050273),
(228, 1, 'Carey', 0, '100.00', '22258482.00', 'PO_I1049550470892670001', '赠送积分', '', 'points', 0, '', 1515050273),
(229, 1, 'Carey', 0, '694.89', '101682.60', 'PO_I1049550470892680001', '取消订单', '', 'money', 0, '', 1515050273),
(230, 1, 'Carey', 0, '1001.00', '22258382.00', 'PO_I1049550470892680001', '取消订单', '', 'points', 0, '', 1515050273),
(231, 1, 'Carey', 0, '780.00', '31367.01', 'PO_I1049550470892680001', '取消订单', '', 'card', 5, '9971564621172962', 1515050273),
(232, 1, 'Carey', 0, '100.00', '22258482.00', 'PO_I1049550470892670001', '赠送积分', '', 'points', 0, '', 1515050273),
(233, 1, 'Carey', 0, '694.89', '101682.60', 'PO_I1049550470892680001', '取消订单', '', 'money', 0, '', 1515050273),
(234, 1, 'Carey', 0, '1001.00', '22258382.00', 'PO_I1049550470892680001', '取消订单', '', 'points', 0, '', 1515050273),
(235, 1, 'Carey', 0, '780.00', '31367.01', 'PO_I1049550470892680001', '取消订单', '', 'card', 5, '9971564621172962', 1515050273),
(236, 1, 'Carey', 0, '100.00', '22258482.00', 'PO_I1049550470892670001', '赠送积分', '', 'points', 0, '', 1515050273),
(237, 1, 'Carey', 0, '694.89', '101682.60', 'PO_I1049550470892680001', '取消订单', '', 'money', 0, '', 1515050273),
(238, 1, 'Carey', 0, '1001.00', '22258382.00', 'PO_I1049550470892680001', '取消订单', '', 'points', 0, '', 1515050273),
(239, 1, 'Carey', 0, '780.00', '31367.01', 'PO_I1049550470892680001', '取消订单', '', 'card', 5, '9971564621172962', 1515050273),
(240, 1, 'Carey', 0, '100.00', '22258482.00', 'PO_I1049550470892670001', '赠送积分', '', 'points', 0, '', 1515050273),
(241, 1, 'Carey', 0, '694.89', '101682.60', 'PO_I1049550470892680001', '取消订单', '', 'money', 0, '', 1515050273),
(242, 1, 'Carey', 0, '1001.00', '22258382.00', 'PO_I1049550470892680001', '取消订单', '', 'points', 0, '', 1515050273),
(243, 1, 'Carey', 0, '780.00', '31367.01', 'PO_I1049550470892680001', '取消订单', '', 'card', 5, '9971564621172962', 1515050273),
(244, 1, 'Carey', 0, '100.00', '22258482.00', 'PO_I1049550470892670001', '赠送积分', '', 'points', 0, '', 1515050273),
(245, 1, 'Carey', 0, '694.89', '101682.60', 'PO_I1049550470892680001', '取消订单', '', 'money', 0, '', 1515050273),
(246, 1, 'Carey', 0, '1001.00', '22258382.00', 'PO_I1049550470892680001', '取消订单', '', 'points', 0, '', 1515050273),
(247, 1, 'Carey', 0, '780.00', '31367.01', 'PO_I1049550470892680001', '取消订单', '', 'card', 5, '9971564621172962', 1515050273),
(248, 1, 'Carey', 0, '100.00', '22258482.00', 'PO_I1049550470892670001', '赠送积分', '', 'points', 0, '', 1515050273),
(249, 1, 'Carey', 0, '694.89', '101682.60', 'PO_I1049550470892680001', '取消订单', '', 'money', 0, '', 1515050273),
(250, 1, 'Carey', 0, '1001.00', '22258382.00', 'PO_I1049550470892680001', '取消订单', '', 'points', 0, '', 1515050273),
(251, 1, 'Carey', 0, '780.00', '31367.01', 'PO_I1049550470892680001', '取消订单', '', 'card', 5, '9971564621172962', 1515050273),
(252, 1, 'Carey', 0, '100.00', '22258482.00', 'PO_I1049550470892670001', '赠送积分', '', 'points', 0, '', 1515050273),
(253, 1, 'Carey', 0, '694.89', '101682.60', 'PO_I1049550470892680001', '取消订单', '', 'money', 0, '', 1515050273),
(254, 1, 'Carey', 0, '1001.00', '22258382.00', 'PO_I1049550470892680001', '取消订单', '', 'points', 0, '', 1515050273),
(255, 1, 'Carey', 0, '780.00', '31367.01', 'PO_I1049550470892680001', '取消订单', '', 'card', 5, '9971564621172962', 1515050273),
(256, 1, 'Carey', 0, '100.00', '22258482.00', 'PO_I1049550470892670001', '赠送积分', '', 'points', 0, '', 1515050273),
(257, 1, 'Carey', 0, '694.89', '101682.60', 'PO_I1049550470892680001', '取消订单', '', 'money', 0, '', 1515050273),
(258, 1, 'Carey', 0, '1001.00', '22258382.00', 'PO_I1049550470892680001', '取消订单', '', 'points', 0, '', 1515050273),
(259, 1, 'Carey', 0, '780.00', '31367.01', 'PO_I1049550470892680001', '取消订单', '', 'card', 5, '9971564621172962', 1515050273),
(260, 1, 'Carey', 0, '100.00', '22258482.00', 'PO_I1049550470892670001', '赠送积分', '', 'points', 0, '', 1515050273),
(261, 1, 'Carey', 0, '694.89', '101682.60', 'PO_I1049550470892680001', '取消订单', '', 'money', 0, '', 1515050273),
(262, 1, 'Carey', 0, '1001.00', '22258382.00', 'PO_I1049550470892680001', '取消订单', '', 'points', 0, '', 1515050273),
(263, 1, 'Carey', 0, '780.00', '31367.01', 'PO_I1049550470892680001', '取消订单', '', 'card', 5, '9971564621172962', 1515050273),
(264, 1, 'Carey', 0, '100.00', '22258482.00', 'PO_I1049550470892670001', '赠送积分', '', 'points', 0, '', 1515050273),
(265, 1, 'Carey', 0, '694.89', '101682.60', 'PO_I1049550470892680001', '取消订单', '', 'money', 0, '', 1515050273),
(266, 1, 'Carey', 0, '1001.00', '22258382.00', 'PO_I1049550470892680001', '取消订单', '', 'points', 0, '', 1515050273),
(267, 1, 'Carey', 0, '780.00', '31367.01', 'PO_I1049550470892680001', '取消订单', '', 'card', 5, '9971564621172962', 1515050273),
(268, 1, 'Carey', 1, '100.00', '22258482.00', 'PO_I1049550470892670001', '赠送积分', '', 'points', 0, '', 1515050273),
(269, 1, 'Carey', 1, '694.89', '101682.60', 'PO_I1049550470892680001', '取消订单', '', 'money', 0, '', 1515050273),
(270, 1, 'Carey', 1, '1001.00', '22258382.00', 'PO_I1049550470892680001', '取消订单', '', 'points', 0, '', 1515050273),
(271, 1, 'Carey', 0, '5.00', '31367.01', 'PO_I1049550470892680001', '取消订单', '5', 'card', 5, '9971564621172962', 1515050273),
(272, 1, 'Carey', 0, '4.00', '22258482.00', 'PO_I1049550470892670001', '赠送积分', '4', 'points', 0, '', 1515050273),
(273, 1, 'Carey', 0, '3.00', '101682.60', 'PO_I1049550470892680001', '取消订单', '3', 'money', 0, '', 1515050273),
(274, 1, 'Carey', 0, '2.00', '22258382.00', 'PO_I1049550470892680001', '取消订单', '2', 'points', 0, '', 1515050273),
(275, 1, 'Carey', 0, '1.00', '31367.01', 'PO_I1049550470892680001', '取消订单', '1', 'card', 5, '9971564621172962', 1515050273),
(276, 1, 'admin', 0, '110.77', '1109.77', 'TX_H6300543145824740001', '拒绝提现', '', 'money', 0, '', 1561345837),
(277, 1, 'admin', 0, '110.77', '1220.54', 'TX_H6300543945944240001', '拒绝提现', '', 'money', 0, '', 1561345860),
(278, 1, 'CareyShop', 1, '30398.62', '960821.92', 'PO_A3150263011275460001', '创建订单', '', 'money', 0, '', 1584202630),
(279, 1, 'CareyShop', 1, '30398.62', '930423.30', 'PO_A3217849839847620001', '创建订单', '', 'money', 0, '', 1584778498),
(280, 1, 'CareyShop', 1, '30398.62', '900024.68', 'PO_A3217852987257470001', '创建订单', '', 'money', 0, '', 1584778530),
(282, 1, 'admin', 0, '100.00', '100.00', 'PO_A3217849839847620001', '赠送积分', '', 'points', 0, '', 1585332222),
(283, 1, 'admin', 0, '100.00', '200.00', 'PO_A3217849839847620003', '赠送积分', '', 'points', 0, '', 1585332599),
(284, 1, 'admin', 0, '100.00', '300.00', 'PO_A3217849839847620004', '赠送积分', '', 'points', 0, '', 1585332604),
(304, 1, 'admin', 0, '100.00', '400.00', 'PO_A3217849839847620008', '赠送积分', '', 'points', 0, '', 1585335945),
(305, 1, 'admin', 0, '100.00', '500.00', 'PO_A3217849839847620005', '赠送积分', '', 'points', 0, '', 1585337049),
(306, 1, 'admin', 0, '100.00', '600.00', 'PO_A3217849839847620007', '赠送积分', '', 'points', 0, '', 1585337049),
(307, 1, 'admin', 0, '100.00', '700.00', 'PO_A3217849839847620009', '赠送积分', '', 'points', 0, '', 1585502045),
(308, 1, 'CareyShop', 1, '1000.00', '899024.68', 'PO_A4170629109000020001', '创建订单', '', 'money', 0, '', 1587106291),
(309, 1, 'CareyShop', 1, '100.00', '600.00', 'PO_A4170629109000020001', '创建订单', '', 'points', 0, '', 1587106291),
(310, 1, 'CareyShop', 0, '1000.00', '900024.68', 'PO_A4170629109000020001', '取消订单', '', 'money', 0, '', 1587106388),
(311, 1, 'CareyShop', 0, '100.00', '700.00', 'PO_A4170629109000020001', '取消订单', '', 'points', 0, '', 1587106388),
(312, 1, 'CareyShop', 1, '1000.00', '899024.68', 'PO_A4170750275700700001', '创建订单', '', 'money', 0, '', 1587107503),
(313, 1, 'CareyShop', 1, '100.00', '600.00', 'PO_A4170750275700700001', '创建订单', '', 'points', 0, '', 1587107503),
(314, 1, 'CareyShop', 1, '1000.00', '898024.68', 'PO_A4171039000700310001', '创建订单', '', 'money', 0, '', 1587110390),
(315, 1, 'CareyShop', 1, '100.00', '500.00', 'PO_A4171039000700310001', '创建订单', '', 'points', 0, '', 1587110390),
(316, 1, 'admin', 1, '100.00', '400.00', 'SH_A4213550720400230028', '退回赠送', '', 'points', 0, '', 1587992724);

DROP TABLE IF EXISTS `donkey_user`;
CREATE TABLE `donkey_user` (
  `user_id` int(11) UNSIGNED NOT NULL,
  `username` varchar(80) COLLATE utf8mb4_unicode_ci NOT NULL COMMENT '账号',
  `password` varchar(60) COLLATE utf8mb4_unicode_ci NOT NULL COMMENT '密码',
  `mobile` varchar(15) COLLATE utf8mb4_unicode_ci NOT NULL COMMENT '手机',
  `is_mobile` tinyint(1) NOT NULL DEFAULT '0' COMMENT '是否验证 0=否 1=是',
  `email` varchar(60) COLLATE utf8mb4_unicode_ci NOT NULL DEFAULT '' COMMENT '邮箱',
  `is_email` tinyint(1) NOT NULL DEFAULT '0' COMMENT '是否验证 0=否 1=是',
  `nickname` varchar(50) COLLATE utf8mb4_unicode_ci NOT NULL DEFAULT '' COMMENT '昵称',
  `head_pic` varchar(512) COLLATE utf8mb4_unicode_ci NOT NULL DEFAULT '' COMMENT '头像',
  `sex` tinyint(1) NOT NULL DEFAULT '0' COMMENT '0=保密 1=男 2=女',
  `birthday` varchar(10) COLLATE utf8mb4_unicode_ci NOT NULL DEFAULT '' COMMENT '生日',
  `level_icon` varchar(512) COLLATE utf8mb4_unicode_ci NOT NULL DEFAULT '' COMMENT '等级图标',
  `user_level_id` int(11) UNSIGNED NOT NULL DEFAULT '1' COMMENT '对应user_level表',
  `user_address_id` int(11) UNSIGNED NOT NULL DEFAULT '0' COMMENT '对应user_address表',
  `group_id` mediumint(8) UNSIGNED NOT NULL COMMENT '用户组Id',
  `last_login` int(11) NOT NULL DEFAULT '0' COMMENT '最后登录日期',
  `last_ip` varchar(15) COLLATE utf8mb4_unicode_ci NOT NULL DEFAULT '' COMMENT '最后登录ip',
  `status` tinyint(1) NOT NULL DEFAULT '1' COMMENT '0=禁用 1=启用',
  `is_delete` tinyint(1) NOT NULL DEFAULT '0' COMMENT '0=未删 1=已删',
  `create_time` int(11) NOT NULL DEFAULT '0' COMMENT '创建日期',
  `update_time` int(11) NOT NULL DEFAULT '0' COMMENT '更新日期'
) ENGINE=InnoDB DEFAULT CHARSET=utf8mb4 COLLATE=utf8mb4_unicode_ci COMMENT='顾客组账号';

INSERT INTO `donkey_user` (`user_id`, `username`, `password`, `mobile`, `is_mobile`, `email`, `is_email`, `nickname`, `head_pic`, `sex`, `birthday`, `level_icon`, `user_level_id`, `user_address_id`, `group_id`, `last_login`, `last_ip`, `status`, `is_delete`, `create_time`, `update_time`) VALUES
(1, 'dnyz520', 'ab412677a10a7f9d7d34c67937bf5c1e', '15867430425', 0, '', 0, 'CareyShop', 'careyshop.oruei.com/uploads/files/20190703/8aa5ca5886378861f768219c8539a20b.jpg?type=careyshop', 1, '1997-11-20', 'https://aliyun.oss.careyshop.cn/会员等级/level5.png?type=aliyun', 5, 10, 3, 1501751876, '127.0.0.1', 1, 0, 1490945016, 1565231779),
(5, 'dnyz521', 'ab412677a10a7f9d7d34c67937bf5c1e', '15867430425', 0, '', 0, '思维空间', '', 0, '0000-00-00', 'https://aliyun.oss.careyshop.cn/会员等级/level2.png?type=aliyun', 2, 0, 3, 1501741634, '127.0.0.1', 1, 1, 1490945016, 1565231779),
(6, 'dnyz522', 'ab412677a10a7f9d7d34c67937bf5c1e', '15867430425', 0, '', 0, '思维空间', '', 0, '0000-00-00', 'https://aliyun.oss.careyshop.cn/会员等级/level2.png?type=aliyun', 2, 0, 3, 1490977294, '', 1, 1, 1490945016, 1565231779),
(7, 'dnyz520_A', '1729c0c36d336144af763b6889057409', '15867430421', 0, '', 0, '', '', 0, '1986-11-26', 'https://aliyun.oss.careyshop.cn/会员等级/level1.png?type=aliyun', 1, 0, 3, 0, '', 1, 1, 1496913131, 1565231646),
(8, 'test', '1729c0c36d336144af763b6889057409', '15867430435', 1, '', 0, '', '', 0, '', 'https://aliyun.oss.careyshop.cn/会员等级/level1.png?type=aliyun', 1, 0, 3, 0, '', 1, 1, 0, 1565231646),
(9, 'test123', '1729c0c36d336144af763b6889057409', '15867430436', 1, '', 0, '', '', 0, '', 'https://aliyun.oss.careyshop.cn/会员等级/level1.png?type=aliyun', 1, 0, 3, 0, '', 1, 0, 0, 1565231646),
(10, 'test1234', 'ab412677a10a7f9d7d34c67937bf5c1e', '15867430437', 1, '', 0, '', '', 0, '', 'https://aliyun.oss.careyshop.cn/会员等级/level1.png?type=aliyun', 1, 0, 3, 0, '', 1, 0, 0, 1565231646),
(11, 'test1235', 'c2ae5ecbc528042b647338de295dba83', '15867430438', 1, '', 0, '', '', 0, '', 'https://aliyun.oss.careyshop.cn/会员等级/level1.png?type=aliyun', 1, 0, 3, 1501683244, '127.0.0.1', 0, 0, 0, 1565231646),
(12, 'Dnyz520666', 'ab412677a10a7f9d7d34c67937bf5c1e', '15867430654', 1, '', 0, '', '', 0, '', 'https://aliyun.oss.careyshop.cn/会员等级/level1.png?type=aliyun', 1, 0, 3, 0, '', 1, 0, 0, 1565231646),
(16, 'Dnyz520888', 'ab412677a10a7f9d7d34c67937bf5c1e', '15867430655', 1, '', 0, '', '', 0, '', 'https://aliyun.oss.careyshop.cn/会员等级/level1.png?type=aliyun', 1, 0, 3, 0, '', 1, 0, 0, 1565231646),
(17, 'carey', 'c2ae5ecbc528042b647338de295dba83', '13071297155', 0, '', 0, 'carey', 'careyshop.oruei.com/uploads/files/20190625/c00b7c190e1508c0f97567a97599bee1.jpg?type=careyshop', 1, '1997-11-20', 'https://aliyun.oss.careyshop.cn/会员等级/level6.png?type=aliyun', 6, 0, 3, 0, '', 0, 1, 1524460342, 1571105834),
(18, 'dnyz251', 'ab412677a10a7f9d7d34c67937bf5c1e', '15867430425', 0, '', 0, 'careya', '//host/head_pic.jpg', 1, '1997-11-20', 'https://aliyun.oss.careyshop.cn/会员等级/level2.png?type=aliyun', 2, 0, 3, 1501751876, '127.0.0.1', 0, 0, 1490945016, 1565231779),
(19, 'dnyz252', 'ab412677a10a7f9d7d34c67937bf5c1e', '15867430425', 0, '', 0, '思维空间', '', 0, '0000-00-00', 'https://aliyun.oss.careyshop.cn/会员等级/level2.png?type=aliyun', 2, 0, 3, 1501741634, '127.0.0.1', 1, 1, 1490945016, 1565231779),
(20, 'dnyz253', 'ab412677a10a7f9d7d34c67937bf5c1e', '15867430425', 0, '', 0, '思维空间', '', 0, '0000-00-00', 'https://aliyun.oss.careyshop.cn/会员等级/level2.png?type=aliyun', 2, 0, 3, 1490977294, '', 1, 1, 1490945016, 1565231779),
(21, 'dnyz254', '1729c0c36d336144af763b6889057409', '15867430421', 0, '', 0, '', '', 0, '1986-11-26', 'https://aliyun.oss.careyshop.cn/会员等级/level1.png?type=aliyun', 1, 0, 3, 0, '', 1, 0, 1496913131, 1565231646),
(22, 'dnyz255', '1729c0c36d336144af763b6889057409', '15867430435', 1, '', 0, '', '', 0, '', 'https://aliyun.oss.careyshop.cn/会员等级/level1.png?type=aliyun', 1, 0, 3, 0, '', 1, 0, 0, 1565231646),
(23, 'dnyz256', '1729c0c36d336144af763b6889057409', '15867430436', 1, '', 0, '', '', 0, '', 'https://aliyun.oss.careyshop.cn/会员等级/level1.png?type=aliyun', 1, 0, 3, 0, '', 1, 0, 0, 1565231646),
(24, 'dnyz257', 'ab412677a10a7f9d7d34c67937bf5c1e', '15867430437', 1, '', 0, '', '', 0, '', 'https://aliyun.oss.careyshop.cn/会员等级/level1.png?type=aliyun', 1, 0, 3, 0, '', 1, 0, 0, 1565231646),
(25, 'dnyz258', 'c2ae5ecbc528042b647338de295dba83', '15867430438', 1, '', 0, '', '', 0, '', 'https://aliyun.oss.careyshop.cn/会员等级/level1.png?type=aliyun', 1, 0, 3, 1501683244, '127.0.0.1', 0, 0, 0, 1565231646),
(26, 'dnyz259', 'ab412677a10a7f9d7d34c67937bf5c1e', '15867430654', 1, '', 0, '', '', 0, '', 'https://aliyun.oss.careyshop.cn/会员等级/level1.png?type=aliyun', 1, 0, 3, 0, '', 1, 0, 0, 1565231646),
(27, 'dnyz260', 'ab412677a10a7f9d7d34c67937bf5c1e', '15867430655', 1, '', 0, '', '', 0, '', 'https://aliyun.oss.careyshop.cn/会员等级/level1.png?type=aliyun', 1, 0, 3, 0, '', 1, 0, 0, 1565231646),
(28, 'dnyz261', 'c2ae5ecbc528042b647338de295dba83', '13071297155', 0, '', 0, 'carey', 'careyshop.oruei.com/uploads/files/20190625/7d91ee273fb17dfa0082c258758924db.jpg?type=careyshop', 1, '1997-11-20', 'https://aliyun.oss.careyshop.cn/会员等级/level6.png?type=aliyun', 6, 0, 3, 0, '', 1, 1, 1524460342, 1571105834),
(29, 'dnyz271', 'ab412677a10a7f9d7d34c67937bf5c1e', '15867430425', 0, '', 0, 'careya', '//host/head_pic.jpg', 1, '1997-11-20', 'https://aliyun.oss.careyshop.cn/会员等级/level2.png?type=aliyun', 2, 0, 3, 1501751876, '127.0.0.1', 0, 0, 1490945016, 1565231779),
(30, 'dnyz272', 'ab412677a10a7f9d7d34c67937bf5c1e', '15867430425', 0, '', 0, '思维空间', '', 0, '0000-00-00', 'https://aliyun.oss.careyshop.cn/会员等级/level2.png?type=aliyun', 2, 0, 3, 1501741634, '127.0.0.1', 1, 1, 1490945016, 1565231779),
(31, 'dnyz273', 'ab412677a10a7f9d7d34c67937bf5c1e', '15867430425', 0, '', 0, '思维空间', '', 0, '0000-00-00', 'https://aliyun.oss.careyshop.cn/会员等级/level2.png?type=aliyun', 2, 0, 3, 1490977294, '', 1, 1, 1490945016, 1565231779),
(32, 'dnyz274', '1729c0c36d336144af763b6889057409', '15867430421', 0, '', 0, '', '', 0, '1986-11-26', 'https://aliyun.oss.careyshop.cn/会员等级/level1.png?type=aliyun', 1, 0, 3, 0, '', 1, 0, 1496913131, 1565231646),
(33, 'dnyz275', '1729c0c36d336144af763b6889057409', '15867430435', 1, '', 0, '', '', 0, '', 'https://aliyun.oss.careyshop.cn/会员等级/level1.png?type=aliyun', 1, 0, 3, 0, '', 1, 0, 0, 1565231646),
(34, 'dnyz276', '1729c0c36d336144af763b6889057409', '15867430436', 1, '', 0, '', '', 0, '', 'https://aliyun.oss.careyshop.cn/会员等级/level1.png?type=aliyun', 1, 0, 3, 0, '', 1, 0, 0, 1565231646),
(35, 'dnyz277', 'ab412677a10a7f9d7d34c67937bf5c1e', '15867430437', 1, '', 0, '', '', 0, '', 'https://aliyun.oss.careyshop.cn/会员等级/level1.png?type=aliyun', 1, 0, 3, 0, '', 1, 0, 0, 1565231646),
(36, 'dnyz278', 'c2ae5ecbc528042b647338de295dba83', '15867430438', 1, '', 0, '', '', 0, '', 'https://aliyun.oss.careyshop.cn/会员等级/level1.png?type=aliyun', 1, 0, 3, 1501683244, '127.0.0.1', 0, 0, 0, 1565231646),
(37, 'dnyz279', 'ab412677a10a7f9d7d34c67937bf5c1e', '15867430654', 1, '', 0, '', '', 0, '', 'https://aliyun.oss.careyshop.cn/会员等级/level1.png?type=aliyun', 1, 0, 3, 0, '', 1, 0, 0, 1565231646),
(38, 'dnyz280', 'ab412677a10a7f9d7d34c67937bf5c1e', '15867430655', 1, '', 0, '', '', 0, '', 'https://aliyun.oss.careyshop.cn/会员等级/level1.png?type=aliyun', 1, 0, 3, 0, '', 1, 0, 0, 1565231646),
(39, 'dnyz281', 'c2ae5ecbc528042b647338de295dba83', '13071297155', 0, '', 0, 'carey', 'careyshop.oruei.com/uploads/files/20190625/c00b7c190e1508c0f97567a97599bee1.jpg?type=careyshop', 1, '1997-11-20', 'https://aliyun.oss.careyshop.cn/会员等级/level6.png?type=aliyun', 6, 0, 3, 0, '', 1, 1, 1524460342, 1571105834),
(40, 'dnyz291', 'ab412677a10a7f9d7d34c67937bf5c1e', '15867430425', 0, '', 0, 'careya666', 'careyshop.oruei.com/uploads/files/20190625/7d91ee273fb17dfa0082c258758924db.jpg?type=careyshop', 1, '1997-11-20', 'https://aliyun.oss.careyshop.cn/会员等级/level2.png?type=aliyun', 2, 0, 3, 1501751876, '127.0.0.1', 1, 0, 1490945016, 1579141064),
(41, 'dnyz292', 'ab412677a10a7f9d7d34c67937bf5c1e', '15867430425', 0, '', 0, '思维空间', '', 0, '0000-00-00', 'https://aliyun.oss.careyshop.cn/会员等级/level2.png?type=aliyun', 2, 0, 3, 1501741634, '127.0.0.1', 1, 1, 1490945016, 1565231779),
(42, 'dnyz293', 'ab412677a10a7f9d7d34c67937bf5c1e', '15867430425', 0, '', 0, '思维空间', '', 0, '0000-00-00', 'https://aliyun.oss.careyshop.cn/会员等级/level2.png?type=aliyun', 2, 0, 3, 1490977294, '', 1, 1, 1490945016, 1565231779),
(43, 'dnyz294', '1729c0c36d336144af763b6889057409', '15867430421', 0, '', 0, '', '', 0, '1986-11-26', 'https://aliyun.oss.careyshop.cn/会员等级/level1.png?type=aliyun', 1, 0, 3, 0, '', 1, 0, 1496913131, 1565231646),
(44, 'dnyz295', '1729c0c36d336144af763b6889057409', '15867430435', 1, '', 0, '', '', 0, '', 'https://aliyun.oss.careyshop.cn/会员等级/level1.png?type=aliyun', 1, 0, 3, 0, '', 1, 0, 0, 1565231646),
(45, 'dnyz296', '1729c0c36d336144af763b6889057409', '15867430436', 1, '', 0, '', '', 0, '', 'https://aliyun.oss.careyshop.cn/会员等级/level1.png?type=aliyun', 1, 0, 3, 0, '', 1, 0, 0, 1565231646),
(46, 'dnyz297', 'ab412677a10a7f9d7d34c67937bf5c1e', '15867430437', 1, '', 0, '', '', 0, '', 'https://aliyun.oss.careyshop.cn/会员等级/level1.png?type=aliyun', 1, 0, 3, 0, '', 1, 0, 0, 1565231646),
(47, 'dnyz298', 'c2ae5ecbc528042b647338de295dba83', '15867430438', 1, '', 0, '', '', 0, '', 'https://aliyun.oss.careyshop.cn/会员等级/level1.png?type=aliyun', 1, 0, 3, 1501683244, '127.0.0.1', 1, 0, 0, 1565231646),
(48, 'dnyz299', 'ab412677a10a7f9d7d34c67937bf5c1e', '15867430654', 1, '', 0, '', '', 0, '', 'https://aliyun.oss.careyshop.cn/会员等级/level1.png?type=aliyun', 1, 0, 3, 0, '', 1, 0, 0, 1565231646),
(49, 'dnyz301', 'ab412677a10a7f9d7d34c67937bf5c1e', '15867430655', 1, '', 0, '', '', 0, '', 'https://aliyun.oss.careyshop.cn/会员等级/level1.png?type=aliyun', 1, 0, 3, 0, '', 1, 0, 0, 1565231646),
(50, 'dnyz302', 'c2ae5ecbc528042b647338de295dba83', '13071297155', 0, '', 0, 'carey', '', 1, '1997-11-20', 'https://aliyun.oss.careyshop.cn/会员等级/level6.png?type=aliyun', 6, 0, 3, 0, '', 1, 1, 1524460342, 1571105834),
(51, 'dnyz251', 'ab412677a10a7f9d7d34c67937bf5c1e', '15867430425', 0, '', 0, 'careya', '', 1, '1997-11-20', 'https://aliyun.oss.careyshop.cn/会员等级/level2.png?type=aliyun', 2, 0, 3, 1501751876, '127.0.0.1', 1, 0, 1490945016, 1565231779),
(52, 'dnyz252', 'ab412677a10a7f9d7d34c67937bf5c1e', '15867430425', 0, '', 0, '思维空间', '', 0, '0000-00-00', 'https://aliyun.oss.careyshop.cn/会员等级/level2.png?type=aliyun', 2, 0, 3, 1501741634, '127.0.0.1', 1, 1, 1490945016, 1565231779),
(53, 'dnyz253', 'ab412677a10a7f9d7d34c67937bf5c1e', '15867430425', 0, '', 0, '思维空间', '', 0, '0000-00-00', 'https://aliyun.oss.careyshop.cn/会员等级/level2.png?type=aliyun', 2, 0, 3, 1490977294, '', 1, 1, 1490945016, 1565231779),
(54, 'dnyz254', '1729c0c36d336144af763b6889057409', '15867430421', 0, '', 0, '', '', 0, '1986-11-26', 'https://aliyun.oss.careyshop.cn/会员等级/level1.png?type=aliyun', 1, 0, 3, 0, '', 1, 0, 1496913131, 1565231646),
(55, 'dnyz255', '1729c0c36d336144af763b6889057409', '15867430435', 1, '', 0, '', '', 0, '', 'https://aliyun.oss.careyshop.cn/会员等级/level1.png?type=aliyun', 1, 0, 3, 0, '', 1, 0, 0, 1565231646),
(56, 'dnyz256', '1729c0c36d336144af763b6889057409', '15867430436', 1, '', 0, '', '', 0, '', 'https://aliyun.oss.careyshop.cn/会员等级/level1.png?type=aliyun', 1, 0, 3, 0, '', 1, 0, 0, 1565231646),
(57, 'dnyz257', 'ab412677a10a7f9d7d34c67937bf5c1e', '15867430437', 1, '', 0, '', '', 0, '', 'https://aliyun.oss.careyshop.cn/会员等级/level1.png?type=aliyun', 1, 0, 3, 0, '', 1, 0, 0, 1565231646),
(58, 'dnyz258', 'c2ae5ecbc528042b647338de295dba83', '15867430438', 1, '', 0, '', '', 0, '', 'https://aliyun.oss.careyshop.cn/会员等级/level1.png?type=aliyun', 1, 0, 3, 1501683244, '127.0.0.1', 1, 0, 0, 1565231646),
(59, 'dnyz259', 'ab412677a10a7f9d7d34c67937bf5c1e', '15867430654', 1, '', 0, '', '', 0, '', 'https://aliyun.oss.careyshop.cn/会员等级/level1.png?type=aliyun', 1, 0, 3, 0, '', 1, 0, 0, 1565231646),
(60, 'dnyz260', 'ab412677a10a7f9d7d34c67937bf5c1e', '15867430655', 1, '', 0, '', '', 0, '', 'https://aliyun.oss.careyshop.cn/会员等级/level1.png?type=aliyun', 1, 0, 3, 0, '', 1, 0, 0, 1565231646),
(61, 'dnyz261', 'c2ae5ecbc528042b647338de295dba83', '13071297155', 0, '', 0, 'carey', '', 1, '1997-11-20', 'https://aliyun.oss.careyshop.cn/会员等级/level6.png?type=aliyun', 6, 0, 3, 0, '', 1, 1, 1524460342, 1571105834),
(62, 'dnyz251', 'ab412677a10a7f9d7d34c67937bf5c1e', '15867430425', 0, '', 0, 'careya', '', 1, '1997-11-20', 'https://aliyun.oss.careyshop.cn/会员等级/level2.png?type=aliyun', 2, 0, 3, 1501751876, '127.0.0.1', 1, 1, 1490945016, 1565231779),
(63, 'dnyz252', 'ab412677a10a7f9d7d34c67937bf5c1e', '15867430425', 0, '', 0, '思维空间', '', 0, '0000-00-00', 'https://aliyun.oss.careyshop.cn/会员等级/level2.png?type=aliyun', 2, 0, 3, 1501741634, '127.0.0.1', 1, 1, 1490945016, 1565231779),
(64, 'dnyz253', 'ab412677a10a7f9d7d34c67937bf5c1e', '15867430425', 0, '', 0, '思维空间', '', 0, '0000-00-00', 'https://aliyun.oss.careyshop.cn/会员等级/level2.png?type=aliyun', 2, 0, 3, 1490977294, '', 1, 1, 1490945016, 1565231779),
(65, 'dnyz254', '1729c0c36d336144af763b6889057409', '15867430421', 0, '', 0, '', '', 0, '1986-11-26', 'https://aliyun.oss.careyshop.cn/会员等级/level1.png?type=aliyun', 1, 0, 3, 0, '', 0, 1, 1496913131, 1565231646),
(66, 'dnyz255', '1729c0c36d336144af763b6889057409', '15867430435', 1, '', 0, '', '//host/head_pic.jpg', 0, '', 'https://aliyun.oss.careyshop.cn/会员等级/level1.png?type=aliyun', 1, 0, 3, 0, '', 1, 1, 1561426824, 1565231646),
(67, 'dnyz256', '53c0dd694cc7b818795e99cb0cb414fb', '15867430436', 1, '', 0, '', 'careyshop.oruei.com/uploads/files/20190627/e2ffeec398a5d31ee522a60ced6f9cdf.png?type=careyshop', 1, '', 'https://aliyun.oss.careyshop.cn/会员等级/level1.png?type=aliyun', 1, 0, 3, 0, '255.255.255.255', 1, 0, 1561431349, 1565231646),
(68, 'dnyz257', 'ab412677a10a7f9d7d34c67937bf5c1e', '15867430437', 1, '', 0, '已不连续', 'http://aliyun.oss.careyshop.cn/uploads/files/20190625/501be098-d163-4ed1-a91c-8274c93e1f68.jpg?type=aliyun', 0, '', 'https://aliyun.oss.careyshop.cn/会员等级/level1.png?type=aliyun', 1, 0, 3, 1561433718, '119.39.77.94', 0, 0, 1561433718, 1581407281),
(69, 'dnyz258', 'c2ae5ecbc528042b647338de295dba83', '15867430438', 0, '', 0, 'carey', 'http://aliyun.oss.careyshop.cn/uploads/files/20190625/b341f4c4-10c3-41b2-b49f-fc83ad3ec1ad.jpg?type=aliyun', 0, '', 'https://aliyun.oss.careyshop.cn/会员等级/level1.png?type=aliyun', 1, 0, 3, 1501683244, '125.116.104.79', 0, 1, 1561441303, 1581407266),
(70, 'dnyz259', 'ab412677a10a7f9d7d34c67937bf5c1e', '15867430654', 0, '', 0, 'CareyShop.', 'http://aliyun.oss.careyshop.cn/uploads/files/20200211/f4620112-1d12-4fbb-864f-2c8812e505a9.png?type=aliyun', 2, '2019-06-19', 'https://aliyun.oss.careyshop.cn/会员等级/level4.png?type=aliyun', 1, 0, 3, 1561441315, '60.247.5.116', 1, 0, 1561441317, 1581406131),
(71, 'dnyz260', 'ab412677a10a7f9d7d34c67937bf5c1e', '15867430655', 1, '', 0, '思维空间', 'http://aliyun.oss.careyshop.cn/uploads/files/20200211/50e61677-9928-4b11-b50c-e4ee83049fc2.jpg?type=aliyun', 2, '2019-06-20', 'https://aliyun.oss.careyshop.cn/会员等级/level4.png?type=aliyun', 1, 0, 3, 1561441320, '125.85.204.222', 1, 0, 1561441320, 1581406113),
(72, 'dnyz261', '4ab5a309309fe53110c5fab7a413472a', '13071297155', 1, 'dnyz261@126.com', 1, 'AAA', 'http://aliyun.oss.careyshop.cn/uploads/files/20200211/c3535333-1a27-4dd0-8186-be78afe9c136.jpg?type=aliyun', 1, '1997-11-20', 'https://aliyun.oss.careyshop.cn/会员等级/level6.png?type=aliyun', 6, 34, 3, 1524472125, '221.12.48.19', 1, 0, 1524460342, 1581406091),
(79, 'admin', '571665dca5638abe5b9b9ba44a3ce68e', '1377777', 0, '', 0, '', '', 0, '', 'https://aliyun.oss.careyshop.cn/会员等级/level1.png?type=aliyun', 1, 0, 3, 0, '', 1, 1, 1561684077, 1565231646),
(80, 'admin1', '799678695df6616e57fb8960eb88fd5a', '1366666', 0, '', 0, '', '', 0, '', 'https://aliyun.oss.careyshop.cn/会员等级/level1.png?type=aliyun', 1, 0, 3, 0, '', 1, 1, 1561684258, 1565231646),
(81, 'admin2', '8fd15c5bb34ccb4398ff678605d18362', '1388888', 0, '', 0, '', '', 0, '', 'https://aliyun.oss.careyshop.cn/会员等级/level1.png?type=aliyun', 1, 0, 3, 0, '', 1, 1, 1561684361, 1565231646),
(82, 'admin3', 'a3f503f93e25cbcad633b1bd25854740', '13565656', 0, '', 0, '', '', 0, '', 'https://aliyun.oss.careyshop.cn/会员等级/level1.png?type=aliyun', 1, 0, 3, 0, '', 1, 1, 1561684542, 1565231646),
(83, 'admin4', 'a3f503f93e25cbcad633b1bd25854740', '131111111', 0, '', 0, '', '', 0, '', 'https://aliyun.oss.careyshop.cn/会员等级/level1.png?type=aliyun', 1, 0, 3, 0, '', 1, 1, 1561684715, 1565231646),
(84, 'dnyz262', 'c2ae5ecbc528042b647338de295dba83', '13777090809', 0, '', 0, '', '', 0, '', 'https://aliyun.oss.careyshop.cn/会员等级/level5.png?type=aliyun', 1, 0, 3, 0, '', 1, 1, 1565228865, 1565231646);

DROP TABLE IF EXISTS `donkey_user_address`;
CREATE TABLE `donkey_user_address` (
  `user_address_id` int(11) UNSIGNED NOT NULL,
  `user_id` int(11) UNSIGNED NOT NULL DEFAULT '0' COMMENT '对应user表',
  `consignee` varchar(30) COLLATE utf8mb4_unicode_ci NOT NULL COMMENT '姓名',
  `country` smallint(5) UNSIGNED NOT NULL DEFAULT '0' COMMENT '国家',
  `region_list` varchar(255) COLLATE utf8mb4_unicode_ci NOT NULL DEFAULT '' COMMENT '区域列表',
  `region` varchar(255) COLLATE utf8mb4_unicode_ci NOT NULL DEFAULT '' COMMENT '所在地区',
  `address` varchar(255) COLLATE utf8mb4_unicode_ci NOT NULL COMMENT '详细地址',
  `zipcode` varchar(20) COLLATE utf8mb4_unicode_ci DEFAULT '' COMMENT '邮编',
  `tel` varchar(15) COLLATE utf8mb4_unicode_ci NOT NULL DEFAULT '' COMMENT '电话',
  `mobile` varchar(15) COLLATE utf8mb4_unicode_ci NOT NULL COMMENT '手机号码',
  `is_delete` tinyint(1) NOT NULL DEFAULT '0' COMMENT '0=未删 1=已删'
) ENGINE=InnoDB DEFAULT CHARSET=utf8mb4 COLLATE=utf8mb4_unicode_ci COMMENT='账号收货地址';

INSERT INTO `donkey_user_address` (`user_address_id`, `user_id`, `consignee`, `country`, `region_list`, `region`, `address`, `zipcode`, `tel`, `mobile`, `is_delete`) VALUES
(3, 72, '赵晓明3', 0, '', '澳门 澳门半岛 江东区', '江北万达商务楼', '315000', '87487585', '13777090314', 1),
(4, 1, '赵晓明No', 0, '', '', '江北区', '', '', '15867430425', 1),
(5, 1, '赵晓明B', 0, '', '', '江北区', '', '', '', 1),
(6, 1, '赵晓明', 0, '', '', '江北区', '', '', '15867430425', 1),
(7, 72, 'A', 0, '', '吉林 四平市 梨树县', 'B', '315000', 'D', '15867430421', 1),
(8, 72, '赵晓明Yes', 0, '', '', '江北区', '', '', '15867430425', 1),
(9, 72, 'B', 0, '', '河北 石家庄市 井陉矿区', 'CCC', '315111', '123456', '15867430425', 1),
(10, 1, '赵晓明', 0, '', '浙江 宁波市 江北区', '江北区', '', '', '15867430425', 0),
(11, 1, '赵晓明', 0, '', '', '江北区', '', '', '15867430425', 0),
(12, 1, '赵晓明', 0, '', '', '江北区', '', '', '15867430425', 0),
(13, 1, '赵晓明', 0, '', '', '江北区', '', '', '15867430425', 0),
(14, 1, '赵晓明', 0, '', '', '江北区', '', '', '15867430425', 0),
(15, 1, '赵晓明', 0, '', '', '江北区', '', '', '15867430425', 0),
(16, 1, '赵晓明', 0, '', '', '江北区', '', '', '15867430425', 0),
(17, 1, '赵晓明', 0, '', '', '江北区', '', '', '15867430425', 0),
(18, 1, '赵晓明', 0, '', '', '江北区', '', '', '15867430425', 1),
(19, 1, '赵晓明', 0, '', '', '江北区', '', '', '15867430425', 0),
(20, 1, '赵晓明', 0, '', '', '江北区', '', '', '15867430425', 0),
(21, 1, '赵晓明', 0, '', '', '江北区', '', '', '15867430425', 0),
(22, 1, '赵晓明', 0, '', '', '江北区', '', '', '15867430425', 0),
(23, 1, '赵晓明', 0, '', '', '江北区', '', '', '15867430425', 0),
(24, 1, '赵晓明', 0, '', '', '江北区', '', '', '15867430425', 0),
(25, 1, '赵晓明', 0, '', '', '江北区', '', '', '15867430425', 0),
(26, 1, '赵晓明', 0, '', '', '江北区', '', '', '15867430425', 0),
(27, 1, '赵晓明', 0, '', '', '江北区', '', '', '15867430425', 0),
(28, 1, '赵晓明', 0, '', '', '江北区', '', '', '15867430425', 0),
(29, 1, '赵晓明', 0, '', '', '江北区', '', '', '15867430425', 0),
(30, 72, '赵晓明yes', 0, '', '湖北 武汉市 武昌区', '江北区江北区江北区江北区', '', '', '15867430425', 1),
(31, 72, 'aaaaaaaaa', 0, '', '上海 上海市 黄浦区', 'aaaaaaaaaaa', '', '', '137777777', 1),
(32, 72, 'aaaaaaaa', 0, '', '天津 天津市 和平区', 'bbbbbbbbbb', '2222222', '1111111111', '131111111111', 1),
(33, 72, 'bbbbbbbbbb', 0, '', '重庆 重庆市 大渡口区', 'cccccccccc', '', '', '131111111111', 1),
(34, 72, '思维', 0, '[12,124,1376]', '浙江 宁波市 海曙区', '江北万达', '315000', '0574-87487585', '13777090215', 0),
(35, 72, '思维', 0, '', '黑龙江 齐齐哈尔市 富拉尔基区', '广厦怡庭北区22幢92号606室', '315000', '', '13071297155', 1),
(36, 72, '张三', 0, '[35,401]', '澳门 离岛', '世纪大道华东成1号楼', '', '', '137777111', 0),
(37, 72, '李四', 0, '[4080,4081]', '钓鱼岛 钓鱼岛', '选中的数据过滤项，如果需要自定义表头过滤的渲染方式，可能会需要此属性。', '', '', '13111111', 0),
(38, 72, 'AAA', 0, '', '上海 上海市 卢湾区', 'BBB', '', '', '1311111', 1),
(39, 72, 'CCC', 0, '', '天津 天津市 河东区', 'DDD', '', '', '1344444', 1),
(40, 72, '55555', 0, '', '重庆 重庆市 大渡口区', '44444', '100000', '222222', '3333333', 1),
(41, 72, '赵晓明', 0, '', '澳门 澳门半岛', '详细地址', '', '', '15867430425', 1),
(42, 72, '赵晓明', 0, '', '澳门 澳门半岛', '详细地址', '', '', '15867430425', 1),
(48, 1, '赵四', 0, '', '浙江 宁波市 江北区', 'address', '', '', '15867430425', 0),
(49, 72, '王五', 0, '[12,124,4044]', '浙江 宁波市 江北区', '详细地址', '', '', '15867430425', 0);

DROP TABLE IF EXISTS `donkey_user_level`;
CREATE TABLE `donkey_user_level` (
  `user_level_id` smallint(5) UNSIGNED NOT NULL,
  `name` varchar(30) COLLATE utf8mb4_unicode_ci NOT NULL COMMENT '等级名称',
  `icon` varchar(512) COLLATE utf8mb4_unicode_ci NOT NULL DEFAULT '' COMMENT '图标',
  `amount` decimal(10,2) NOT NULL COMMENT '消费金额',
  `discount` tinyint(3) NOT NULL COMMENT '折扣',
  `description` varchar(200) COLLATE utf8mb4_unicode_ci DEFAULT '' COMMENT '等级描述'
) ENGINE=InnoDB DEFAULT CHARSET=utf8mb4 COLLATE=utf8mb4_unicode_ci COMMENT='账号等级';

INSERT INTO `donkey_user_level` (`user_level_id`, `name`, `icon`, `amount`, `discount`, `description`) VALUES
(1, '青铜会员', 'https://aliyun.oss.careyshop.cn/会员等级/level1.png?type=aliyun', '0.00', 100, '青铜会员'),
(2, '白银会员', 'https://aliyun.oss.careyshop.cn/会员等级/level2.png?type=aliyun', '10000.00', 98, '白银会员累计消费满10000，全场享9.8折优惠'),
(3, '黄金会员', 'https://aliyun.oss.careyshop.cn/会员等级/level3.png?type=aliyun', '30000.00', 95, '黄金会员累计消费满30000，全场享9.5折优惠'),
(4, '铂金会员', 'https://aliyun.oss.careyshop.cn/会员等级/level4.png?type=aliyun', '50000.00', 92, '铂金会员累计消费满50000，全场享9.2折优惠'),
(5, '钻石会员', 'https://aliyun.oss.careyshop.cn/会员等级/level5.png?type=aliyun', '100000.00', 90, '钻石会员累计消费满100000，全场享9折优惠'),
(6, '至尊 VIP', 'https://aliyun.oss.careyshop.cn/会员等级/level6.png?type=aliyun', '200000.00', 88, '至尊VIP累计消费满200000，全场享8.8折优惠');

DROP TABLE IF EXISTS `donkey_user_money`;
CREATE TABLE `donkey_user_money` (
  `user_money_id` int(11) UNSIGNED NOT NULL,
  `user_id` int(11) UNSIGNED NOT NULL DEFAULT '0' COMMENT '对应user表',
  `total_money` decimal(10,2) NOT NULL DEFAULT '0.00' COMMENT '累计消费',
  `balance` decimal(10,2) NOT NULL DEFAULT '0.00' COMMENT '可用余额',
  `lock_balance` decimal(10,2) NOT NULL DEFAULT '0.00' COMMENT '锁定余额',
  `points` int(11) NOT NULL DEFAULT '0' COMMENT '账号积分',
  `lock_points` int(11) NOT NULL DEFAULT '0' COMMENT '锁定积分'
) ENGINE=InnoDB DEFAULT CHARSET=utf8mb4 COLLATE=utf8mb4_unicode_ci COMMENT='账号资金表';

INSERT INTO `donkey_user_money` (`user_money_id`, `user_id`, `total_money`, `balance`, `lock_balance`, `points`, `lock_points`) VALUES
(1, 1, '182391.72', '898024.68', '445.15', 400, 0),
(2, 73, '0.00', '0.00', '0.00', 0, 0),
(3, 74, '0.00', '0.00', '0.00', 0, 0),
(4, 75, '0.00', '0.00', '0.00', 0, 0),
(5, 76, '0.00', '0.00', '0.00', 0, 0),
(6, 77, '0.00', '0.00', '0.00', 0, 0),
(7, 78, '0.00', '0.00', '0.00', 0, 0),
(8, 72, '999.00', '1323.54', '445.15', 400, 0),
(9, 79, '0.00', '0.00', '0.00', 0, 0),
(10, 80, '0.00', '0.00', '0.00', 0, 0),
(11, 81, '0.00', '0.00', '0.00', 0, 0),
(12, 82, '0.00', '0.00', '0.00', 0, 0),
(13, 83, '0.00', '0.00', '0.00', 0, 0),
(14, 84, '0.00', '0.00', '0.00', 0, 0);

DROP TABLE IF EXISTS `donkey_verification`;
CREATE TABLE `donkey_verification` (
  `verification_id` int(11) UNSIGNED NOT NULL,
  `number` varchar(60) COLLATE utf8mb4_unicode_ci NOT NULL COMMENT '号码',
  `code` varchar(6) COLLATE utf8mb4_unicode_ci NOT NULL COMMENT '验证码',
  `status` tinyint(1) NOT NULL DEFAULT '1' COMMENT '0=无效 1=有效',
  `type` enum('sms','email') COLLATE utf8mb4_unicode_ci NOT NULL COMMENT '类型',
  `create_time` int(11) NOT NULL DEFAULT '0' COMMENT '创建日期'
) ENGINE=InnoDB DEFAULT CHARSET=utf8mb4 COLLATE=utf8mb4_unicode_ci COMMENT='验证码';

INSERT INTO `donkey_verification` (`verification_id`, `number`, `code`, `status`, `type`, `create_time`) VALUES
(1, '13071297155', '666666', 0, 'sms', 1561538521),
(2, 'dnyz261@126.com', '888888', 0, 'email', 1561538521),
(3, '15867430425', '571422', 1, 'sms', 1587953305);

DROP TABLE IF EXISTS `donkey_withdraw`;
CREATE TABLE `donkey_withdraw` (
  `withdraw_id` int(11) UNSIGNED NOT NULL,
  `withdraw_no` varchar(50) COLLATE utf8mb4_unicode_ci NOT NULL COMMENT '提现单号',
  `user_id` int(11) UNSIGNED NOT NULL DEFAULT '0' COMMENT '对应user表',
  `name` varchar(32) COLLATE utf8mb4_unicode_ci NOT NULL COMMENT '收款人姓名',
  `mobile` varchar(12) COLLATE utf8mb4_unicode_ci NOT NULL COMMENT '收款人手机',
  `bank_name` varchar(50) COLLATE utf8mb4_unicode_ci NOT NULL COMMENT '收款账户',
  `account` varchar(100) COLLATE utf8mb4_unicode_ci NOT NULL COMMENT '收款账号',
  `money` decimal(10,2) NOT NULL COMMENT '提现金额',
  `fee` decimal(10,2) NOT NULL DEFAULT '0.00' COMMENT '手续费(百分比)',
  `amount` decimal(10,2) NOT NULL COMMENT '合计金额',
  `remark` varchar(255) COLLATE utf8mb4_unicode_ci NOT NULL DEFAULT '' COMMENT '备注',
  `status` tinyint(1) NOT NULL DEFAULT '0' COMMENT '0=待处理 1=处理中 2=已取消 3=已完成 4=已拒绝',
  `create_time` int(11) NOT NULL DEFAULT '0' COMMENT '创建日期',
  `update_time` int(11) NOT NULL DEFAULT '0' COMMENT '更新日期'
) ENGINE=InnoDB DEFAULT CHARSET=utf8mb4 COLLATE=utf8mb4_unicode_ci COMMENT='提现申请';

INSERT INTO `donkey_withdraw` (`withdraw_id`, `withdraw_no`, `user_id`, `name`, `mobile`, `bank_name`, `account`, `money`, `fee`, `amount`, `remark`, `status`, `create_time`, `update_time`) VALUES
(1, 'TX_H6238358225052790001', 1, '赵晓明', '15867430425', '支付宝', 'dnyz520@163.com', '100.00', '0.00', '100.00', '', 2, 1498183582, 1498183761),
(2, 'TX_H6238479678832110001', 1, '赵晓明', '15867430425', '支付宝', 'dnyz520@163.com', '99.99', '0.00', '99.99', '备注', 3, 1498184796, 1498206529),
(4, 'TX_H6238547918993630001', 1, '赵晓明', '15867430425', '支付宝', 'dnyz520@163.com', '99.99', '6.00', '105.99', '账号不完整账号不完整账号不完整账号不完整账号不完整账号不完整账号不完整账号不完整账号不完整账号不完整账号不完整账号不完整', 4, 1498185479, 1498209124),
(5, 'TX_H6300542394601500001', 1, '赵晓明', '15867430425', '支付宝', 'dnyz520@163.com', '104.50', '6.00', '110.77', '提现完成备注测试', 3, 1498805424, 1561345801),
(6, 'TX_H6300543145824740001', 1, '赵晓明', '15867430425', '支付宝', 'dnyz520@163.com', '104.50', '6.00', '110.77', '账号不正确', 1, 1498805431, 1561345837),
(7, 'TX_H6300543945944240001', 1, '赵晓明', '15867430425', '支付宝', 'dnyz520@163.com', '104.50', '6.00', '110.77', 'ok', 0, 1498805439, 1561345860),
(8, 'TX_H6300544085683450001', 1, '赵晓明', '15867430425', '支付宝', 'dnyz520@163.com', '104.50', '6.00', '110.77', 'ok', 0, 1498805440, 1561354718),
(9, 'TX_H6300544219265430001', 1, '赵晓明', '15867430425', '支付宝', 'dnyz520@163.com', '104.50', '6.00', '110.77', 'value', 0, 1498805442, 1561345925),
(10, 'TX_H6300544401461660001', 1, '赵晓明', '15867430425', '支付宝', 'dnyz520@163.com', '104.50', '6.00', '110.77', '', 0, 1498805444, 1561347165),
(12, 'TX_H7079689041181850001', 1, '赵晓明', '15867430425', '支付宝', 'dnyz520@163.com', '0.03', '6.00', '0.03', '', 0, 1499396890, 1499396890);

DROP TABLE IF EXISTS `donkey_withdraw_user`;
CREATE TABLE `donkey_withdraw_user` (
  `withdraw_user_id` int(11) UNSIGNED NOT NULL,
  `user_id` int(11) UNSIGNED NOT NULL DEFAULT '0' COMMENT '对应user表',
  `name` varchar(32) COLLATE utf8mb4_unicode_ci NOT NULL COMMENT '收款人姓名',
  `mobile` varchar(15) COLLATE utf8mb4_unicode_ci NOT NULL COMMENT '收款人手机',
  `bank_name` varchar(50) COLLATE utf8mb4_unicode_ci NOT NULL COMMENT '收款账户',
  `account` varchar(100) COLLATE utf8mb4_unicode_ci NOT NULL COMMENT '收款账号',
  `is_delete` tinyint(1) NOT NULL DEFAULT '0' COMMENT '0=未删 1=已删'
) ENGINE=InnoDB DEFAULT CHARSET=utf8mb4 COLLATE=utf8mb4_unicode_ci COMMENT='提现账号';

INSERT INTO `donkey_withdraw_user` (`withdraw_user_id`, `user_id`, `name`, `mobile`, `bank_name`, `account`, `is_delete`) VALUES
(1, 1, '赵晓明', '15867430425', '支付宝', 'dnyz520@163.com', 0),
(2, 1, '赵楷瑞', '15867430425', '支付宝', 'dnyz520@126.com', 1),
(3, 2, '赵楷瑞', '15867430425', '支付宝', 'dnyz520@126.com', 0),
(4, 1, '1', '22222222', '3', '4', 0),
(5, 72, '101', '22222222301', '301', '401', 0),
(6, 72, '2', '2222224444', '3', '4', 1),
(7, 72, '333', '33333333', '3', '3', 0),
(8, 72, 'A1', '1311111', 'B2', 'C3', 0);


ALTER TABLE `donkey_action_log`
  ADD PRIMARY KEY (`action_log_id`),
  ADD KEY `client_type` (`client_type`),
  ADD KEY `path` (`path`),
  ADD KEY `status` (`status`);

ALTER TABLE `donkey_admin`
  ADD PRIMARY KEY (`admin_id`),
  ADD KEY `username` (`username`),
  ADD KEY `status` (`status`),
  ADD KEY `is_delete` (`is_delete`),
  ADD KEY `nickname` (`nickname`),
  ADD KEY `group_id` (`group_id`);

ALTER TABLE `donkey_ads`
  ADD PRIMARY KEY (`ads_id`),
  ADD KEY `ads_position_id` (`ads_position_id`),
  ADD KEY `start_time` (`begin_time`),
  ADD KEY `end_time` (`end_time`),
  ADD KEY `sort` (`sort`),
  ADD KEY `status` (`status`) USING BTREE,
  ADD KEY `code` (`code`),
  ADD KEY `platform` (`platform`);

ALTER TABLE `donkey_ads_position`
  ADD PRIMARY KEY (`ads_position_id`),
  ADD KEY `status` (`status`),
  ADD KEY `name` (`name`) USING BTREE,
  ADD KEY `code` (`code`),
  ADD KEY `platform` (`platform`);

ALTER TABLE `donkey_app`
  ADD PRIMARY KEY (`app_id`),
  ADD KEY `app_key` (`app_key`),
  ADD KEY `status` (`status`),
  ADD KEY `is_delete` (`is_delete`);

ALTER TABLE `donkey_app_install`
  ADD PRIMARY KEY (`app_install_id`),
  ADD KEY `user_agent` (`user_agent`),
  ADD KEY `name` (`name`);

ALTER TABLE `donkey_article`
  ADD PRIMARY KEY (`article_id`),
  ADD KEY `article_cat_id` (`article_cat_id`),
  ADD KEY `is_top` (`is_top`),
  ADD KEY `status` (`status`) USING BTREE;

ALTER TABLE `donkey_article_cat`
  ADD PRIMARY KEY (`article_cat_id`),
  ADD KEY `parent_id` (`parent_id`),
  ADD KEY `cat_type` (`cat_type`),
  ADD KEY `sort` (`sort`),
  ADD KEY `is_navi` (`is_navi`) USING BTREE;

ALTER TABLE `donkey_ask`
  ADD PRIMARY KEY (`ask_id`),
  ADD KEY `user_id` (`user_id`),
  ADD KEY `status` (`status`),
  ADD KEY `parent_id` (`parent_id`),
  ADD KEY `ask_type` (`ask_type`) USING BTREE,
  ADD KEY `is_delete` (`is_delete`);

ALTER TABLE `donkey_auth_group`
  ADD PRIMARY KEY (`group_id`),
  ADD KEY `module` (`module`),
  ADD KEY `sort` (`sort`),
  ADD KEY `status` (`status`);

ALTER TABLE `donkey_auth_rule`
  ADD PRIMARY KEY (`rule_id`),
  ADD KEY `module` (`module`),
  ADD KEY `status` (`status`),
  ADD KEY `group_id` (`group_id`),
  ADD KEY `sort` (`sort`);

ALTER TABLE `donkey_brand`
  ADD PRIMARY KEY (`brand_id`),
  ADD KEY `is_show` (`status`),
  ADD KEY `name` (`name`),
  ADD KEY `goods_category_id` (`goods_category_id`),
  ADD KEY `sort` (`sort`);

ALTER TABLE `donkey_card`
  ADD PRIMARY KEY (`card_id`),
  ADD KEY `name` (`name`),
  ADD KEY `status` (`status`),
  ADD KEY `is_delete` (`is_delete`);

ALTER TABLE `donkey_card_use`
  ADD PRIMARY KEY (`card_use_id`) USING BTREE,
  ADD KEY `card_id` (`card_id`),
  ADD KEY `user_id` (`user_id`),
  ADD KEY `number` (`number`),
  ADD KEY `money` (`money`),
  ADD KEY `is_invalid` (`is_invalid`) USING BTREE;

ALTER TABLE `donkey_cart`
  ADD PRIMARY KEY (`cart_id`),
  ADD KEY `user_id` (`user_id`),
  ADD KEY `goods_id` (`goods_id`),
  ADD KEY `key_name` (`key_name`),
  ADD KEY `update_time` (`update_time`),
  ADD KEY `is_show` (`is_show`);

ALTER TABLE `donkey_collect`
  ADD PRIMARY KEY (`collect_id`),
  ADD KEY `user_id` (`user_id`),
  ADD KEY `is_top` (`is_top`),
  ADD KEY `goods_id` (`goods_id`);

ALTER TABLE `donkey_coupon`
  ADD PRIMARY KEY (`coupon_id`),
  ADD KEY `name` (`name`),
  ADD KEY `is_delete` (`is_delete`),
  ADD KEY `type` (`type`),
  ADD KEY `status` (`status`),
  ADD KEY `is_invalid` (`is_invalid`),
  ADD KEY `use_end_time` (`use_end_time`),
  ADD KEY `give_code` (`give_code`) USING BTREE;

ALTER TABLE `donkey_coupon_give`
  ADD PRIMARY KEY (`coupon_give_id`),
  ADD KEY `coupon_id` (`coupon_id`),
  ADD KEY `user_id` (`user_id`),
  ADD KEY `use_time` (`use_time`),
  ADD KEY `is_delete` (`is_delete`),
  ADD KEY `exchange_code` (`exchange_code`) USING BTREE;

ALTER TABLE `donkey_delivery`
  ADD PRIMARY KEY (`delivery_id`),
  ADD KEY `status` (`status`),
  ADD KEY `sort` (`sort`),
  ADD KEY `delivery_item_id` (`delivery_item_id`);

ALTER TABLE `donkey_delivery_area`
  ADD PRIMARY KEY (`delivery_area_id`),
  ADD KEY `delivery_id` (`delivery_id`);

ALTER TABLE `donkey_delivery_dist`
  ADD PRIMARY KEY (`delivery_dist_id`),
  ADD KEY `user_id` (`user_id`),
  ADD KEY `state` (`state`),
  ADD KEY `delivery_code` (`delivery_code`),
  ADD KEY `logistic_code` (`logistic_code`),
  ADD KEY `order_code` (`order_code`) USING BTREE,
  ADD KEY `is_sub` (`is_sub`);

ALTER TABLE `donkey_delivery_item`
  ADD PRIMARY KEY (`delivery_item_id`),
  ADD KEY `type` (`type`),
  ADD KEY `is_delete` (`is_delete`) USING BTREE;

ALTER TABLE `donkey_discount`
  ADD PRIMARY KEY (`discount_id`),
  ADD KEY `begin_time` (`begin_time`),
  ADD KEY `end_time` (`end_time`),
  ADD KEY `status` (`status`);

ALTER TABLE `donkey_discount_goods`
  ADD KEY `discount_id` (`discount_id`),
  ADD KEY `goods_id` (`goods_id`);

ALTER TABLE `donkey_friend_link`
  ADD PRIMARY KEY (`friend_link_id`),
  ADD KEY `sort` (`sort`),
  ADD KEY `status` (`status`) USING BTREE;

ALTER TABLE `donkey_goods`
  ADD PRIMARY KEY (`goods_id`),
  ADD KEY `goods_code` (`goods_code`),
  ADD KEY `name` (`name`(191)),
  ADD KEY `goods_category_id` (`goods_category_id`),
  ADD KEY `brand_id` (`brand_id`),
  ADD KEY `is_integral` (`is_integral`),
  ADD KEY `is_recommend` (`is_recommend`),
  ADD KEY `is_new` (`is_new`),
  ADD KEY `is_hot` (`is_hot`),
  ADD KEY `sort` (`sort`),
  ADD KEY `status` (`status`),
  ADD KEY `shop_price` (`shop_price`),
  ADD KEY `is_delete` (`is_delete`),
  ADD KEY `store_qty` (`store_qty`),
  ADD KEY `is_postage` (`is_postage`),
  ADD KEY `bar_code` (`bar_code`);

ALTER TABLE `donkey_goods_attr`
  ADD KEY `goods_id` (`goods_id`),
  ADD KEY `is_important` (`is_important`),
  ADD KEY `parent_id` (`parent_id`),
  ADD KEY `attr_value` (`attr_value`),
  ADD KEY `goods_attribute_id` (`goods_attribute_id`),
  ADD KEY `sort` (`sort`);

ALTER TABLE `donkey_goods_attribute`
  ADD PRIMARY KEY (`goods_attribute_id`),
  ADD KEY `goods_type_id` (`goods_type_id`),
  ADD KEY `sort` (`sort`),
  ADD KEY `parent_id` (`parent_id`),
  ADD KEY `is_delete` (`is_delete`),
  ADD KEY `attr_index` (`attr_index`);

ALTER TABLE `donkey_goods_attr_config`
  ADD PRIMARY KEY (`goods_attr_config_id`),
  ADD KEY `goods_id` (`goods_id`);

ALTER TABLE `donkey_goods_category`
  ADD PRIMARY KEY (`goods_category_id`),
  ADD KEY `parent_id` (`parent_id`),
  ADD KEY `category_type` (`category_type`),
  ADD KEY `status` (`status`),
  ADD KEY `sort` (`sort`),
  ADD KEY `is_navi` (`is_navi`) USING BTREE;

ALTER TABLE `donkey_goods_comment`
  ADD PRIMARY KEY (`goods_comment_id`),
  ADD KEY `type` (`type`),
  ADD KEY `parent_id` (`parent_id`),
  ADD KEY `goods_id` (`goods_id`),
  ADD KEY `is_delete` (`is_delete`),
  ADD KEY `is_top` (`is_top`),
  ADD KEY `score` (`score`),
  ADD KEY `is_show` (`is_show`),
  ADD KEY `is_image` (`is_image`),
  ADD KEY `order_no` (`order_no`),
  ADD KEY `user_id` (`user_id`),
  ADD KEY `order_goods_id` (`order_goods_id`),
  ADD KEY `is_append` (`is_append`);

ALTER TABLE `donkey_goods_consult`
  ADD PRIMARY KEY (`goods_consult_id`),
  ADD KEY `parent_id` (`parent_id`),
  ADD KEY `is_delete` (`is_delete`),
  ADD KEY `is_show` (`is_show`),
  ADD KEY `status` (`status`);

ALTER TABLE `donkey_goods_reply`
  ADD PRIMARY KEY (`goods_reply_id`),
  ADD KEY `goods_comment_id` (`goods_comment_id`);

ALTER TABLE `donkey_goods_type`
  ADD PRIMARY KEY (`goods_type_id`);

ALTER TABLE `donkey_help`
  ADD PRIMARY KEY (`help_id`),
  ADD KEY `router` (`router`),
  ADD KEY `module` (`module`);

ALTER TABLE `donkey_history`
  ADD PRIMARY KEY (`history_id`),
  ADD KEY `user_id` (`user_id`),
  ADD KEY `goods_id` (`goods_id`),
  ADD KEY `update_time` (`update_time`);

ALTER TABLE `donkey_menu`
  ADD PRIMARY KEY (`menu_id`),
  ADD KEY `parent_id` (`parent_id`),
  ADD KEY `sort` (`sort`),
  ADD KEY `status` (`status`),
  ADD KEY `module` (`module`) USING BTREE,
  ADD KEY `is_navi` (`is_navi`);

ALTER TABLE `donkey_message`
  ADD PRIMARY KEY (`message_id`),
  ADD KEY `type` (`type`),
  ADD KEY `is_top` (`is_top`),
  ADD KEY `status` (`status`),
  ADD KEY `is_delete` (`is_delete`),
  ADD KEY `member` (`member`) USING BTREE,
  ADD KEY `create_time` (`create_time`);

ALTER TABLE `donkey_message_user`
  ADD PRIMARY KEY (`message_user_id`),
  ADD KEY `message_id` (`message_id`),
  ADD KEY `user_id` (`user_id`),
  ADD KEY `is_delete` (`is_delete`),
  ADD KEY `is_read` (`is_read`),
  ADD KEY `admin_id` (`admin_id`);

ALTER TABLE `donkey_navigation`
  ADD PRIMARY KEY (`navigation_id`);

ALTER TABLE `donkey_notice_item`
  ADD PRIMARY KEY (`notice_item_id`),
  ADD KEY `type` (`type`);

ALTER TABLE `donkey_notice_tpl`
  ADD PRIMARY KEY (`notice_tpl_id`),
  ADD KEY `status` (`status`),
  ADD KEY `code` (`code`),
  ADD KEY `type` (`type`);

ALTER TABLE `donkey_order`
  ADD PRIMARY KEY (`order_id`),
  ADD KEY `parent_id` (`parent_id`),
  ADD KEY `order_no` (`order_no`),
  ADD KEY `user_id` (`user_id`),
  ADD KEY `trade_status` (`trade_status`),
  ADD KEY `delivery_status` (`delivery_status`),
  ADD KEY `payment_status` (`payment_status`),
  ADD KEY `create_user_id` (`create_user_id`),
  ADD KEY `is_delete` (`is_delete`),
  ADD KEY `create_time` (`create_time`),
  ADD KEY `delivery_time` (`delivery_time`);

ALTER TABLE `donkey_order_goods`
  ADD PRIMARY KEY (`order_goods_id`),
  ADD KEY `order_id` (`order_id`),
  ADD KEY `order_no` (`order_no`),
  ADD KEY `goods_name` (`goods_name`),
  ADD KEY `goods_id` (`goods_id`),
  ADD KEY `key_name` (`key_name`),
  ADD KEY `is_comment` (`is_comment`),
  ADD KEY `user_id` (`user_id`),
  ADD KEY `status` (`status`) USING BTREE,
  ADD KEY `is_service` (`is_service`);

ALTER TABLE `donkey_order_log`
  ADD PRIMARY KEY (`order_log_id`),
  ADD KEY `order_id` (`order_id`),
  ADD KEY `order_no` (`order_no`);

ALTER TABLE `donkey_order_refund`
  ADD PRIMARY KEY (`order_refund_id`),
  ADD KEY `refund_no` (`refund_no`),
  ADD KEY `order_no` (`order_no`),
  ADD KEY `user_id` (`user_id`),
  ADD KEY `status` (`status`);

ALTER TABLE `donkey_order_service`
  ADD PRIMARY KEY (`order_service_id`),
  ADD KEY `service_no` (`service_no`),
  ADD KEY `user_id` (`user_id`),
  ADD KEY `order_no` (`order_no`),
  ADD KEY `status` (`status`),
  ADD KEY `type` (`type`),
  ADD KEY `order_goods_id` (`order_goods_id`),
  ADD KEY `admin_event` (`admin_event`) USING BTREE,
  ADD KEY `user_event` (`user_event`) USING BTREE,
  ADD KEY `admin_id` (`admin_id`) USING BTREE;

ALTER TABLE `donkey_payment`
  ADD PRIMARY KEY (`payment_id`),
  ADD KEY `code` (`code`),
  ADD KEY `sort` (`sort`),
  ADD KEY `status` (`status`);

ALTER TABLE `donkey_payment_log`
  ADD PRIMARY KEY (`payment_log_id`),
  ADD KEY `payment_no` (`payment_no`),
  ADD KEY `user_id` (`user_id`),
  ADD KEY `order_no` (`order_no`),
  ADD KEY `type` (`type`),
  ADD KEY `status` (`status`),
  ADD KEY `trade_no` (`out_trade_no`);

ALTER TABLE `donkey_praise`
  ADD PRIMARY KEY (`praise_id`),
  ADD KEY `user_id` (`user_id`),
  ADD KEY `goods_comment_id` (`goods_comment_id`);

ALTER TABLE `donkey_promotion`
  ADD PRIMARY KEY (`promotion_id`),
  ADD KEY `begin_time` (`begin_time`),
  ADD KEY `end_time` (`end_time`),
  ADD KEY `status` (`status`);

ALTER TABLE `donkey_promotion_item`
  ADD KEY `promotion_id` (`promotion_id`),
  ADD KEY `quota` (`quota`);

ALTER TABLE `donkey_qrcode`
  ADD PRIMARY KEY (`qrcode_id`);

ALTER TABLE `donkey_region`
  ADD PRIMARY KEY (`region_id`),
  ADD KEY `parent_id` (`parent_id`),
  ADD KEY `is_delete` (`is_delete`),
  ADD KEY `sort` (`sort`);

ALTER TABLE `donkey_service_log`
  ADD PRIMARY KEY (`service_log_id`),
  ADD KEY `order_service_id` (`order_service_id`),
  ADD KEY `service_no` (`service_no`);

ALTER TABLE `donkey_setting`
  ADD PRIMARY KEY (`setting_id`) USING BTREE,
  ADD KEY `code` (`code`),
  ADD KEY `module` (`module`);

ALTER TABLE `donkey_spec`
  ADD PRIMARY KEY (`spec_id`) USING BTREE,
  ADD KEY `goods_type_id` (`goods_type_id`),
  ADD KEY `sort` (`sort`),
  ADD KEY `spec_index` (`spec_index`);

ALTER TABLE `donkey_spec_config`
  ADD PRIMARY KEY (`spec_config_id`),
  ADD KEY `goods_id` (`goods_id`);

ALTER TABLE `donkey_spec_goods`
  ADD KEY `goods_id` (`goods_id`),
  ADD KEY `key_name` (`key_name`);

ALTER TABLE `donkey_spec_image`
  ADD KEY `goods_id` (`goods_id`),
  ADD KEY `spec_item_id` (`spec_item_id`);

ALTER TABLE `donkey_spec_item`
  ADD PRIMARY KEY (`spec_item_id`),
  ADD KEY `spec_id` (`spec_id`),
  ADD KEY `is_contact` (`is_contact`) USING BTREE,
  ADD KEY `sort` (`sort`) USING BTREE;

ALTER TABLE `donkey_storage`
  ADD PRIMARY KEY (`storage_id`),
  ADD KEY `parent_id` (`parent_id`),
  ADD KEY `type` (`type`),
  ADD KEY `sort` (`sort`),
  ADD KEY `hash` (`hash`),
  ADD KEY `path` (`path`),
  ADD KEY `name` (`name`),
  ADD KEY `protocol` (`protocol`),
  ADD KEY `priority` (`priority`);

ALTER TABLE `donkey_storage_style`
  ADD PRIMARY KEY (`storage_style_id`) USING BTREE,
  ADD KEY `code` (`code`),
  ADD KEY `platform` (`platform`),
  ADD KEY `status` (`status`);

ALTER TABLE `donkey_support`
  ADD PRIMARY KEY (`support_id`),
  ADD KEY `status` (`status`),
  ADD KEY `sort` (`sort`);

ALTER TABLE `donkey_token`
  ADD PRIMARY KEY (`token_id`),
  ADD KEY `user_id` (`client_id`),
  ADD KEY `admin_id` (`platform`),
  ADD KEY `client_type` (`client_type`),
  ADD KEY `token` (`token`);

ALTER TABLE `donkey_topic`
  ADD PRIMARY KEY (`topic_id`),
  ADD KEY `is_show` (`status`);

ALTER TABLE `donkey_transaction`
  ADD PRIMARY KEY (`transaction_id`),
  ADD KEY `user_id` (`user_id`),
  ADD KEY `type` (`type`),
  ADD KEY `order_no` (`source_no`),
  ADD KEY `module` (`module`),
  ADD KEY `create_time` (`create_time`),
  ADD KEY `card_number` (`card_number`);

ALTER TABLE `donkey_user`
  ADD PRIMARY KEY (`user_id`),
  ADD KEY `username` (`username`),
  ADD KEY `mobile` (`mobile`),
  ADD KEY `email` (`email`),
  ADD KEY `nickname` (`nickname`),
  ADD KEY `user_level_id` (`user_level_id`),
  ADD KEY `status` (`status`),
  ADD KEY `is_delete` (`is_delete`);

ALTER TABLE `donkey_user_address`
  ADD PRIMARY KEY (`user_address_id`),
  ADD KEY `user_id` (`user_id`),
  ADD KEY `is_delete` (`is_delete`);

ALTER TABLE `donkey_user_level`
  ADD PRIMARY KEY (`user_level_id`),
  ADD KEY `amount` (`amount`);

ALTER TABLE `donkey_user_money`
  ADD PRIMARY KEY (`user_money_id`),
  ADD KEY `user_id` (`user_id`);

ALTER TABLE `donkey_verification`
  ADD PRIMARY KEY (`verification_id`),
  ADD KEY `number` (`number`),
  ADD KEY `code` (`code`);

ALTER TABLE `donkey_withdraw`
  ADD PRIMARY KEY (`withdraw_id`),
  ADD KEY `user_id` (`user_id`),
  ADD KEY `status` (`status`),
  ADD KEY `withdraw_no` (`withdraw_no`),
  ADD KEY `create_time` (`create_time`);

ALTER TABLE `donkey_withdraw_user`
  ADD PRIMARY KEY (`withdraw_user_id`),
  ADD KEY `user_id` (`user_id`),
  ADD KEY `is_delete` (`is_delete`);


ALTER TABLE `donkey_action_log`
  MODIFY `action_log_id` int(11) UNSIGNED NOT NULL AUTO_INCREMENT;
ALTER TABLE `donkey_admin`
  MODIFY `admin_id` int(11) UNSIGNED NOT NULL AUTO_INCREMENT, AUTO_INCREMENT=59;
ALTER TABLE `donkey_ads`
  MODIFY `ads_id` int(11) UNSIGNED NOT NULL AUTO_INCREMENT, AUTO_INCREMENT=116;
ALTER TABLE `donkey_ads_position`
  MODIFY `ads_position_id` smallint(5) UNSIGNED NOT NULL AUTO_INCREMENT, AUTO_INCREMENT=171;
ALTER TABLE `donkey_app`
  MODIFY `app_id` smallint(5) UNSIGNED NOT NULL AUTO_INCREMENT, AUTO_INCREMENT=4;
ALTER TABLE `donkey_app_install`
  MODIFY `app_install_id` smallint(5) UNSIGNED NOT NULL AUTO_INCREMENT, AUTO_INCREMENT=2;
ALTER TABLE `donkey_article`
  MODIFY `article_id` int(11) UNSIGNED NOT NULL AUTO_INCREMENT, AUTO_INCREMENT=264;
ALTER TABLE `donkey_article_cat`
  MODIFY `article_cat_id` smallint(5) UNSIGNED NOT NULL AUTO_INCREMENT, AUTO_INCREMENT=29;
ALTER TABLE `donkey_ask`
  MODIFY `ask_id` int(11) UNSIGNED NOT NULL AUTO_INCREMENT, AUTO_INCREMENT=170;
ALTER TABLE `donkey_auth_group`
  MODIFY `group_id` mediumint(9) UNSIGNED NOT NULL AUTO_INCREMENT, AUTO_INCREMENT=10;
ALTER TABLE `donkey_auth_rule`
  MODIFY `rule_id` mediumint(8) UNSIGNED NOT NULL AUTO_INCREMENT, AUTO_INCREMENT=18;
ALTER TABLE `donkey_brand`
  MODIFY `brand_id` smallint(5) UNSIGNED NOT NULL AUTO_INCREMENT, AUTO_INCREMENT=33;
ALTER TABLE `donkey_card`
  MODIFY `card_id` int(11) UNSIGNED NOT NULL AUTO_INCREMENT, AUTO_INCREMENT=46;
ALTER TABLE `donkey_card_use`
  MODIFY `card_use_id` int(11) UNSIGNED NOT NULL AUTO_INCREMENT, AUTO_INCREMENT=1024;
ALTER TABLE `donkey_cart`
  MODIFY `cart_id` int(11) UNSIGNED NOT NULL AUTO_INCREMENT, AUTO_INCREMENT=7;
ALTER TABLE `donkey_collect`
  MODIFY `collect_id` int(11) UNSIGNED NOT NULL AUTO_INCREMENT;
ALTER TABLE `donkey_coupon`
  MODIFY `coupon_id` smallint(5) UNSIGNED NOT NULL AUTO_INCREMENT, AUTO_INCREMENT=71;
ALTER TABLE `donkey_coupon_give`
  MODIFY `coupon_give_id` int(11) UNSIGNED NOT NULL AUTO_INCREMENT, AUTO_INCREMENT=2107;
ALTER TABLE `donkey_delivery`
  MODIFY `delivery_id` smallint(5) UNSIGNED NOT NULL AUTO_INCREMENT, AUTO_INCREMENT=23;
ALTER TABLE `donkey_delivery_area`
  MODIFY `delivery_area_id` smallint(5) UNSIGNED NOT NULL AUTO_INCREMENT, AUTO_INCREMENT=27;
ALTER TABLE `donkey_delivery_dist`
  MODIFY `delivery_dist_id` int(11) UNSIGNED NOT NULL AUTO_INCREMENT, AUTO_INCREMENT=205;
ALTER TABLE `donkey_delivery_item`
  MODIFY `delivery_item_id` smallint(5) UNSIGNED NOT NULL AUTO_INCREMENT, AUTO_INCREMENT=512;
ALTER TABLE `donkey_discount`
  MODIFY `discount_id` int(11) UNSIGNED NOT NULL AUTO_INCREMENT, AUTO_INCREMENT=70;
ALTER TABLE `donkey_friend_link`
  MODIFY `friend_link_id` smallint(5) UNSIGNED NOT NULL AUTO_INCREMENT, AUTO_INCREMENT=52;
ALTER TABLE `donkey_goods`
  MODIFY `goods_id` int(11) UNSIGNED NOT NULL AUTO_INCREMENT, AUTO_INCREMENT=294;
ALTER TABLE `donkey_goods_attribute`
  MODIFY `goods_attribute_id` int(11) UNSIGNED NOT NULL AUTO_INCREMENT, AUTO_INCREMENT=42;
ALTER TABLE `donkey_goods_attr_config`
  MODIFY `goods_attr_config_id` int(11) UNSIGNED NOT NULL AUTO_INCREMENT, AUTO_INCREMENT=37;
ALTER TABLE `donkey_goods_category`
  MODIFY `goods_category_id` smallint(5) UNSIGNED NOT NULL AUTO_INCREMENT, AUTO_INCREMENT=844;
ALTER TABLE `donkey_goods_comment`
  MODIFY `goods_comment_id` int(11) UNSIGNED NOT NULL AUTO_INCREMENT, AUTO_INCREMENT=108;
ALTER TABLE `donkey_goods_consult`
  MODIFY `goods_consult_id` int(11) UNSIGNED NOT NULL AUTO_INCREMENT, AUTO_INCREMENT=81;
ALTER TABLE `donkey_goods_reply`
  MODIFY `goods_reply_id` int(11) UNSIGNED NOT NULL AUTO_INCREMENT;
ALTER TABLE `donkey_goods_type`
  MODIFY `goods_type_id` smallint(5) UNSIGNED NOT NULL AUTO_INCREMENT, AUTO_INCREMENT=10;
ALTER TABLE `donkey_help`
  MODIFY `help_id` int(11) UNSIGNED NOT NULL AUTO_INCREMENT, AUTO_INCREMENT=11;
ALTER TABLE `donkey_history`
  MODIFY `history_id` int(11) UNSIGNED NOT NULL AUTO_INCREMENT;
ALTER TABLE `donkey_menu`
  MODIFY `menu_id` smallint(5) UNSIGNED NOT NULL AUTO_INCREMENT, AUTO_INCREMENT=1105;
ALTER TABLE `donkey_message`
  MODIFY `message_id` int(11) UNSIGNED NOT NULL AUTO_INCREMENT, AUTO_INCREMENT=115;
ALTER TABLE `donkey_message_user`
  MODIFY `message_user_id` int(11) UNSIGNED NOT NULL AUTO_INCREMENT, AUTO_INCREMENT=23;
ALTER TABLE `donkey_navigation`
  MODIFY `navigation_id` smallint(5) UNSIGNED NOT NULL AUTO_INCREMENT, AUTO_INCREMENT=12;
ALTER TABLE `donkey_notice_item`
  MODIFY `notice_item_id` smallint(5) UNSIGNED NOT NULL AUTO_INCREMENT, AUTO_INCREMENT=35;
ALTER TABLE `donkey_notice_tpl`
  MODIFY `notice_tpl_id` smallint(5) UNSIGNED NOT NULL AUTO_INCREMENT, AUTO_INCREMENT=15;
ALTER TABLE `donkey_order`
  MODIFY `order_id` int(11) UNSIGNED NOT NULL AUTO_INCREMENT, AUTO_INCREMENT=147;
ALTER TABLE `donkey_order_goods`
  MODIFY `order_goods_id` int(11) UNSIGNED NOT NULL AUTO_INCREMENT, AUTO_INCREMENT=58;
ALTER TABLE `donkey_order_log`
  MODIFY `order_log_id` int(11) UNSIGNED NOT NULL AUTO_INCREMENT, AUTO_INCREMENT=385;
ALTER TABLE `donkey_order_refund`
  MODIFY `order_refund_id` int(11) UNSIGNED NOT NULL AUTO_INCREMENT, AUTO_INCREMENT=100;
ALTER TABLE `donkey_order_service`
  MODIFY `order_service_id` int(11) UNSIGNED NOT NULL AUTO_INCREMENT, AUTO_INCREMENT=29;
ALTER TABLE `donkey_payment`
  MODIFY `payment_id` smallint(5) UNSIGNED NOT NULL AUTO_INCREMENT, AUTO_INCREMENT=8;
ALTER TABLE `donkey_payment_log`
  MODIFY `payment_log_id` int(11) UNSIGNED NOT NULL AUTO_INCREMENT, AUTO_INCREMENT=209;
ALTER TABLE `donkey_praise`
  MODIFY `praise_id` int(11) UNSIGNED NOT NULL AUTO_INCREMENT;
ALTER TABLE `donkey_promotion`
  MODIFY `promotion_id` int(11) UNSIGNED NOT NULL AUTO_INCREMENT, AUTO_INCREMENT=97;
ALTER TABLE `donkey_qrcode`
  MODIFY `qrcode_id` mediumint(8) UNSIGNED NOT NULL AUTO_INCREMENT, AUTO_INCREMENT=15;
ALTER TABLE `donkey_region`
  MODIFY `region_id` smallint(5) UNSIGNED NOT NULL AUTO_INCREMENT, AUTO_INCREMENT=4085;
ALTER TABLE `donkey_service_log`
  MODIFY `service_log_id` int(11) UNSIGNED NOT NULL AUTO_INCREMENT, AUTO_INCREMENT=165;
ALTER TABLE `donkey_setting`
  MODIFY `setting_id` smallint(5) UNSIGNED NOT NULL AUTO_INCREMENT, AUTO_INCREMENT=72;
ALTER TABLE `donkey_spec`
  MODIFY `spec_id` int(11) UNSIGNED NOT NULL AUTO_INCREMENT, AUTO_INCREMENT=88;
ALTER TABLE `donkey_spec_config`
  MODIFY `spec_config_id` int(11) UNSIGNED NOT NULL AUTO_INCREMENT, AUTO_INCREMENT=18;
ALTER TABLE `donkey_spec_item`
  MODIFY `spec_item_id` int(11) UNSIGNED NOT NULL AUTO_INCREMENT, AUTO_INCREMENT=453;
ALTER TABLE `donkey_storage`
  MODIFY `storage_id` int(11) UNSIGNED NOT NULL AUTO_INCREMENT, AUTO_INCREMENT=812;
ALTER TABLE `donkey_storage_style`
  MODIFY `storage_style_id` int(11) UNSIGNED NOT NULL AUTO_INCREMENT, AUTO_INCREMENT=14;
ALTER TABLE `donkey_support`
  MODIFY `support_id` smallint(5) UNSIGNED NOT NULL AUTO_INCREMENT, AUTO_INCREMENT=7;
ALTER TABLE `donkey_token`
  MODIFY `token_id` int(11) UNSIGNED NOT NULL AUTO_INCREMENT, AUTO_INCREMENT=2;
ALTER TABLE `donkey_topic`
  MODIFY `topic_id` int(11) UNSIGNED NOT NULL AUTO_INCREMENT, AUTO_INCREMENT=225;
ALTER TABLE `donkey_transaction`
  MODIFY `transaction_id` int(11) UNSIGNED NOT NULL AUTO_INCREMENT, AUTO_INCREMENT=317;
ALTER TABLE `donkey_user`
  MODIFY `user_id` int(11) UNSIGNED NOT NULL AUTO_INCREMENT, AUTO_INCREMENT=85;
ALTER TABLE `donkey_user_address`
  MODIFY `user_address_id` int(11) UNSIGNED NOT NULL AUTO_INCREMENT, AUTO_INCREMENT=50;
ALTER TABLE `donkey_user_level`
  MODIFY `user_level_id` smallint(5) UNSIGNED NOT NULL AUTO_INCREMENT, AUTO_INCREMENT=7;
ALTER TABLE `donkey_user_money`
  MODIFY `user_money_id` int(11) UNSIGNED NOT NULL AUTO_INCREMENT, AUTO_INCREMENT=15;
ALTER TABLE `donkey_verification`
  MODIFY `verification_id` int(11) UNSIGNED NOT NULL AUTO_INCREMENT, AUTO_INCREMENT=4;
ALTER TABLE `donkey_withdraw`
  MODIFY `withdraw_id` int(11) UNSIGNED NOT NULL AUTO_INCREMENT, AUTO_INCREMENT=13;
ALTER TABLE `donkey_withdraw_user`
  MODIFY `withdraw_user_id` int(11) UNSIGNED NOT NULL AUTO_INCREMENT, AUTO_INCREMENT=9;
